ONGLET,REF,MARQUE,NOM,VERSION,CLASSE,KV,POIDS,H STATOR,D STATOR,H MOTEUR,D MOTEUR,D SHAFT,L SHAFT,TYPE SHAFT,VIS HEL,VIS FIX,ENTRAXE FIX,LIPO,VOLTAGE,L CABLE,TYPE CABLE,HELICE,PUISSANCE,AMP,AIMANT,CLOCHE,CONFIG,LIEN,IMG
ACTRO,ACTR--600,ACTRO,,,,600,,,,190,,,,,,,,,,,,,,,,,,,
ACTRO,ACTR--800,ACTRO,,,,800,,,,190,,,,,,,,,,,,,,,,,,,
ACTRO,ACTR--890,ACTRO,,,,890,,,,140,,,,,,,,,,,,,,,,,,,
ACTRO,ACTR--1000,ACTRO,,,,1000,,,,190,,,,,,,,,,,,,,,,,,,
ACTRO,ACTR--1170,ACTRO,,,,1170,,,,140,,,,,,,,,,,,,,,,,,,
ACTRO,ACTR--1240,ACTRO,,,,1240,,,,190,,,,,,,,,,,,,,,,,,,
ACTRO,ACTR--1470,ACTRO,,,,1470,,,,140,,,,,,,,,,,,,,,,,,,
ACTRO,ACTR--1900,ACTRO,,,,1900,,,,140,,,,,,,,,,,,,,,,,,,
AEOLIAN,AEOL--170,AEOLIAN,,,,170,,,,950,,,,,,,,,,,,,,,,,,,
AEOLIAN,AEOL--200,AEOLIAN,,,,200,,,,610,,,,,,,,,,,,,,,,,,,
AEOLIAN,AEOL--200,AEOLIAN,,,,200,,,,950,,,,,,,,,,,,,,,,,,,
AEOLIAN,AEOL--250,AEOLIAN,,,,250,,,,610,,,,,,,,,,,,,,,,,,,
AEOLIAN,AEOL--270,AEOLIAN,,,,270,,,,375,,,,,,,,,,,,,,,,,,,
AEOLIAN,AEOL--270,AEOLIAN,,,,270,,,,500,,,,,,,,,,,,,,,,,,,
AEOLIAN,AEOL--270,AEOLIAN,,,,270,,,,790,,,,,,,,,,,,,,,,,,,
AEOLIAN,AEOL--320,AEOLIAN,,,,320,,,,375,,,,,,,,,,,,,,,,,,,
AEOLIAN,AEOL--320,AEOLIAN,,,,320,,,,500,,,,,,,,,,,,,,,,,,,
AEOLIAN,AEOL--380,AEOLIAN,,,,380,,,,375,,,,,,,,,,,,,,,,,,,
AEOLIAN,AEOL--380,AEOLIAN,,,,380,,,,500,,,,,,,,,,,,,,,,,,,
AEOLIAN,AEOL--400,AEOLIAN,,,,400,,,,275,,,,,,,,,,,,,,,,,,,
AEOLIAN,AEOL--400,AEOLIAN,,,,400,,,,418,,,,,,,,,,,,,,,,,,,
AEOLIAN,AEOL--410,AEOLIAN,,,,410,,,,375,,,,,,,,,,,,,,,,,,,
AEOLIAN,AEOL--410,AEOLIAN,,,,410,,,,500,,,,,,,,,,,,,,,,,,,
AEOLIAN,AEOL--500,AEOLIAN,,,,500,,,,205,,,,,,,,,,,,,,,,,,,
AEOLIAN,AEOL--500,AEOLIAN,,,,500,,,,270,,,,,,,,,,,,,,,,,,,
AEOLIAN,AEOL--500,AEOLIAN,,,,500,,,,374,,,,,,,,,,,,,,,,,,,
AEOLIAN,AEOL--580,AEOLIAN,,,,580,,,,418,,,,,,,,,,,,,,,,,,,
AEOLIAN,AEOL--600,AEOLIAN,,,,600,,,,205,,,,,,,,,,,,,,,,,,,
AEOLIAN,AEOL--600,AEOLIAN,,,,600,,,,306,,,,,,,,,,,,,,,,,,,
AEOLIAN,AEOL--600,AEOLIAN,,,,600,,,,270,,,,,,,,,,,,,,,,,,,
AEOLIAN,AEOL--600,AEOLIAN,,,,600,,,,374,,,,,,,,,,,,,,,,,,,
AEOLIAN,AEOL--600,AEOLIAN,,,,600,,,,275,,,,,,,,,,,,,,,,,,,
AEOLIAN,AEOL--700,AEOLIAN,,,,700,,,,270,,,,,,,,,,,,,,,,,,,
AEOLIAN,AEOL--700,AEOLIAN,,,,700,,,,275,,,,,,,,,,,,,,,,,,,
AEOLIAN,AEOL--700,AEOLIAN,,,,700,,,,418,,,,,,,,,,,,,,,,,,,
AEOLIAN,AEOL--720,AEOLIAN,,,,720,,,,210,,,,,,,,,,,,,,,,,,,
AEOLIAN,AEOL--720,AEOLIAN,,,,720,,,,320,,,,,,,,,,,,,,,,,,,
AEOLIAN,AEOL--750,AEOLIAN,,,,750,,,,55,,,,,,,,,,,,,,,,,,,
AEOLIAN,AEOL--750,AEOLIAN,,,,750,,,,108,,,,,,,,,,,,,,,,,,,
AEOLIAN,AEOL--750,AEOLIAN,,,,750,,,,65,,,,,,,,,,,,,,,,,,,
AEOLIAN,AEOL--750,AEOLIAN,,,,750,,,,125,,,,,,,,,,,,,,,,,,,
AEOLIAN,AEOL--790,AEOLIAN,,,,790,,,,228,,,,,,,,,,,,,,,,,,,
AEOLIAN,AEOL--800,AEOLIAN,,,,800,,,,205,,,,,,,,,,,,,,,,,,,
AEOLIAN,AEOL--800,AEOLIAN,,,,800,,,,306,,,,,,,,,,,,,,,,,,,
AEOLIAN,AEOL--850,AEOLIAN,,,,850,,,,55,,,,,,,,,,,,,,,,,,,
AEOLIAN,AEOL--850,AEOLIAN,,,,850,,,,108,,,,,,,,,,,,,,,,,,,
AEOLIAN,AEOL--880,AEOLIAN,,,,880,,,,65,,,,,,,,,,,,,,,,,,,
AEOLIAN,AEOL--880,AEOLIAN,,,,880,,,,122,,,,,,,,,,,,,,,,,,,
AEOLIAN,AEOL--890,AEOLIAN,,,,890,,,,125,,,,,,,,,,,,,,,,,,,
AEOLIAN,AEOL--890,AEOLIAN,,,,890,,,,140,,,,,,,,,,,,,,,,,,,
AEOLIAN,AEOL--890,AEOLIAN,,,,890,,,,210,,,,,,,,,,,,,,,,,,,
AEOLIAN,AEOL--890,AEOLIAN,,,,890,,,,320,,,,,,,,,,,,,,,,,,,
AEOLIAN,AEOL--900,AEOLIAN,,,,900,,,,228,,,,,,,,,,,,,,,,,,,
AEOLIAN,AEOL--910,AEOLIAN,,,,910,,,,100,,,,,,,,,,,,,,,,,,,
AEOLIAN,AEOL--910,AEOLIAN,,,,910,,,,172,,,,,,,,,,,,,,,,,,,
AEOLIAN,AEOL--1000,AEOLIAN,,,,1000,,,,40,,,,,,,,,,,,,,,,,,,
AEOLIAN,AEOL--1000,AEOLIAN,,,,1000,,,,106,,,,,,,,,,,,,,,,,,,
AEOLIAN,AEOL--1000,AEOLIAN,,,,1000,,,,55,,,,,,,,,,,,,,,,,,,
AEOLIAN,AEOL--1000,AEOLIAN,,,,1000,,,,108,,,,,,,,,,,,,,,,,,,
AEOLIAN,AEOL--1000,AEOLIAN,,,,1000,,,,172,,,,,,,,,,,,,,,,,,,
AEOLIAN,AEOL--1000,AEOLIAN,,,,1000,,,,202,,,,,,,,,,,,,,,,,,,
AEOLIAN,AEOL--1020,AEOLIAN,,,,1020,,,,140,,,,,,,,,,,,,,,,,,,
AEOLIAN,AEOL--1050,AEOLIAN,,,,1050,,,,100,,,,,,,,,,,,,,,,,,,
AEOLIAN,AEOL--1100,AEOLIAN,,,,1100,,,,70,,,,,,,,,,,,,,,,,,,
AEOLIAN,AEOL--1100,AEOLIAN,,,,1100,,,,142,,,,,,,,,,,,,,,,,,,
AEOLIAN,AEOL--1100,AEOLIAN,,,,1100,,,,228,,,,,,,,,,,,,,,,,,,
AEOLIAN,AEOL--1120,AEOLIAN,,,,1120,,,,65,,,,,,,,,,,,,,,,,,,
AEOLIAN,AEOL--1200,AEOLIAN,,,,1200,,,,30,,,,,,,,,,,,,,,,,,,
AEOLIAN,AEOL--1200,AEOLIAN,,,,1200,,,,90,,,,,,,,,,,,,,,,,,,
AEOLIAN,AEOL--1200,AEOLIAN,,,,1200,,,,106,,,,,,,,,,,,,,,,,,,
AEOLIAN,AEOL--1250,AEOLIAN,,,,1250,,,,172,,,,,,,,,,,,,,,,,,,
AEOLIAN,AEOL--1250,AEOLIAN,,,,1250,,,,202,,,,,,,,,,,,,,,,,,,
AEOLIAN,AEOL--1300,AEOLIAN,,,,1300,,,,55,,,,,,,,,,,,,,,,,,,
AEOLIAN,AEOL--1300,AEOLIAN,,,,1300,,,,108,,,,,,,,,,,,,,,,,,,
AEOLIAN,AEOL--1300,AEOLIAN,,,,1300,,,,95,,,,,,,,,,,,,,,,,,,
AEOLIAN,AEOL--1350,AEOLIAN,,,,1350,,,,40,,,,,,,,,,,,,,,,,,,
AEOLIAN,AEOL--1350,AEOLIAN,,,,1350,,,,106,,,,,,,,,,,,,,,,,,,
AEOLIAN,AEOL--1400,AEOLIAN,,,,1400,,,,30,,,,,,,,,,,,,,,,,,,
AEOLIAN,AEOL--1400,AEOLIAN,,,,1400,,,,90,,,,,,,,,,,,,,,,,,,
AEOLIAN,AEOL--1400,AEOLIAN,,,,1400,,,,70,,,,,,,,,,,,,,,,,,,
AEOLIAN,AEOL--1400,AEOLIAN,,,,1400,,,,142,,,,,,,,,,,,,,,,,,,
AEOLIAN,AEOL--1450,AEOLIAN,,,,1450,,,,172,,,,,,,,,,,,,,,,,,,
AEOLIAN,AEOL--1450,AEOLIAN,,,,1450,,,,130,,,,,,,,,,,,,,,,,,,
AEOLIAN,AEOL--1450,AEOLIAN,,,,1450,,,,202,,,,,,,,,,,,,,,,,,,
AEOLIAN,AEOL--1500,AEOLIAN,,,,1500,,,,95,,,,,,,,,,,,,,,,,,,
AEOLIAN,AEOL--1700,AEOLIAN,,,,1700,,,,142,,,,,,,,,,,,,,,,,,,
AEOLIAN,AEOL--1900,AEOLIAN,,,,1900,,,,40,,,,,,,,,,,,,,,,,,,
AEOLIAN,AEOL--1900,AEOLIAN,,,,1900,,,,106,,,,,,,,,,,,,,,,,,,
AEOLIAN,AEOL--2200,AEOLIAN,,,,2200,,,,55,,,,,,,,,,,,,,,,,,,
AIRTEK,AIRT--600,AIRTEK,,,,600,,,,220,,,,,,,,,,,,,,,1010,,,,
AIRTEK,AIRT--790,AIRTEK,,,,790,,,,152,,,,,,,,,,,,,,,720,,,,
AIRTEK,AIRT--800,AIRTEK,,,,800,,,,220,,,,,,,,,,,,,,,1050,,,,
AIRTEK,AIRT--880,AIRTEK,,,,880,,,,70,,,,,,,,,,,,,,,240,,,,
AIRTEK,AIRT--900,AIRTEK,,,,900,,,,152,,,,,,,,,,,,,,,770,,,,
AIRTEK,AIRT--1000,AIRTEK,,,,1000,,,,54,,,,,,,,,,,,,,,150,,,,
AIRTEK,AIRT--1000,AIRTEK,,,,1000,,,,136,,,,,,,,,,,,,,,540,,,,
AIRTEK,AIRT--1100,AIRTEK,,,,1100,,,,39,,,,,,,,,,,,,,,100,,,,
AIRTEK,AIRT--1100,AIRTEK,,,,1100,,,,102,,,,,,,,,,,,,,,440,,,,
AIRTEK,AIRT--1100,AIRTEK,,,,1100,,,,152,,,,,,,,,,,,,,,910,,,,
AIRTEK,AIRT--1120,AIRTEK,,,,1120,,,,70,,,,,,,,,,,,,,,330,,,,
AIRTEK,AIRT--1250,AIRTEK,,,,1250,,,,136,,,,,,,,,,,,,,,660,,,,
AIRTEK,AIRT--1400,AIRTEK,,,,1400,,,,54,,,,,,,,,,,,,,,205,,,,
AIRTEK,AIRT--1450,AIRTEK,,,,1450,,,,39,,,,,,,,,,,,,,,160,,,,
AIRTEK,AIRT--1450,AIRTEK,,,,1450,,,,102,,,,,,,,,,,,,,,650,,,,
AIRTEK,AIRT--1450,AIRTEK,,,,1450,,,,136,,,,,,,,,,,,,,,690,,,,
AIRTEK,AIRT--1500,AIRTEK,,,,1500,,,,70,,,,,,,,,,,,,,,360,,,,
AIRTEK,AIRT--1800,AIRTEK,,,,1800,,,,39,,,,,,,,,,,,,,,200,,,,
AIRTEK,AIRT--2200,AIRTEK,,,,2200,,,,54,,,,,,,,,,,,,,,340,,,,
ALZRC,ALZR--1000,ALZRC,,,,1000,,,,162,,,,,,,,,,,,,,,1700,,,,
ALZRC,ALZR--1000,ALZRC,,,,1000,,,,162,,,,,,,,,,,,,,,1700,,,,
ALZRC,ALZR--1000,ALZRC,,,,1000,,,,162,,,,,,,,,,,,,,,1700,,,,
ALZRC,ALZR--1200,ALZRC,,,,1200,,,,304,,,,,,,,,,,,,,,1890,,,,
ALZRC,ALZR--1850,ALZRC,,,,1850,,,,86,,,,,,,,,,,,,,,660,,,,
ALZRC,ALZR--3800,ALZRC,,,,3800,,,,86,,,,,,,,,,,,,,,500,,,,
APEX,APEX--1875,APEX,,,,1875,,,,34,,,,,,,,,,,,,,,880,,,,
APEX,APEX--1925,APEX,,,,1925,,,,33,,,,,,,,,,,,,,,1000,,,,
APEX,APEX--2265,APEX,,,,2265,,,,34,,,,,,,,,,,,,,,840,,,,
APEX,APEX--2555,APEX,,,,2555,,,,34,,,,,,,,,,,,,,,1050,,,,
APEX,APEX--2675,APEX,,,,2675,,,,33,,,,,,,,,,,,,,,920,,,,
APEX,APEX--2875,APEX,,,,2875,,,,2023-08-16 00:00:00,,,,,,,,,,,,,,,375,,,,
APEX,APEX--3350,APEX,,,,3350,,,,2023-08-16 00:00:00,,,,,,,,,,,,,,,398,,,,
APEX,APEX--3800,APEX,,,,3800,,,,2023-08-16 00:00:00,,,,,,,,,,,,,,,495,,,,
ARC,ARC--700,ARC,,,,700,,,,234,,,,,,,,,,,,,,,1200,,,,
ARC,ARC--800,ARC,,,,800,,,,234,,,,,,,,,,,,,,,1200,,,,
ARC,ARC--950,ARC,,,,950,,,,234,,,,,,,,,,,,,,,1200,,,,
ARC,ARC--1150,ARC,,,,1150,,,,234,,,,,,,,,,,,,,,1200,,,,
ARC,ARC--1400,ARC,,,,1400,,,,234,,,,,,,,,,,,,,,1200,,,,
ARC,ARC--1500,ARC,,,,1500,,,,113,,,,,,,,,,,,,,,350,,,,
ARC,ARC--1850,ARC,,,,1850,,,,234,,,,,,,,,,,,,,,1200,,,,
ARC,ARC--1890,ARC,,,,1890,,,,80,,,,,,,,,,,,,,,200,,,,
ARC,ARC--2170,ARC,,,,2170,,,,113,,,,,,,,,,,,,,,400,,,,
ARC,ARC--2500,ARC,,,,2500,,,,80,,,,,,,,,,,,,,,250,,,,
ARC,ARC--2800,ARC,,,,2800,,,,80,,,,,,,,,,,,,,,275,,,,
ARC,ARC--2800,ARC,,,,2800,,,,80,,,,,,,,,,,,,,,275,,,,
ARC,ARC--2800,ARC,,,,2800,,,,116,,,,,,,,,,,,,,,400,,,,
ARC,ARC--3180,ARC,,,,3180,,,,153,,,,,,,,,,,,,,,1000,,,,
ARC,ARC--3700,ARC,,,,3700,,,,80,,,,,,,,,,,,,,,300,,,,
ARC,ARC--3700,ARC,,,,3700,,,,80,,,,,,,,,,,,,,,300,,,,
ARC,ARC--4250,ARC,,,,4250,,,,113,,,,,,,,,,,,,,,500,,,,
ARC,ARC--4250,ARC,,,,4250,,,,113,,,,,,,,,,,,,,,500,,,,
ASTRO FLIGHT,Astr--137,Astro Flight,,,,137,,,,1840,,,,,,,,,,,,,,,6000,,,,
ASTRO FLIGHT,Astr--203,Astro Flight,,,,203,,,,1420,,,,,,,,,,,,,,,4500,,,,
ASTRO FLIGHT,Astr--275,Astro Flight,,,,275,,,,955,,,,,,,,,,,,,,,3000,,,,
ASTRO FLIGHT,Astr--339,Astro Flight,,,,339,,,,641,,,,,,,,,,,,,,,1500,,,,
ASTRO FLIGHT,Astr--1360,Astro Flight,,,,1360,,,,315,,,,,,,,,,,,,,,1200,,,,
ASTRO FLIGHT,Astr--1360,Astro Flight,,,,1360,,,,245,,,,,,,,,,,,,,,1000,,,,
ASTRO FLIGHT,Astr--1375,Astro Flight,,,,1375,,,,118,,,,,,,,,,,,,,,400,,,,
ASTRO FLIGHT,Astr--2450,Astro Flight,,,,2450,,,,165,,,,,,,,,,,,,,,600,,,,
ASTRO FLIGHT,Astr--2450,Astro Flight,,,,2450,,,,118,,,,,,,,,,,,,,,600,,,,
ASTRO FLIGHT,Astr--2500,Astro Flight,,,,2500,,,,56,,,,,,,,,,,,,,,150,,,,
ASTRO FLIGHT,Astr--2567,Astro Flight,,,,2567,,,,105,,,,,,,,,,,,,,,300,,,,
ASTRO FLIGHT,Astr--2567,Astro Flight,,,,2567,,,,90,,,,,,,,,,,,,,,250,,,,
ASTRO FLIGHT,Astr--2567,Astro Flight,,,,2567,,,,122,,,,,,,,,,,,,,,300,,,,
ASTRO FLIGHT,Astr--3330,Astro Flight,,,,3330,,,,95,,,,,,,,,,,,,,,300,,,,
ASTRO FLIGHT,Astr--4000,Astro Flight,,,,4000,,,,50,,,,,,,,,,,,,,,120,,,,
AVEOX,Aveo--433,Aveox,,,,433,,,,575.7,,,,,,,,,,,,,,,375,,,,
AVEOX,Aveo--467,Aveox,,,,467,,,,347.7,,,,,,,,,,,,,,,300,,,,
AVEOX,Aveo--585,Aveox,,,,585,,,,290.7,,,,,,,,,,,,,,,255,,,,
AVEOX,Aveo--595,Aveox,,,,595,,,,347.7,,,,,,,,,,,,,,,450,,,,
AVEOX,Aveo--650,Aveox,,,,650,,,,575.7,,,,,,,,,,,,,,,570,,,,
AVEOX,Aveo--725,Aveox,,,,725,,,,290.7,,,,,,,,,,,,,,,330,,,,
AVEOX,Aveo--790,Aveox,,,,790,,,,347.7,,,,,,,,,,,,,,,750,,,,
AVEOX,Aveo--955,Aveox,,,,955,,,,290.7,,,,,,,,,,,,,,,435,,,,
AVEOX,Aveo--1000,Aveox,,,,1000,,,,247.95,,,,,,,,,,,,,,,285,,,,
AVEOX,Aveo--1190,Aveox,,,,1190,,,,347.7,,,,,,,,,,,,,,,900,,,,
AVEOX,Aveo--1333,Aveox,,,,1333,,,,247.95,,,,,,,,,,,,,,,390,,,,
AVEOX,Aveo--1450,Aveox,,,,1450,,,,290.7,,,,,,,,,,,,,,,645,,,,
AVEOX,Aveo--1500,Aveox,,,,1500,,,,196.65,,,,,,,,,,,,,,,270,,,,
AVEOX,Aveo--1568,Aveox,,,,1568,,,,347.7,,,,,,,,,,,,,,,900,,,,
AVEOX,Aveo--2000,Aveox,,,,2000,,,,196.65,,,,,,,,,,,,,,,360,,,,
AVEOX,Aveo--2000,Aveox,,,,2000,,,,247.95,,,,,,,,,,,,,,,585,,,,
AVEOX,Aveo--2085,Aveox,,,,2085,,,,290.7,,,,,,,,,,,,,,,900,,,,
AVEOX,Aveo--2582,Aveox,,,,2582,,,,247.95,,,,,,,,,,,,,,,750,,,,
AVEOX,Aveo--3000,Aveox,,,,3000,,,,196.65,,,,,,,,,,,,,,,510,,,,
AVEOX,Aveo--3124,Aveox,,,,3124,,,,123,,,,,,,,,,,,,,,900,,,,
AVEOX,Aveo--4686,Aveox,,,,4686,,,,123,,,,,,,,,,,,,,,900,,,,
AVIONIC,Avio--270,Avionic,,,,270,,,,430,,,,,,,,,,,,,,,2100,,,,
AVIONIC,Avio--750,Avionic,,,,750,,,,67,,,,,,,,,,,,,,,300,,,,
AVIONIC,Avio--840,Avionic,,,,840,,,,52,,,,,,,,,,,,,,,250,,,,
AVIONIC,Avio--1000,Avionic,,,,1000,,,,50,,,,,,,,,,,,,,,150,,,,
AVIONIC,Avio--1000,Avionic,,,,1000,,,,60,,,,,,,,,,,,,,,255,,,,
AVIONIC,Avio--1000,Avionic,,,,1000,,,,54,,,,,,,,,,,,,,,190,,,,
AVIONIC,Avio--1050,Avionic,,,,1050,,,,110,,,,,,,,,,,,,,,520,,,,
AVIONIC,Avio--1200,Avionic,,,,1200,,,,41,,,,,,,,,,,,,,,150,,,,
AVIONIC,Avio--1350,Avionic,,,,1350,,,,50,,,,,,,,,,,,,,,240,,,,
AVIONIC,Avio--1350,Avionic,,,,1350,,,,54,,,,,,,,,,,,,,,190,,,,
AVIONIC,Avio--1400,Avionic,,,,1400,,,,35,,,,,,,,,,,,,,,160,,,,
AVIONIC,Avio--1400,Avionic,,,,1400,,,,80,,,,,,,,,,,,,,,1400,,,,
AVIONIC,Avio--1400,Avionic,,,,1400,,,,41,,,,,,,,,,,,,,,150,,,,
AVIONIC,Avio--1400,Avionic,,,,1400,,,,27,,,,,,,,,,,,,,,120,,,,
AVIONIC,Avio--1600,Avionic,,,,1600,,,,21,,,,,,,,,,,,,,,116,,,,
AVIONIC,Avio--1780,Avionic,,,,1780,,,,32,,,,,,,,,,,,,,,180,,,,
AVIONIC,Avio--1800,Avionic,,,,1800,,,,22,,,,,,,,,,,,,,,107,,,,
AVIONIC,Avio--1800,Avionic,,,,1800,,,,25,,,,,,,,,,,,,,,131,,,,
AVIONIC,Avio--1900,Avionic,,,,1900,,,,54,,,,,,,,,,,,,,,200,,,,
AVIONIC,Avio--2100,Avionic,,,,2100,,,,16,,,,,,,,,,,,,,,110,,,,
AVIONIC,Avio--2250,Avionic,,,,2250,,,,32,,,,,,,,,,,,,,,240,,,,
AVIONIC,Avio--2280,Avionic,,,,2280,,,,18,,,,,,,,,,,,,,,128,,,,
AVIONIC,Avio--2300,Avionic,,,,2300,,,,27,,,,,,,,,,,,,,,147,,,,
AVIONIC,Avio--2400,Avionic,,,,2400,,,,21,,,,,,,,,,,,,,,122,,,,
AVIONIC,Avio--2500,Avionic,,,,2500,,,,15,,,,,,,,,,,,,,,105,,,,
AVIONIC,Avio--2570,Avionic,,,,2570,,,,25,,,,,,,,,,,,,,,195,,,,
AVIONIC,Avio--2800,Avionic,,,,2800,,,,22,,,,,,,,,,,,,,,138,,,,
AVIONIC,Avio--2850,Avionic,,,,2850,,,,18,,,,,,,,,,,,,,,135,,,,
AVIONIC,Avio--3500,Avionic,,,,3500,,,,10,,,,,,,,,,,,,,,98,,,,
AVIONIC,Avio--3500,Avionic,,,,3500,,,,15,,,,,,,,,,,,,,,125,,,,
AVIONIC,Avio--4000,Avionic,,,,4000,,,,76,,,,,,,,,,,,,,,350,,,,
AVIONIC,Avio--4500,Avionic,,,,4500,,,,10,,,,,,,,,,,,,,,110,,,,
AVROTO,Avro--400,Avroto,,,,400,,,,190,,,,,,,,,,,,,,,1150,,,,
AVROTO,Avro--400,Avroto,,,,400,,,,152,,,,,,,,,,,,,,,900,,,,
AVROTO,Avro--520,Avroto,,,,520,,,,190,,,,,,,,,,,,,,,1150,,,,
AVROTO,Avro--770,Avroto,,,,770,,,,100,,,,,,,,,,,,,,,350,,,,
AXIS,AXIS--95,AXIS,,,,95,,,,1270,,,,,,,,,,,,,,,3120,,,,
AXIS,AXIS--115,AXIS,,,,115,,,,1390,,,,,,,,,,,,,,,4400,,,,
AXIS,AXIS--115,AXIS,,,,115,,,,1270,,,,,,,,,,,,,,,3000,,,,
AXIS,AXIS--120,AXIS,,,,120,,,,1350,,,,,,,,,,,,,,,975,,,,
AXIS,AXIS--125,AXIS,,,,125,,,,995,,,,,,,,,,,,,,,975,,,,
AXIS,AXIS--125,AXIS,,,,125,,,,1390,,,,,,,,,,,,,,,4200,,,,
AXIS,AXIS--125,AXIS,,,,125,,,,1270,,,,,,,,,,,,,,,2900,,,,
AXIS,AXIS--136,AXIS,,,,136,,,,995,,,,,,,,,,,,,,,1020,,,,
AXIS,AXIS--140,AXIS,,,,140,,,,675,,,,,,,,,,,,,,,4000,,,,
AXIS,AXIS--165,AXIS,,,,165,,,,530,,,,,,,,,,,,,,,2800,,,,
AXIS,AXIS--171,AXIS,,,,171,,,,995,,,,,,,,,,,,,,,3510,,,,
AXIS,AXIS--171,AXIS,,,,171,,,,995,,,,,,,,,,,,,,,1125,,,,
AXIS,AXIS--190,AXIS,,,,190,,,,675,,,,,,,,,,,,,,,4200,,,,
AXIS,AXIS--195,AXIS,,,,195,,,,995,,,,,,,,,,,,,,,4195,,,,
AXIS,AXIS--195,AXIS,,,,195,,,,995,,,,,,,,,,,,,,,1350,,,,
AXIS,AXIS--197,AXIS,,,,197,,,,690,,,,,,,,,,,,,,,2500,,,,
AXIS,AXIS--197,AXIS,,,,197,,,,672,,,,,,,,,,,,,,,2220,,,,
AXIS,AXIS--197,AXIS,,,,197,,,,652,,,,,,,,,,,,,,,870,,,,
AXIS,AXIS--206,AXIS,,,,206,,,,515,,,,,,,,,,,,,,,1850,,,,
AXIS,AXIS--206,AXIS,,,,206,,,,495,,,,,,,,,,,,,,,675,,,,
AXIS,AXIS--215,AXIS,,,,215,,,,530,,,,,,,,,,,,,,,3000,,,,
AXIS,AXIS--225,AXIS,,,,225,,,,995,,,,,,,,,,,,,,,4200,,,,
AXIS,AXIS--225,AXIS,,,,225,,,,995,,,,,,,,,,,,,,,1650,,,,
AXIS,AXIS--232,AXIS,,,,232,,,,595,,,,,,,,,,,,,,,2850,,,,
AXIS,AXIS--232,AXIS,,,,232,,,,575,,,,,,,,,,,,,,,1125,,,,
AXIS,AXIS--235,AXIS,,,,235,,,,690,,,,,,,,,,,,,,,2900,,,,
AXIS,AXIS--235,AXIS,,,,235,,,,672,,,,,,,,,,,,,,,2780,,,,
AXIS,AXIS--235,AXIS,,,,235,,,,652,,,,,,,,,,,,,,,1080,,,,
AXIS,AXIS--249,AXIS,,,,249,,,,515,,,,,,,,,,,,,,,1600,,,,
AXIS,AXIS--249,AXIS,,,,249,,,,495,,,,,,,,,,,,,,,750,,,,
AXIS,AXIS--259,AXIS,,,,259,,,,672,,,,,,,,,,,,,,,2870,,,,
AXIS,AXIS--259,AXIS,,,,259,,,,652,,,,,,,,,,,,,,,1125,,,,
AXIS,AXIS--280,AXIS,,,,280,,,,640,,,,,,,,,,,,,,,2500,,,,
AXIS,AXIS--280,AXIS,,,,280,,,,595,,,,,,,,,,,,,,,2430,,,,
AXIS,AXIS--280,AXIS,,,,280,,,,575,,,,,,,,,,,,,,,1170,,,,
AXIS,AXIS--305,AXIS,,,,305,,,,410,,,,,,,,,,,,,,,1650,,,,
AXIS,AXIS--305,AXIS,,,,305,,,,409,,,,,,,,,,,,,,,750,,,,
AXIS,AXIS--308,AXIS,,,,308,,,,595,,,,,,,,,,,,,,,2440,,,,
AXIS,AXIS--308,AXIS,,,,308,,,,575,,,,,,,,,,,,,,,1200,,,,
AXIS,AXIS--350,AXIS,,,,350,,,,640,,,,,,,,,,,,,,,2700,,,,
AXIS,AXIS--350,AXIS,,,,350,,,,595,,,,,,,,,,,,,,,2650,,,,
AXIS,AXIS--350,AXIS,,,,350,,,,575,,,,,,,,,,,,,,,1275,,,,
AXIS,AXIS--370,AXIS,,,,370,,,,530,,,,,,,,,,,,,,,1900,,,,
AXIS,AXIS--370,AXIS,,,,370,,,,515,,,,,,,,,,,,,,,1850,,,,
AXIS,AXIS--370,AXIS,,,,370,,,,495,,,,,,,,,,,,,,,1170,,,,
AXIS,AXIS--385,AXIS,,,,385,,,,410,,,,,,,,,,,,,,,1780,,,,
AXIS,AXIS--385,AXIS,,,,385,,,,409,,,,,,,,,,,,,,,900,,,,
AXIS,AXIS--465,AXIS,,,,465,,,,315,,,,,,,,,,,,,,,1160,,,,
AXIS,AXIS--465,AXIS,,,,465,,,,320,,,,,,,,,,,,,,,780,,,,
AXIS,AXIS--510,AXIS,,,,510,,,,409,,,,,,,,,,,,,,,975,,,,
AXIS,AXIS--515,AXIS,,,,515,,,,315,,,,,,,,,,,,,,,1500,,,,
AXIS,AXIS--515,AXIS,,,,515,,,,320,,,,,,,,,,,,,,,825,,,,
AXIS,AXIS--520,AXIS,,,,520,,,,106,,,,,,,,,,,,,,,300,,,,
AXIS,AXIS--600,AXIS,,,,600,,,,257,,,,,,,,,,,,,,,940,,,,
AXIS,AXIS--620,AXIS,,,,620,,,,107,,,,,,,,,,,,,,,590,,,,
AXIS,AXIS--660,AXIS,,,,660,,,,315,,,,,,,,,,,,,,,1000,,,,
AXIS,AXIS--660,AXIS,,,,660,,,,320,,,,,,,,,,,,,,,825,,,,
AXIS,AXIS--670,AXIS,,,,670,,,,232,,,,,,,,,,,,,,,750,,,,
AXIS,AXIS--690,AXIS,,,,690,,,,58,,,,,,,,,,,,,,,135,,,,
AXIS,AXIS--690,AXIS,,,,690,,,,257,,,,,,,,,,,,,,,1190,,,,
AXIS,AXIS--710,AXIS,,,,710,,,,57,,,,,,,,,,,,,,,150,,,,
AXIS,AXIS--710,AXIS,,,,710,,,,56,,,,,,,,,,,,,,,115,,,,
AXIS,AXIS--710,AXIS,,,,710,,,,57,,,,,,,,,,,,,,,150,,,,
AXIS,AXIS--710,AXIS,,,,710,,,,177,,,,,,,,,,,,,,,840,,,,
AXIS,AXIS--720,AXIS,,,,720,,,,87,,,,,,,,,,,,,,,300,,,,
AXIS,AXIS--720,AXIS,,,,720,,,,91,,,,,,,,,,,,,,,300,,,,
AXIS,AXIS--760,AXIS,,,,760,,,,230,,,,,,,,,,,,,,,665,,,,
AXIS,AXIS--760,AXIS,,,,760,,,,177,,,,,,,,,,,,,,,570,,,,
AXIS,AXIS--760,AXIS,,,,760,,,,187,,,,,,,,,,,,,,,570,,,,
AXIS,AXIS--760,AXIS,,,,760,,,,181,,,,,,,,,,,,,,,555,,,,
AXIS,AXIS--765,AXIS,,,,765,,,,106,,,,,,,,,,,,,,,375,,,,
AXIS,AXIS--790,AXIS,,,,790,,,,232,,,,,,,,,,,,,,,890,,,,
AXIS,AXIS--840,AXIS,,,,840,,,,70,,,,,,,,,,,,,,,270,,,,
AXIS,AXIS--840,AXIS,,,,840,,,,74,,,,,,,,,,,,,,,270,,,,
AXIS,AXIS--840,AXIS,,,,840,,,,69.5,,,,,,,,,,,,,,,270,,,,
AXIS,AXIS--840,AXIS,,,,840,,,,164,,,,,,,,,,,,,,,365,,,,
AXIS,AXIS--840,AXIS,,,,840,,,,107,,,,,,,,,,,,,,,355,,,,
AXIS,AXIS--840,AXIS,,,,840,,,,115,,,,,,,,,,,,,,,355,,,,
AXIS,AXIS--840,AXIS,,,,840,,,,106,,,,,,,,,,,,,,,375,,,,
AXIS,AXIS--860,AXIS,,,,860,,,,197,,,,,,,,,,,,,,,530,,,,
AXIS,AXIS--860,AXIS,,,,860,,,,148,,,,,,,,,,,,,,,520,,,,
AXIS,AXIS--860,AXIS,,,,860,,,,158,,,,,,,,,,,,,,,520,,,,
AXIS,AXIS--860,AXIS,,,,860,,,,151,,,,,,,,,,,,,,,540,,,,
AXIS,AXIS--880,AXIS,,,,880,,,,58,,,,,,,,,,,,,,,165,,,,
AXIS,AXIS--910,AXIS,,,,910,,,,87,,,,,,,,,,,,,,,400,,,,
AXIS,AXIS--910,AXIS,,,,910,,,,91,,,,,,,,,,,,,,,400,,,,
AXIS,AXIS--920,AXIS,,,,920,,,,57,,,,,,,,,,,,,,,180,,,,
AXIS,AXIS--920,AXIS,,,,920,,,,56,,,,,,,,,,,,,,,135,,,,
AXIS,AXIS--920,AXIS,,,,920,,,,60,,,,,,,,,,,,,,,135,,,,
AXIS,AXIS--920,AXIS,,,,920,,,,57,,,,,,,,,,,,,,,180,,,,
AXIS,AXIS--920,AXIS,,,,920,,,,230,,,,,,,,,,,,,,,675,,,,
AXIS,AXIS--920,AXIS,,,,920,,,,177,,,,,,,,,,,,,,,655,,,,
AXIS,AXIS--920,AXIS,,,,920,,,,187,,,,,,,,,,,,,,,655,,,,
AXIS,AXIS--920,AXIS,,,,920,,,,181,,,,,,,,,,,,,,,630,,,,
AXIS,AXIS--990,AXIS,,,,990,,,,197,,,,,,,,,,,,,,,660,,,,
AXIS,AXIS--990,AXIS,,,,990,,,,148,,,,,,,,,,,,,,,565,,,,
AXIS,AXIS--990,AXIS,,,,990,,,,158,,,,,,,,,,,,,,,565,,,,
AXIS,AXIS--990,AXIS,,,,990,,,,151,,,,,,,,,,,,,,,555,,,,
AXIS,AXIS--1035,AXIS,,,,1035,,,,164,,,,,,,,,,,,,,,335,,,,
AXIS,AXIS--1035,AXIS,,,,1035,,,,107,,,,,,,,,,,,,,,325,,,,
AXIS,AXIS--1035,AXIS,,,,1035,,,,115,,,,,,,,,,,,,,,325,,,,
AXIS,AXIS--1035,AXIS,,,,1035,,,,106,,,,,,,,,,,,,,,450,,,,
AXIS,AXIS--1050,AXIS,,,,1050,,,,70,,,,,,,,,,,,,,,245,,,,
AXIS,AXIS--1050,AXIS,,,,1050,,,,74,,,,,,,,,,,,,,,245,,,,
AXIS,AXIS--1050,AXIS,,,,1050,,,,69.5,,,,,,,,,,,,,,,330,,,,
AXIS,AXIS--1060,AXIS,,,,1060,,,,46,,,,,,,,,,,,,,,113,,,,
AXIS,AXIS--1100,AXIS,,,,1100,,,,45,,,,,,,,,,,,,,,120,,,,
AXIS,AXIS--1100,AXIS,,,,1100,,,,44,,,,,,,,,,,,,,,100,,,,
AXIS,AXIS--1100,AXIS,,,,1100,,,,45,,,,,,,,,,,,,,,120,,,,
AXIS,AXIS--1120,AXIS,,,,1120,,,,58,,,,,,,,,,,,,,,225,,,,
AXIS,AXIS--1130,AXIS,,,,1130,,,,177,,,,,,,,,,,,,,,665,,,,
AXIS,AXIS--1130,AXIS,,,,1130,,,,187,,,,,,,,,,,,,,,665,,,,
AXIS,AXIS--1130,AXIS,,,,1130,,,,181,,,,,,,,,,,,,,,825,,,,
AXIS,AXIS--1150,AXIS,,,,1150,,,,57,,,,,,,,,,,,,,,240,,,,
AXIS,AXIS--1150,AXIS,,,,1150,,,,56,,,,,,,,,,,,,,,180,,,,
AXIS,AXIS--1150,AXIS,,,,1150,,,,60,,,,,,,,,,,,,,,180,,,,
AXIS,AXIS--1150,AXIS,,,,1150,,,,57,,,,,,,,,,,,,,,240,,,,
AXIS,AXIS--1190,AXIS,,,,1190,,,,130,,,,,,,,,,,,,,,240,,,,
AXIS,AXIS--1190,AXIS,,,,1190,,,,77,,,,,,,,,,,,,,,230,,,,
AXIS,AXIS--1190,AXIS,,,,1190,,,,85,,,,,,,,,,,,,,,230,,,,
AXIS,AXIS--1190,AXIS,,,,1190,,,,76,,,,,,,,,,,,,,,330,,,,
AXIS,AXIS--1200,AXIS,,,,1200,,,,87,,,,,,,,,,,,,,,450,,,,
AXIS,AXIS--1200,AXIS,,,,1200,,,,91,,,,,,,,,,,,,,,450,,,,
AXIS,AXIS--1200,AXIS,,,,1200,,,,148,,,,,,,,,,,,,,,585,,,,
AXIS,AXIS--1200,AXIS,,,,1200,,,,158,,,,,,,,,,,,,,,585,,,,
AXIS,AXIS--1200,AXIS,,,,1200,,,,151,,,,,,,,,,,,,,,630,,,,
AXIS,AXIS--1330,AXIS,,,,1330,,,,46,,,,,,,,,,,,,,,150,,,,
AXIS,AXIS--1380,AXIS,,,,1380,,,,70,,,,,,,,,,,,,,,330,,,,
AXIS,AXIS--1380,AXIS,,,,1380,,,,74,,,,,,,,,,,,,,,330,,,,
AXIS,AXIS--1380,AXIS,,,,1380,,,,69.5,,,,,,,,,,,,,,,450,,,,
AXIS,AXIS--1390,AXIS,,,,1390,,,,107,,,,,,,,,,,,,,,360,,,,
AXIS,AXIS--1390,AXIS,,,,1390,,,,115,,,,,,,,,,,,,,,360,,,,
AXIS,AXIS--1390,AXIS,,,,1390,,,,106,,,,,,,,,,,,,,,525,,,,
AXIS,AXIS--1400,AXIS,,,,1400,,,,2023-09-25 00:00:00,,,,,,,,,,,,,,,113,,,,
AXIS,AXIS--1400,AXIS,,,,1400,,,,2023-05-27 00:00:00,,,,,,,,,,,,,,,128,,,,
AXIS,AXIS--1400,AXIS,,,,1400,,,,2023-05-24 00:00:00,,,,,,,,,,,,,,,113,,,,
AXIS,AXIS--1420,AXIS,,,,1420,,,,45,,,,,,,,,,,,,,,165,,,,
AXIS,AXIS--1420,AXIS,,,,1420,,,,44,,,,,,,,,,,,,,,130,,,,
AXIS,AXIS--1420,AXIS,,,,1420,,,,45,,,,,,,,,,,,,,,165,,,,
AXIS,AXIS--1490,AXIS,,,,1490,,,,77,,,,,,,,,,,,,,,255,,,,
AXIS,AXIS--1490,AXIS,,,,1490,,,,85,,,,,,,,,,,,,,,255,,,,
AXIS,AXIS--1490,AXIS,,,,1490,,,,76,,,,,,,,,,,,,,,330,,,,
AXIS,AXIS--1500,AXIS,,,,1500,,,,148,,,,,,,,,,,,,,,650,,,,
AXIS,AXIS--1500,AXIS,,,,1500,,,,158,,,,,,,,,,,,,,,650,,,,
AXIS,AXIS--1500,AXIS,,,,1500,,,,151,,,,,,,,,,,,,,,825,,,,
AXIS,AXIS--1500,AXIS,,,,1500,,,,177,,,,,,,,,,,,,,,740,,,,
AXIS,AXIS--1500,AXIS,,,,1500,,,,187,,,,,,,,,,,,,,,740,,,,
AXIS,AXIS--1500,AXIS,,,,1500,,,,181,,,,,,,,,,,,,,,975,,,,
AXIS,AXIS--1525,AXIS,,,,1525,,,,20,,,,,,,,,,,,,,,120,,,,
AXIS,AXIS--1525,AXIS,,,,1525,,,,2023-05-18 00:00:00,,,,,,,,,,,,,,,105,,,,
AXIS,AXIS--1600,AXIS,,,,1600,,,,46,,,,,,,,,,,,,,,225,,,,
AXIS,AXIS--1640,AXIS,,,,1640,,,,107,,,,,,,,,,,,,,,460,,,,
AXIS,AXIS--1640,AXIS,,,,1640,,,,115,,,,,,,,,,,,,,,460,,,,
AXIS,AXIS--1640,AXIS,,,,1640,,,,106,,,,,,,,,,,,,,,675,,,,
AXIS,AXIS--1720,AXIS,,,,1720,,,,20,,,,,,,,,,,,,,,143,,,,
AXIS,AXIS--1720,AXIS,,,,1720,,,,2023-05-18 00:00:00,,,,,,,,,,,,,,,128,,,,
AXIS,AXIS--1820,AXIS,,,,1820,,,,45,,,,,,,,,,,,,,,240,,,,
AXIS,AXIS--1820,AXIS,,,,1820,,,,44,,,,,,,,,,,,,,,180,,,,
AXIS,AXIS--1820,AXIS,,,,1820,,,,45,,,,,,,,,,,,,,,240,,,,
AXIS,AXIS--1820,AXIS,,,,1820,,,,77,,,,,,,,,,,,,,,270,,,,
AXIS,AXIS--1820,AXIS,,,,1820,,,,85,,,,,,,,,,,,,,,270,,,,
AXIS,AXIS--1820,AXIS,,,,1820,,,,76,,,,,,,,,,,,,,,375,,,,
AXIS,AXIS--1880,AXIS,,,,1880,,,,69.5,,,,,,,,,,,,,,,510,,,,
AXIS,AXIS--1950,AXIS,,,,1950,,,,56,,,,,,,,,,,,,,,300,,,,
AXIS,AXIS--1950,AXIS,,,,1950,,,,60,,,,,,,,,,,,,,,300,,,,
AXIS,AXIS--1950,AXIS,,,,1950,,,,57,,,,,,,,,,,,,,,420,,,,
AXIS,AXIS--2000,AXIS,,,,2000,,,,19,,,,,,,,,,,,,,,150,,,,
AXIS,AXIS--2000,AXIS,,,,2000,,,,2023-05-18 00:00:00,,,,,,,,,,,,,,,135,,,,
AXIS,AXIS--2000,AXIS,,,,2000,,,,148,,,,,,,,,,,,,,,1500,,,,
AXIS,AXIS--2300,AXIS,,,,2300,,,,19,,,,,,,,,,,,,,,62,,,,
AXIS,AXIS--2300,AXIS,,,,2300,,,,19,,,,,,,,,,,,,,,150,,,,
AXIS,AXIS--2300,AXIS,,,,2300,,,,2023-05-18 00:00:00,,,,,,,,,,,,,,,135,,,,
AXIS,AXIS--2300,AXIS,,,,2300,,,,24,,,,,,,,,,,,,,,300,,,,
AXIS,AXIS--2300,AXIS,,,,2300,,,,2023-05-22 00:00:00,,,,,,,,,,,,,,,180,,,,
AXIS,AXIS--2300,AXIS,,,,2300,,,,2023-05-22 00:00:00,,,,,,,,,,,,,,,180,,,,
AXIS,AXIS--2850,AXIS,,,,2850,,,,107,,,,,,,,,,,,,,,550,,,,
AXIS,AXIS--2850,AXIS,,,,2850,,,,106,,,,,,,,,,,,,,,825,,,,
AXIS,AXIS--2900,AXIS,,,,2900,,,,57,,,,,,,,,,,,,,,330,,,,
AXIS,AXIS--3000,AXIS,,,,3000,,,,69.5,,,,,,,,,,,,,,,510,,,,
BADASS,BadA--270,BadAss,,,,270,,,,528,,,,,,,,,,,,,,,990,,,,
BADASS,BadA--360,BadAss,,,,360,,,,528,,,,,,,,,,,,,,,1350,,,,
BADASS,BadA--370,BadAss,,,,370,,,,399,,,,,,,,,,,,,,,975,,,,
BADASS,BadA--440,BadAss,,,,440,,,,528,,,,,,,,,,,,,,,1650,,,,
BADASS,BadA--470,BadAss,,,,470,,,,313,,,,,,,,,,,,,,,900,,,,
BADASS,BadA--470,BadAss,,,,470,,,,399,,,,,,,,,,,,,,,1170,,,,
BADASS,BadA--540,BadAss,,,,540,,,,399,,,,,,,,,,,,,,,1350,,,,
BADASS,BadA--550,BadAss,,,,550,,,,528,,,,,,,,,,,,,,,1875,,,,
BADASS,BadA--560,BadAss,,,,560,,,,228,,,,,,,,,,,,,,,810,,,,
BADASS,BadA--570,BadAss,,,,570,,,,313,,,,,,,,,,,,,,,1125,,,,
BADASS,BadA--650,BadAss,,,,650,,,,228,,,,,,,,,,,,,,,960,,,,
BADASS,BadA--660,BadAss,,,,660,,,,399,,,,,,,,,,,,,,,1500,,,,
BADASS,BadA--690,BadAss,,,,690,,,,180,,,,,,,,,,,,,,,780,,,,
BADASS,BadA--700,BadAss,,,,700,,,,318,,,,,,,,,,,,,,,1350,,,,
BADASS,BadA--710,BadAss,,,,710,,,,184,,,,,,,,,,,,,,,810,,,,
BADASS,BadA--730,BadAss,,,,730,,,,528,,,,,,,,,,,,,,,2250,,,,
BADASS,BadA--780,BadAss,,,,780,,,,149,,,,,,,,,,,,,,,810,,,,
BADASS,BadA--790,BadAss,,,,790,,,,226,,,,,,,,,,,,,,,1050,,,,
BADASS,BadA--820,BadAss,,,,820,,,,93,,,,,,,,,,,,,,,375,,,,
BADASS,BadA--830,BadAss,,,,830,,,,399,,,,,,,,,,,,,,,1650,,,,
BADASS,BadA--870,BadAss,,,,870,,,,115,,,,,,,,,,,,,,,600,,,,
BADASS,BadA--880,BadAss,,,,880,,,,75,,,,,,,,,,,,,,,360,,,,
BADASS,BadA--890,BadAss,,,,890,,,,321,,,,,,,,,,,,,,,1575,,,,
BADASS,BadA--900,BadAss,,,,900,,,,58,,,,,,,,,,,,,,,240,,,,
BADASS,BadA--910,BadAss,,,,910,,,,149,,,,,,,,,,,,,,,975,,,,
BADASS,BadA--940,BadAss,,,,940,,,,185,,,,,,,,,,,,,,,1020,,,,
BADASS,BadA--970,BadAss,,,,970,,,,224,,,,,,,,,,,,,,,1350,,,,
BADASS,BadA--980,BadAss,,,,980,,,,115,,,,,,,,,,,,,,,690,,,,
BADASS,BadA--1030,BadAss,,,,1030,,,,181,,,,,,,,,,,,,,,1050,,,,
BADASS,BadA--1050,BadAss,,,,1050,,,,41,,,,,,,,,,,,,,,180,,,,
BADASS,BadA--1080,BadAss,,,,1080,,,,148,,,,,,,,,,,,,,,975,,,,
BADASS,BadA--1090,BadAss,,,,1090,,,,93,,,,,,,,,,,,,,,525,,,,
BADASS,BadA--1100,BadAss,,,,1100,,,,75,,,,,,,,,,,,,,,450,,,,
BADASS,BadA--1130,BadAss,,,,1130,,,,187,,,,,,,,,,,,,,,1200,,,,
BADASS,BadA--1220,BadAss,,,,1220,,,,58,,,,,,,,,,,,,,,330,,,,
BADASS,BadA--1300,BadAss,,,,1300,,,,117,,,,,,,,,,,,,,,900,,,,
BADASS,BadA--1310,BadAss,,,,1310,,,,93,,,,,,,,,,,,,,,660,,,,
BADASS,BadA--1350,BadAss,,,,1350,,,,149,,,,,,,,,,,,,,,1125,,,,
BADASS,BadA--1360,BadAss,,,,1360,,,,186,,,,,,,,,,,,,,,1425,,,,
BADASS,BadA--1440,BadAss,,,,1440,,,,41,,,,,,,,,,,,,,,210,,,,
BADASS,BadA--1480,BadAss,,,,1480,,,,75,,,,,,,,,,,,,,,555,,,,
BADASS,BadA--1560,BadAss,,,,1560,,,,117,,,,,,,,,,,,,,,975,,,,
BADASS,BadA--1630,BadAss,,,,1630,,,,93,,,,,,,,,,,,,,,720,,,,
BADASS,BadA--1680,BadAss,,,,1680,,,,58,,,,,,,,,,,,,,,480,,,,
BADASS,BadA--1800,BadAss,,,,1800,,,,75,,,,,,,,,,,,,,,660,,,,
BADASS,BadA--1820,BadAss,,,,1820,,,,149,,,,,,,,,,,,,,,1500,,,,
BADASS,BadA--1860,BadAss,,,,1860,,,,93,,,,,,,,,,,,,,,825,,,,
BADASS,BadA--1950,BadAss,,,,1950,,,,119,,,,,,,,,,,,,,,1170,,,,
BADASS,BadA--1960,BadAss,,,,1960,,,,41,,,,,,,,,,,,,,,300,,,,
BADASS,BadA--2300,BadAss,,,,2300,,,,75,,,,,,,,,,,,,,,825,,,,
BADASS,BadA--2350,BadAss,,,,2350,,,,58,,,,,,,,,,,,,,,630,,,,
BLACK WIDOW,Blac--313,Black Widow (ZTW),,,,313,,,,169,,,,,,,,,,,,,,,350,,,,
BLACK WIDOW,Blac--326,Black Widow (ZTW),,,,326,,,,203,,,,,,,,,,,,,,,350,,,,
BLACK WIDOW,Blac--330,Black Widow (ZTW),,,,330,,,,219,,,,,,,,,,,,,,,420,,,,
BLACK WIDOW,Blac--343,Black Widow (ZTW),,,,343,,,,188,,,,,,,,,,,,,,,400,,,,
BLACK WIDOW,Blac--382,Black Widow (ZTW),,,,382,,,,169,,,,,,,,,,,,,,,350,,,,
BLACK WIDOW,Blac--383,Black Widow (ZTW),,,,383,,,,203,,,,,,,,,,,,,,,490,,,,
BLACK WIDOW,Blac--394,Black Widow (ZTW),,,,394,,,,219,,,,,,,,,,,,,,,510,,,,
BLACK WIDOW,Blac--397,Black Widow (ZTW),,,,397,,,,188,,,,,,,,,,,,,,,450,,,,
BLACK WIDOW,Blac--415,Black Widow (ZTW),,,,415,,,,149,,,,,,,,,,,,,,,300,,,,
BLACK WIDOW,Blac--427,Black Widow (ZTW),,,,427,,,,135,,,,,,,,,,,,,,,240,,,,
BLACK WIDOW,Blac--452,Black Widow (ZTW),,,,452,,,,203,,,,,,,,,,,,,,,520,,,,
BLACK WIDOW,Blac--466,Black Widow (ZTW),,,,466,,,,188,,,,,,,,,,,,,,,480,,,,
BLACK WIDOW,Blac--547,Black Widow (ZTW),,,,547,,,,149,,,,,,,,,,,,,,,340,,,,
BLACK WIDOW,Blac--563,Black Widow (ZTW),,,,563,,,,188,,,,,,,,,,,,,,,430,,,,
BLACK WIDOW,Blac--588,Black Widow (ZTW),,,,588,,,,135,,,,,,,,,,,,,,,280,,,,
BLACK WIDOW,Blac--660,Black Widow (ZTW),,,,660,,,,66,,,,,,,,,,,,,,,370,,,,
BLACK WIDOW,Blac--677,Black Widow (ZTW),,,,677,,,,188,,,,,,,,,,,,,,,600,,,,
BLACK WIDOW,Blac--726,Black Widow (ZTW),,,,726,,,,135,,,,,,,,,,,,,,,310,,,,
BLACK WIDOW,Blac--766,Black Widow (ZTW),,,,766,,,,149,,,,,,,,,,,,,,,600,,,,
BLACK WIDOW,Blac--857,Black Widow (ZTW),,,,857,,,,66,,,,,,,,,,,,,,,370,,,,
BLACK WIDOW,Blac--954,Black Widow (ZTW),,,,954,,,,66,,,,,,,,,,,,,,,370,,,,
BLACK WIDOW,Blac--1041,Black Widow (ZTW),,,,1041,,,,43,,,,,,,,,,,,,,,320,,,,
BLACK WIDOW,Blac--1200,Black Widow (ZTW),,,,1200,,,,43,,,,,,,,,,,,,,,220,,,,
BLACK WIDOW,Blac--1890,Black Widow (ZTW),,,,1890,,,,43,,,,,,,,,,,,,,,220,,,,
BLACK WIDOW,Blac--1962,Black Widow (ZTW),,,,1962,,,,34,,,,,,,,,,,,,,,160,,,,
BLACK WIDOW,Blac--1970,Black Widow (ZTW),,,,1970,,,,41,,,,,,,,,,,,,,,200,,,,
BLACK WIDOW,Blac--2092,Black Widow (ZTW),,,,2092,,,,34,,,,,,,,,,,,,,,160,,,,
BLACK WIDOW,Blac--2120,Black Widow (ZTW),,,,2120,,,,43,,,,,,,,,,,,,,,220,,,,
BLACK WIDOW,Blac--2180,Black Widow (ZTW),,,,2180,,,,41,,,,,,,,,,,,,,,200,,,,
BLACK WIDOW,Blac--2300,Black Widow (ZTW),,,,2300,,,,34,,,,,,,,,,,,,,,160,,,,
BLACK WIDOW,Blac--2342,Black Widow (ZTW),,,,2342,,,,28,,,,,,,,,,,,,,,180,,,,
BLACK WIDOW,Blac--2430,Black Widow (ZTW),,,,2430,,,,41,,,,,,,,,,,,,,,200,,,,
BLACKMAGIC,Blac--800,BlackMagic,,,,800,,,,140,,,,,,,,,,,,,,,650,,,,
BLACKMAGIC,Blac--870,BlackMagic,,,,870,,,,109,,,,,,,,,,,,,,,500,,,,
BLACKMAGIC,Blac--880,BlackMagic,,,,880,,,,69,,,,,,,,,,,,,,,400,,,,
BLACKMAGIC,Blac--920,BlackMagic,,,,920,,,,140,,,,,,,,,,,,,,,650,,,,
BLACKMAGIC,Blac--980,BlackMagic,,,,980,,,,58,,,,,,,,,,,,,,,310,,,,
BLACKMAGIC,Blac--980,BlackMagic,,,,980,,,,58,,,,,,,,,,,,,,,190,,,,
BLACKMAGIC,Blac--1000,BlackMagic,,,,1000,,,,109,,,,,,,,,,,,,,,500,,,,
BLACKMAGIC,Blac--1100,BlackMagic,,,,1100,,,,109,,,,,,,,,,,,,,,500,,,,
BLACKMAGIC,Blac--1250,BlackMagic,,,,1250,,,,58,,,,,,,,,,,,,,,310,,,,
BLACKMAGIC,Blac--1250,BlackMagic,,,,1250,,,,58,,,,,,,,,,,,,,,200,,,,
BLACKMAGIC,Blac--1250,BlackMagic,,,,1250,,,,69,,,,,,,,,,,,,,,400,,,,
BLACKMAGIC,Blac--1260,BlackMagic,,,,1260,,,,46,,,,,,,,,,,,,,,190,,,,
BLACKMAGIC,Blac--1400,BlackMagic,,,,1400,,,,58,,,,,,,,,,,,,,,310,,,,
BLACKMAGIC,Blac--1480,BlackMagic,,,,1480,,,,22,,,,,,,,,,,,,,,110,,,,
BLACKMAGIC,Blac--1480,BlackMagic,,,,1480,,,,26,,,,,,,,,,,,,,,65,,,,
BLACKMAGIC,Blac--1800,BlackMagic,,,,1800,,,,22,,,,,,,,,,,,,,,120,,,,
BLACKMAGIC,Blac--1800,BlackMagic,,,,1800,,,,26,,,,,,,,,,,,,,,72,,,,
BLACKMAGIC,Blac--2350,BlackMagic,,,,2350,,,,58,,,,,,,,,,,,,,,350,,,,
BLACKMAGIC,Blac--2600,BlackMagic,,,,2600,,,,46,,,,,,,,,,,,,,,290,,,,
BLACKMAGIC,Blac--2700,BlackMagic,,,,2700,,,,46,,,,,,,,,,,,,,,220,,,,
BROTHERHOBBY,Brot--98,BrotherHobby,,,,98,,,,606,,,,,,,,,,,,,,,200,,,,
BROTHERHOBBY,Brot--130,BrotherHobby,,,,130,,,,488,,,,,,,,,,,,,,,1265,,,,
BROTHERHOBBY,Brot--167,BrotherHobby,,,,167,,,,351,,,,,,,,,,,,,,,170,,,,
BROTHERHOBBY,Brot--170,BrotherHobby,,,,170,,,,358,,,,,,,,,,,,,,,1240,,,,
BROTHERHOBBY,Brot--170,BrotherHobby,,,,170,,,,339,,,,,,,,,,,,,,,1240,,,,
BROTHERHOBBY,Brot--290,BrotherHobby,,,,290,,,,358,,,,,,,,,,,,,,,1155,,,,
BROTHERHOBBY,Brot--290,BrotherHobby,,,,290,,,,339,,,,,,,,,,,,,,,1155,,,,
BROTHERHOBBY,Brot--330,BrotherHobby,,,,330,,,,358,,,,,,,,,,,,,,,895,,,,
BROTHERHOBBY,Brot--330,BrotherHobby,,,,330,,,,339,,,,,,,,,,,,,,,895,,,,
BROTHERHOBBY,Brot--380,BrotherHobby,,,,380,,,,262,,,,,,,,,,,,,,,2370,,,,
BROTHERHOBBY,Brot--490,BrotherHobby,,,,490,,,,117,,,,,,,,,,,,,,,785,,,,
BROTHERHOBBY,Brot--520,BrotherHobby,,,,520,,,,262,,,,,,,,,,,,,,,1630,,,,
BROTHERHOBBY,Brot--620,BrotherHobby,,,,620,,,,94,,,,,,,,,,,,,,,1510,,,,
BROTHERHOBBY,Brot--640,BrotherHobby,,,,640,,,,116,,,,,,,,,,,,,,,1150,,,,
BROTHERHOBBY,Brot--680,BrotherHobby,,,,680,,,,262,,,,,,,,,,,,,,,1470,,,,
BROTHERHOBBY,Brot--750,BrotherHobby,,,,750,,,,94,,,,,,,,,,,,,,,1395,,,,
BROTHERHOBBY,Brot--800,BrotherHobby,,,,800,,,,262,,,,,,,,,,,,,,,1820,,,,
BROTHERHOBBY,Brot--810,BrotherHobby,,,,810,,,,94,,,,,,,,,,,,,,,1305,,,,
BROTHERHOBBY,Brot--900,BrotherHobby,,,,900,,,,79,,,,,,,,,,,,,,,805,,,,
BROTHERHOBBY,Brot--900,BrotherHobby,,,,900,,,,116,,,,,,,,,,,,,,,1665,,,,
BROTHERHOBBY,Brot--1050,BrotherHobby,,,,1050,,,,94,,,,,,,,,,,,,,,1295,,,,
BROTHERHOBBY,Brot--1050,BrotherHobby,,,,1050,,,,116,,,,,,,,,,,,,,,1330,,,,
BROTHERHOBBY,Brot--1115,BrotherHobby,,,,1115,,,,79,,,,,,,,,,,,,,,1290,,,,
BROTHERHOBBY,Brot--1150,BrotherHobby,,,,1150,,,,64,,,,,,,,,,,,,,,1125,,,,
BROTHERHOBBY,Brot--1180,BrotherHobby,,,,1180,,,,63,,,,,,,,,,,,,,,1030,,,,
BROTHERHOBBY,Brot--1200,BrotherHobby,,,,1200,,,,40,,,,,,,,,,,,,,,800,,,,
BROTHERHOBBY,Brot--1200,BrotherHobby,,,,1200,,,,116,,,,,,,,,,,,,,,2055,,,,
BROTHERHOBBY,Brot--1300,BrotherHobby,,,,1300,,,,48,,,,,,,,,,,,,,,1055,,,,
BROTHERHOBBY,Brot--1300,BrotherHobby,,,,1300,,,,64,,,,,,,,,,,,,,,1005,,,,
BROTHERHOBBY,Brot--1500,BrotherHobby,,,,1500,,,,40,,,,,,,,,,,,,,,890,,,,
BROTHERHOBBY,Brot--1550,BrotherHobby,,,,1550,,,,2023-03-16 00:00:00,,,,,,,,,,,,,,,320,,,,
BROTHERHOBBY,Brot--1700,BrotherHobby,,,,1700,,,,48,,,,,,,,,,,,,,,1170,,,,
BROTHERHOBBY,Brot--1700,BrotherHobby,,,,1700,,,,2023-09-14 00:00:00,,,,,,,,,,,,,,,335,,,,
BROTHERHOBBY,Brot--1750,BrotherHobby,,,,1750,,,,40,,,,,,,,,,,,,,,830,,,,
BROTHERHOBBY,Brot--1850,BrotherHobby,,,,1850,,,,40,,,,,,,,,,,,,,,1025,,,,
BROTHERHOBBY,Brot--1900,BrotherHobby,,,,1900,,,,2023-03-16 00:00:00,,,,,,,,,,,,,,,235,,,,
BROTHERHOBBY,Brot--1950,BrotherHobby,,,,1950,,,,2023-09-14 00:00:00,,,,,,,,,,,,,,,445,,,,
BROTHERHOBBY,Brot--2100,BrotherHobby,,,,2100,,,,2023-09-14 00:00:00,,,,,,,,,,,,,,,210,,,,
BROTHERHOBBY,Brot--2200,BrotherHobby,,,,2200,,,,40,,,,,,,,,,,,,,,960,,,,
BROTHERHOBBY,Brot--2650,BrotherHobby,,,,2650,,,,12,,,,,,,,,,,,,,,230,,,,
BROTHERHOBBY,Brot--2800,BrotherHobby,,,,2800,,,,21,,,,,,,,,,,,,,,620,,,,
BROTHERHOBBY,Brot--2950,BrotherHobby,,,,2950,,,,12,,,,,,,,,,,,,,,285,,,,
BROTHERHOBBY,Brot--3100,BrotherHobby,,,,3100,,,,2023-03-16 00:00:00,,,,,,,,,,,,,,,650,,,,
BROTHERHOBBY,Brot--3150,BrotherHobby,,,,3150,,,,2023-09-14 00:00:00,,,,,,,,,,,,,,,510,,,,
BROTHERHOBBY,Brot--3950,BrotherHobby,,,,3950,,,,12,,,,,,,,,,,,,,,210,,,,
BROTHERHOBBY,Brot--4150,BrotherHobby,,,,4150,,,,2023-03-16 00:00:00,,,,,,,,,,,,,,,470,,,,
CASTLE,Cast--490,Castle,,,,490,,,,694,,,,,,,,,,,,,,,4000,,,,
CASTLE,Cast--530,Castle,,,,530,,,,421,,,,,,,,,,,,,,,2500,,,,
CASTLE,Cast--1175,Castle,,,,1175,,,,361,,,,,,,,,,,,,,,2800,,,,
CASTLE,Cast--1420,Castle,,,,1420,,,,321,,,,,,,,,,,,,,,2200,,,,
CASTLE,Cast--3460,Castle,,,,3460,,,,119,,,,,,,,,,,,,,,800,,,,
CHEETAH,Chee--176,Cheetah,,,,176,,,,1362,,,,,,,,,,,,,,,5320,,,,
CHEETAH,Chee--176,Cheetah,,,,176,,,,1645,,,,,,,,,,,,,,,8000,,,,
CHEETAH,Chee--190,Cheetah,,,,190,,,,1225,,,,,,,,,,,,,,,6660,,,,
CHEETAH,Chee--200,Cheetah,,,,200,,,,726,,,,,,,,,,,,,,,3995,,,,
CHEETAH,Chee--260,Cheetah,,,,260,,,,654,,,,,,,,,,,,,,,2800,,,,
CHEETAH,Chee--380,Cheetah,,,,380,,,,400,,,,,,,,,,,,,,,1600,,,,
CHEETAH,Chee--450,Cheetah,,,,450,,,,400,,,,,,,,,,,,,,,2000,,,,
CHEETAH,Chee--530,Cheetah,,,,530,,,,280,,,,,,,,,,,,,,,1450,,,,
CHEETAH,Chee--620,Cheetah,,,,620,,,,280,,,,,,,,,,,,,,,1550,,,,
CHEETAH,Chee--730,Cheetah,,,,730,,,,175,,,,,,,,,,,,,,,650,,,,
CHEETAH,Chee--840,Cheetah,,,,840,,,,175,,,,,,,,,,,,,,,700,,,,
CHEETAH,Chee--840,Cheetah,,,,840,,,,210,,,,,,,,,,,,,,,900,,,,
CHEETAH,Chee--930,Cheetah,,,,930,,,,52,,,,,,,,,,,,,,,130,,,,
CHEETAH,Chee--950,Cheetah,,,,950,,,,70,,,,,,,,,,,,,,,165,,,,
CHEETAH,Chee--1000,Cheetah,,,,1000,,,,52,,,,,,,,,,,,,,,130,,,,
CHEETAH,Chee--1000,Cheetah,,,,1000,,,,78,,,,,,,,,,,,,,,350,,,,
CHEETAH,Chee--1000,Cheetah,,,,1000,,,,103,,,,,,,,,,,,,,,500,,,,
CHEETAH,Chee--1000,Cheetah,,,,1000,,,,133,,,,,,,,,,,,,,,680,,,,
CHEETAH,Chee--1000,Cheetah,,,,1000,,,,175,,,,,,,,,,,,,,,800,,,,
CHEETAH,Chee--1100,Cheetah,,,,1100,,,,39,,,,,,,,,,,,,,,100,,,,
CHEETAH,Chee--1100,Cheetah,,,,1100,,,,70,,,,,,,,,,,,,,,200,,,,
CHEETAH,Chee--1100,Cheetah,,,,1100,,,,78,,,,,,,,,,,,,,,390,,,,
CHEETAH,Chee--1200,Cheetah,,,,1200,,,,78,,,,,,,,,,,,,,,450,,,,
CHEETAH,Chee--1250,Cheetah,,,,1250,,,,70,,,,,,,,,,,,,,,220,,,,
CHEETAH,Chee--1350,Cheetah,,,,1350,,,,78,,,,,,,,,,,,,,,500,,,,
CHEETAH,Chee--1400,Cheetah,,,,1400,,,,2023-05-21 00:00:00,,,,,,,,,,,,,,,75,,,,
CHEETAH,Chee--1400,Cheetah,,,,1400,,,,52,,,,,,,,,,,,,,,180,,,,
CHEETAH,Chee--1400,Cheetah,,,,1400,,,,103,,,,,,,,,,,,,,,440,,,,
CHEETAH,Chee--1450,Cheetah,,,,1450,,,,39,,,,,,,,,,,,,,,130,,,,
CHEETAH,Chee--1500,Cheetah,,,,1500,,,,70,,,,,,,,,,,,,,,315,,,,
CHEETAH,Chee--1800,Cheetah,,,,1800,,,,39,,,,,,,,,,,,,,,175,,,,
CHEETAH,Chee--2000,Cheetah,,,,2000,,,,70,,,,,,,,,,,,,,,610,,,,
CHEETAH,Chee--2200,Cheetah,,,,2200,,,,17,,,,,,,,,,,,,,,85,,,,
CHEETAH,Chee--2200,Cheetah,,,,2200,,,,52,,,,,,,,,,,,,,,300,,,,
CHEETAH,Chee--2600,Cheetah,,,,2600,,,,39,,,,,,,,,,,,,,,220,,,,
CHEETAH,Chee--2900,Cheetah,,,,2900,,,,13,,,,,,,,,,,,,,,55,,,,
COBRA,Cobr--300,Cobra,,,,300,,,,398,,,,,,,,,,,,,,,1920,,,,
COBRA,Cobr--300,Cobra,,,,300,,,,141,,,,,,,,,,,,,,,490,,,,
COBRA,Cobr--310,Cobra,,,,310,,,,211,,,,,,,,,,,,,,,490,,,,
COBRA,Cobr--310,Cobra,,,,310,,,,340,,,,,,,,,,,,,,,1000,,,,
COBRA,Cobr--325,Cobra,,,,325,,,,273,,,,,,,,,,,,,,,890,,,,
COBRA,Cobr--350,Cobra,,,,350,,,,146,,,,,,,,,,,,,,,450,,,,
COBRA,Cobr--350,Cobra,,,,350,,,,234,,,,,,,,,,,,,,,570,,,,
COBRA,Cobr--350,Cobra,,,,350,,,,124,,,,,,,,,,,,,,,440,,,,
COBRA,Cobr--385,Cobra,,,,385,,,,199,,,,,,,,,,,,,,,530,,,,
COBRA,Cobr--390,Cobra,,,,390,,,,398,,,,,,,,,,,,,,,1630,,,,
COBRA,Cobr--400,Cobra,,,,400,,,,234,,,,,,,,,,,,,,,480,,,,
COBRA,Cobr--400,Cobra,,,,400,,,,105,,,,,,,,,,,,,,,345,,,,
COBRA,Cobr--400,Cobra,,,,400,,,,342,,,,,,,,,,,,,,,1330,,,,
COBRA,Cobr--420,Cobra,,,,420,,,,211,,,,,,,,,,,,,,,780,,,,
COBRA,Cobr--430,Cobra,,,,430,,,,253,,,,,,,,,,,,,,,1120,,,,
COBRA,Cobr--430,Cobra,,,,430,,,,293,,,,,,,,,,,,,,,1330,,,,
COBRA,Cobr--435,Cobra,,,,435,,,,273,,,,,,,,,,,,,,,1200,,,,
COBRA,Cobr--450,Cobra,,,,450,,,,398,,,,,,,,,,,,,,,1780,,,,
COBRA,Cobr--450,Cobra,,,,450,,,,141,,,,,,,,,,,,,,,670,,,,
COBRA,Cobr--470,Cobra,,,,470,,,,114,,,,,,,,,,,,,,,340,,,,
COBRA,Cobr--480,Cobra,,,,480,,,,293,,,,,,,,,,,,,,,1420,,,,
COBRA,Cobr--480,Cobra,,,,480,,,,234,,,,,,,,,,,,,,,710,,,,
COBRA,Cobr--490,Cobra,,,,490,,,,146,,,,,,,,,,,,,,,520,,,,
COBRA,Cobr--500,Cobra,,,,500,,,,93,,,,,,,,,,,,,,,420,,,,
COBRA,Cobr--540,Cobra,,,,540,,,,293,,,,,,,,,,,,,,,1600,,,,
COBRA,Cobr--540,Cobra,,,,540,,,,398,,,,,,,,,,,,,,,1920,,,,
COBRA,Cobr--550,Cobra,,,,550,,,,210,,,,,,,,,,,,,,,800,,,,
COBRA,Cobr--550,Cobra,,,,550,,,,124,,,,,,,,,,,,,,,660,,,,
COBRA,Cobr--560,Cobra,,,,560,,,,253,,,,,,,,,,,,,,,1000,,,,
COBRA,Cobr--600,Cobra,,,,600,,,,105,,,,,,,,,,,,,,,435,,,,
COBRA,Cobr--610,Cobra,,,,610,,,,293,,,,,,,,,,,,,,,1380,,,,
COBRA,Cobr--650,Cobra,,,,650,,,,253,,,,,,,,,,,,,,,1150,,,,
COBRA,Cobr--650,Cobra,,,,650,,,,199,,,,,,,,,,,,,,,630,,,,
COBRA,Cobr--695,Cobra,,,,695,,,,76,,,,,,,,,,,,,,,235,,,,
COBRA,Cobr--700,Cobra,,,,700,,,,210,,,,,,,,,,,,,,,1020,,,,
COBRA,Cobr--700,Cobra,,,,700,,,,65,,,,,,,,,,,,,,,160,,,,
COBRA,Cobr--700,Cobra,,,,700,,,,114,,,,,,,,,,,,,,,370,,,,
COBRA,Cobr--710,Cobra,,,,710,,,,293,,,,,,,,,,,,,,,1510,,,,
COBRA,Cobr--740,Cobra,,,,740,,,,178,,,,,,,,,,,,,,,790,,,,
COBRA,Cobr--740,Cobra,,,,740,,,,146,,,,,,,,,,,,,,,600,,,,
COBRA,Cobr--750,Cobra,,,,750,,,,76,,,,,,,,,,,,,,,270,,,,
COBRA,Cobr--750,Cobra,,,,750,,,,93,,,,,,,,,,,,,,,355,,,,
COBRA,Cobr--760,Cobra,,,,760,,,,171,,,,,,,,,,,,,,,620,,,,
COBRA,Cobr--760,Cobra,,,,760,,,,81,,,,,,,,,,,,,,,270,,,,
COBRA,Cobr--760,Cobra,,,,760,,,,114,,,,,,,,,,,,,,,345,,,,
COBRA,Cobr--780,Cobra,,,,780,,,,253,,,,,,,,,,,,,,,1380,,,,
COBRA,Cobr--820,Cobra,,,,820,,,,141,,,,,,,,,,,,,,,380,,,,
COBRA,Cobr--820,Cobra,,,,820,,,,210,,,,,,,,,,,,,,,1040,,,,
COBRA,Cobr--840,Cobra,,,,840,,,,140,,,,,,,,,,,,,,,530,,,,
COBRA,Cobr--850,Cobra,,,,850,,,,109,,,,,,,,,,,,,,,370,,,,
COBRA,Cobr--850,Cobra,,,,850,,,,293,,,,,,,,,,,,,,,1390,,,,
COBRA,Cobr--930,Cobra,,,,930,,,,171,,,,,,,,,,,,,,,660,,,,
COBRA,Cobr--940,Cobra,,,,940,,,,88,,,,,,,,,,,,,,,280,,,,
COBRA,Cobr--950,Cobra,,,,950,,,,60,,,,,,,,,,,,,,,150,,,,
COBRA,Cobr--950,Cobra,,,,950,,,,178,,,,,,,,,,,,,,,970,,,,
COBRA,Cobr--950,Cobra,,,,950,,,,65,,,,,,,,,,,,,,,210,,,,
COBRA,Cobr--950,Cobra,,,,950,,,,76,,,,,,,,,,,,,,,300,,,,
COBRA,Cobr--950,Cobra,,,,950,,,,76,,,,,,,,,,,,,,,300,,,,
COBRA,Cobr--960,Cobra,,,,960,,,,74,,,,,,,,,,,,,,,220,,,,
COBRA,Cobr--970,Cobra,,,,970,,,,142,,,,,,,,,,,,,,,590,,,,
COBRA,Cobr--980,Cobra,,,,980,,,,210,,,,,,,,,,,,,,,1110,,,,
COBRA,Cobr--1000,Cobra,,,,1000,,,,80.5,,,,,,,,,,,,,,,300,,,,
COBRA,Cobr--1000,Cobra,,,,1000,,,,141,,,,,,,,,,,,,,,470,,,,
COBRA,Cobr--1000,Cobra,,,,1000,,,,58,,,,,,,,,,,,,,,220,,,,
COBRA,Cobr--1050,Cobra,,,,1050,,,,109,,,,,,,,,,,,,,,450,,,,
COBRA,Cobr--1050,Cobra,,,,1050,,,,120,,,,,,,,,,,,,,,750,,,,
COBRA,Cobr--1080,Cobra,,,,1080,,,,2023-05-22 00:00:00,,,,,,,,,,,,,,,80,,,,
COBRA,Cobr--1100,Cobra,,,,1100,,,,60,,,,,,,,,,,,,,,190,,,,
COBRA,Cobr--1100,Cobra,,,,1100,,,,178,,,,,,,,,,,,,,,830,,,,
COBRA,Cobr--1130,Cobra,,,,1130,,,,80.5,,,,,,,,,,,,,,,330,,,,
COBRA,Cobr--1130,Cobra,,,,1130,,,,171,,,,,,,,,,,,,,,810,,,,
COBRA,Cobr--1170,Cobra,,,,1170,,,,142,,,,,,,,,,,,,,,660,,,,
COBRA,Cobr--1180,Cobra,,,,1180,,,,46.5,,,,,,,,,,,,,,,130,,,,
COBRA,Cobr--1180,Cobra,,,,1180,,,,74,,,,,,,,,,,,,,,265,,,,
COBRA,Cobr--1200,Cobra,,,,1200,,,,176,,,,,,,,,,,,,,,1020,,,,
COBRA,Cobr--1200,Cobra,,,,1200,,,,176,,,,,,,,,,,,,,,1020,,,,
COBRA,Cobr--1200,Cobra,,,,1200,,,,141,,,,,,,,,,,,,,,620,,,,
COBRA,Cobr--1200,Cobra,,,,1200,,,,45,,,,,,,,,,,,,,,180,,,,
COBRA,Cobr--1250,Cobra,,,,1250,,,,88,,,,,,,,,,,,,,,360,,,,
COBRA,Cobr--1330,Cobra,,,,1330,,,,80.5,,,,,,,,,,,,,,,360,,,,
COBRA,Cobr--1350,Cobra,,,,1350,,,,60,,,,,,,,,,,,,,,220,,,,
COBRA,Cobr--1350,Cobra,,,,1350,,,,65,,,,,,,,,,,,,,,210,,,,
COBRA,Cobr--1390,Cobra,,,,1390,,,,109,,,,,,,,,,,,,,,600,,,,
COBRA,Cobr--1400,Cobra,,,,1400,,,,36.5,,,,,,,,,,,,,,,250,,,,
COBRA,Cobr--1400,Cobra,,,,1400,,,,36.5,,,,,,,,,,,,,,,250,,,,
COBRA,Cobr--1450,Cobra,,,,1450,,,,142,,,,,,,,,,,,,,,810,,,,
COBRA,Cobr--1450,Cobra,,,,1450,,,,120,,,,,,,,,,,,,,,950,,,,
COBRA,Cobr--1470,Cobra,,,,1470,,,,171,,,,,,,,,,,,,,,960,,,,
COBRA,Cobr--1500,Cobra,,,,1500,,,,88,,,,,,,,,,,,,,,420,,,,
COBRA,Cobr--1530,Cobra,,,,1530,,,,15,,,,,,,,,,,,,,,45,,,,
COBRA,Cobr--1540,Cobra,,,,1540,,,,2023-05-17 00:00:00,,,,,,,,,,,,,,,55,,,,
COBRA,Cobr--1550,Cobra,,,,1550,,,,46.5,,,,,,,,,,,,,,,165,,,,
COBRA,Cobr--1550,Cobra,,,,1550,,,,74,,,,,,,,,,,,,,,350,,,,
COBRA,Cobr--1570,Cobra,,,,1570,,,,2023-05-22 00:00:00,,,,,,,,,,,,,,,100,,,,
COBRA,Cobr--1570,Cobra,,,,1570,,,,2023-05-22 00:00:00,,,,,,,,,,,,,,,100,,,,
COBRA,Cobr--1700,Cobra,,,,1700,,,,109,,,,,,,,,,,,,,,700,,,,
COBRA,Cobr--1720,Cobra,,,,1720,,,,2023-05-17 00:00:00,,,,,,,,,,,,,,,60,,,,
COBRA,Cobr--1780,Cobra,,,,1780,,,,80.5,,,,,,,,,,,,,,,400,,,,
COBRA,Cobr--1800,Cobra,,,,1800,,,,120,,,,,,,,,,,,,,,1110,,,,
COBRA,Cobr--1860,Cobra,,,,1860,,,,88,,,,,,,,,,,,,,,500,,,,
COBRA,Cobr--1960,Cobra,,,,1960,,,,2023-05-22 00:00:00,,,,,,,,,,,,,,,130,,,,
COBRA,Cobr--1960,Cobra,,,,1960,,,,2023-06-24 00:00:00,,,,,,,,,,,,,,,140,,,,
COBRA,Cobr--2000,Cobra,,,,2000,,,,46.5,,,,,,,,,,,,,,,200,,,,
COBRA,Cobr--2000,Cobra,,,,2000,,,,60,,,,,,,,,,,,,,,330,,,,
COBRA,Cobr--2000,Cobra,,,,2000,,,,45,,,,,,,,,,,,,,,220,,,,
COBRA,Cobr--2000,Cobra,,,,2000,,,,65,,,,,,,,,,,,,,,405,,,,
COBRA,Cobr--2000,Cobra,,,,2000,,,,120,,,,,,,,,,,,,,,1180,,,,
COBRA,Cobr--2100,Cobra,,,,2100,,,,109,,,,,,,,,,,,,,,700,,,,
COBRA,Cobr--2100,Cobra,,,,2100,,,,36.5,,,,,,,,,,,,,,,370,,,,
COBRA,Cobr--2100,Cobra,,,,2100,,,,36.5,,,,,,,,,,,,,,,370,,,,
COBRA,Cobr--2200,Cobra,,,,2200,,,,45,,,,,,,,,,,,,,,650,,,,
COBRA,Cobr--2300,Cobra,,,,2300,,,,2023-05-17 00:00:00,,,,,,,,,,,,,,,75,,,,
COBRA,Cobr--2300,Cobra,,,,2300,,,,74,,,,,,,,,,,,,,,440,,,,
COBRA,Cobr--2300,Cobra,,,,2300,,,,2023-06-24 00:00:00,,,,,,,,,,,,,,,190,,,,
COBRA,Cobr--2300,Cobra,,,,2300,,,,29,,,,,,,,,,,,,,,325,,,,
COBRA,Cobr--2300,Cobra,,,,2300,,,,36,,,,,,,,,,,,,,,555,,,,
COBRA,Cobr--2350,Cobra,,,,2350,,,,120,,,,,,,,,,,,,,,1330,,,,
COBRA,Cobr--2400,Cobra,,,,2400,,,,36.5,,,,,,,,,,,,,,,550,,,,
COBRA,Cobr--2400,Cobra,,,,2400,,,,36.5,,,,,,,,,,,,,,,550,,,,
COBRA,Cobr--2450,Cobra,,,,2450,,,,21,,,,,,,,,,,,,,,165,,,,
COBRA,Cobr--2450,Cobra,,,,2450,,,,36,,,,,,,,,,,,,,,560,,,,
COBRA,Cobr--2500,Cobra,,,,2500,,,,29,,,,,,,,,,,,,,,550,,,,
COBRA,Cobr--2600,Cobra,,,,2600,,,,36,,,,,,,,,,,,,,,570,,,,
COBRA,Cobr--2800,Cobra,,,,2800,,,,2023-05-17 00:00:00,,,,,,,,,,,,,,,110,,,,
COBRA,Cobr--2800,Cobra,,,,2800,,,,74,,,,,,,,,,,,,,,420,,,,
COBRA,Cobr--2800,Cobra,,,,2800,,,,21,,,,,,,,,,,,,,,175,,,,
COBRA,Cobr--2850,Cobra,,,,2850,,,,2023-06-24 00:00:00,,,,,,,,,,,,,,,355,,,,
COBRA,Cobr--2850,Cobra,,,,2850,,,,2023-06-24 00:00:00,,,,,,,,,,,,,,,355,,,,
COBRA,Cobr--3200,Cobra,,,,3200,,,,17,,,,,,,,,,,,,,,210,,,,
COBRA,Cobr--3500,Cobra,,,,3500,,,,17,,,,,,,,,,,,,,,240,,,,
COBRA,Cobr--3700,Cobra,,,,3700,,,,17,,,,,,,,,,,,,,,250,,,,
COBRA,Cobr--4100,Cobra,,,,4100,,,,17,,,,,,,,,,,,,,,210,,,,
CYCLON,Cycl--195,Cyclon,,,,195,,,,400,,,,,,,,,,,,,,,2000,,,,
CYCLON,Cycl--205,Cyclon,,,,205,,,,550,,,,,,,,,,,,,,,3500,,,,
CYCLON,Cycl--260,Cyclon,,,,260,,,,350,,,,,,,,,,,,,,,1900,,,,
CYCLON,Cycl--390,Cyclon,,,,390,,,,250,,,,,,,,,,,,,,,1450,,,,
CYCLON,Cycl--470,Cyclon,,,,470,,,,320,,,,,,,,,,,,,,,1300,,,,
CYCLON,Cycl--660,Cyclon,,,,660,,,,235,,,,,,,,,,,,,,,900,,,,
CYCLON,Cycl--660,Cyclon,,,,660,,,,320,,,,,,,,,,,,,,,1500,,,,
CYCLON,Cycl--680,Cyclon,,,,680,,,,213,,,,,,,,,,,,,,,750,,,,
CYCLON,Cycl--709,Cyclon,,,,709,,,,200,,,,,,,,,,,,,,,920,,,,
CYCLON,Cycl--770,Cyclon,,,,770,,,,290,,,,,,,,,,,,,,,1250,,,,
CYCLON,Cycl--880,Cyclon,,,,880,,,,175,,,,,,,,,,,,,,,600,,,,
CYCLON,Cycl--960,Cyclon,,,,960,,,,150,,,,,,,,,,,,,,,420,,,,
CYCLON,Cycl--960,Cyclon,,,,960,,,,260,,,,,,,,,,,,,,,1000,,,,
CYCLON,Cycl--1030,Cyclon,,,,1030,,,,153,,,,,,,,,,,,,,,500,,,,
CYCLON,Cycl--1100,Cyclon,,,,1100,,,,175,,,,,,,,,,,,,,,600,,,,
CYCLON,Cycl--1230,Cyclon,,,,1230,,,,228,,,,,,,,,,,,,,,750,,,,
CYCLON,Cycl--1310,Cyclon,,,,1310,,,,119,,,,,,,,,,,,,,,400,,,,
CYCLON,Cycl--1320,Cyclon,,,,1320,,,,48,,,,,,,,,,,,,,,140,,,,
CYCLON,Cycl--1445,Cyclon,,,,1445,,,,64,,,,,,,,,,,,,,,250,,,,
CYCLON,Cycl--1451,Cyclon,,,,1451,,,,80,,,,,,,,,,,,,,,450,,,,
CYCLON,Cycl--1900,Cyclon,,,,1900,,,,15,,,,,,,,,,,,,,,50,,,,
CYCLON,Cycl--3450,Cyclon,,,,3450,,,,55,,,,,,,,,,,,,,,300,,,,
CYCLON,Cycl--3742,Cyclon,,,,3742,,,,120,,,,,,,,,,,,,,,530,,,,
D-POWER,D-Po--170,D-Power,,,,170,,,,1024,,,,,,,,,,,,,,,1500,,,,
D-POWER,D-Po--250,D-Power,,,,250,,,,574,,,,,,,,,,,,,,,975,,,,
D-POWER,D-Po--430,D-Power,,,,430,,,,373,,,,,,,,,,,,,,,1050,,,,
D-POWER,D-Po--540,D-Power,,,,540,,,,199,,,,,,,,,,,,,,,675,,,,
D-POWER,D-Po--560,D-Power,,,,560,,,,278,,,,,,,,,,,,,,,825,,,,
D-POWER,D-Po--710,D-Power,,,,710,,,,195,,,,,,,,,,,,,,,645,,,,
D-POWER,D-Po--800,D-Power,,,,800,,,,68,,,,,,,,,,,,,,,280,,,,
D-POWER,D-Po--810,D-Power,,,,810,,,,135,,,,,,,,,,,,,,,450,,,,
D-POWER,D-Po--850,D-Power,,,,850,,,,70,,,,,,,,,,,,,,,240,,,,
D-POWER,D-Po--890,D-Power,,,,890,,,,165,,,,,,,,,,,,,,,630,,,,
D-POWER,D-Po--920,D-Power,,,,920,,,,135,,,,,,,,,,,,,,,630,,,,
D-POWER,D-Po--950,D-Power,,,,950,,,,70,,,,,,,,,,,,,,,285,,,,
D-POWER,D-Po--980,D-Power,,,,980,,,,55,,,,,,,,,,,,,,,210,,,,
D-POWER,D-Po--980,D-Power,,,,980,,,,68,,,,,,,,,,,,,,,310,,,,
D-POWER,D-Po--1090,D-Power,,,,1090,,,,165,,,,,,,,,,,,,,,750,,,,
D-POWER,D-Po--1100,D-Power,,,,1100,,,,135,,,,,,,,,,,,,,,600,,,,
D-POWER,D-Po--1150,D-Power,,,,1150,,,,75,,,,,,,,,,,,,,,300,,,,
D-POWER,D-Po--1230,D-Power,,,,1230,,,,68,,,,,,,,,,,,,,,330,,,,
D-POWER,D-Po--1270,D-Power,,,,1270,,,,95,,,,,,,,,,,,,,,570,,,,
D-POWER,D-Po--1360,D-Power,,,,1360,,,,29,,,,,,,,,,,,,,,105,,,,
D-POWER,D-Po--1380,D-Power,,,,1380,,,,41,,,,,,,,,,,,,,,210,,,,
D-POWER,D-Po--1400,D-Power,,,,1400,,,,68,,,,,,,,,,,,,,,375,,,,
D-POWER,D-Po--1400,D-Power,,,,1400,,,,75,,,,,,,,,,,,,,,375,,,,
D-POWER,D-Po--1520,D-Power,,,,1520,,,,95,,,,,,,,,,,,,,,630,,,,
D-POWER,D-Po--1750,D-Power,,,,1750,,,,72,,,,,,,,,,,,,,,450,,,,
D-POWER,D-Po--2350,D-Power,,,,2350,,,,20,,,,,,,,,,,,,,,110,,,,
DARWINFPV,Darw--2400,DarwinFPV,,,,2400,,,,18,,,,,,,,,,,,,,,720,,,,
DARWINFPV,Darw--2400,DarwinFPV,,,,2400,,,,37,,,,,,,,,,,,,,,765,,,,
DARWINFPV,Darw--2500,DarwinFPV,,,,2500,,,,34,,,,,,,,,,,,,,,632,,,,
DARWINFPV,Darw--8600,DarwinFPV,,,,8600,,,,2023-05-04 00:00:00,,,,,,,,,,,,,,,144,,,,
DARWINFPV,Darw--12000,DarwinFPV,,,,12000,,,,2023-07-03 00:00:00,,,,,,,,,,,,,,,120,,,,
DETRUM,Detr--500,Detrum,,,,500,,,,115,,,,,,,,,,,,,,,580,,,,
DETRUM,Detr--600,Detrum,,,,600,,,,115,,,,,,,,,,,,,,,600,,,,
DETRUM,Detr--650,Detrum,,,,650,,,,125,,,,,,,,,,,,,,,630,,,,
DETRUM,Detr--890,Detrum,,,,890,,,,95,,,,,,,,,,,,,,,420,,,,
DETRUM,Detr--1050,Detrum,,,,1050,,,,100,,,,,,,,,,,,,,,500,,,,
DETRUM,Detr--1100,Detrum,,,,1100,,,,65,,,,,,,,,,,,,,,160,,,,
DETRUM,Detr--1100,Detrum,,,,1100,,,,85,,,,,,,,,,,,,,,900,,,,
DETRUM,Detr--1200,Detrum,,,,1200,,,,35,,,,,,,,,,,,,,,110,,,,
DETRUM,Detr--1500,Detrum,,,,1500,,,,40,,,,,,,,,,,,,,,180,,,,
DETRUM,Detr--1800,Detrum,,,,1800,,,,35,,,,,,,,,,,,,,,130,,,,
DETRUM,Detr--1900,Detrum,,,,1900,,,,20,,,,,,,,,,,,,,,130,,,,
DETRUM,Detr--3200,Detrum,,,,3200,,,,85,,,,,,,,,,,,,,,600,,,,
DETRUM,Detr--3600,Detrum,,,,3600,,,,65,,,,,,,,,,,,,,,380,,,,
DETRUM,Detr--4100,Detrum,,,,4100,,,,70,,,,,,,,,,,,,,,440,,,,
DIATONE,Mamb--1100,Mamba System,,,,1100,,,,64,,,,,,,,,,,,,,,860,,,,
DIATONE,Mamb--1600,Mamba System,,,,1600,,,,21,,,,,,,,,,,,,,,380,,,,
DIATONE,Mamb--1700,Mamba System,,,,1700,,,,18,,,,,,,,,,,,,,,415,,,,
DIATONE,Mamb--1700,Mamba System,,,,1700,,,,35,,,,,,,,,,,,,,,920,,,,
DIATONE,Mamb--1700,Mamba System,,,,1700,,,,32,,,,,,,,,,,,,,,1100,,,,
DIATONE,Mamb--1800,Mamba System,,,,1800,,,,35,,,,,,,,,,,,,,,1010,,,,
DIATONE,Mamb--2200,Mamba System,,,,2200,,,,21,,,,,,,,,,,,,,,465,,,,
DIATONE,Mamb--2450,Mamba System,,,,2450,,,,2023-08-10 00:00:00,,,,,,,,,,,,,,,160,,,,
DIATONE,Mamb--2450,Mamba System,,,,2450,,,,35,,,,,,,,,,,,,,,705,,,,
DIATONE,Mamb--2450,Mamba System,,,,2450,,,,32,,,,,,,,,,,,,,,730,,,,
DIATONE,Mamb--2650,Mamba System,,,,2650,,,,2023-09-10 00:00:00,,,,,,,,,,,,,,,230,,,,
DIATONE,Mamb--2650,Mamba System,,,,2650,,,,21,,,,,,,,,,,,,,,440,,,,
DIATONE,Mamb--2650,Mamba System,,,,2650,,,,35,,,,,,,,,,,,,,,810,,,,
DIATONE,Mamb--2650,Mamba System,,,,2650,,,,32,,,,,,,,,,,,,,,940,,,,
DIATONE,Mamb--2700,Mamba System,,,,2700,,,,17,,,,,,,,,,,,,,,410,,,,
DIATONE,Mamb--2900,Mamba System,,,,2900,,,,18,,,,,,,,,,,,,,,375,,,,
DIATONE,Mamb--2900,Mamba System,,,,2900,,,,18,,,,,,,,,,,,,,,415,,,,
DIATONE,Mamb--3000,Mamba System,,,,3000,,,,11,,,,,,,,,,,,,,,285,,,,
DIATONE,Mamb--3000,Mamba System,,,,3000,,,,2023-08-11 00:00:00,,,,,,,,,,,,,,,285,,,,
DIATONE,Mamb--3100,Mamba System,,,,3100,,,,17,,,,,,,,,,,,,,,510,,,,
DIATONE,Mamb--3300,Mamba System,,,,3300,,,,21,,,,,,,,,,,,,,,475,,,,
DIATONE,Mamb--3750,Mamba System,,,,3750,,,,17,,,,,,,,,,,,,,,335,,,,
DIATONE,Mamb--3800,Mamba System,,,,3800,,,,2023-09-10 00:00:00,,,,,,,,,,,,,,,290,,,,
DIATONE,Mamb--4000,Mamba System,,,,4000,,,,2023-08-11 00:00:00,,,,,,,,,,,,,,,215,,,,
DIATONE,Mamb--4100,Mamba System,,,,4100,,,,18,,,,,,,,,,,,,,,375,,,,
DIATONE,Mamb--4200,Mamba System,,,,4200,,,,21,,,,,,,,,,,,,,,565,,,,
DIATONE,Mamb--4300,Mamba System,,,,4300,,,,17,,,,,,,,,,,,,,,375,,,,
DIATONE,Mamb--4500,Mamba System,,,,4500,,,,2023-08-10 00:00:00,,,,,,,,,,,,,,,128,,,,
DIATONE,Mamb--5000,Mamba System,,,,5000,,,,2023-06-06 00:00:00,,,,,,,,,,,,,,,225,,,,
DIATONE,Mamb--6000,Mamba System,,,,6000,,,,2023-08-10 00:00:00,,,,,,,,,,,,,,,174,,,,
DIATONE,Mamb--6500,Mamba System,,,,6500,,,,2023-02-04 00:00:00,,,,,,,,,,,,,,,85,,,,
DIATONE,Mamb--7500,Mamba System,,,,7500,,,,2023-08-10 00:00:00,,,,,,,,,,,,,,,114,,,,
DIATONE,Mamb--8500,Mamba System,,,,8500,,,,2023-08-04 00:00:00,,,,,,,,,,,,,,,130,,,,
DIATONE,Mamb--8500,Mamba System,,,,8500,,,,2023-02-04 00:00:00,,,,,,,,,,,,,,,50,,,,
DIATONE,Mamb--10000,Mamba System,,,,10000,,,,2023-08-04 00:00:00,,,,,,,,,,,,,,,70,,,,
DIATONE,Mamb--10000,Mamba System,,,,10000,,,,2023-02-04 00:00:00,,,,,,,,,,,,,,,70,,,,
DINOPOWER,Dino--185,DinoPower,,,,185,,,,927,,,,,,,,,,,,,,,3100,,,,
DINOPOWER,Dino--230,DinoPower,,,,230,,,,717,,,,,,,,,,,,,,,2400,,,,
DINOPOWER,Dino--265,DinoPower,,,,265,,,,776,,,,,,,,,,,,,,,2400,,,,
DINOPOWER,Dino--310,DinoPower,,,,310,,,,397,,,,,,,,,,,,,,,1400,,,,
DINOPOWER,Dino--375,DinoPower,,,,375,,,,397,,,,,,,,,,,,,,,1600,,,,
DINOPOWER,Dino--385,DinoPower,,,,385,,,,333,,,,,,,,,,,,,,,1100,,,,
DINOPOWER,Dino--510,DinoPower,,,,510,,,,333,,,,,,,,,,,,,,,1200,,,,
DINOPOWER,Dino--550,DinoPower,,,,550,,,,308,,,,,,,,,,,,,,,800,,,,
DINOPOWER,Dino--755,DinoPower,,,,755,,,,308,,,,,,,,,,,,,,,800,,,,
DINOPOWER,Dino--972,DinoPower,,,,972,,,,112,,,,,,,,,,,,,,,350,,,,
DINOPOWER,Dino--980,DinoPower,,,,980,,,,55,,,,,,,,,,,,,,,170,,,,
DINOPOWER,Dino--1135,DinoPower,,,,1135,,,,144,,,,,,,,,,,,,,,450,,,,
DINOPOWER,Dino--1180,DinoPower,,,,1180,,,,42,,,,,,,,,,,,,,,125,,,,
DINOPOWER,Dino--1200,DinoPower,,,,1200,,,,55,,,,,,,,,,,,,,,200,,,,
DINOPOWER,Dino--1240,DinoPower,,,,1240,,,,76,,,,,,,,,,,,,,,260,,,,
DINOPOWER,Dino--1290,DinoPower,,,,1290,,,,182,,,,,,,,,,,,,,,600,,,,
DINOPOWER,Dino--1580,DinoPower,,,,1580,,,,26,,,,,,,,,,,,,,,75,,,,
DINOPOWER,Dino--1800,DinoPower,,,,1800,,,,31,,,,,,,,,,,,,,,80,,,,
DINOPOWER,Dino--2275,DinoPower,,,,2275,,,,16,,,,,,,,,,,,,,,55,,,,
DJI,DJI--310,DJI,,,,310,,,,205,,,,,,,,,,,,,,,700,,,,
DJI,DJI--380,DJI,,,,380,,,,115,,,,,,,,,,,,,,,400,,,,
DJI,DJI--415,DJI,,,,415,,,,90,,,,,,,,,,,,,,,480,,,,
DJI,DJI--920,DJI,,,,920,,,,50,,,,,,,,,,,,,,,250,,,,
DJI,DJI--960,DJI,,,,960,,,,60,,,,,,,,,,,,,,,280,,,,
DUALSKY,Dual--36,Dualsky,,,,36,,,,7440,,,,,,,,,,,,,,,18000,,,,
DUALSKY,Dual--60,Dualsky,,,,60,,,,7440,,,,,,,,,,,,,,,18000,,,,
DUALSKY,Dual--120,Dualsky,,,,120,,,,665,,,,,,,,,,,,,,,3200,,,,
DUALSKY,Dual--120,Dualsky,,,,120,,,,620,,,,,,,,,,,,,,,1480,,,,
DUALSKY,Dual--120,Dualsky,,,,120,,,,1000,,,,,,,,,,,,,,,5000,,,,
DUALSKY,Dual--125,Dualsky,,,,125,,,,525,,,,,,,,,,,,,,,2570,,,,
DUALSKY,Dual--140,Dualsky,,,,140,,,,1140,,,,,,,,,,,,,,,7600,,,,
DUALSKY,Dual--140,Dualsky,,,,140,,,,525,,,,,,,,,,,,,,,2600,,,,
DUALSKY,Dual--150,Dualsky,,,,150,,,,350,,,,,,,,,,,,,,,1850,,,,
DUALSKY,Dual--155,Dualsky,,,,155,,,,280,,,,,,,,,,,,,,,1400,,,,
DUALSKY,Dual--160,Dualsky,,,,160,,,,1020,,,,,,,,,,,,,,,6200,,,,
DUALSKY,Dual--160,Dualsky,,,,160,,,,1140,,,,,,,,,,,,,,,8200,,,,
DUALSKY,Dual--170,Dualsky,,,,170,,,,620,,,,,,,,,,,,,,,1730,,,,
DUALSKY,Dual--175,Dualsky,,,,175,,,,255,,,,,,,,,,,,,,,1400,,,,
DUALSKY,Dual--180,Dualsky,,,,180,,,,585,,,,,,,,,,,,,,,3300,,,,
DUALSKY,Dual--180,Dualsky,,,,180,,,,538,,,,,,,,,,,,,,,3550,,,,
DUALSKY,Dual--180,Dualsky,,,,180,,,,830,,,,,,,,,,,,,,,4000,,,,
DUALSKY,Dual--180,Dualsky,,,,180,,,,700,,,,,,,,,,,,,,,4300,,,,
DUALSKY,Dual--180,Dualsky,,,,180,,,,1020,,,,,,,,,,,,,,,6800,,,,
DUALSKY,Dual--180,Dualsky,,,,180,,,,1090,,,,,,,,,,,,,,,6800,,,,
DUALSKY,Dual--180,Dualsky,,,,180,,,,590,,,,,,,,,,,,,,,3670,,,,
DUALSKY,Dual--180,Dualsky,,,,180,,,,530,,,,,,,,,,,,,,,3744,,,,
DUALSKY,Dual--180,Dualsky,,,,180,,,,325,,,,,,,,,,,,,,,1900,,,,
DUALSKY,Dual--182,Dualsky,,,,182,,,,655,,,,,,,,,,,,,,,3880,,,,
DUALSKY,Dual--182,Dualsky,,,,182,,,,655,,,,,,,,,,,,,,,3880,,,,
DUALSKY,Dual--184,Dualsky,,,,184,,,,617,,,,,,,,,,,,,,,3022,,,,
DUALSKY,Dual--185,Dualsky,,,,185,,,,485,,,,,,,,,,,,,,,2540,,,,
DUALSKY,Dual--190,Dualsky,,,,190,,,,640,,,,,,,,,,,,,,,3935,,,,
DUALSKY,Dual--199,Dualsky,,,,199,,,,565,,,,,,,,,,,,,,,3000,,,,
DUALSKY,Dual--199,Dualsky,,,,199,,,,565,,,,,,,,,,,,,,,3000,,,,
DUALSKY,Dual--199,Dualsky,,,,199,,,,655,,,,,,,,,,,,,,,3450,,,,
DUALSKY,Dual--199,Dualsky,,,,199,,,,655,,,,,,,,,,,,,,,3450,,,,
DUALSKY,Dual--200,Dualsky,,,,200,,,,538,,,,,,,,,,,,,,,3550,,,,
DUALSKY,Dual--200,Dualsky,,,,200,,,,525,,,,,,,,,,,,,,,2850,,,,
DUALSKY,Dual--200,Dualsky,,,,200,,,,590,,,,,,,,,,,,,,,3430,,,,
DUALSKY,Dual--200,Dualsky,,,,200,,,,626,,,,,,,,,,,,,,,2875,,,,
DUALSKY,Dual--205,Dualsky,,,,205,,,,640,,,,,,,,,,,,,,,3400,,,,
DUALSKY,Dual--205,Dualsky,,,,205,,,,530,,,,,,,,,,,,,,,3480,,,,
DUALSKY,Dual--210,Dualsky,,,,210,,,,700,,,,,,,,,,,,,,,4000,,,,
DUALSKY,Dual--210,Dualsky,,,,210,,,,618,,,,,,,,,,,,,,,2400,,,,
DUALSKY,Dual--218,Dualsky,,,,218,,,,655,,,,,,,,,,,,,,,3600,,,,
DUALSKY,Dual--218,Dualsky,,,,218,,,,655,,,,,,,,,,,,,,,3600,,,,
DUALSKY,Dual--218,Dualsky,,,,218,,,,627,,,,,,,,,,,,,,,3081,,,,
DUALSKY,Dual--220,Dualsky,,,,220,,,,525,,,,,,,,,,,,,,,3100,,,,
DUALSKY,Dual--220,Dualsky,,,,220,,,,490,,,,,,,,,,,,,,,3000,,,,
DUALSKY,Dual--220,Dualsky,,,,220,,,,590,,,,,,,,,,,,,,,3700,,,,
DUALSKY,Dual--220,Dualsky,,,,220,,,,635,,,,,,,,,,,,,,,3800,,,,
DUALSKY,Dual--220,Dualsky,,,,220,,,,725,,,,,,,,,,,,,,,4000,,,,
DUALSKY,Dual--222,Dualsky,,,,222,,,,565,,,,,,,,,,,,,,,3090,,,,
DUALSKY,Dual--222,Dualsky,,,,222,,,,565,,,,,,,,,,,,,,,3090,,,,
DUALSKY,Dual--224,Dualsky,,,,224,,,,453,,,,,,,,,,,,,,,2040,,,,
DUALSKY,Dual--225,Dualsky,,,,225,,,,640,,,,,,,,,,,,,,,3600,,,,
DUALSKY,Dual--230,Dualsky,,,,230,,,,618,,,,,,,,,,,,,,,2450,,,,
DUALSKY,Dual--235,Dualsky,,,,235,,,,470,,,,,,,,,,,,,,,2000,,,,
DUALSKY,Dual--240,Dualsky,,,,240,,,,490,,,,,,,,,,,,,,,2560,,,,
DUALSKY,Dual--240,Dualsky,,,,240,,,,510,,,,,,,,,,,,,,,3420,,,,
DUALSKY,Dual--240,Dualsky,,,,240,,,,565,,,,,,,,,,,,,,,3380,,,,
DUALSKY,Dual--240,Dualsky,,,,240,,,,565,,,,,,,,,,,,,,,3380,,,,
DUALSKY,Dual--242,Dualsky,,,,242,,,,655,,,,,,,,,,,,,,,3740,,,,
DUALSKY,Dual--242,Dualsky,,,,242,,,,655,,,,,,,,,,,,,,,3740,,,,
DUALSKY,Dual--245,Dualsky,,,,245,,,,530,,,,,,,,,,,,,,,2944,,,,
DUALSKY,Dual--250,Dualsky,,,,250,,,,290,,,,,,,,,,,,,,,1770,,,,
DUALSKY,Dual--250,Dualsky,,,,250,,,,395,,,,,,,,,,,,,,,2660,,,,
DUALSKY,Dual--270,Dualsky,,,,270,,,,585,,,,,,,,,,,,,,,3000,,,,
DUALSKY,Dual--278,Dualsky,,,,278,,,,565,,,,,,,,,,,,,,,2880,,,,
DUALSKY,Dual--278,Dualsky,,,,278,,,,565,,,,,,,,,,,,,,,2880,,,,
DUALSKY,Dual--280,Dualsky,,,,280,,,,640,,,,,,,,,,,,,,,3200,,,,
DUALSKY,Dual--280,Dualsky,,,,280,,,,462,,,,,,,,,,,,,,,2102,,,,
DUALSKY,Dual--280,Dualsky,,,,280,,,,508,,,,,,,,,,,,,,,2625,,,,
DUALSKY,Dual--280,Dualsky,,,,280,,,,530,,,,,,,,,,,,,,,3104,,,,
DUALSKY,Dual--285,Dualsky,,,,285,,,,490,,,,,,,,,,,,,,,2720,,,,
DUALSKY,Dual--290,Dualsky,,,,290,,,,380,,,,,,,,,,,,,,,2080,,,,
DUALSKY,Dual--290,Dualsky,,,,290,,,,376,,,,,,,,,,,,,,,1554,,,,
DUALSKY,Dual--300,Dualsky,,,,300,,,,510,,,,,,,,,,,,,,,2560,,,,
DUALSKY,Dual--300,Dualsky,,,,300,,,,525,,,,,,,,,,,,,,,2100,,,,
DUALSKY,Dual--300,Dualsky,,,,300,,,,450,,,,,,,,,,,,,,,1970,,,,
DUALSKY,Dual--305,Dualsky,,,,305,,,,377,,,,,,,,,,,,,,,1650,,,,
DUALSKY,Dual--305,Dualsky,,,,305,,,,618,,,,,,,,,,,,,,,2400,,,,
DUALSKY,Dual--310,Dualsky,,,,310,,,,470,,,,,,,,,,,,,,,2000,,,,
DUALSKY,Dual--315,Dualsky,,,,315,,,,378,,,,,,,,,,,,,,,1690,,,,
DUALSKY,Dual--320,Dualsky,,,,320,,,,345,,,,,,,,,,,,,,,1434,,,,
DUALSKY,Dual--322,Dualsky,,,,322,,,,270,,,,,,,,,,,,,,,1105,,,,
DUALSKY,Dual--326,Dualsky,,,,326,,,,114,,,,,,,,,,,,,,,515,,,,
DUALSKY,Dual--330,Dualsky,,,,330,,,,350,,,,,,,,,,,,,,,1480,,,,
DUALSKY,Dual--333,Dualsky,,,,333,,,,150,,,,,,,,,,,,,,,680,,,,
DUALSKY,Dual--340,Dualsky,,,,340,,,,165,,,,,,,,,,,,,,,640,,,,
DUALSKY,Dual--345,Dualsky,,,,345,,,,377,,,,,,,,,,,,,,,1650,,,,
DUALSKY,Dual--346,Dualsky,,,,346,,,,618,,,,,,,,,,,,,,,2450,,,,
DUALSKY,Dual--350,Dualsky,,,,350,,,,280,,,,,,,,,,,,,,,1500,,,,
DUALSKY,Dual--350,Dualsky,,,,350,,,,285,,,,,,,,,,,,,,,1250,,,,
DUALSKY,Dual--350,Dualsky,,,,350,,,,395,,,,,,,,,,,,,,,1920,,,,
DUALSKY,Dual--350,Dualsky,,,,350,,,,280,,,,,,,,,,,,,,,1200,,,,
DUALSKY,Dual--355,Dualsky,,,,355,,,,382,,,,,,,,,,,,,,,1508,,,,
DUALSKY,Dual--356,Dualsky,,,,356,,,,345,,,,,,,,,,,,,,,1500,,,,
DUALSKY,Dual--360,Dualsky,,,,360,,,,490,,,,,,,,,,,,,,,2352,,,,
DUALSKY,Dual--370,Dualsky,,,,370,,,,469,,,,,,,,,,,,,,,2074,,,,
DUALSKY,Dual--370,Dualsky,,,,370,,,,270,,,,,,,,,,,,,,,1196,,,,
DUALSKY,Dual--375,Dualsky,,,,375,,,,380,,,,,,,,,,,,,,,1920,,,,
DUALSKY,Dual--377,Dualsky,,,,377,,,,377,,,,,,,,,,,,,,,1650,,,,
DUALSKY,Dual--380,Dualsky,,,,380,,,,105,,,,,,,,,,,,,,,270,,,,
DUALSKY,Dual--380,Dualsky,,,,380,,,,160,,,,,,,,,,,,,,,480,,,,
DUALSKY,Dual--380,Dualsky,,,,380,,,,193,,,,,,,,,,,,,,,635,,,,
DUALSKY,Dual--380,Dualsky,,,,380,,,,510,,,,,,,,,,,,,,,2160,,,,
DUALSKY,Dual--380,Dualsky,,,,380,,,,585,,,,,,,,,,,,,,,2900,,,,
DUALSKY,Dual--380,Dualsky,,,,380,,,,145,,,,,,,,,,,,,,,614,,,,
DUALSKY,Dual--380,Dualsky,,,,380,,,,511,,,,,,,,,,,,,,,2400,,,,
DUALSKY,Dual--380,Dualsky,,,,380,,,,650,,,,,,,,,,,,,,,3120,,,,
DUALSKY,Dual--385,Dualsky,,,,385,,,,150,,,,,,,,,,,,,,,756,,,,
DUALSKY,Dual--390,Dualsky,,,,390,,,,130,,,,,,,,,,,,,,,560,,,,
DUALSKY,Dual--390,Dualsky,,,,390,,,,126,,,,,,,,,,,,,,,578,,,,
DUALSKY,Dual--390,Dualsky,,,,390,,,,165,,,,,,,,,,,,,,,700,,,,
DUALSKY,Dual--390,Dualsky,,,,390,,,,160,,,,,,,,,,,,,,,780,,,,
DUALSKY,Dual--400,Dualsky,,,,400,,,,91,,,,,,,,,,,,,,,250,,,,
DUALSKY,Dual--400,Dualsky,,,,400,,,,350,,,,,,,,,,,,,,,2200,,,,
DUALSKY,Dual--400,Dualsky,,,,400,,,,100,,,,,,,,,,,,,,,392,,,,
DUALSKY,Dual--400,Dualsky,,,,400,,,,114,,,,,,,,,,,,,,,555,,,,
DUALSKY,Dual--400,Dualsky,,,,400,,,,393,,,,,,,,,,,,,,,2040,,,,
DUALSKY,Dual--405,Dualsky,,,,405,,,,383,,,,,,,,,,,,,,,1641,,,,
DUALSKY,Dual--410,Dualsky,,,,410,,,,470,,,,,,,,,,,,,,,2000,,,,
DUALSKY,Dual--430,Dualsky,,,,430,,,,280,,,,,,,,,,,,,,,1320,,,,
DUALSKY,Dual--430,Dualsky,,,,430,,,,510,,,,,,,,,,,,,,,2400,,,,
DUALSKY,Dual--430,Dualsky,,,,430,,,,281,,,,,,,,,,,,,,,1163,,,,
DUALSKY,Dual--435,Dualsky,,,,435,,,,435,,,,,,,,,,,,,,,2160,,,,
DUALSKY,Dual--445,Dualsky,,,,445,,,,246,,,,,,,,,,,,,,,1044,,,,
DUALSKY,Dual--450,Dualsky,,,,450,,,,205,,,,,,,,,,,,,,,857,,,,
DUALSKY,Dual--450,Dualsky,,,,450,,,,285,,,,,,,,,,,,,,,1250,,,,
DUALSKY,Dual--460,Dualsky,,,,460,,,,120,,,,,,,,,,,,,,,500,,,,
DUALSKY,Dual--460,Dualsky,,,,460,,,,76,,,,,,,,,,,,,,,344,,,,
DUALSKY,Dual--470,Dualsky,,,,470,,,,380,,,,,,,,,,,,,,,1800,,,,
DUALSKY,Dual--470,Dualsky,,,,470,,,,160,,,,,,,,,,,,,,,788,,,,
DUALSKY,Dual--470,Dualsky,,,,470,,,,393,,,,,,,,,,,,,,,1849,,,,
DUALSKY,Dual--480,Dualsky,,,,480,,,,65,,,,,,,,,,,,,,,180,,,,
DUALSKY,Dual--480,Dualsky,,,,480,,,,160,,,,,,,,,,,,,,,570,,,,
DUALSKY,Dual--480,Dualsky,,,,480,,,,345,,,,,,,,,,,,,,,2300,,,,
DUALSKY,Dual--480,Dualsky,,,,480,,,,114,,,,,,,,,,,,,,,418,,,,
DUALSKY,Dual--480,Dualsky,,,,480,,,,281,,,,,,,,,,,,,,,1242,,,,
DUALSKY,Dual--490,Dualsky,,,,490,,,,392,,,,,,,,,,,,,,,2280,,,,
DUALSKY,Dual--500,Dualsky,,,,500,,,,91,,,,,,,,,,,,,,,295,,,,
DUALSKY,Dual--500,Dualsky,,,,500,,,,193,,,,,,,,,,,,,,,735,,,,
DUALSKY,Dual--500,Dualsky,,,,500,,,,280,,,,,,,,,,,,,,,1440,,,,
DUALSKY,Dual--500,Dualsky,,,,500,,,,280,,,,,,,,,,,,,,,1500,,,,
DUALSKY,Dual--500,Dualsky,,,,500,,,,207,,,,,,,,,,,,,,,935,,,,
DUALSKY,Dual--500,Dualsky,,,,500,,,,377,,,,,,,,,,,,,,,1650,,,,
DUALSKY,Dual--505,Dualsky,,,,505,,,,251,,,,,,,,,,,,,,,1187,,,,
DUALSKY,Dual--510,Dualsky,,,,510,,,,210,,,,,,,,,,,,,,,1150,,,,
DUALSKY,Dual--510,Dualsky,,,,510,,,,200,,,,,,,,,,,,,,,900,,,,
DUALSKY,Dual--510,Dualsky,,,,510,,,,200,,,,,,,,,,,,,,,900,,,,
DUALSKY,Dual--515,Dualsky,,,,515,,,,292,,,,,,,,,,,,,,,1560,,,,
DUALSKY,Dual--520,Dualsky,,,,520,,,,269,,,,,,,,,,,,,,,1345,,,,
DUALSKY,Dual--530,Dualsky,,,,530,,,,175,,,,,,,,,,,,,,,840,,,,
DUALSKY,Dual--530,Dualsky,,,,530,,,,470,,,,,,,,,,,,,,,2000,,,,
DUALSKY,Dual--535,Dualsky,,,,535,,,,285,,,,,,,,,,,,,,,1354,,,,
DUALSKY,Dual--540,Dualsky,,,,540,,,,130,,,,,,,,,,,,,,,670,,,,
DUALSKY,Dual--550,Dualsky,,,,550,,,,275,,,,,,,,,,,,,,,1680,,,,
DUALSKY,Dual--550,Dualsky,,,,550,,,,160,,,,,,,,,,,,,,,1000,,,,
DUALSKY,Dual--550,Dualsky,,,,550,,,,391,,,,,,,,,,,,,,,2000,,,,
DUALSKY,Dual--560,Dualsky,,,,560,,,,280,,,,,,,,,,,,,,,1400,,,,
DUALSKY,Dual--560,Dualsky,,,,560,,,,205,,,,,,,,,,,,,,,877,,,,
DUALSKY,Dual--560,Dualsky,,,,560,,,,515,,,,,,,,,,,,,,,2880,,,,
DUALSKY,Dual--566,Dualsky,,,,566,,,,283,,,,,,,,,,,,,,,1100,,,,
DUALSKY,Dual--570,Dualsky,,,,570,,,,53,,,,,,,,,,,,,,,176,,,,
DUALSKY,Dual--570,Dualsky,,,,570,,,,160,,,,,,,,,,,,,,,766,,,,
DUALSKY,Dual--575,Dualsky,,,,575,,,,285,,,,,,,,,,,,,,,1250,,,,
DUALSKY,Dual--580,Dualsky,,,,580,,,,105,,,,,,,,,,,,,,,270,,,,
DUALSKY,Dual--590,Dualsky,,,,590,,,,251,,,,,,,,,,,,,,,1142,,,,
DUALSKY,Dual--590,Dualsky,,,,590,,,,100,,,,,,,,,,,,,,,440,,,,
DUALSKY,Dual--590,Dualsky,,,,590,,,,126,,,,,,,,,,,,,,,565,,,,
DUALSKY,Dual--600,Dualsky,,,,600,,,,90,,,,,,,,,,,,,,,455,,,,
DUALSKY,Dual--610,Dualsky,,,,610,,,,290,,,,,,,,,,,,,,,1400,,,,
DUALSKY,Dual--610,Dualsky,,,,610,,,,285,,,,,,,,,,,,,,,1291,,,,
DUALSKY,Dual--620,Dualsky,,,,620,,,,80,,,,,,,,,,,,,,,380,,,,
DUALSKY,Dual--620,Dualsky,,,,620,,,,78,,,,,,,,,,,,,,,338,,,,
DUALSKY,Dual--620,Dualsky,,,,620,,,,269,,,,,,,,,,,,,,,1240,,,,
DUALSKY,Dual--620,Dualsky,,,,620,,,,300,,,,,,,,,,,,,,,1440,,,,
DUALSKY,Dual--640,Dualsky,,,,640,,,,209,,,,,,,,,,,,,,,944,,,,
DUALSKY,Dual--660,Dualsky,,,,660,,,,160,,,,,,,,,,,,,,,880,,,,
DUALSKY,Dual--680,Dualsky,,,,680,,,,210,,,,,,,,,,,,,,,1100,,,,
DUALSKY,Dual--680,Dualsky,,,,680,,,,283,,,,,,,,,,,,,,,1100,,,,
DUALSKY,Dual--690,Dualsky,,,,690,,,,105,,,,,,,,,,,,,,,310,,,,
DUALSKY,Dual--690,Dualsky,,,,690,,,,193,,,,,,,,,,,,,,,620,,,,
DUALSKY,Dual--690,Dualsky,,,,690,,,,53,,,,,,,,,,,,,,,206,,,,
DUALSKY,Dual--690,Dualsky,,,,690,,,,100,,,,,,,,,,,,,,,423,,,,
DUALSKY,Dual--700,Dualsky,,,,700,,,,65,,,,,,,,,,,,,,,165,,,,
DUALSKY,Dual--700,Dualsky,,,,700,,,,91,,,,,,,,,,,,,,,260,,,,
DUALSKY,Dual--700,Dualsky,,,,700,,,,160,,,,,,,,,,,,,,,510,,,,
DUALSKY,Dual--700,Dualsky,,,,700,,,,120,,,,,,,,,,,,,,,476,,,,
DUALSKY,Dual--700,Dualsky,,,,700,,,,126,,,,,,,,,,,,,,,511,,,,
DUALSKY,Dual--710,Dualsky,,,,710,,,,76,,,,,,,,,,,,,,,329,,,,
DUALSKY,Dual--710,Dualsky,,,,710,,,,80,,,,,,,,,,,,,,,354,,,,
DUALSKY,Dual--710,Dualsky,,,,710,,,,250,,,,,,,,,,,,,,,1060,,,,
DUALSKY,Dual--710,Dualsky,,,,710,,,,293,,,,,,,,,,,,,,,1240,,,,
DUALSKY,Dual--720,Dualsky,,,,720,,,,167,,,,,,,,,,,,,,,750,,,,
DUALSKY,Dual--720,Dualsky,,,,720,,,,165,,,,,,,,,,,,,,,650,,,,
DUALSKY,Dual--720,Dualsky,,,,720,,,,200,,,,,,,,,,,,,,,900,,,,
DUALSKY,Dual--720,Dualsky,,,,720,,,,165,,,,,,,,,,,,,,,650,,,,
DUALSKY,Dual--720,Dualsky,,,,720,,,,78,,,,,,,,,,,,,,,377,,,,
DUALSKY,Dual--720,Dualsky,,,,720,,,,200,,,,,,,,,,,,,,,900,,,,
DUALSKY,Dual--730,Dualsky,,,,730,,,,127,,,,,,,,,,,,,,,450,,,,
DUALSKY,Dual--740,Dualsky,,,,740,,,,175,,,,,,,,,,,,,,,800,,,,
DUALSKY,Dual--740,Dualsky,,,,740,,,,170,,,,,,,,,,,,,,,671,,,,
DUALSKY,Dual--740,Dualsky,,,,740,,,,195,,,,,,,,,,,,,,,750,,,,
DUALSKY,Dual--745,Dualsky,,,,745,,,,210,,,,,,,,,,,,,,,905,,,,
DUALSKY,Dual--750,Dualsky,,,,750,,,,62,,,,,,,,,,,,,,,175,,,,
DUALSKY,Dual--750,Dualsky,,,,750,,,,285,,,,,,,,,,,,,,,1250,,,,
DUALSKY,Dual--760,Dualsky,,,,760,,,,58,,,,,,,,,,,,,,,256,,,,
DUALSKY,Dual--760,Dualsky,,,,760,,,,160,,,,,,,,,,,,,,,693,,,,
DUALSKY,Dual--790,Dualsky,,,,790,,,,140,,,,,,,,,,,,,,,548,,,,
DUALSKY,Dual--790,Dualsky,,,,790,,,,252,,,,,,,,,,,,,,,1128,,,,
DUALSKY,Dual--800,Dualsky,,,,800,,,,138,,,,,,,,,,,,,,,540,,,,
DUALSKY,Dual--800,Dualsky,,,,800,,,,137,,,,,,,,,,,,,,,450,,,,
DUALSKY,Dual--800,Dualsky,,,,800,,,,137,,,,,,,,,,,,,,,450,,,,
DUALSKY,Dual--800,Dualsky,,,,800,,,,55,,,,,,,,,,,,,,,232,,,,
DUALSKY,Dual--810,Dualsky,,,,810,,,,83,,,,,,,,,,,,,,,295,,,,
DUALSKY,Dual--810,Dualsky,,,,810,,,,161,,,,,,,,,,,,,,,640,,,,
DUALSKY,Dual--820,Dualsky,,,,820,,,,210,,,,,,,,,,,,,,,1040,,,,
DUALSKY,Dual--820,Dualsky,,,,820,,,,120,,,,,,,,,,,,,,,795,,,,
DUALSKY,Dual--820,Dualsky,,,,820,,,,200,,,,,,,,,,,,,,,960,,,,
DUALSKY,Dual--830,Dualsky,,,,830,,,,55,,,,,,,,,,,,,,,200,,,,
DUALSKY,Dual--830,Dualsky,,,,830,,,,55,,,,,,,,,,,,,,,200,,,,
DUALSKY,Dual--830,Dualsky,,,,830,,,,70,,,,,,,,,,,,,,,284,,,,
DUALSKY,Dual--840,Dualsky,,,,840,,,,200,,,,,,,,,,,,,,,900,,,,
DUALSKY,Dual--840,Dualsky,,,,840,,,,53,,,,,,,,,,,,,,,187,,,,
DUALSKY,Dual--840,Dualsky,,,,840,,,,200,,,,,,,,,,,,,,,900,,,,
DUALSKY,Dual--840,Dualsky,,,,840,,,,283,,,,,,,,,,,,,,,1100,,,,
DUALSKY,Dual--850,Dualsky,,,,850,,,,167,,,,,,,,,,,,,,,720,,,,
DUALSKY,Dual--850,Dualsky,,,,850,,,,165,,,,,,,,,,,,,,,650,,,,
DUALSKY,Dual--850,Dualsky,,,,850,,,,160,,,,,,,,,,,,,,,800,,,,
DUALSKY,Dual--850,Dualsky,,,,850,,,,165,,,,,,,,,,,,,,,650,,,,
DUALSKY,Dual--850,Dualsky,,,,850,,,,127,,,,,,,,,,,,,,,450,,,,
DUALSKY,Dual--860,Dualsky,,,,860,,,,105,,,,,,,,,,,,,,,480,,,,
DUALSKY,Dual--860,Dualsky,,,,860,,,,91,,,,,,,,,,,,,,,415,,,,
DUALSKY,Dual--860,Dualsky,,,,860,,,,98,,,,,,,,,,,,,,,336,,,,
DUALSKY,Dual--860,Dualsky,,,,860,,,,104,,,,,,,,,,,,,,,480,,,,
DUALSKY,Dual--870,Dualsky,,,,870,,,,70,,,,,,,,,,,,,,,260,,,,
DUALSKY,Dual--870,Dualsky,,,,870,,,,70,,,,,,,,,,,,,,,260,,,,
DUALSKY,Dual--870,Dualsky,,,,870,,,,126,,,,,,,,,,,,,,,600,,,,
DUALSKY,Dual--875,Dualsky,,,,875,,,,105,,,,,,,,,,,,,,,320,,,,
DUALSKY,Dual--880,Dualsky,,,,880,,,,62,,,,,,,,,,,,,,,195,,,,
DUALSKY,Dual--880,Dualsky,,,,880,,,,58,,,,,,,,,,,,,,,304,,,,
DUALSKY,Dual--880,Dualsky,,,,880,,,,72,,,,,,,,,,,,,,,368,,,,
DUALSKY,Dual--880,Dualsky,,,,880,,,,130,,,,,,,,,,,,,,,610,,,,
DUALSKY,Dual--880,Dualsky,,,,880,,,,78,,,,,,,,,,,,,,,353,,,,
DUALSKY,Dual--880,Dualsky,,,,880,,,,210,,,,,,,,,,,,,,,1001,,,,
DUALSKY,Dual--890,Dualsky,,,,890,,,,103,,,,,,,,,,,,,,,350,,,,
DUALSKY,Dual--890,Dualsky,,,,890,,,,103,,,,,,,,,,,,,,,350,,,,
DUALSKY,Dual--915,Dualsky,,,,915,,,,69,,,,,,,,,,,,,,,203,,,,
DUALSKY,Dual--915,Dualsky,,,,915,,,,173,,,,,,,,,,,,,,,604,,,,
DUALSKY,Dual--920,Dualsky,,,,920,,,,74,,,,,,,,,,,,,,,250,,,,
DUALSKY,Dual--920,Dualsky,,,,920,,,,175,,,,,,,,,,,,,,,770,,,,
DUALSKY,Dual--920,Dualsky,,,,920,,,,195,,,,,,,,,,,,,,,880,,,,
DUALSKY,Dual--930,Dualsky,,,,930,,,,72,,,,,,,,,,,,,,,210,,,,
DUALSKY,Dual--930,Dualsky,,,,930,,,,80,,,,,,,,,,,,,,,333,,,,
DUALSKY,Dual--935,Dualsky,,,,935,,,,83,,,,,,,,,,,,,,,256,,,,
DUALSKY,Dual--940,Dualsky,,,,940,,,,138,,,,,,,,,,,,,,,480,,,,
DUALSKY,Dual--940,Dualsky,,,,940,,,,137,,,,,,,,,,,,,,,450,,,,
DUALSKY,Dual--940,Dualsky,,,,940,,,,137,,,,,,,,,,,,,,,450,,,,
DUALSKY,Dual--950,Dualsky,,,,950,,,,140,,,,,,,,,,,,,,,502,,,,
DUALSKY,Dual--960,Dualsky,,,,960,,,,58,,,,,,,,,,,,,,,258,,,,
DUALSKY,Dual--960,Dualsky,,,,960,,,,70,,,,,,,,,,,,,,,250,,,,
DUALSKY,Dual--970,Dualsky,,,,970,,,,105,,,,,,,,,,,,,,,400,,,,
DUALSKY,Dual--970,Dualsky,,,,970,,,,161,,,,,,,,,,,,,,,720,,,,
DUALSKY,Dual--980,Dualsky,,,,980,,,,44,,,,,,,,,,,,,,,150,,,,
DUALSKY,Dual--980,Dualsky,,,,980,,,,55,,,,,,,,,,,,,,,200,,,,
DUALSKY,Dual--980,Dualsky,,,,980,,,,50,,,,,,,,,,,,,,,125,,,,
DUALSKY,Dual--980,Dualsky,,,,980,,,,70,,,,,,,,,,,,,,,260,,,,
DUALSKY,Dual--980,Dualsky,,,,980,,,,47,,,,,,,,,,,,,,,204,,,,
DUALSKY,Dual--980,Dualsky,,,,980,,,,72,,,,,,,,,,,,,,,300,,,,
DUALSKY,Dual--980,Dualsky,,,,980,,,,44,,,,,,,,,,,,,,,150,,,,
DUALSKY,Dual--980,Dualsky,,,,980,,,,55,,,,,,,,,,,,,,,200,,,,
DUALSKY,Dual--980,Dualsky,,,,980,,,,57,,,,,,,,,,,,,,,175,,,,
DUALSKY,Dual--980,Dualsky,,,,980,,,,70,,,,,,,,,,,,,,,260,,,,
DUALSKY,Dual--980,Dualsky,,,,980,,,,69,,,,,,,,,,,,,,,300,,,,
DUALSKY,Dual--990,Dualsky,,,,990,,,,103,,,,,,,,,,,,,,,350,,,,
DUALSKY,Dual--990,Dualsky,,,,990,,,,103,,,,,,,,,,,,,,,350,,,,
DUALSKY,Dual--990,Dualsky,,,,990,,,,105,,,,,,,,,,,,,,,377,,,,
DUALSKY,Dual--1000,Dualsky,,,,1000,,,,75,,,,,,,,,,,,,,,300,,,,
DUALSKY,Dual--1000,Dualsky,,,,1000,,,,104,,,,,,,,,,,,,,,560,,,,
DUALSKY,Dual--1000,Dualsky,,,,1000,,,,120,,,,,,,,,,,,,,,775,,,,
DUALSKY,Dual--1000,Dualsky,,,,1000,,,,74,,,,,,,,,,,,,,,250,,,,
DUALSKY,Dual--1000,Dualsky,,,,1000,,,,55,,,,,,,,,,,,,,,208,,,,
DUALSKY,Dual--1010,Dualsky,,,,1010,,,,70,,,,,,,,,,,,,,,229,,,,
DUALSKY,Dual--1020,Dualsky,,,,1020,,,,210,,,,,,,,,,,,,,,960,,,,
DUALSKY,Dual--1020,Dualsky,,,,1020,,,,200,,,,,,,,,,,,,,,900,,,,
DUALSKY,Dual--1020,Dualsky,,,,1020,,,,74,,,,,,,,,,,,,,,239,,,,
DUALSKY,Dual--1020,Dualsky,,,,1020,,,,127,,,,,,,,,,,,,,,450,,,,
DUALSKY,Dual--1020,Dualsky,,,,1020,,,,200,,,,,,,,,,,,,,,900,,,,
DUALSKY,Dual--1025,Dualsky,,,,1025,,,,43.7,,,,,,,,,,,,,,,138,,,,
DUALSKY,Dual--1040,Dualsky,,,,1040,,,,172,,,,,,,,,,,,,,,660,,,,
DUALSKY,Dual--1045,Dualsky,,,,1045,,,,56,,,,,,,,,,,,,,,250,,,,
DUALSKY,Dual--1050,Dualsky,,,,1050,,,,65,,,,,,,,,,,,,,,175,,,,
DUALSKY,Dual--1060,Dualsky,,,,1060,,,,89,,,,,,,,,,,,,,,460,,,,
DUALSKY,Dual--1080,Dualsky,,,,1080,,,,165,,,,,,,,,,,,,,,650,,,,
DUALSKY,Dual--1080,Dualsky,,,,1080,,,,165,,,,,,,,,,,,,,,650,,,,
DUALSKY,Dual--1090,Dualsky,,,,1090,,,,83,,,,,,,,,,,,,,,283,,,,
DUALSKY,Dual--1095,Dualsky,,,,1095,,,,57,,,,,,,,,,,,,,,179,,,,
DUALSKY,Dual--1100,Dualsky,,,,1100,,,,99,,,,,,,,,,,,,,,312,,,,
DUALSKY,Dual--1100,Dualsky,,,,1100,,,,98,,,,,,,,,,,,,,,312,,,,
DUALSKY,Dual--1100,Dualsky,,,,1100,,,,211,,,,,,,,,,,,,,,907,,,,
DUALSKY,Dual--1120,Dualsky,,,,1120,,,,105,,,,,,,,,,,,,,,432,,,,
DUALSKY,Dual--1120,Dualsky,,,,1120,,,,138,,,,,,,,,,,,,,,540,,,,
DUALSKY,Dual--1120,Dualsky,,,,1120,,,,137,,,,,,,,,,,,,,,450,,,,
DUALSKY,Dual--1120,Dualsky,,,,1120,,,,167,,,,,,,,,,,,,,,660,,,,
DUALSKY,Dual--1120,Dualsky,,,,1120,,,,137,,,,,,,,,,,,,,,450,,,,
DUALSKY,Dual--1150,Dualsky,,,,1150,,,,58,,,,,,,,,,,,,,,276,,,,
DUALSKY,Dual--1150,Dualsky,,,,1150,,,,28,,,,,,,,,,,,,,,74,,,,
DUALSKY,Dual--1160,Dualsky,,,,1160,,,,77,,,,,,,,,,,,,,,310,,,,
DUALSKY,Dual--1160,Dualsky,,,,1160,,,,70,,,,,,,,,,,,,,,250,,,,
DUALSKY,Dual--1160,Dualsky,,,,1160,,,,106,,,,,,,,,,,,,,,415,,,,
DUALSKY,Dual--1170,Dualsky,,,,1170,,,,43,,,,,,,,,,,,,,,145,,,,
DUALSKY,Dual--1180,Dualsky,,,,1180,,,,55,,,,,,,,,,,,,,,200,,,,
DUALSKY,Dual--1180,Dualsky,,,,1180,,,,47,,,,,,,,,,,,,,,240,,,,
DUALSKY,Dual--1180,Dualsky,,,,1180,,,,55,,,,,,,,,,,,,,,200,,,,
DUALSKY,Dual--1180,Dualsky,,,,1180,,,,140,,,,,,,,,,,,,,,581,,,,
DUALSKY,Dual--1180,Dualsky,,,,1180,,,,50,,,,,,,,,,,,,,,130,,,,
DUALSKY,Dual--1200,Dualsky,,,,1200,,,,44,,,,,,,,,,,,,,,150,,,,
DUALSKY,Dual--1200,Dualsky,,,,1200,,,,75,,,,,,,,,,,,,,,336,,,,
DUALSKY,Dual--1200,Dualsky,,,,1200,,,,103,,,,,,,,,,,,,,,350,,,,
DUALSKY,Dual--1200,Dualsky,,,,1200,,,,44,,,,,,,,,,,,,,,150,,,,
DUALSKY,Dual--1200,Dualsky,,,,1200,,,,74,,,,,,,,,,,,,,,250,,,,
DUALSKY,Dual--1200,Dualsky,,,,1200,,,,103,,,,,,,,,,,,,,,350,,,,
DUALSKY,Dual--1210,Dualsky,,,,1210,,,,57,,,,,,,,,,,,,,,200,,,,
DUALSKY,Dual--1220,Dualsky,,,,1220,,,,74,,,,,,,,,,,,,,,260,,,,
DUALSKY,Dual--1250,Dualsky,,,,1250,,,,50,,,,,,,,,,,,,,,145,,,,
DUALSKY,Dual--1250,Dualsky,,,,1250,,,,70,,,,,,,,,,,,,,,260,,,,
DUALSKY,Dual--1250,Dualsky,,,,1250,,,,72,,,,,,,,,,,,,,,360,,,,
DUALSKY,Dual--1250,Dualsky,,,,1250,,,,70,,,,,,,,,,,,,,,260,,,,
DUALSKY,Dual--1250,Dualsky,,,,1250,,,,91,,,,,,,,,,,,,,,395,,,,
DUALSKY,Dual--1250,Dualsky,,,,1250,,,,120,,,,,,,,,,,,,,,725,,,,
DUALSKY,Dual--1300,Dualsky,,,,1300,,,,62,,,,,,,,,,,,,,,205,,,,
DUALSKY,Dual--1300,Dualsky,,,,1300,,,,82,,,,,,,,,,,,,,,301,,,,
DUALSKY,Dual--1330,Dualsky,,,,1330,,,,105,,,,,,,,,,,,,,,480,,,,
DUALSKY,Dual--1330,Dualsky,,,,1330,,,,103,,,,,,,,,,,,,,,350,,,,
DUALSKY,Dual--1330,Dualsky,,,,1330,,,,103,,,,,,,,,,,,,,,350,,,,
DUALSKY,Dual--1350,Dualsky,,,,1350,,,,57,,,,,,,,,,,,,,,220,,,,
DUALSKY,Dual--1350,Dualsky,,,,1350,,,,88,,,,,,,,,,,,,,,360,,,,
DUALSKY,Dual--1350,Dualsky,,,,1350,,,,98,,,,,,,,,,,,,,,360,,,,
DUALSKY,Dual--1350,Dualsky,,,,1350,,,,104,,,,,,,,,,,,,,,480,,,,
DUALSKY,Dual--1355,Dualsky,,,,1355,,,,73,,,,,,,,,,,,,,,270,,,,
DUALSKY,Dual--1360,Dualsky,,,,1360,,,,71,,,,,,,,,,,,,,,285,,,,
DUALSKY,Dual--1370,Dualsky,,,,1370,,,,43.1,,,,,,,,,,,,,,,167,,,,
DUALSKY,Dual--1370,Dualsky,,,,1370,,,,77,,,,,,,,,,,,,,,350,,,,
DUALSKY,Dual--1370,Dualsky,,,,1370,,,,89,,,,,,,,,,,,,,,370,,,,
DUALSKY,Dual--1380,Dualsky,,,,1380,,,,106,,,,,,,,,,,,,,,341,,,,
DUALSKY,Dual--1400,Dualsky,,,,1400,,,,55,,,,,,,,,,,,,,,480,,,,
DUALSKY,Dual--1430,Dualsky,,,,1430,,,,75,,,,,,,,,,,,,,,260,,,,
DUALSKY,Dual--1430,Dualsky,,,,1430,,,,74,,,,,,,,,,,,,,,250,,,,
DUALSKY,Dual--1440,Dualsky,,,,1440,,,,28,,,,,,,,,,,,,,,88,,,,
DUALSKY,Dual--1450,Dualsky,,,,1450,,,,22,,,,,,,,,,,,,,,95,,,,
DUALSKY,Dual--1450,Dualsky,,,,1450,,,,44,,,,,,,,,,,,,,,210,,,,
DUALSKY,Dual--1450,Dualsky,,,,1450,,,,23,,,,,,,,,,,,,,,120,,,,
DUALSKY,Dual--1450,Dualsky,,,,1450,,,,22,,,,,,,,,,,,,,,95,,,,
DUALSKY,Dual--1450,Dualsky,,,,1450,,,,30,,,,,,,,,,,,,,,100,,,,
DUALSKY,Dual--1450,Dualsky,,,,1450,,,,44,,,,,,,,,,,,,,,210,,,,
DUALSKY,Dual--1460,Dualsky,,,,1460,,,,70,,,,,,,,,,,,,,,260,,,,
DUALSKY,Dual--1460,Dualsky,,,,1460,,,,70,,,,,,,,,,,,,,,260,,,,
DUALSKY,Dual--1470,Dualsky,,,,1470,,,,19,,,,,,,,,,,,,,,80,,,,
DUALSKY,Dual--1470,Dualsky,,,,1470,,,,19,,,,,,,,,,,,,,,96,,,,
DUALSKY,Dual--1470,Dualsky,,,,1470,,,,19,,,,,,,,,,,,,,,80,,,,
DUALSKY,Dual--1470,Dualsky,,,,1470,,,,2023-07-25 00:00:00,,,,,,,,,,,,,,,70,,,,
DUALSKY,Dual--1480,Dualsky,,,,1480,,,,55,,,,,,,,,,,,,,,200,,,,
DUALSKY,Dual--1480,Dualsky,,,,1480,,,,55,,,,,,,,,,,,,,,200,,,,
DUALSKY,Dual--1500,Dualsky,,,,1500,,,,30,,,,,,,,,,,,,,,170,,,,
DUALSKY,Dual--1500,Dualsky,,,,1500,,,,47,,,,,,,,,,,,,,,184,,,,
DUALSKY,Dual--1500,Dualsky,,,,1500,,,,58,,,,,,,,,,,,,,,208,,,,
DUALSKY,Dual--1500,Dualsky,,,,1500,,,,72,,,,,,,,,,,,,,,264,,,,
DUALSKY,Dual--1500,Dualsky,,,,1500,,,,16,,,,,,,,,,,,,,,22,,,,
DUALSKY,Dual--1500,Dualsky,,,,1500,,,,10,,,,,,,,,,,,,,,22,,,,
DUALSKY,Dual--1500,Dualsky,,,,1500,,,,2023-02-10 00:00:00,,,,,,,,,,,,,,,24,,,,
DUALSKY,Dual--1540,Dualsky,,,,1540,,,,58,,,,,,,,,,,,,,,171,,,,
DUALSKY,Dual--1550,Dualsky,,,,1550,,,,42,,,,,,,,,,,,,,,278,,,,
DUALSKY,Dual--1550,Dualsky,,,,1550,,,,29,,,,,,,,,,,,,,,236,,,,
DUALSKY,Dual--1550,Dualsky,,,,1550,,,,48,,,,,,,,,,,,,,,294,,,,
DUALSKY,Dual--1580,Dualsky,,,,1580,,,,39,,,,,,,,,,,,,,,384,,,,
DUALSKY,Dual--1580,Dualsky,,,,1580,,,,41,,,,,,,,,,,,,,,385,,,,
DUALSKY,Dual--1600,Dualsky,,,,1600,,,,14,,,,,,,,,,,,,,,38,,,,
DUALSKY,Dual--1600,Dualsky,,,,1600,,,,14,,,,,,,,,,,,,,,38,,,,
DUALSKY,Dual--1600,Dualsky,,,,1600,,,,32,,,,,,,,,,,,,,,200,,,,
DUALSKY,Dual--1600,Dualsky,,,,1600,,,,25,,,,,,,,,,,,,,,196,,,,
DUALSKY,Dual--1600,Dualsky,,,,1600,,,,37,,,,,,,,,,,,,,,222,,,,
DUALSKY,Dual--1620,Dualsky,,,,1620,,,,2023-05-16 00:00:00,,,,,,,,,,,,,,,63,,,,
DUALSKY,Dual--1620,Dualsky,,,,1620,,,,20,,,,,,,,,,,,,,,63,,,,
DUALSKY,Dual--1630,Dualsky,,,,1630,,,,43.9,,,,,,,,,,,,,,,137,,,,
DUALSKY,Dual--1640,Dualsky,,,,1640,,,,32,,,,,,,,,,,,,,,306,,,,
DUALSKY,Dual--1650,Dualsky,,,,1650,,,,2023-05-11 00:00:00,,,,,,,,,,,,,,,27,,,,
DUALSKY,Dual--1650,Dualsky,,,,1650,,,,2023-05-11 00:00:00,,,,,,,,,,,,,,,27,,,,
DUALSKY,Dual--1650,Dualsky,,,,1650,,,,16,,,,,,,,,,,,,,,37,,,,
DUALSKY,Dual--1650,Dualsky,,,,1650,,,,2023-05-12 00:00:00,,,,,,,,,,,,,,,37,,,,
DUALSKY,Dual--1670,Dualsky,,,,1670,,,,35,,,,,,,,,,,,,,,100,,,,
DUALSKY,Dual--1700,Dualsky,,,,1700,,,,16,,,,,,,,,,,,,,,25,,,,
DUALSKY,Dual--1700,Dualsky,,,,1700,,,,10,,,,,,,,,,,,,,,25,,,,
DUALSKY,Dual--1700,Dualsky,,,,1700,,,,2023-02-10 00:00:00,,,,,,,,,,,,,,,27,,,,
DUALSKY,Dual--1700,Dualsky,,,,1700,,,,23,,,,,,,,,,,,,,,122,,,,
DUALSKY,Dual--1700,Dualsky,,,,1700,,,,21,,,,,,,,,,,,,,,63,,,,
DUALSKY,Dual--1700,Dualsky,,,,1700,,,,28,,,,,,,,,,,,,,,144,,,,
DUALSKY,Dual--1720,Dualsky,,,,1720,,,,28,,,,,,,,,,,,,,,103,,,,
DUALSKY,Dual--1770,Dualsky,,,,1770,,,,44,,,,,,,,,,,,,,,210,,,,
DUALSKY,Dual--1770,Dualsky,,,,1770,,,,44,,,,,,,,,,,,,,,210,,,,
DUALSKY,Dual--1780,Dualsky,,,,1780,,,,19,,,,,,,,,,,,,,,80,,,,
DUALSKY,Dual--1780,Dualsky,,,,1780,,,,19,,,,,,,,,,,,,,,80,,,,
DUALSKY,Dual--1780,Dualsky,,,,1780,,,,2023-07-25 00:00:00,,,,,,,,,,,,,,,70,,,,
DUALSKY,Dual--1800,Dualsky,,,,1800,,,,22,,,,,,,,,,,,,,,95,,,,
DUALSKY,Dual--1800,Dualsky,,,,1800,,,,21,,,,,,,,,,,,,,,105,,,,
DUALSKY,Dual--1800,Dualsky,,,,1800,,,,19,,,,,,,,,,,,,,,80,,,,
DUALSKY,Dual--1800,Dualsky,,,,1800,,,,47,,,,,,,,,,,,,,,200,,,,
DUALSKY,Dual--1800,Dualsky,,,,1800,,,,22,,,,,,,,,,,,,,,95,,,,
DUALSKY,Dual--1800,Dualsky,,,,1800,,,,30,,,,,,,,,,,,,,,100,,,,
DUALSKY,Dual--1800,Dualsky,,,,1800,,,,90,,,,,,,,,,,,,,,296,,,,
DUALSKY,Dual--1830,Dualsky,,,,1830,,,,29,,,,,,,,,,,,,,,192,,,,
DUALSKY,Dual--1850,Dualsky,,,,1850,,,,27,,,,,,,,,,,,,,,110,,,,
DUALSKY,Dual--1850,Dualsky,,,,1850,,,,23,,,,,,,,,,,,,,,96,,,,
DUALSKY,Dual--1850,Dualsky,,,,1850,,,,104,,,,,,,,,,,,,,,440,,,,
DUALSKY,Dual--1900,Dualsky,,,,1900,,,,30,,,,,,,,,,,,,,,144,,,,
DUALSKY,Dual--1900,Dualsky,,,,1900,,,,25,,,,,,,,,,,,,,,152,,,,
DUALSKY,Dual--1900,Dualsky,,,,1900,,,,78,,,,,,,,,,,,,,,420,,,,
DUALSKY,Dual--1900,Dualsky,,,,1900,,,,89,,,,,,,,,,,,,,,320,,,,
DUALSKY,Dual--1950,Dualsky,,,,1950,,,,55,,,,,,,,,,,,,,,590,,,,
DUALSKY,Dual--2000,Dualsky,,,,2000,,,,19,,,,,,,,,,,,,,,92,,,,
DUALSKY,Dual--2000,Dualsky,,,,2000,,,,55,,,,,,,,,,,,,,,215,,,,
DUALSKY,Dual--2130,Dualsky,,,,2130,,,,39,,,,,,,,,,,,,,,480,,,,
DUALSKY,Dual--2130,Dualsky,,,,2130,,,,41,,,,,,,,,,,,,,,480,,,,
DUALSKY,Dual--2160,Dualsky,,,,2160,,,,2023-05-10 00:00:00,,,,,,,,,,,,,,,42,,,,
DUALSKY,Dual--2160,Dualsky,,,,2160,,,,15,,,,,,,,,,,,,,,42,,,,
DUALSKY,Dual--2200,Dualsky,,,,2200,,,,21,,,,,,,,,,,,,,,81,,,,
DUALSKY,Dual--2200,Dualsky,,,,2200,,,,42,,,,,,,,,,,,,,,252,,,,
DUALSKY,Dual--2200,Dualsky,,,,2200,,,,48,,,,,,,,,,,,,,,266,,,,
DUALSKY,Dual--2200,Dualsky,,,,2200,,,,43,,,,,,,,,,,,,,,180,,,,
DUALSKY,Dual--2200,Dualsky,,,,2200,,,,43,,,,,,,,,,,,,,,180,,,,
DUALSKY,Dual--2200,Dualsky,,,,2200,,,,55,,,,,,,,,,,,,,,204,,,,
DUALSKY,Dual--2250,Dualsky,,,,2250,,,,50,,,,,,,,,,,,,,,230,,,,
DUALSKY,Dual--2300,Dualsky,,,,2300,,,,21,,,,,,,,,,,,,,,95,,,,
DUALSKY,Dual--2300,Dualsky,,,,2300,,,,27,,,,,,,,,,,,,,,130,,,,
DUALSKY,Dual--2300,Dualsky,,,,2300,,,,23,,,,,,,,,,,,,,,120,,,,
DUALSKY,Dual--2300,Dualsky,,,,2300,,,,30,,,,,,,,,,,,,,,180,,,,
DUALSKY,Dual--2300,Dualsky,,,,2300,,,,23,,,,,,,,,,,,,,,104,,,,
DUALSKY,Dual--2300,Dualsky,,,,2300,,,,32,,,,,,,,,,,,,,,178,,,,
DUALSKY,Dual--2300,Dualsky,,,,2300,,,,25,,,,,,,,,,,,,,,184,,,,
DUALSKY,Dual--2300,Dualsky,,,,2300,,,,28,,,,,,,,,,,,,,,118,,,,
DUALSKY,Dual--2300,Dualsky,,,,2300,,,,37,,,,,,,,,,,,,,,200,,,,
DUALSKY,Dual--2300,Dualsky,,,,2300,,,,90,,,,,,,,,,,,,,,400,,,,
DUALSKY,Dual--2300,Dualsky,,,,2300,,,,89,,,,,,,,,,,,,,,400,,,,
DUALSKY,Dual--2320,Dualsky,,,,2320,,,,32,,,,,,,,,,,,,,,410,,,,
DUALSKY,Dual--2330,Dualsky,,,,2330,,,,7,,,,,,,,,,,,,,,24,,,,
DUALSKY,Dual--2330,Dualsky,,,,2330,,,,11,,,,,,,,,,,,,,,24,,,,
DUALSKY,Dual--2370,Dualsky,,,,2370,,,,29,,,,,,,,,,,,,,,240,,,,
DUALSKY,Dual--2430,Dualsky,,,,2430,,,,55,,,,,,,,,,,,,,,240,,,,
DUALSKY,Dual--2450,Dualsky,,,,2450,,,,55,,,,,,,,,,,,,,,650,,,,
DUALSKY,Dual--2700,Dualsky,,,,2700,,,,32,,,,,,,,,,,,,,,200,,,,
DUALSKY,Dual--2700,Dualsky,,,,2700,,,,42,,,,,,,,,,,,,,,296,,,,
DUALSKY,Dual--2700,Dualsky,,,,2700,,,,37,,,,,,,,,,,,,,,220,,,,
DUALSKY,Dual--2700,Dualsky,,,,2700,,,,48,,,,,,,,,,,,,,,311,,,,
DUALSKY,Dual--2700,Dualsky,,,,2700,,,,41,,,,,,,,,,,,,,,360,,,,
DUALSKY,Dual--2770,Dualsky,,,,2770,,,,43,,,,,,,,,,,,,,,210,,,,
DUALSKY,Dual--2770,Dualsky,,,,2770,,,,43,,,,,,,,,,,,,,,200,,,,
DUALSKY,Dual--2800,Dualsky,,,,2800,,,,32,,,,,,,,,,,,,,,312,,,,
DUALSKY,Dual--2850,Dualsky,,,,2850,,,,21,,,,,,,,,,,,,,,97,,,,
DUALSKY,Dual--2900,Dualsky,,,,2900,,,,23,,,,,,,,,,,,,,,126,,,,
DUALSKY,Dual--2900,Dualsky,,,,2900,,,,28,,,,,,,,,,,,,,,141,,,,
DUALSKY,Dual--3000,Dualsky,,,,3000,,,,39,,,,,,,,,,,,,,,400,,,,
DUALSKY,Dual--3150,Dualsky,,,,3150,,,,69,,,,,,,,,,,,,,,300,,,,
DUALSKY,Dual--3300,Dualsky,,,,3300,,,,56,,,,,,,,,,,,,,,250,,,,
DUALSKY,Dual--3550,Dualsky,,,,3550,,,,67,,,,,,,,,,,,,,,300,,,,
DUALSKY,Dual--3600,Dualsky,,,,3600,,,,56,,,,,,,,,,,,,,,250,,,,
DYMOND,Dymo--200,Dymond,,,,200,,,,790,,,,,,,,,,,,,,,1200,,,,
DYMOND,Dymo--200,Dymond,,,,200,,,,820,,,,,,,,,,,,,,,1275,,,,
DYMOND,Dymo--270,Dymond,,,,270,,,,645,,,,,,,,,,,,,,,1050,,,,
DYMOND,Dymo--275,Dymond,,,,275,,,,670,,,,,,,,,,,,,,,1125,,,,
DYMOND,Dymo--305,Dymond,,,,305,,,,392,,,,,,,,,,,,,,,870,,,,
DYMOND,Dymo--307,Dymond,,,,307,,,,420,,,,,,,,,,,,,,,900,,,,
DYMOND,Dymo--320,Dymond,,,,320,,,,420,,,,,,,,,,,,,,,825,,,,
DYMOND,Dymo--400,Dymond,,,,400,,,,310,,,,,,,,,,,,,,,825,,,,
DYMOND,Dymo--410,Dymond,,,,410,,,,285,,,,,,,,,,,,,,,855,,,,
DYMOND,Dymo--477,Dymond,,,,477,,,,298,,,,,,,,,,,,,,,750,,,,
DYMOND,Dymo--576,Dymond,,,,576,,,,279,,,,,,,,,,,,,,,750,,,,
DYMOND,Dymo--600,Dymond,,,,600,,,,280,,,,,,,,,,,,,,,825,,,,
DYMOND,Dymo--600,Dymond,,,,600,,,,283,,,,,,,,,,,,,,,825,,,,
DYMOND,Dymo--612,Dymond,,,,612,,,,293,,,,,,,,,,,,,,,750,,,,
DYMOND,Dymo--650,Dymond,,,,650,,,,171,,,,,,,,,,,,,,,630,,,,
DYMOND,Dymo--680,Dymond,,,,680,,,,170,,,,,,,,,,,,,,,600,,,,
DYMOND,Dymo--700,Dymond,,,,700,,,,177,,,,,,,,,,,,,,,675,,,,
DYMOND,Dymo--800,Dymond,,,,800,,,,143,,,,,,,,,,,,,,,600,,,,
DYMOND,Dymo--821,Dymond,,,,821,,,,201,,,,,,,,,,,,,,,675,,,,
DYMOND,Dymo--848,Dymond,,,,848,,,,203,,,,,,,,,,,,,,,675,,,,
DYMOND,Dymo--879,Dymond,,,,879,,,,188,,,,,,,,,,,,,,,600,,,,
DYMOND,Dymo--900,Dymond,,,,900,,,,170,,,,,,,,,,,,,,,600,,,,
DYMOND,Dymo--900,Dymond,,,,900,,,,177,,,,,,,,,,,,,,,750,,,,
DYMOND,Dymo--910,Dymond,,,,910,,,,171,,,,,,,,,,,,,,,675,,,,
DYMOND,Dymo--932,Dymond,,,,932,,,,172,,,,,,,,,,,,,,,600,,,,
DYMOND,Dymo--942,Dymond,,,,942,,,,98,,,,,,,,,,,,,,,285,,,,
DYMOND,Dymo--1000,Dymond,,,,1000,,,,143,,,,,,,,,,,,,,,600,,,,
DYMOND,Dymo--1020,Dymond,,,,1020,,,,55,,,,,,,,,,,,,,,255,,,,
DYMOND,Dymo--1030,Dymond,,,,1030,,,,84,,,,,,,,,,,,,,,405,,,,
DYMOND,Dymo--1060,Dymond,,,,1060,,,,104,,,,,,,,,,,,,,,450,,,,
DYMOND,Dymo--1095,Dymond,,,,1095,,,,202,,,,,,,,,,,,,,,735,,,,
DYMOND,Dymo--1100,Dymond,,,,1100,,,,80,,,,,,,,,,,,,,,405,,,,
DYMOND,Dymo--1100,Dymond,,,,1100,,,,88,,,,,,,,,,,,,,,405,,,,
DYMOND,Dymo--1120,Dymond,,,,1120,,,,67,,,,,,,,,,,,,,,300,,,,
DYMOND,Dymo--1130,Dymond,,,,1130,,,,80.5,,,,,,,,,,,,,,,405,,,,
DYMOND,Dymo--1130,Dymond,,,,1130,,,,42,,,,,,,,,,,,,,,180,,,,
DYMOND,Dymo--1200,Dymond,,,,1200,,,,35,,,,,,,,,,,,,,,180,,,,
DYMOND,Dymo--1200,Dymond,,,,1200,,,,109,,,,,,,,,,,,,,,555,,,,
DYMOND,Dymo--1205,Dymond,,,,1205,,,,141,,,,,,,,,,,,,,,570,,,,
DYMOND,Dymo--1212,Dymond,,,,1212,,,,78,,,,,,,,,,,,,,,300,,,,
DYMOND,Dymo--1250,Dymond,,,,1250,,,,110,,,,,,,,,,,,,,,525,,,,
DYMOND,Dymo--1300,Dymond,,,,1300,,,,60,,,,,,,,,,,,,,,240,,,,
DYMOND,Dymo--1300,Dymond,,,,1300,,,,125,,,,,,,,,,,,,,,360,,,,
DYMOND,Dymo--1339,Dymond,,,,1339,,,,94,,,,,,,,,,,,,,,330,,,,
DYMOND,Dymo--1350,Dymond,,,,1350,,,,60,,,,,,,,,,,,,,,270,,,,
DYMOND,Dymo--1370,Dymond,,,,1370,,,,104,,,,,,,,,,,,,,,570,,,,
DYMOND,Dymo--1530,Dymond,,,,1530,,,,15,,,,,,,,,,,,,,,120,,,,
DYMOND,Dymo--1720,Dymond,,,,1720,,,,2023-05-17 00:00:00,,,,,,,,,,,,,,,150,,,,
DYMOND,Dymo--1730,Dymond,,,,1730,,,,2023-05-22 00:00:00,,,,,,,,,,,,,,,180,,,,
DYMOND,Dymo--2200,Dymond,,,,2200,,,,89,,,,,,,,,,,,,,,300,,,,
DYMOND,Dymo--3600,Dymond,,,,3600,,,,260,,,,,,,,,,,,,,,750,,,,
DYS,DYS--135,DYS,,,,135,,,,240,,,,,,,,,,,,,,,215,,,,
DYS,DYS--330,DYS,,,,330,,,,200,,,,,,,,,,,,,,,460,,,,
DYS,DYS--330,DYS,,,,330,,,,200,,,,,,,,,,,,,,,630,,,,
DYS,DYS--350,DYS,,,,350,,,,150,,,,,,,,,,,,,,,220,,,,
DYS,DYS--380,DYS,,,,380,,,,113,,,,,,,,,,,,,,,390,,,,
DYS,DYS--400,DYS,,,,400,,,,150,,,,,,,,,,,,,,,220,,,,
DYS,DYS--460,DYS,,,,460,,,,83,,,,,,,,,,,,,,,450,,,,
DYS,DYS--475,DYS,,,,475,,,,200,,,,,,,,,,,,,,,750,,,,
DYS,DYS--480,DYS,,,,480,,,,113,,,,,,,,,,,,,,,600,,,,
DYS,DYS--580,DYS,,,,580,,,,113,,,,,,,,,,,,,,,830,,,,
DYS,DYS--630,DYS,,,,630,,,,83,,,,,,,,,,,,,,,700,,,,
DYS,DYS--650,DYS,,,,650,,,,83,,,,,,,,,,,,,,,865,,,,
DYS,DYS--700,DYS,,,,700,,,,100,,,,,,,,,,,,,,,500,,,,
DYS,DYS--720,DYS,,,,720,,,,113,,,,,,,,,,,,,,,670,,,,
DYS,DYS--770,DYS,,,,770,,,,159,,,,,,,,,,,,,,,820,,,,
DYS,DYS--800,DYS,,,,800,,,,80,,,,,,,,,,,,,,,180,,,,
DYS,DYS--800,DYS,,,,800,,,,100,,,,,,,,,,,,,,,750,,,,
DYS,DYS--880,DYS,,,,880,,,,66,,,,,,,,,,,,,,,254,,,,
DYS,DYS--910,DYS,,,,910,,,,100,,,,,,,,,,,,,,,760,,,,
DYS,DYS--920,DYS,,,,920,,,,57,,,,,,,,,,,,,,,318,,,,
DYS,DYS--930,DYS,,,,930,,,,80,,,,,,,,,,,,,,,180,,,,
DYS,DYS--940,DYS,,,,940,,,,159,,,,,,,,,,,,,,,550,,,,
DYS,DYS--980,DYS,,,,980,,,,100,,,,,,,,,,,,,,,800,,,,
DYS,DYS--1000,DYS,,,,1000,,,,66,,,,,,,,,,,,,,,216,,,,
DYS,DYS--1060,DYS,,,,1060,,,,159,,,,,,,,,,,,,,,820,,,,
DYS,DYS--1070,DYS,,,,1070,,,,44,,,,,,,,,,,,,,,360,,,,
DYS,DYS--1080,DYS,,,,1080,,,,75,,,,,,,,,,,,,,,530,,,,
DYS,DYS--1280,DYS,,,,1280,,,,100,,,,,,,,,,,,,,,570,,,,
DYS,DYS--1400,DYS,,,,1400,,,,18,,,,,,,,,,,,,,,80,,,,
DYS,DYS--1400,DYS,,,,1400,,,,44,,,,,,,,,,,,,,,390,,,,
DYS,DYS--1400,DYS,,,,1400,,,,75,,,,,,,,,,,,,,,630,,,,
DYS,DYS--1400,DYS,,,,1400,,,,100,,,,,,,,,,,,,,,640,,,,
DYS,DYS--1750,DYS,,,,1750,,,,35,,,,,,,,,,,,,,,300,,,,
DYS,DYS--1750,DYS,,,,1750,,,,34,,,,,,,,,,,,,,,530,,,,
DYS,DYS--1760,DYS,,,,1760,,,,75,,,,,,,,,,,,,,,540,,,,
DYS,DYS--1800,DYS,,,,1800,,,,44,,,,,,,,,,,,,,,290,,,,
DYS,DYS--2000,DYS,,,,2000,,,,30,,,,,,,,,,,,,,,160,,,,
DYS,DYS--2100,DYS,,,,2100,,,,32,,,,,,,,,,,,,,,445,,,,
DYS,DYS--2100,DYS,,,,2100,,,,36,,,,,,,,,,,,,,,405,,,,
DYS,DYS--2150,DYS,,,,2150,,,,30,,,,,,,,,,,,,,,275,,,,
DYS,DYS--2300,DYS,,,,2300,,,,18,,,,,,,,,,,,,,,85,,,,
DYS,DYS--2300,DYS,,,,2300,,,,12,,,,,,,,,,,,,,,63,,,,
DYS,DYS--2300,DYS,,,,2300,,,,22,,,,,,,,,,,,,,,225,,,,
DYS,DYS--2300,DYS,,,,2300,,,,32,,,,,,,,,,,,,,,505,,,,
DYS,DYS--2300,DYS,,,,2300,,,,2023-05-29 00:00:00,,,,,,,,,,,,,,,355,,,,
DYS,DYS--2300,DYS,,,,2300,,,,36,,,,,,,,,,,,,,,445,,,,
DYS,DYS--2300,DYS,,,,2300,,,,23,,,,,,,,,,,,,,,245,,,,
DYS,DYS--2300,DYS,,,,2300,,,,23,,,,,,,,,,,,,,,245,,,,
DYS,DYS--2300,DYS,,,,2300,,,,30,,,,,,,,,,,,,,,411,,,,
DYS,DYS--2300,DYS,,,,2300,,,,30,,,,,,,,,,,,,,,428,,,,
DYS,DYS--2300,DYS,,,,2300,,,,35,,,,,,,,,,,,,,,486,,,,
DYS,DYS--2400,DYS,,,,2400,,,,23,,,,,,,,,,,,,,,70,,,,
DYS,DYS--2400,DYS,,,,2400,,,,2023-05-25 00:00:00,,,,,,,,,,,,,,,280,,,,
DYS,DYS--2400,DYS,,,,2400,,,,32,,,,,,,,,,,,,,,525,,,,
DYS,DYS--2450,DYS,,,,2450,,,,35,,,,,,,,,,,,,,,575,,,,
DYS,DYS--2500,DYS,,,,2500,,,,34,,,,,,,,,,,,,,,705,,,,
DYS,DYS--2500,DYS,,,,2500,,,,34,,,,,,,,,,,,,,,465,,,,
DYS,DYS--2550,DYS,,,,2550,,,,22,,,,,,,,,,,,,,,312,,,,
DYS,DYS--2550,DYS,,,,2550,,,,30,,,,,,,,,,,,,,,428,,,,
DYS,DYS--2550,DYS,,,,2550,,,,30,,,,,,,,,,,,,,,411,,,,
DYS,DYS--2600,DYS,,,,2600,,,,44,,,,,,,,,,,,,,,480,,,,
DYS,DYS--2600,DYS,,,,2600,,,,32,,,,,,,,,,,,,,,555,,,,
DYS,DYS--2700,DYS,,,,2700,,,,22,,,,,,,,,,,,,,,305,,,,
DYS,DYS--2700,DYS,,,,2700,,,,32,,,,,,,,,,,,,,,690,,,,
DYS,DYS--2750,DYS,,,,2750,,,,2023-05-27 00:00:00,,,,,,,,,,,,,,,525,,,,
DYS,DYS--2750,DYS,,,,2750,,,,35,,,,,,,,,,,,,,,700,,,,
DYS,DYS--2800,DYS,,,,2800,,,,34,,,,,,,,,,,,,,,515,,,,
DYS,DYS--2800,DYS,,,,2800,,,,35,,,,,,,,,,,,,,,560,,,,
DYS,DYS--3100,DYS,,,,3100,,,,12,,,,,,,,,,,,,,,78,,,,
DYS,DYS--3600,DYS,,,,3600,,,,14,,,,,,,,,,,,,,,256,,,,
DYS,DYS--4000,DYS,,,,4000,,,,2023-06-05 00:00:00,,,,,,,,,,,,,,,81,,,,
DYS,DYS--4000,DYS,,,,4000,,,,12,,,,,,,,,,,,,,,155,,,,
DYS,DYS--7500,DYS,,,,7500,,,,2023-06-05 00:00:00,,,,,,,,,,,,,,,130,,,,
DYS,DYS--7800,DYS,,,,7800,,,,2023-06-03 00:00:00,,,,,,,,,,,,,,,36,,,,
DYS,DYS--10000,DYS,,,,10000,,,,2023-06-03 00:00:00,,,,,,,,,,,,,,,86,,,,
E-FLITE,E-fl--180,E-flite,,,,180,,,,1240,,,,,,,,,,,,,,,6000,,,,
E-FLITE,E-fl--195,E-flite,,,,195,,,,642,,,,,,,,,,,,,,,1200,,,,
E-FLITE,E-fl--245,E-flite,,,,245,,,,652,,,,,,,,,,,,,,,1170,,,,
E-FLITE,E-fl--295,E-flite,,,,295,,,,490,,,,,,,,,,,,,,,975,,,,
E-FLITE,E-fl--325,E-flite,,,,325,,,,450,,,,,,,,,,,,,,,975,,,,
E-FLITE,E-fl--400,E-flite,,,,400,,,,380,,,,,,,,,,,,,,,900,,,,
E-FLITE,E-fl--470,E-flite,,,,470,,,,380,,,,,,,,,,,,,,,1200,,,,
E-FLITE,E-fl--500,E-flite,,,,500,,,,435,,,,,,,,,,,,,,,1200,,,,
E-FLITE,E-fl--590,E-flite,,,,590,,,,346,,,,,,,,,,,,,,,1125,,,,
E-FLITE,E-fl--670,E-flite,,,,670,,,,290,,,,,,,,,,,,,,,825,,,,
E-FLITE,E-fl--740,E-flite,,,,740,,,,56,,,,,,,,,,,,,,,150,,,,
E-FLITE,E-fl--770,E-flite,,,,770,,,,200,,,,,,,,,,,,,,,900,,,,
E-FLITE,E-fl--870,E-flite,,,,870,,,,200,,,,,,,,,,,,,,,660,,,,
E-FLITE,E-fl--890,E-flite,,,,890,,,,72,,,,,,,,,,,,,,,270,,,,
E-FLITE,E-fl--910,E-flite,,,,910,,,,87,,,,,,,,,,,,,,,375,,,,
E-FLITE,E-fl--920,E-flite,,,,920,,,,56,,,,,,,,,,,,,,,195,,,,
E-FLITE,E-fl--950,E-flite,,,,950,,,,152,,,,,,,,,,,,,,,510,,,,
E-FLITE,E-fl--1000,E-flite,,,,1000,,,,196,,,,,,,,,,,,,,,870,,,,
E-FLITE,E-fl--1000,E-flite,,,,1000,,,,183,,,,,,,,,,,,,,,810,,,,
E-FLITE,E-fl--1020,E-flite,,,,1020,,,,87,,,,,,,,,,,,,,,420,,,,
E-FLITE,E-fl--1080,E-flite,,,,1080,,,,45,,,,,,,,,,,,,,,165,,,,
E-FLITE,E-fl--1100,E-flite,,,,1100,,,,122,,,,,,,,,,,,,,,630,,,,
E-FLITE,E-fl--1200,E-flite,,,,1200,,,,45,,,,,,,,,,,,,,,180,,,,
E-FLITE,E-fl--1250,E-flite,,,,1250,,,,183,,,,,,,,,,,,,,,870,,,,
E-FLITE,E-fl--1320,E-flite,,,,1320,,,,159,,,,,,,,,,,,,,,750,,,,
E-FLITE,E-fl--1360,E-flite,,,,1360,,,,295,,,,,,,,,,,,,,,1650,,,,
E-FLITE,E-fl--1360,E-flite,,,,1360,,,,45,,,,,,,,,,,,,,,225,,,,
E-FLITE,E-fl--1380,E-flite,,,,1380,,,,24,,,,,,,,,,,,,,,135,,,,
E-FLITE,E-fl--1800,E-flite,,,,1800,,,,2023-05-20 00:00:00,,,,,,,,,,,,,,,150,,,,
E-FLITE,E-fl--2000,E-flite,,,,2000,,,,80,,,,,,,,,,,,,,,480,,,,
E-FLITE,E-fl--2150,E-flite,,,,2150,,,,162,,,,,,,,,,,,,,,1125,,,,
E-FLITE,E-fl--2200,E-flite,,,,2200,,,,2023-05-08 00:00:00,,,,,,,,,,,,,,,48,,,,
E-FLITE,E-fl--2200,E-flite,,,,2200,,,,14,,,,,,,,,,,,,,,120,,,,
E-FLITE,E-fl--2700,E-flite,,,,2700,,,,80,,,,,,,,,,,,,,,630,,,,
E-FLITE,E-fl--3200,E-flite,,,,3200,,,,48,,,,,,,,,,,,,,,165,,,,
E-FLITE,E-fl--3500,E-flite,,,,3500,,,,56,,,,,,,,,,,,,,,345,,,,
E-FLITE,E-fl--3500,E-flite,,,,3500,,,,58,,,,,,,,,,,,,,,345,,,,
E-FLITE,E-fl--3600,E-flite,,,,3600,,,,106,,,,,,,,,,,,,,,825,,,,
E-FLITE,E-fl--3600,E-flite,,,,3600,,,,82,,,,,,,,,,,,,,,825,,,,
E-FLITE,E-fl--3700,E-flite,,,,3700,,,,68,,,,,,,,,,,,,,,360,,,,
E-FLITE,E-fl--3800,E-flite,,,,3800,,,,58,,,,,,,,,,,,,,,480,,,,
E-FLITE,E-fl--3800,E-flite,,,,3800,,,,58,,,,,,,,,,,,,,,345,,,,
E-FLITE,E-fl--4000,E-flite,,,,4000,,,,82,,,,,,,,,,,,,,,675,,,,
E-FLITE,E-fl--4100,E-flite,,,,4100,,,,48,,,,,,,,,,,,,,,225,,,,
E-FLITE,E-fl--4200,E-flite,,,,4200,,,,68,,,,,,,,,,,,,,,360,,,,
E-FLITE,E-fl--5400,E-flite,,,,5400,,,,48,,,,,,,,,,,,,,,195,,,,
EACHINE,Each--1800,Eachine,,,,1800,,,,41,,,,,,,,,,,,,,,1050,,,,
EACHINE,Each--1850,Eachine,,,,1850,,,,46,,,,,,,,,,,,,,,1080,,,,
EACHINE,Each--2150,Eachine,,,,2150,,,,31,,,,,,,,,,,,,,,496,,,,
EACHINE,Each--2400,Eachine,,,,2400,,,,31,,,,,,,,,,,,,,,560,,,,
EACHINE,Each--2400,Eachine,,,,2400,,,,16,,,,,,,,,,,,,,,318,,,,
EACHINE,Each--2450,Eachine,,,,2450,,,,36,,,,,,,,,,,,,,,960,,,,
EACHINE,Each--2600,Eachine,,,,2600,,,,47,,,,,,,,,,,,,,,672,,,,
EACHINE,Each--2750,Eachine,,,,2750,,,,12,,,,,,,,,,,,,,,120,,,,
EACHINE,Each--3600,Eachine,,,,3600,,,,16,,,,,,,,,,,,,,,294,,,,
EACHINE,Each--6500,Eachine,,,,6500,,,,2023-06-05 00:00:00,,,,,,,,,,,,,,,115,,,,
EACHINE,Each--7500,Eachine,,,,7500,,,,2023-06-05 00:00:00,,,,,,,,,,,,,,,50,,,,
EACHINE,Each--11500,Eachine,,,,11500,,,,4,,,,,,,,,,,,,,,85,,,,
ELECTRIFLY,Elec--160,ElectriFly,,,,160,,,,1480,,,,,,,,,,,,,,,8400,,,,
ELECTRIFLY,Elec--171,ElectriFly,,,,171,,,,1480,,,,,,,,,,,,,,,6500,,,,
ELECTRIFLY,Elec--230,ElectriFly,,,,230,,,,1250,,,,,,,,,,,,,,,6500,,,,
ELECTRIFLY,Elec--233,ElectriFly,,,,233,,,,1250,,,,,,,,,,,,,,,5000,,,,
ELECTRIFLY,Elec--242,ElectriFly,,,,242,,,,635,,,,,,,,,,,,,,,2500,,,,
ELECTRIFLY,Elec--250,ElectriFly,,,,250,,,,635,,,,,,,,,,,,,,,3200,,,,
ELECTRIFLY,Elec--450,ElectriFly,,,,450,,,,400,,,,,,,,,,,,,,,2300,,,,
ELECTRIFLY,Elec--462,ElectriFly,,,,462,,,,400,,,,,,,,,,,,,,,1800,,,,
ELECTRIFLY,Elec--464,ElectriFly,,,,464,,,,268,,,,,,,,,,,,,,,1100,,,,
ELECTRIFLY,Elec--480,ElectriFly,,,,480,,,,268,,,,,,,,,,,,,,,1850,,,,
ELECTRIFLY,Elec--496,ElectriFly,,,,496,,,,298,,,,,,,,,,,,,,,1300,,,,
ELECTRIFLY,Elec--500,ElectriFly,,,,500,,,,298,,,,,,,,,,,,,,,2200,,,,
ELECTRIFLY,Elec--638,ElectriFly,,,,638,,,,298,,,,,,,,,,,,,,,1200,,,,
ELECTRIFLY,Elec--650,ElectriFly,,,,650,,,,298,,,,,,,,,,,,,,,2000,,,,
ELECTRIFLY,Elec--754,ElectriFly,,,,754,,,,198,,,,,,,,,,,,,,,850,,,,
ELECTRIFLY,Elec--768,ElectriFly,,,,768,,,,268,,,,,,,,,,,,,,,1000,,,,
ELECTRIFLY,Elec--800,ElectriFly,,,,800,,,,198,,,,,,,,,,,,,,,1480,,,,
ELECTRIFLY,Elec--800,ElectriFly,,,,800,,,,268,,,,,,,,,,,,,,,1850,,,,
ELECTRIFLY,Elec--950,ElectriFly,,,,950,,,,54,,,,,,,,,,,,,,,220,,,,
ELECTRIFLY,Elec--1000,ElectriFly,,,,1000,,,,125,,,,,,,,,,,,,,,740,,,,
ELECTRIFLY,Elec--1000,ElectriFly,,,,1000,,,,42,,,,,,,,,,,,,,,225,,,,
ELECTRIFLY,Elec--1000,ElectriFly,,,,1000,,,,41,,,,,,,,,,,,,,,165,,,,
ELECTRIFLY,Elec--1200,ElectriFly,,,,1200,,,,102,,,,,,,,,,,,,,,650,,,,
ELECTRIFLY,Elec--1250,ElectriFly,,,,1250,,,,71,,,,,,,,,,,,,,,390,,,,
ELECTRIFLY,Elec--1380,ElectriFly,,,,1380,,,,27,,,,,,,,,,,,,,,150,,,,
ELECTRIFLY,Elec--1530,ElectriFly,,,,1530,,,,166,,,,,,,,,,,,,,,830,,,,
ELECTRIFLY,Elec--1750,ElectriFly,,,,1750,,,,20,,,,,,,,,,,,,,,120,,,,
ELECTRIFLY,Elec--1800,ElectriFly,,,,1800,,,,283,,,,,,,,,,,,,,,2000,,,,
ELECTRIFLY,Elec--2100,ElectriFly,,,,2100,,,,133,,,,,,,,,,,,,,,590,,,,
ELECTRIFLY,Elec--2200,ElectriFly,,,,2200,,,,94,,,,,,,,,,,,,,,590,,,,
ELECTRIFLY,Elec--2300,ElectriFly,,,,2300,,,,243,,,,,,,,,,,,,,,1850,,,,
ELECTRIFLY,Elec--2400,ElectriFly,,,,2400,,,,2023-04-12 00:00:00,,,,,,,,,,,,,,,47,,,,
ELECTRIFLY,Elec--2700,ElectriFly,,,,2700,,,,94,,,,,,,,,,,,,,,550,,,,
ELECTRIFLY,Elec--2700,ElectriFly,,,,2700,,,,133,,,,,,,,,,,,,,,925,,,,
ELECTRIFLY,Elec--3000,ElectriFly,,,,3000,,,,2023-01-07 00:00:00,,,,,,,,,,,,,,,24,,,,
ELECTRIFLY,Elec--3180,ElectriFly,,,,3180,,,,67,,,,,,,,,,,,,,,220,,,,
ELECTRIFLY,Elec--3500,ElectriFly,,,,3500,,,,65,,,,,,,,,,,,,,,275,,,,
ELECTRIFLY,Elec--3600,ElectriFly,,,,3600,,,,133,,,,,,,,,,,,,,,1036,,,,
ELECTRIFLY,Elec--3790,ElectriFly,,,,3790,,,,101,,,,,,,,,,,,,,,550,,,,
ELECTRIFLY,Elec--3900,ElectriFly,,,,3900,,,,94,,,,,,,,,,,,,,,500,,,,
ELECTRIFLY,Elec--4000,ElectriFly,,,,4000,,,,138,,,,,,,,,,,,,,,685,,,,
ELECTRIFLY,Elec--4040,ElectriFly,,,,4040,,,,67,,,,,,,,,,,,,,,200,,,,
ELECTRIFLY,Elec--4110,ElectriFly,,,,4110,,,,30,,,,,,,,,,,,,,,50,,,,
ELECTRIFLY,Elec--4875,ElectriFly,,,,4875,,,,67,,,,,,,,,,,,,,,330,,,,
EMAX,EMAX--160,EMAX,,,,160,,,,231,,,,,,,,,,,,,,,425,,,,
EMAX,EMAX--170,EMAX,,,,170,,,,850,,,,,,,,,,,,,,,3776,,,,
EMAX,EMAX--190,EMAX,,,,190,,,,850,,,,,,,,,,,,,,,3449,,,,
EMAX,EMAX--195,EMAX,,,,195,,,,790,,,,,,,,,,,,,,,3780,,,,
EMAX,EMAX--200,EMAX,,,,200,,,,720,,,,,,,,,,,,,,,2744,,,,
EMAX,EMAX--220,EMAX,,,,220,,,,720,,,,,,,,,,,,,,,2940,,,,
EMAX,EMAX--220,EMAX,,,,220,,,,850,,,,,,,,,,,,,,,3528,,,,
EMAX,EMAX--230,EMAX,,,,230,,,,668,,,,,,,,,,,,,,,3276,,,,
EMAX,EMAX--250,EMAX,,,,250,,,,720,,,,,,,,,,,,,,,3136,,,,
EMAX,EMAX--260,EMAX,,,,260,,,,570,,,,,,,,,,,,,,,2528,,,,
EMAX,EMAX--290,EMAX,,,,290,,,,231,,,,,,,,,,,,,,,610,,,,
EMAX,EMAX--325,EMAX,,,,325,,,,570,,,,,,,,,,,,,,,1950,,,,
EMAX,EMAX--340,EMAX,,,,340,,,,141,,,,,,,,,,,,,,,400,,,,
EMAX,EMAX--353,EMAX,,,,353,,,,380,,,,,,,,,,,,,,,1175,,,,
EMAX,EMAX--380,EMAX,,,,380,,,,93,,,,,,,,,,,,,,,320,,,,
EMAX,EMAX--385,EMAX,,,,385,,,,325,,,,,,,,,,,,,,,1386,,,,
EMAX,EMAX--420,EMAX,,,,420,,,,380,,,,,,,,,,,,,,,1410,,,,
EMAX,EMAX--470,EMAX,,,,470,,,,280,,,,,,,,,,,,,,,1527,,,,
EMAX,EMAX--470,EMAX,,,,470,,,,93,,,,,,,,,,,,,,,195,,,,
EMAX,EMAX--480,EMAX,,,,480,,,,78,,,,,,,,,,,,,,,325,,,,
EMAX,EMAX--522,EMAX,,,,522,,,,248,,,,,,,,,,,,,,,1512,,,,
EMAX,EMAX--600,EMAX,,,,600,,,,102,,,,,,,,,,,,,,,300,,,,
EMAX,EMAX--600,EMAX,,,,600,,,,93,,,,,,,,,,,,,,,250,,,,
EMAX,EMAX--620,EMAX,,,,620,,,,280,,,,,,,,,,,,,,,1410,,,,
EMAX,EMAX--650,EMAX,,,,650,,,,67,,,,,,,,,,,,,,,250,,,,
EMAX,EMAX--650,EMAX,,,,650,,,,70,,,,,,,,,,,,,,,200,,,,
EMAX,EMAX--650,EMAX,,,,650,,,,131,,,,,,,,,,,,,,,630,,,,
EMAX,EMAX--650,EMAX,,,,650,,,,188,,,,,,,,,,,,,,,650,,,,
EMAX,EMAX--660,EMAX,,,,660,,,,60,,,,,,,,,,,,,,,180,,,,
EMAX,EMAX--685,EMAX,,,,685,,,,250,,,,,,,,,,,,,,,1300,,,,
EMAX,EMAX--700,EMAX,,,,700,,,,78,,,,,,,,,,,,,,,255,,,,
EMAX,EMAX--710,EMAX,,,,710,,,,175,,,,,,,,,,,,,,,962,,,,
EMAX,EMAX--710,EMAX,,,,710,,,,265,,,,,,,,,,,,,,,1073,,,,
EMAX,EMAX--805,EMAX,,,,805,,,,210,,,,,,,,,,,,,,,1155,,,,
EMAX,EMAX--810,EMAX,,,,810,,,,63,,,,,,,,,,,,,,,215,,,,
EMAX,EMAX--820,EMAX,,,,820,,,,39,,,,,,,,,,,,,,,150,,,,
EMAX,EMAX--850,EMAX,,,,850,,,,85,,,,,,,,,,,,,,,235,,,,
EMAX,EMAX--850,EMAX,,,,850,,,,182,,,,,,,,,,,,,,,1025,,,,
EMAX,EMAX--850,EMAX,,,,850,,,,140,,,,,,,,,,,,,,,656,,,,
EMAX,EMAX--850,EMAX,,,,850,,,,60,,,,,,,,,,,,,,,235,,,,
EMAX,EMAX--860,EMAX,,,,860,,,,250,,,,,,,,,,,,,,,1300,,,,
EMAX,EMAX--860,EMAX,,,,860,,,,175,,,,,,,,,,,,,,,992,,,,
EMAX,EMAX--870,EMAX,,,,870,,,,265,,,,,,,,,,,,,,,1104,,,,
EMAX,EMAX--900,EMAX,,,,900,,,,50,,,,,,,,,,,,,,,175,,,,
EMAX,EMAX--905,EMAX,,,,905,,,,70,,,,,,,,,,,,,,,216,,,,
EMAX,EMAX--919,EMAX,,,,919,,,,144,,,,,,,,,,,,,,,991,,,,
EMAX,EMAX--920,EMAX,,,,920,,,,112,,,,,,,,,,,,,,,391,,,,
EMAX,EMAX--925,EMAX,,,,925,,,,220,,,,,,,,,,,,,,,1128,,,,
EMAX,EMAX--930,EMAX,,,,930,,,,85,,,,,,,,,,,,,,,300,,,,
EMAX,EMAX--930,EMAX,,,,930,,,,80,,,,,,,,,,,,,,,216,,,,
EMAX,EMAX--930,EMAX,,,,930,,,,52,,,,,,,,,,,,,,,343,,,,
EMAX,EMAX--950,EMAX,,,,950,,,,59,,,,,,,,,,,,,,,208,,,,
EMAX,EMAX--960,EMAX,,,,960,,,,232,,,,,,,,,,,,,,,720,,,,
EMAX,EMAX--970,EMAX,,,,970,,,,105,,,,,,,,,,,,,,,324,,,,
EMAX,EMAX--980,EMAX,,,,980,,,,39,,,,,,,,,,,,,,,185,,,,
EMAX,EMAX--985,EMAX,,,,985,,,,140,,,,,,,,,,,,,,,848,,,,
EMAX,EMAX--1000,EMAX,,,,1000,,,,80,,,,,,,,,,,,,,,252,,,,
EMAX,EMAX--1000,EMAX,,,,1000,,,,52,,,,,,,,,,,,,,,423,,,,
EMAX,EMAX--1050,EMAX,,,,1050,,,,85,,,,,,,,,,,,,,,375,,,,
EMAX,EMAX--1060,EMAX,,,,1060,,,,105,,,,,,,,,,,,,,,408,,,,
EMAX,EMAX--1090,EMAX,,,,1090,,,,175,,,,,,,,,,,,,,,752,,,,
EMAX,EMAX--1100,EMAX,,,,1100,,,,86,,,,,,,,,,,,,,,378,,,,
EMAX,EMAX--1100,EMAX,,,,1100,,,,70,,,,,,,,,,,,,,,276,,,,
EMAX,EMAX--1100,EMAX,,,,1100,,,,80,,,,,,,,,,,,,,,312,,,,
EMAX,EMAX--1100,EMAX,,,,1100,,,,120,,,,,,,,,,,,,,,432,,,,
EMAX,EMAX--1150,EMAX,,,,1150,,,,220,,,,,,,,,,,,,,,864,,,,
EMAX,EMAX--1180,EMAX,,,,1180,,,,70,,,,,,,,,,,,,,,312,,,,
EMAX,EMAX--1180,EMAX,,,,1180,,,,105,,,,,,,,,,,,,,,344,,,,
EMAX,EMAX--1180,EMAX,,,,1180,,,,140,,,,,,,,,,,,,,,540,,,,
EMAX,EMAX--1200,EMAX,,,,1200,,,,59,,,,,,,,,,,,,,,309,,,,
EMAX,EMAX--1200,EMAX,,,,1200,,,,85,,,,,,,,,,,,,,,390,,,,
EMAX,EMAX--1200,EMAX,,,,1200,,,,39,,,,,,,,,,,,,,,200,,,,
EMAX,EMAX--1260,EMAX,,,,1260,,,,23,,,,,,,,,,,,,,,81,,,,
EMAX,EMAX--1270,EMAX,,,,1270,,,,55,,,,,,,,,,,,,,,204,,,,
EMAX,EMAX--1280,EMAX,,,,1280,,,,120,,,,,,,,,,,,,,,480,,,,
EMAX,EMAX--1300,EMAX,,,,1300,,,,45,,,,,,,,,,,,,,,214,,,,
EMAX,EMAX--1300,EMAX,,,,1300,,,,48,,,,,,,,,,,,,,,1310,,,,
EMAX,EMAX--1300,EMAX,,,,1300,,,,47,,,,,,,,,,,,,,,1310,,,,
EMAX,EMAX--1400,EMAX,,,,1400,,,,52,,,,,,,,,,,,,,,488,,,,
EMAX,EMAX--1400,EMAX,,,,1400,,,,39,,,,,,,,,,,,,,,245,,,,
EMAX,EMAX--1430,EMAX,,,,1430,,,,18,,,,,,,,,,,,,,,45,,,,
EMAX,EMAX--1460,EMAX,,,,1460,,,,140,,,,,,,,,,,,,,,768,,,,
EMAX,EMAX--1470,EMAX,,,,1470,,,,55,,,,,,,,,,,,,,,192,,,,
EMAX,EMAX--1500,EMAX,,,,1500,,,,278,,,,,,,,,,,,,,,570,,,,
EMAX,EMAX--1500,EMAX,,,,1500,,,,48,,,,,,,,,,,,,,,1210,,,,
EMAX,EMAX--1500,EMAX,,,,1500,,,,47,,,,,,,,,,,,,,,1210,,,,
EMAX,EMAX--1500,EMAX,,,,1500,,,,120,,,,,,,,,,,,,,,360,,,,
EMAX,EMAX--1500,EMAX,,,,1500,,,,31,,,,,,,,,,,,,,,170,,,,
EMAX,EMAX--1500,EMAX,,,,1500,,,,31,,,,,,,,,,,,,,,180,,,,
EMAX,EMAX--1500,EMAX,,,,1500,,,,36,,,,,,,,,,,,,,,180,,,,
EMAX,EMAX--1500,EMAX,,,,1500,,,,36,,,,,,,,,,,,,,,175,,,,
EMAX,EMAX--1534,EMAX,,,,1534,,,,36,,,,,,,,,,,,,,,190,,,,
EMAX,EMAX--1550,EMAX,,,,1550,,,,105,,,,,,,,,,,,,,,420,,,,
EMAX,EMAX--1560,EMAX,,,,1560,,,,45,,,,,,,,,,,,,,,227,,,,
EMAX,EMAX--1560,EMAX,,,,1560,,,,16,,,,,,,,,,,,,,,54,,,,
EMAX,EMAX--1600,EMAX,,,,1600,,,,17,,,,,,,,,,,,,,,450,,,,
EMAX,EMAX--1660,EMAX,,,,1660,,,,23,,,,,,,,,,,,,,,144,,,,
EMAX,EMAX--1700,EMAX,,,,1700,,,,28,,,,,,,,,,,,,,,810,,,,
EMAX,EMAX--1700,EMAX,,,,1700,,,,48,,,,,,,,,,,,,,,870,,,,
EMAX,EMAX--1700,EMAX,,,,1700,,,,34,,,,,,,,,,,,,,,960,,,,
EMAX,EMAX--1700,EMAX,,,,1700,,,,31,,,,,,,,,,,,,,,910,,,,
EMAX,EMAX--1700,EMAX,,,,1700,,,,47,,,,,,,,,,,,,,,870,,,,
EMAX,EMAX--1780,EMAX,,,,1780,,,,55,,,,,,,,,,,,,,,144,,,,
EMAX,EMAX--1800,EMAX,,,,1800,,,,173,,,,,,,,,,,,,,,375,,,,
EMAX,EMAX--1800,EMAX,,,,1800,,,,306,,,,,,,,,,,,,,,960,,,,
EMAX,EMAX--1800,EMAX,,,,1800,,,,52,,,,,,,,,,,,,,,549,,,,
EMAX,EMAX--1840,EMAX,,,,1840,,,,105,,,,,,,,,,,,,,,408,,,,
EMAX,EMAX--1900,EMAX,,,,1900,,,,278,,,,,,,,,,,,,,,720,,,,
EMAX,EMAX--1900,EMAX,,,,1900,,,,34,,,,,,,,,,,,,,,1130,,,,
EMAX,EMAX--1900,EMAX,,,,1900,,,,31,,,,,,,,,,,,,,,1160,,,,
EMAX,EMAX--1900,EMAX,,,,1900,,,,31,,,,,,,,,,,,,,,180,,,,
EMAX,EMAX--1900,EMAX,,,,1900,,,,31,,,,,,,,,,,,,,,240,,,,
EMAX,EMAX--1900,EMAX,,,,1900,,,,27,,,,,,,,,,,,,,,970,,,,
EMAX,EMAX--2000,EMAX,,,,2000,,,,17,,,,,,,,,,,,,,,580,,,,
EMAX,EMAX--2000,EMAX,,,,2000,,,,36,,,,,,,,,,,,,,,290,,,,
EMAX,EMAX--2100,EMAX,,,,2100,,,,225,,,,,,,,,,,,,,,570,,,,
EMAX,EMAX--2100,EMAX,,,,2100,,,,306,,,,,,,,,,,,,,,1050,,,,
EMAX,EMAX--2200,EMAX,,,,2200,,,,60,,,,,,,,,,,,,,,135,,,,
EMAX,EMAX--2200,EMAX,,,,2200,,,,89,,,,,,,,,,,,,,,240,,,,
EMAX,EMAX--2200,EMAX,,,,2200,,,,52,,,,,,,,,,,,,,,501,,,,
EMAX,EMAX--2280,EMAX,,,,2280,,,,18,,,,,,,,,,,,,,,125,,,,
EMAX,EMAX--2300,EMAX,,,,2300,,,,130,,,,,,,,,,,,,,,345,,,,
EMAX,EMAX--2300,EMAX,,,,2300,,,,173,,,,,,,,,,,,,,,480,,,,
EMAX,EMAX--2300,EMAX,,,,2300,,,,278,,,,,,,,,,,,,,,840,,,,
EMAX,EMAX--2300,EMAX,,,,2300,,,,25,,,,,,,,,,,,,,,300,,,,
EMAX,EMAX--2300,EMAX,,,,2300,,,,25,,,,,,,,,,,,,,,300,,,,
EMAX,EMAX--2300,EMAX,,,,2300,,,,29,,,,,,,,,,,,,,,300,,,,
EMAX,EMAX--2300,EMAX,,,,2300,,,,29,,,,,,,,,,,,,,,480,,,,
EMAX,EMAX--2400,EMAX,,,,2400,,,,28,,,,,,,,,,,,,,,715,,,,
EMAX,EMAX--2400,EMAX,,,,2400,,,,17,,,,,,,,,,,,,,,630,,,,
EMAX,EMAX--2400,EMAX,,,,2400,,,,34,,,,,,,,,,,,,,,720,,,,
EMAX,EMAX--2400,EMAX,,,,2400,,,,31,,,,,,,,,,,,,,,740,,,,
EMAX,EMAX--2400,EMAX,,,,2400,,,,34,,,,,,,,,,,,,,,922,,,,
EMAX,EMAX--2450,EMAX,,,,2450,,,,66,,,,,,,,,,,,,,,225,,,,
EMAX,EMAX--2450,EMAX,,,,2450,,,,52,,,,,,,,,,,,,,,333,,,,
EMAX,EMAX--2480,EMAX,,,,2480,,,,14,,,,,,,,,,,,,,,80,,,,
EMAX,EMAX--2500,EMAX,,,,2500,,,,130,,,,,,,,,,,,,,,375,,,,
EMAX,EMAX--2600,EMAX,,,,2600,,,,25,,,,,,,,,,,,,,,310,,,,
EMAX,EMAX--2600,EMAX,,,,2600,,,,29,,,,,,,,,,,,,,,400,,,,
EMAX,EMAX--2700,EMAX,,,,2700,,,,225,,,,,,,,,,,,,,,705,,,,
EMAX,EMAX--2780,EMAX,,,,2780,,,,156,,,,,,,,,,,,,,,570,,,,
EMAX,EMAX--2800,EMAX,,,,2800,,,,14,,,,,,,,,,,,,,,220,,,,
EMAX,EMAX--2840,EMAX,,,,2840,,,,29,,,,,,,,,,,,,,,120,,,,
EMAX,EMAX--2900,EMAX,,,,2900,,,,64,,,,,,,,,,,,,,,180,,,,
EMAX,EMAX--3000,EMAX,,,,3000,,,,17,,,,,,,,,,,,,,,810,,,,
EMAX,EMAX--3100,EMAX,,,,3100,,,,42,,,,,,,,,,,,,,,180,,,,
EMAX,EMAX--3150,EMAX,,,,3150,,,,64,,,,,,,,,,,,,,,210,,,,
EMAX,EMAX--3150,EMAX,,,,3150,,,,89,,,,,,,,,,,,,,,360,,,,
EMAX,EMAX--3200,EMAX,,,,3200,,,,130,,,,,,,,,,,,,,,480,,,,
EMAX,EMAX--3300,EMAX,,,,3300,,,,60,,,,,,,,,,,,,,,210,,,,
EMAX,EMAX--3300,EMAX,,,,3300,,,,14,,,,,,,,,,,,,,,280,,,,
EMAX,EMAX--3400,EMAX,,,,3400,,,,173,,,,,,,,,,,,,,,690,,,,
EMAX,EMAX--3400,EMAX,,,,3400,,,,156,,,,,,,,,,,,,,,780,,,,
EMAX,EMAX--3400,EMAX,,,,3400,,,,225,,,,,,,,,,,,,,,900,,,,
EMAX,EMAX--3600,EMAX,,,,3600,,,,60,,,,,,,,,,,,,,,225,,,,
EMAX,EMAX--3600,EMAX,,,,3600,,,,66,,,,,,,,,,,,,,,360,,,,
EMAX,EMAX--3650,EMAX,,,,3650,,,,89,,,,,,,,,,,,,,,435,,,,
EMAX,EMAX--3700,EMAX,,,,3700,,,,2023-06-08 00:00:00,,,,,,,,,,,,,,,170,,,,
EMAX,EMAX--3700,EMAX,,,,3700,,,,62,,,,,,,,,,,,,,,500,,,,
EMAX,EMAX--3750,EMAX,,,,3750,,,,64,,,,,,,,,,,,,,,240,,,,
EMAX,EMAX--3850,EMAX,,,,3850,,,,42,,,,,,,,,,,,,,,135,,,,
EMAX,EMAX--3950,EMAX,,,,3950,,,,66,,,,,,,,,,,,,,,375,,,,
EMAX,EMAX--4000,EMAX,,,,4000,,,,156,,,,,,,,,,,,,,,870,,,,
EMAX,EMAX--4050,EMAX,,,,4050,,,,38,,,,,,,,,,,,,,,180,,,,
EMAX,EMAX--4100,EMAX,,,,4100,,,,14,,,,,,,,,,,,,,,340,,,,
EMAX,EMAX--4200,EMAX,,,,4200,,,,60,,,,,,,,,,,,,,,270,,,,
EMAX,EMAX--4500,EMAX,,,,4500,,,,64,,,,,,,,,,,,,,,270,,,,
EMAX,EMAX--4500,EMAX,,,,4500,,,,2023-07-06 00:00:00,,,,,,,,,,,,,,,146,,,,
EMAX,EMAX--4950,EMAX,,,,4950,,,,66,,,,,,,,,,,,,,,525,,,,
EMAX,EMAX--5000,EMAX,,,,5000,,,,38,,,,,,,,,,,,,,,180,,,,
EMAX,EMAX--5300,EMAX,,,,5300,,,,60,,,,,,,,,,,,,,,345,,,,
EMAX,EMAX--5750,EMAX,,,,5750,,,,42,,,,,,,,,,,,,,,195,,,,
EMAX,EMAX--6000,EMAX,,,,6000,,,,2023-07-06 00:00:00,,,,,,,,,,,,,,,100,,,,
EMAX,EMAX--6000,EMAX,,,,6000,,,,2023-06-08 00:00:00,,,,,,,,,,,,,,,120,,,,
EMP,EMP--130,EMP,,,,130,,,,2780,,,,,,,,,,,,,,,15000,,,,
EMP,EMP--130,EMP,,,,130,,,,1750,,,,,,,,,,,,,,,6500,,,,
EMP,EMP--140,EMP,,,,140,,,,2780,,,,,,,,,,,,,,,15000,,,,
EMP,EMP--150,EMP,,,,150,,,,2500,,,,,,,,,,,,,,,11250,,,,
EMP,EMP--165,EMP,,,,165,,,,2500,,,,,,,,,,,,,,,11250,,,,
EMP,EMP--170,EMP,,,,170,,,,790,,,,,,,,,,,,,,,2750,,,,
EMP,EMP--170,EMP,,,,170,,,,1400,,,,,,,,,,,,,,,5820,,,,
EMP,EMP--170,EMP,,,,170,,,,828,,,,,,,,,,,,,,,3250,,,,
EMP,EMP--180,EMP,,,,180,,,,1750,,,,,,,,,,,,,,,7100,,,,
EMP,EMP--200,EMP,,,,200,,,,790,,,,,,,,,,,,,,,1820,,,,
EMP,EMP--200,EMP,,,,200,,,,558,,,,,,,,,,,,,,,2590,,,,
EMP,EMP--200,EMP,,,,200,,,,828,,,,,,,,,,,,,,,3180,,,,
EMP,EMP--230,EMP,,,,230,,,,706,,,,,,,,,,,,,,,2950,,,,
EMP,EMP--230,EMP,,,,230,,,,710,,,,,,,,,,,,,,,3150,,,,
EMP,EMP--245,EMP,,,,245,,,,632,,,,,,,,,,,,,,,2900,,,,
EMP,EMP--250,EMP,,,,250,,,,1400,,,,,,,,,,,,,,,6150,,,,
EMP,EMP--250,EMP,,,,250,,,,558,,,,,,,,,,,,,,,2450,,,,
EMP,EMP--270,EMP,,,,270,,,,420,,,,,,,,,,,,,,,1700,,,,
EMP,EMP--270,EMP,,,,270,,,,430,,,,,,,,,,,,,,,2100,,,,
EMP,EMP--270,EMP,,,,270,,,,706,,,,,,,,,,,,,,,2860,,,,
EMP,EMP--320,EMP,,,,320,,,,420,,,,,,,,,,,,,,,1665,,,,
EMP,EMP--320,EMP,,,,320,,,,430,,,,,,,,,,,,,,,1880,,,,
EMP,EMP--380,EMP,,,,380,,,,420,,,,,,,,,,,,,,,1665,,,,
EMP,EMP--380,EMP,,,,380,,,,430,,,,,,,,,,,,,,,1820,,,,
EMP,EMP--400,EMP,,,,400,,,,346,,,,,,,,,,,,,,,1450,,,,
EMP,EMP--400,EMP,,,,400,,,,329,,,,,,,,,,,,,,,1560,,,,
EMP,EMP--410,EMP,,,,410,,,,420,,,,,,,,,,,,,,,1665,,,,
EMP,EMP--410,EMP,,,,410,,,,430,,,,,,,,,,,,,,,1750,,,,
EMP,EMP--410,EMP,,,,410,,,,443,,,,,,,,,,,,,,,1750,,,,
EMP,EMP--500,EMP,,,,500,,,,295,,,,,,,,,,,,,,,1420,,,,
EMP,EMP--580,EMP,,,,580,,,,346,,,,,,,,,,,,,,,1390,,,,
EMP,EMP--580,EMP,,,,580,,,,329,,,,,,,,,,,,,,,1530,,,,
EMP,EMP--600,EMP,,,,600,,,,210,,,,,,,,,,,,,,,1050,,,,
EMP,EMP--600,EMP,,,,600,,,,295,,,,,,,,,,,,,,,1350,,,,
EMP,EMP--600,EMP,,,,600,,,,230,,,,,,,,,,,,,,,1320,,,,
EMP,EMP--650,EMP,,,,650,,,,230,,,,,,,,,,,,,,,1150,,,,
EMP,EMP--700,EMP,,,,700,,,,346,,,,,,,,,,,,,,,1350,,,,
EMP,EMP--700,EMP,,,,700,,,,329,,,,,,,,,,,,,,,1450,,,,
EMP,EMP--720,EMP,,,,720,,,,210,,,,,,,,,,,,,,,1250,,,,
EMP,EMP--750,EMP,,,,750,,,,60,,,,,,,,,,,,,,,225,,,,
EMP,EMP--750,EMP,,,,750,,,,67,,,,,,,,,,,,,,,240,,,,
EMP,EMP--750,EMP,,,,750,,,,62,,,,,,,,,,,,,,,180,,,,
EMP,EMP--750,EMP,,,,750,,,,76,,,,,,,,,,,,,,,320,,,,
EMP,EMP--750,EMP,,,,750,,,,155,,,,,,,,,,,,,,,820,,,,
EMP,EMP--750,EMP,,,,750,,,,51,,,,,,,,,,,,,,,240,,,,
EMP,EMP--750,EMP,,,,750,,,,62,,,,,,,,,,,,,,,250,,,,
EMP,EMP--790,EMP,,,,790,,,,170,,,,,,,,,,,,,,,780,,,,
EMP,EMP--790,EMP,,,,790,,,,171,,,,,,,,,,,,,,,850,,,,
EMP,EMP--800,EMP,,,,800,,,,210,,,,,,,,,,,,,,,1010,,,,
EMP,EMP--800,EMP,,,,800,,,,230,,,,,,,,,,,,,,,1210,,,,
EMP,EMP--850,EMP,,,,850,,,,60,,,,,,,,,,,,,,,280,,,,
EMP,EMP--850,EMP,,,,850,,,,62,,,,,,,,,,,,,,,280,,,,
EMP,EMP--850,EMP,,,,850,,,,155,,,,,,,,,,,,,,,800,,,,
EMP,EMP--880,EMP,,,,880,,,,76,,,,,,,,,,,,,,,300,,,,
EMP,EMP--890,EMP,,,,890,,,,140,,,,,,,,,,,,,,,550,,,,
EMP,EMP--890,EMP,,,,890,,,,210,,,,,,,,,,,,,,,1080,,,,
EMP,EMP--900,EMP,,,,900,,,,170,,,,,,,,,,,,,,,770,,,,
EMP,EMP--900,EMP,,,,900,,,,171,,,,,,,,,,,,,,,830,,,,
EMP,EMP--910,EMP,,,,910,,,,110,,,,,,,,,,,,,,,550,,,,
EMP,EMP--910,EMP,,,,910,,,,115,,,,,,,,,,,,,,,470,,,,
EMP,EMP--910,EMP,,,,910,,,,115,,,,,,,,,,,,,,,470,,,,
EMP,EMP--950,EMP,,,,950,,,,230,,,,,,,,,,,,,,,980,,,,
EMP,EMP--1000,EMP,,,,1000,,,,50,,,,,,,,,,,,,,,220,,,,
EMP,EMP--1000,EMP,,,,1000,,,,140,,,,,,,,,,,,,,,540,,,,
EMP,EMP--1000,EMP,,,,1000,,,,51,,,,,,,,,,,,,,,150,,,,
EMP,EMP--1000,EMP,,,,1000,,,,62,,,,,,,,,,,,,,,270,,,,
EMP,EMP--1000,EMP,,,,1000,,,,90,,,,,,,,,,,,,,,480,,,,
EMP,EMP--1000,EMP,,,,1000,,,,142,,,,,,,,,,,,,,,650,,,,
EMP,EMP--1000,EMP,,,,1000,,,,140,,,,,,,,,,,,,,,540,,,,
EMP,EMP--1000,EMP,,,,1000,,,,51,,,,,,,,,,,,,,,260,,,,
EMP,EMP--1000,EMP,,,,1000,,,,140,,,,,,,,,,,,,,,605,,,,
EMP,EMP--1020,EMP,,,,1020,,,,140,,,,,,,,,,,,,,,660,,,,
EMP,EMP--1030,EMP,,,,1030,,,,455,,,,,,,,,,,,,,,2460,,,,
EMP,EMP--1030,EMP,,,,1030,,,,455,,,,,,,,,,,,,,,2460,,,,
EMP,EMP--1050,EMP,,,,1050,,,,110,,,,,,,,,,,,,,,520,,,,
EMP,EMP--1050,EMP,,,,1050,,,,188,,,,,,,,,,,,,,,950,,,,
EMP,EMP--1100,EMP,,,,1100,,,,80,,,,,,,,,,,,,,,420,,,,
EMP,EMP--1100,EMP,,,,1100,,,,170,,,,,,,,,,,,,,,740,,,,
EMP,EMP--1100,EMP,,,,1100,,,,115,,,,,,,,,,,,,,,600,,,,
EMP,EMP--1100,EMP,,,,1100,,,,171,,,,,,,,,,,,,,,800,,,,
EMP,EMP--1100,EMP,,,,1100,,,,90,,,,,,,,,,,,,,,345,,,,
EMP,EMP--1120,EMP,,,,1120,,,,76,,,,,,,,,,,,,,,280,,,,
EMP,EMP--1200,EMP,,,,1200,,,,260,,,,,,,,,,,,,,,1400,,,,
EMP,EMP--1200,EMP,,,,1200,,,,35,,,,,,,,,,,,,,,135,,,,
EMP,EMP--1200,EMP,,,,1200,,,,38,,,,,,,,,,,,,,,160,,,,
EMP,EMP--1200,EMP,,,,1200,,,,38,,,,,,,,,,,,,,,160,,,,
EMP,EMP--1200,EMP,,,,1200,,,,38,,,,,,,,,,,,,,,150,,,,
EMP,EMP--1250,EMP,,,,1250,,,,110,,,,,,,,,,,,,,,500,,,,
EMP,EMP--1250,EMP,,,,1250,,,,140,,,,,,,,,,,,,,,580,,,,
EMP,EMP--1250,EMP,,,,1250,,,,142,,,,,,,,,,,,,,,630,,,,
EMP,EMP--1250,EMP,,,,1250,,,,140,,,,,,,,,,,,,,,530,,,,
EMP,EMP--1250,EMP,,,,1250,,,,140,,,,,,,,,,,,,,,630,,,,
EMP,EMP--1300,EMP,,,,1300,,,,110,,,,,,,,,,,,,,,500,,,,
EMP,EMP--1300,EMP,,,,1300,,,,62,,,,,,,,,,,,,,,250,,,,
EMP,EMP--1340,EMP,,,,1340,,,,260,,,,,,,,,,,,,,,1410,,,,
EMP,EMP--1350,EMP,,,,1350,,,,50,,,,,,,,,,,,,,,240,,,,
EMP,EMP--1350,EMP,,,,1350,,,,51,,,,,,,,,,,,,,,220,,,,
EMP,EMP--1400,EMP,,,,1400,,,,22,,,,,,,,,,,,,,,100,,,,
EMP,EMP--1400,EMP,,,,1400,,,,35,,,,,,,,,,,,,,,160,,,,
EMP,EMP--1400,EMP,,,,1400,,,,80,,,,,,,,,,,,,,,430,,,,
EMP,EMP--1400,EMP,,,,1400,,,,2023-06-22 00:00:00,,,,,,,,,,,,,,,70,,,,
EMP,EMP--1400,EMP,,,,1400,,,,25,,,,,,,,,,,,,,,100,,,,
EMP,EMP--1400,EMP,,,,1400,,,,38,,,,,,,,,,,,,,,160,,,,
EMP,EMP--1400,EMP,,,,1400,,,,90,,,,,,,,,,,,,,,450,,,,
EMP,EMP--1400,EMP,,,,1400,,,,115,,,,,,,,,,,,,,,570,,,,
EMP,EMP--1400,EMP,,,,1400,,,,90,,,,,,,,,,,,,,,470,,,,
EMP,EMP--1400,EMP,,,,1400,,,,115,,,,,,,,,,,,,,,550,,,,
EMP,EMP--1430,EMP,,,,1430,,,,455,,,,,,,,,,,,,,,2036,,,,
EMP,EMP--1430,EMP,,,,1430,,,,455,,,,,,,,,,,,,,,2036,,,,
EMP,EMP--1450,EMP,,,,1450,,,,140,,,,,,,,,,,,,,,595,,,,
EMP,EMP--1450,EMP,,,,1450,,,,142,,,,,,,,,,,,,,,610,,,,
EMP,EMP--1450,EMP,,,,1450,,,,140,,,,,,,,,,,,,,,520,,,,
EMP,EMP--1500,EMP,,,,1500,,,,230,,,,,,,,,,,,,,,1115,,,,
EMP,EMP--1500,EMP,,,,1500,,,,110,,,,,,,,,,,,,,,480,,,,
EMP,EMP--1500,EMP,,,,1500,,,,230,,,,,,,,,,,,,,,1115,,,,
EMP,EMP--1500,EMP,,,,1500,,,,188,,,,,,,,,,,,,,,900,,,,
EMP,EMP--1530,EMP,,,,1530,,,,170,,,,,,,,,,,,,,,780,,,,
EMP,EMP--1600,EMP,,,,1600,,,,2023-05-17 00:00:00,,,,,,,,,,,,,,,60,,,,
EMP,EMP--1700,EMP,,,,1700,,,,80,,,,,,,,,,,,,,,460,,,,
EMP,EMP--1700,EMP,,,,1700,,,,90,,,,,,,,,,,,,,,410,,,,
EMP,EMP--1700,EMP,,,,1700,,,,115,,,,,,,,,,,,,,,530,,,,
EMP,EMP--1780,EMP,,,,1780,,,,27,,,,,,,,,,,,,,,125,,,,
EMP,EMP--1780,EMP,,,,1780,,,,31,,,,,,,,,,,,,,,80,,,,
EMP,EMP--1800,EMP,,,,1800,,,,18,,,,,,,,,,,,,,,55,,,,
EMP,EMP--1800,EMP,,,,1800,,,,21,,,,,,,,,,,,,,,115,,,,
EMP,EMP--1800,EMP,,,,1800,,,,2023-05-20 00:00:00,,,,,,,,,,,,,,,55,,,,
EMP,EMP--1800,EMP,,,,1800,,,,2023-09-22 00:00:00,,,,,,,,,,,,,,,70,,,,
EMP,EMP--1900,EMP,,,,1900,,,,51,,,,,,,,,,,,,,,180,,,,
EMP,EMP--2030,EMP,,,,2030,,,,60,,,,,,,,,,,,,,,385,,,,
EMP,EMP--2060,EMP,,,,2060,,,,455,,,,,,,,,,,,,,,2590,,,,
EMP,EMP--2060,EMP,,,,2060,,,,455,,,,,,,,,,,,,,,2590,,,,
EMP,EMP--2100,EMP,,,,2100,,,,125,,,,,,,,,,,,,,,700,,,,
EMP,EMP--2100,EMP,,,,2100,,,,14,,,,,,,,,,,,,,,60,,,,
EMP,EMP--2100,EMP,,,,2100,,,,2023-03-13 00:00:00,,,,,,,,,,,,,,,45,,,,
EMP,EMP--2200,EMP,,,,2200,,,,65,,,,,,,,,,,,,,,640,,,,
EMP,EMP--2250,EMP,,,,2250,,,,170,,,,,,,,,,,,,,,1155,,,,
EMP,EMP--2250,EMP,,,,2250,,,,27,,,,,,,,,,,,,,,105,,,,
EMP,EMP--2250,EMP,,,,2250,,,,30,,,,,,,,,,,,,,,75,,,,
EMP,EMP--2280,EMP,,,,2280,,,,16,,,,,,,,,,,,,,,55,,,,
EMP,EMP--2300,EMP,,,,2300,,,,170,,,,,,,,,,,,,,,855,,,,
EMP,EMP--2300,EMP,,,,2300,,,,230,,,,,,,,,,,,,,,1080,,,,
EMP,EMP--2300,EMP,,,,2300,,,,22,,,,,,,,,,,,,,,110,,,,
EMP,EMP--2300,EMP,,,,2300,,,,230,,,,,,,,,,,,,,,1080,,,,
EMP,EMP--2300,EMP,,,,2300,,,,2023-05-24 00:00:00,,,,,,,,,,,,,,,65,,,,
EMP,EMP--2300,EMP,,,,2300,,,,25,,,,,,,,,,,,,,,110,,,,
EMP,EMP--2350,EMP,,,,2350,,,,90,,,,,,,,,,,,,,,450,,,,
EMP,EMP--2350,EMP,,,,2350,,,,90,,,,,,,,,,,,,,,450,,,,
EMP,EMP--2400,EMP,,,,2400,,,,17,,,,,,,,,,,,,,,90,,,,
EMP,EMP--2400,EMP,,,,2400,,,,2023-01-18 00:00:00,,,,,,,,,,,,,,,55,,,,
EMP,EMP--2500,EMP,,,,2500,,,,11,,,,,,,,,,,,,,,60,,,,
EMP,EMP--2500,EMP,,,,2500,,,,2023-02-11 00:00:00,,,,,,,,,,,,,,,50,,,,
EMP,EMP--2570,EMP,,,,2570,,,,21,,,,,,,,,,,,,,,80,,,,
EMP,EMP--2570,EMP,,,,2570,,,,2023-09-22 00:00:00,,,,,,,,,,,,,,,60,,,,
EMP,EMP--2600,EMP,,,,2600,,,,260,,,,,,,,,,,,,,,1390,,,,
EMP,EMP--2700,EMP,,,,2700,,,,65,,,,,,,,,,,,,,,715,,,,
EMP,EMP--2700,EMP,,,,2700,,,,125,,,,,,,,,,,,,,,750,,,,
EMP,EMP--2700,EMP,,,,2700,,,,14,,,,,,,,,,,,,,,70,,,,
EMP,EMP--2700,EMP,,,,2700,,,,2023-01-12 00:00:00,,,,,,,,,,,,,,,40,,,,
EMP,EMP--2800,EMP,,,,2800,,,,18,,,,,,,,,,,,,,,65,,,,
EMP,EMP--2800,EMP,,,,2800,,,,2023-04-18 00:00:00,,,,,,,,,,,,,,,50,,,,
EMP,EMP--2850,EMP,,,,2850,,,,15,,,,,,,,,,,,,,,60,,,,
EMP,EMP--2850,EMP,,,,2850,,,,2023-02-16 00:00:00,,,,,,,,,,,,,,,50,,,,
EMP,EMP--2900,EMP,,,,2900,,,,90,,,,,,,,,,,,,,,450,,,,
EMP,EMP--2900,EMP,,,,2900,,,,170,,,,,,,,,,,,,,,1125,,,,
EMP,EMP--2900,EMP,,,,2900,,,,90,,,,,,,,,,,,,,,450,,,,
EMP,EMP--3200,EMP,,,,3200,,,,170,,,,,,,,,,,,,,,760,,,,
EMP,EMP--3200,EMP,,,,3200,,,,120,,,,,,,,,,,,,,,635,,,,
EMP,EMP--3300,EMP,,,,3300,,,,230,,,,,,,,,,,,,,,1060,,,,
EMP,EMP--3300,EMP,,,,3300,,,,230,,,,,,,,,,,,,,,1060,,,,
EMP,EMP--3500,EMP,,,,3500,,,,48,,,,,,,,,,,,,,,260,,,,
EMP,EMP--3500,EMP,,,,3500,,,,60,,,,,,,,,,,,,,,315,,,,
EMP,EMP--3500,EMP,,,,3500,,,,9,,,,,,,,,,,,,,,40,,,,
EMP,EMP--3500,EMP,,,,3500,,,,11,,,,,,,,,,,,,,,70,,,,
EMP,EMP--3500,EMP,,,,3500,,,,48,,,,,,,,,,,,,,,260,,,,
EMP,EMP--3500,EMP,,,,3500,,,,2023-03-09 00:00:00,,,,,,,,,,,,,,,35,,,,
EMP,EMP--3500,EMP,,,,3500,,,,2023-02-11 00:00:00,,,,,,,,,,,,,,,45,,,,
EMP,EMP--3600,EMP,,,,3600,,,,125,,,,,,,,,,,,,,,700,,,,
EMP,EMP--3790,EMP,,,,3790,,,,90,,,,,,,,,,,,,,,450,,,,
EMP,EMP--3790,EMP,,,,3790,,,,90,,,,,,,,,,,,,,,450,,,,
EMP,EMP--3900,EMP,,,,3900,,,,65,,,,,,,,,,,,,,,705,,,,
EMP,EMP--3900,EMP,,,,3900,,,,170,,,,,,,,,,,,,,,1130,,,,
EMP,EMP--4000,EMP,,,,4000,,,,120,,,,,,,,,,,,,,,705,,,,
EMP,EMP--4040,EMP,,,,4040,,,,65,,,,,,,,,,,,,,,280,,,,
EMP,EMP--4300,EMP,,,,4300,,,,48,,,,,,,,,,,,,,,280,,,,
EMP,EMP--4300,EMP,,,,4300,,,,48,,,,,,,,,,,,,,,280,,,,
EMP,EMP--4450,EMP,,,,4450,,,,65,,,,,,,,,,,,,,,290,,,,
EMP,EMP--4500,EMP,,,,4500,,,,9,,,,,,,,,,,,,,,60,,,,
EMP,EMP--4500,EMP,,,,4500,,,,2023-03-09 00:00:00,,,,,,,,,,,,,,,30,,,,
EMP,EMP--4850,EMP,,,,4850,,,,60,,,,,,,,,,,,,,,355,,,,
EMP,EMP--4880,EMP,,,,4880,,,,65,,,,,,,,,,,,,,,280,,,,
EMP,EMP--4990,EMP,,,,4990,,,,18,,,,,,,,,,,,,,,55,,,,
EMP,EMP--5100,EMP,,,,5100,,,,65,,,,,,,,,,,,,,,700,,,,
EMP,EMP--5200,EMP,,,,5200,,,,48,,,,,,,,,,,,,,,270,,,,
EMP,EMP--5200,EMP,,,,5200,,,,48,,,,,,,,,,,,,,,270,,,,
EMP,EMP--5300,EMP,,,,5300,,,,120,,,,,,,,,,,,,,,695,,,,
ENGEL MT,Enge--160,Engel MT,,,,160,,,,1055,,,,,,,,,,,,,,,6500,,,,
ENGEL MT,Enge--180,Engel MT,,,,180,,,,1065,,,,,,,,,,,,,,,7000,,,,
EP PRODUCT,EP P--200,EP Product,,,,200,,,,827,,,,,,,,,,,,,,,2840,,,,
EP PRODUCT,EP P--218,EP Product,,,,218,,,,655,,,,,,,,,,,,,,,3600,,,,
EP PRODUCT,EP P--222,EP Product,,,,222,,,,565,,,,,,,,,,,,,,,3090,,,,
EP PRODUCT,EP P--240,EP Product,,,,240,,,,565,,,,,,,,,,,,,,,3380,,,,
EP PRODUCT,EP P--275,EP Product,,,,275,,,,741,,,,,,,,,,,,,,,2400,,,,
EP PRODUCT,EP P--278,EP Product,,,,278,,,,565,,,,,,,,,,,,,,,2880,,,,
EP PRODUCT,EP P--300,EP Product,,,,300,,,,396,,,,,,,,,,,,,,,1920,,,,
EP PRODUCT,EP P--305,EP Product,,,,305,,,,385,,,,,,,,,,,,,,,825,,,,
EP PRODUCT,EP P--385,EP Product,,,,385,,,,385,,,,,,,,,,,,,,,900,,,,
EP PRODUCT,EP P--390,EP Product,,,,390,,,,396,,,,,,,,,,,,,,,1630,,,,
EP PRODUCT,EP P--430,EP Product,,,,430,,,,253,,,,,,,,,,,,,,,1120,,,,
EP PRODUCT,EP P--430,EP Product,,,,430,,,,290,,,,,,,,,,,,,,,1330,,,,
EP PRODUCT,EP P--465,EP Product,,,,465,,,,285,,,,,,,,,,,,,,,780,,,,
EP PRODUCT,EP P--475,EP Product,,,,475,,,,385,,,,,,,,,,,,,,,900,,,,
EP PRODUCT,EP P--515,EP Product,,,,515,,,,285,,,,,,,,,,,,,,,780,,,,
EP PRODUCT,EP P--540,EP Product,,,,540,,,,290,,,,,,,,,,,,,,,1600,,,,
EP PRODUCT,EP P--550,EP Product,,,,550,,,,210,,,,,,,,,,,,,,,800,,,,
EP PRODUCT,EP P--560,EP Product,,,,560,,,,253,,,,,,,,,,,,,,,1000,,,,
EP PRODUCT,EP P--650,EP Product,,,,650,,,,285,,,,,,,,,,,,,,,825,,,,
EP PRODUCT,EP P--650,EP Product,,,,650,,,,253,,,,,,,,,,,,,,,1150,,,,
EP PRODUCT,EP P--700,EP Product,,,,700,,,,58,,,,,,,,,,,,,,,150,,,,
EP PRODUCT,EP P--700,EP Product,,,,700,,,,210,,,,,,,,,,,,,,,1020,,,,
EP PRODUCT,EP P--710,EP Product,,,,710,,,,290,,,,,,,,,,,,,,,1510,,,,
EP PRODUCT,EP P--740,EP Product,,,,740,,,,178,,,,,,,,,,,,,,,790,,,,
EP PRODUCT,EP P--760,EP Product,,,,760,,,,167,,,,,,,,,,,,,,,555,,,,
EP PRODUCT,EP P--760,EP Product,,,,760,,,,171,,,,,,,,,,,,,,,780,,,,
EP PRODUCT,EP P--780,EP Product,,,,780,,,,253,,,,,,,,,,,,,,,1380,,,,
EP PRODUCT,EP P--820,EP Product,,,,820,,,,141,,,,,,,,,,,,,,,480,,,,
EP PRODUCT,EP P--820,EP Product,,,,820,,,,210,,,,,,,,,,,,,,,1040,,,,
EP PRODUCT,EP P--840,EP Product,,,,840,,,,100,,,,,,,,,,,,,,,375,,,,
EP PRODUCT,EP P--840,EP Product,,,,840,,,,140,,,,,,,,,,,,,,,530,,,,
EP PRODUCT,EP P--850,EP Product,,,,850,,,,69,,,,,,,,,,,,,,,270,,,,
EP PRODUCT,EP P--850,EP Product,,,,850,,,,109,,,,,,,,,,,,,,,370,,,,
EP PRODUCT,EP P--860,EP Product,,,,860,,,,140,,,,,,,,,,,,,,,390,,,,
EP PRODUCT,EP P--900,EP Product,,,,900,,,,58,,,,,,,,,,,,,,,180,,,,
EP PRODUCT,EP P--920,EP Product,,,,920,,,,167,,,,,,,,,,,,,,,630,,,,
EP PRODUCT,EP P--930,EP Product,,,,930,,,,171,,,,,,,,,,,,,,,830,,,,
EP PRODUCT,EP P--950,EP Product,,,,950,,,,178,,,,,,,,,,,,,,,970,,,,
EP PRODUCT,EP P--960,EP Product,,,,960,,,,73,,,,,,,,,,,,,,,220,,,,
EP PRODUCT,EP P--970,EP Product,,,,970,,,,140,,,,,,,,,,,,,,,590,,,,
EP PRODUCT,EP P--980,EP Product,,,,980,,,,210,,,,,,,,,,,,,,,1110,,,,
EP PRODUCT,EP P--990,EP Product,,,,990,,,,140,,,,,,,,,,,,,,,555,,,,
EP PRODUCT,EP P--1000,EP Product,,,,1000,,,,141,,,,,,,,,,,,,,,590,,,,
EP PRODUCT,EP P--1035,EP Product,,,,1035,,,,100,,,,,,,,,,,,,,,450,,,,
EP PRODUCT,EP P--1050,EP Product,,,,1050,,,,69,,,,,,,,,,,,,,,330,,,,
EP PRODUCT,EP P--1050,EP Product,,,,1050,,,,109,,,,,,,,,,,,,,,450,,,,
EP PRODUCT,EP P--1100,EP Product,,,,1100,,,,178,,,,,,,,,,,,,,,830,,,,
EP PRODUCT,EP P--1130,EP Product,,,,1130,,,,167,,,,,,,,,,,,,,,825,,,,
EP PRODUCT,EP P--1130,EP Product,,,,1130,,,,171,,,,,,,,,,,,,,,810,,,,
EP PRODUCT,EP P--1170,EP Product,,,,1170,,,,140,,,,,,,,,,,,,,,660,,,,
EP PRODUCT,EP P--1180,EP Product,,,,1180,,,,46,,,,,,,,,,,,,,,120,,,,
EP PRODUCT,EP P--1180,EP Product,,,,1180,,,,47,,,,,,,,,,,,,,,130,,,,
EP PRODUCT,EP P--1180,EP Product,,,,1180,,,,73,,,,,,,,,,,,,,,265,,,,
EP PRODUCT,EP P--1200,EP Product,,,,1200,,,,72,,,,,,,,,,,,,,,330,,,,
EP PRODUCT,EP P--1200,EP Product,,,,1200,,,,140,,,,,,,,,,,,,,,630,,,,
EP PRODUCT,EP P--1200,EP Product,,,,1200,,,,81,,,,,,,,,,,,,,,330,,,,
EP PRODUCT,EP P--1200,EP Product,,,,1200,,,,141,,,,,,,,,,,,,,,620,,,,
EP PRODUCT,EP P--1280,EP Product,,,,1280,,,,58,,,,,,,,,,,,,,,240,,,,
EP PRODUCT,EP P--1390,EP Product,,,,1390,,,,100,,,,,,,,,,,,,,,525,,,,
EP PRODUCT,EP P--1390,EP Product,,,,1390,,,,109,,,,,,,,,,,,,,,600,,,,
EP PRODUCT,EP P--1400,EP Product,,,,1400,,,,24,,,,,,,,,,,,,,,113,,,,
EP PRODUCT,EP P--1400,EP Product,,,,1400,,,,69,,,,,,,,,,,,,,,450,,,,
EP PRODUCT,EP P--1400,EP Product,,,,1400,,,,24,,,,,,,,,,,,,,,113,,,,
EP PRODUCT,EP P--1450,EP Product,,,,1450,,,,81,,,,,,,,,,,,,,,240,,,,
EP PRODUCT,EP P--1450,EP Product,,,,1450,,,,140,,,,,,,,,,,,,,,810,,,,
EP PRODUCT,EP P--1470,EP Product,,,,1470,,,,46,,,,,,,,,,,,,,,165,,,,
EP PRODUCT,EP P--1470,EP Product,,,,1470,,,,171,,,,,,,,,,,,,,,720,,,,
EP PRODUCT,EP P--1500,EP Product,,,,1500,,,,18,,,,,,,,,,,,,,,105,,,,
EP PRODUCT,EP P--1500,EP Product,,,,1500,,,,72,,,,,,,,,,,,,,,330,,,,
EP PRODUCT,EP P--1500,EP Product,,,,1500,,,,140,,,,,,,,,,,,,,,825,,,,
EP PRODUCT,EP P--1530,EP Product,,,,1530,,,,15,,,,,,,,,,,,,,,45,,,,
EP PRODUCT,EP P--1540,EP Product,,,,1540,,,,18,,,,,,,,,,,,,,,80,,,,
EP PRODUCT,EP P--1550,EP Product,,,,1550,,,,2023-08-15 00:00:00,,,,,,,,,,,,,,,102,,,,
EP PRODUCT,EP P--1550,EP Product,,,,1550,,,,47,,,,,,,,,,,,,,,165,,,,
EP PRODUCT,EP P--1550,EP Product,,,,1550,,,,73,,,,,,,,,,,,,,,350,,,,
EP PRODUCT,EP P--1640,EP Product,,,,1640,,,,100,,,,,,,,,,,,,,,675,,,,
EP PRODUCT,EP P--1700,EP Product,,,,1700,,,,18,,,,,,,,,,,,,,,128,,,,
EP PRODUCT,EP P--1700,EP Product,,,,1700,,,,109,,,,,,,,,,,,,,,700,,,,
EP PRODUCT,EP P--1720,EP Product,,,,1720,,,,18,,,,,,,,,,,,,,,60,,,,
EP PRODUCT,EP P--1780,EP Product,,,,1780,,,,81,,,,,,,,,,,,,,,330,,,,
EP PRODUCT,EP P--1820,EP Product,,,,1820,,,,72,,,,,,,,,,,,,,,375,,,,
EP PRODUCT,EP P--1890,EP Product,,,,1890,,,,46,,,,,,,,,,,,,,,240,,,,
EP PRODUCT,EP P--1950,EP Product,,,,1950,,,,58,,,,,,,,,,,,,,,420,,,,
EP PRODUCT,EP P--2300,EP Product,,,,2300,,,,18,,,,,,,,,,,,,,,138,,,,
EP PRODUCT,EP P--2300,EP Product,,,,2300,,,,18,,,,,,,,,,,,,,,75,,,,
EPOWER X,ePow--305,ePower X,,,,305,,,,387,,,,,,,,,,,,,,,825,,,,
EPOWER X,ePow--385,ePower X,,,,385,,,,387,,,,,,,,,,,,,,,900,,,,
EPOWER X,ePow--430,ePower X,,,,430,,,,253,,,,,,,,,,,,,,,840,,,,
EPOWER X,ePow--465,ePower X,,,,465,,,,287,,,,,,,,,,,,,,,780,,,,
EPOWER X,ePow--475,ePower X,,,,475,,,,387,,,,,,,,,,,,,,,900,,,,
EPOWER X,ePow--515,ePower X,,,,515,,,,287,,,,,,,,,,,,,,,825,,,,
EPOWER X,ePow--550,ePower X,,,,550,,,,216,,,,,,,,,,,,,,,800,,,,
EPOWER X,ePow--560,ePower X,,,,560,,,,253,,,,,,,,,,,,,,,1000,,,,
EPOWER X,ePow--580,ePower X,,,,580,,,,287,,,,,,,,,,,,,,,825,,,,
EPOWER X,ePow--640,ePower X,,,,640,,,,76,,,,,,,,,,,,,,,300,,,,
EPOWER X,ePow--650,ePower X,,,,650,,,,253,,,,,,,,,,,,,,,960,,,,
EPOWER X,ePow--660,ePower X,,,,660,,,,287,,,,,,,,,,,,,,,825,,,,
EPOWER X,ePow--700,ePower X,,,,700,,,,216,,,,,,,,,,,,,,,850,,,,
EPOWER X,ePow--710,ePower X,,,,710,,,,59,,,,,,,,,,,,,,,150,,,,
EPOWER X,ePow--740,ePower X,,,,740,,,,178,,,,,,,,,,,,,,,530,,,,
EPOWER X,ePow--760,ePower X,,,,760,,,,167,,,,,,,,,,,,,,,555,,,,
EPOWER X,ePow--780,ePower X,,,,780,,,,253,,,,,,,,,,,,,,,1150,,,,
EPOWER X,ePow--800,ePower X,,,,800,,,,76,,,,,,,,,,,,,,,330,,,,
EPOWER X,ePow--820,ePower X,,,,820,,,,141,,,,,,,,,,,,,,,380,,,,
EPOWER X,ePow--820,ePower X,,,,820,,,,216,,,,,,,,,,,,,,,830,,,,
EPOWER X,ePow--840,ePower X,,,,840,,,,74,,,,,,,,,,,,,,,270,,,,
EPOWER X,ePow--840,ePower X,,,,840,,,,100,,,,,,,,,,,,,,,375,,,,
EPOWER X,ePow--860,ePower X,,,,860,,,,143,,,,,,,,,,,,,,,540,,,,
EPOWER X,ePow--920,ePower X,,,,920,,,,59,,,,,,,,,,,,,,,180,,,,
EPOWER X,ePow--920,ePower X,,,,920,,,,167,,,,,,,,,,,,,,,630,,,,
EPOWER X,ePow--950,ePower X,,,,950,,,,178,,,,,,,,,,,,,,,550,,,,
EPOWER X,ePow--980,ePower X,,,,980,,,,216,,,,,,,,,,,,,,,1100,,,,
EPOWER X,ePow--990,ePower X,,,,990,,,,143,,,,,,,,,,,,,,,555,,,,
EPOWER X,ePow--1000,ePower X,,,,1000,,,,141,,,,,,,,,,,,,,,470,,,,
EPOWER X,ePow--1035,ePower X,,,,1035,,,,100,,,,,,,,,,,,,,,450,,,,
EPOWER X,ePow--1050,ePower X,,,,1050,,,,74,,,,,,,,,,,,,,,330,,,,
EPOWER X,ePow--1080,ePower X,,,,1080,,,,76,,,,,,,,,,,,,,,540,,,,
EPOWER X,ePow--1100,ePower X,,,,1100,,,,47,,,,,,,,,,,,,,,120,,,,
EPOWER X,ePow--1100,ePower X,,,,1100,,,,178,,,,,,,,,,,,,,,670,,,,
EPOWER X,ePow--1150,ePower X,,,,1150,,,,59,,,,,,,,,,,,,,,240,,,,
EPOWER X,ePow--1190,ePower X,,,,1190,,,,75,,,,,,,,,,,,,,,330,,,,
EPOWER X,ePow--1200,ePower X,,,,1200,,,,143,,,,,,,,,,,,,,,630,,,,
EPOWER X,ePow--1200,ePower X,,,,1200,,,,141,,,,,,,,,,,,,,,620,,,,
EPOWER X,ePow--1300,ePower X,,,,1300,,,,76,,,,,,,,,,,,,,,510,,,,
EPOWER X,ePow--1380,ePower X,,,,1380,,,,74,,,,,,,,,,,,,,,360,,,,
EPOWER X,ePow--1390,ePower X,,,,1390,,,,100,,,,,,,,,,,,,,,525,,,,
EPOWER X,ePow--1400,ePower X,,,,1400,,,,24,,,,,,,,,,,,,,,150,,,,
EPOWER X,ePow--1420,ePower X,,,,1420,,,,47,,,,,,,,,,,,,,,165,,,,
EPOWER X,ePow--1490,ePower X,,,,1490,,,,75,,,,,,,,,,,,,,,330,,,,
EPOWER X,ePow--1500,ePower X,,,,1500,,,,18,,,,,,,,,,,,,,,105,,,,
EPOWER X,ePow--1550,ePower X,,,,1550,,,,16,,,,,,,,,,,,,,,102,,,,
EPOWER X,ePow--1700,ePower X,,,,1700,,,,18,,,,,,,,,,,,,,,128,,,,
EPOWER X,ePow--1840,ePower X,,,,1840,,,,47,,,,,,,,,,,,,,,240,,,,
EPOWER X,ePow--2300,ePower X,,,,2300,,,,18,,,,,,,,,,,,,,,138,,,,
EPOWER X,ePow--3000,ePower X,,,,3000,,,,74,,,,,,,,,,,,,,,510,,,,
ESPRIT MODEL,Espr--105,Esprit Model,,,,105,,,,2400,,,,,,,,,,,,,,,9800,,,,
ESPRIT MODEL,Espr--125,Esprit Model,,,,125,,,,2400,,,,,,,,,,,,,,,9800,,,,
ESPRIT MODEL,Espr--135,Esprit Model,,,,135,,,,1850,,,,,,,,,,,,,,,8500,,,,
ESPRIT MODEL,Espr--140,Esprit Model,,,,140,,,,1450,,,,,,,,,,,,,,,5500,,,,
ESPRIT MODEL,Espr--160,Esprit Model,,,,160,,,,1450,,,,,,,,,,,,,,,5500,,,,
ESPRIT MODEL,Espr--160,Esprit Model,,,,160,,,,1850,,,,,,,,,,,,,,,9000,,,,
ESPRIT MODEL,Espr--165,Esprit Model,,,,165,,,,1200,,,,,,,,,,,,,,,7000,,,,
ESPRIT MODEL,Espr--170,Esprit Model,,,,170,,,,995,,,,,,,,,,,,,,,5500,,,,
ESPRIT MODEL,Espr--185,Esprit Model,,,,185,,,,1850,,,,,,,,,,,,,,,9000,,,,
ESPRIT MODEL,Espr--185,Esprit Model,,,,185,,,,995,,,,,,,,,,,,,,,5500,,,,
ESPRIT MODEL,Espr--185,Esprit Model,,,,185,,,,1200,,,,,,,,,,,,,,,7000,,,,
ESPRIT MODEL,Espr--195,Esprit Model,,,,195,,,,1075,,,,,,,,,,,,,,,6250,,,,
ESPRIT MODEL,Espr--200,Esprit Model,,,,200,,,,695,,,,,,,,,,,,,,,2600,,,,
ESPRIT MODEL,Espr--210,Esprit Model,,,,210,,,,825,,,,,,,,,,,,,,,4000,,,,
ESPRIT MODEL,Espr--215,Esprit Model,,,,215,,,,975,,,,,,,,,,,,,,,5759,,,,
ESPRIT MODEL,Espr--215,Esprit Model,,,,215,,,,1200,,,,,,,,,,,,,,,6000,,,,
ESPRIT MODEL,Espr--220,Esprit Model,,,,220,,,,825,,,,,,,,,,,,,,,3700,,,,
ESPRIT MODEL,Espr--310,Esprit Model,,,,310,,,,450,,,,,,,,,,,,,,,2200,,,,
ESPRIT MODEL,Espr--320,Esprit Model,,,,320,,,,640,,,,,,,,,,,,,,,2950,,,,
ESPRIT MODEL,Espr--345,Esprit Model,,,,345,,,,495,,,,,,,,,,,,,,,2500,,,,
ESPRIT MODEL,Espr--390,Esprit Model,,,,390,,,,460,,,,,,,,,,,,,,,2200,,,,
ESPRIT MODEL,Espr--415,Esprit Model,,,,415,,,,495,,,,,,,,,,,,,,,2000,,,,
ESPRIT MODEL,Espr--430,Esprit Model,,,,430,,,,450,,,,,,,,,,,,,,,1850,,,,
ESPRIT MODEL,Espr--435,Esprit Model,,,,435,,,,640,,,,,,,,,,,,,,,2100,,,,
ESPRIT MODEL,Espr--500,Esprit Model,,,,500,,,,460,,,,,,,,,,,,,,,1850,,,,
ESPRIT MODEL,Espr--510,Esprit Model,,,,510,,,,350,,,,,,,,,,,,,,,1650,,,,
ESPRIT MODEL,Espr--515,Esprit Model,,,,515,,,,365,,,,,,,,,,,,,,,1450,,,,
EXCEED RC,Exce--245,Exceed RC,,,,245,,,,645,,,,,,,,,,,,,,,2700,,,,
EXCEED RC,Exce--295,Exceed RC,,,,295,,,,480,,,,,,,,,,,,,,,2000,,,,
EXCEED RC,Exce--400,Exceed RC,,,,400,,,,420,,,,,,,,,,,,,,,1200,,,,
EXCEED RC,Exce--400,Exceed RC,,,,400,,,,292,,,,,,,,,,,,,,,1450,,,,
EXCEED RC,Exce--465,Exceed RC,,,,465,,,,292,,,,,,,,,,,,,,,1600,,,,
EXCEED RC,Exce--515,Exceed RC,,,,515,,,,292,,,,,,,,,,,,,,,1700,,,,
EXCEED RC,Exce--600,Exceed RC,,,,600,,,,145,,,,,,,,,,,,,,,300,,,,
EXCEED RC,Exce--660,Exceed RC,,,,660,,,,292,,,,,,,,,,,,,,,1850,,,,
EXCEED RC,Exce--670,Exceed RC,,,,670,,,,310,,,,,,,,,,,,,,,800,,,,
EXCEED RC,Exce--710,Exceed RC,,,,710,,,,60,,,,,,,,,,,,,,,160,,,,
EXCEED RC,Exce--740,Exceed RC,,,,740,,,,60,,,,,,,,,,,,,,,100,,,,
EXCEED RC,Exce--740,Exceed RC,,,,740,,,,60,,,,,,,,,,,,,,,160,,,,
EXCEED RC,Exce--750,Exceed RC,,,,750,,,,75,,,,,,,,,,,,,,,130,,,,
EXCEED RC,Exce--750,Exceed RC,,,,750,,,,115,,,,,,,,,,,,,,,280,,,,
EXCEED RC,Exce--760,Exceed RC,,,,760,,,,170,,,,,,,,,,,,,,,380,,,,
EXCEED RC,Exce--770,Exceed RC,,,,770,,,,210,,,,,,,,,,,,,,,700,,,,
EXCEED RC,Exce--800,Exceed RC,,,,800,,,,60,,,,,,,,,,,,,,,180,,,,
EXCEED RC,Exce--800,Exceed RC,,,,800,,,,223,,,,,,,,,,,,,,,1100,,,,
EXCEED RC,Exce--840,Exceed RC,,,,840,,,,75,,,,,,,,,,,,,,,100,,,,
EXCEED RC,Exce--840,Exceed RC,,,,840,,,,115,,,,,,,,,,,,,,,300,,,,
EXCEED RC,Exce--850,Exceed RC,,,,850,,,,170,,,,,,,,,,,,,,,400,,,,
EXCEED RC,Exce--860,Exceed RC,,,,860,,,,145,,,,,,,,,,,,,,,330,,,,
EXCEED RC,Exce--870,Exceed RC,,,,870,,,,170,,,,,,,,,,,,,,,550,,,,
EXCEED RC,Exce--890,Exceed RC,,,,890,,,,69,,,,,,,,,,,,,,,175,,,,
EXCEED RC,Exce--890,Exceed RC,,,,890,,,,75,,,,,,,,,,,,,,,150,,,,
EXCEED RC,Exce--900,Exceed RC,,,,900,,,,223,,,,,,,,,,,,,,,1200,,,,
EXCEED RC,Exce--910,Exceed RC,,,,910,,,,110,,,,,,,,,,,,,,,250,,,,
EXCEED RC,Exce--910,Exceed RC,,,,910,,,,75,,,,,,,,,,,,,,,150,,,,
EXCEED RC,Exce--910,Exceed RC,,,,910,,,,115,,,,,,,,,,,,,,,330,,,,
EXCEED RC,Exce--920,Exceed RC,,,,920,,,,60,,,,,,,,,,,,,,,140,,,,
EXCEED RC,Exce--920,Exceed RC,,,,920,,,,60,,,,,,,,,,,,,,,260,,,,
EXCEED RC,Exce--930,Exceed RC,,,,930,,,,170,,,,,,,,,,,,,,,420,,,,
EXCEED RC,Exce--950,Exceed RC,,,,950,,,,170,,,,,,,,,,,,,,,425,,,,
EXCEED RC,Exce--950,Exceed RC,,,,950,,,,145,,,,,,,,,,,,,,,360,,,,
EXCEED RC,Exce--950,Exceed RC,,,,950,,,,170,,,,,,,,,,,,,,,440,,,,
EXCEED RC,Exce--990,Exceed RC,,,,990,,,,145,,,,,,,,,,,,,,,350,,,,
EXCEED RC,Exce--1000,Exceed RC,,,,1000,,,,145,,,,,,,,,,,,,,,370,,,,
EXCEED RC,Exce--1020,Exceed RC,,,,1020,,,,110,,,,,,,,,,,,,,,275,,,,
EXCEED RC,Exce--1020,Exceed RC,,,,1020,,,,75,,,,,,,,,,,,,,,150,,,,
EXCEED RC,Exce--1020,Exceed RC,,,,1020,,,,115,,,,,,,,,,,,,,,300,,,,
EXCEED RC,Exce--1035,Exceed RC,,,,1035,,,,115,,,,,,,,,,,,,,,300,,,,
EXCEED RC,Exce--1050,Exceed RC,,,,1050,,,,33,,,,,,,,,,,,,,,80,,,,
EXCEED RC,Exce--1050,Exceed RC,,,,1050,,,,60,,,,,,,,,,,,,,,280,,,,
EXCEED RC,Exce--1050,Exceed RC,,,,1050,,,,75,,,,,,,,,,,,,,,150,,,,
EXCEED RC,Exce--1050,Exceed RC,,,,1050,,,,223,,,,,,,,,,,,,,,1300,,,,
EXCEED RC,Exce--1080,Exceed RC,,,,1080,,,,50,,,,,,,,,,,,,,,110,,,,
EXCEED RC,Exce--1080,Exceed RC,,,,1080,,,,50,,,,,,,,,,,,,,,150,,,,
EXCEED RC,Exce--1100,Exceed RC,,,,1100,,,,140,,,,,,,,,,,,,,,375,,,,
EXCEED RC,Exce--1100,Exceed RC,,,,1100,,,,33,,,,,,,,,,,,,,,80,,,,
EXCEED RC,Exce--1100,Exceed RC,,,,1100,,,,50,,,,,,,,,,,,,,,150,,,,
EXCEED RC,Exce--1100,Exceed RC,,,,1100,,,,90,,,,,,,,,,,,,,,280,,,,
EXCEED RC,Exce--1100,Exceed RC,,,,1100,,,,115,,,,,,,,,,,,,,,350,,,,
EXCEED RC,Exce--1100,Exceed RC,,,,1100,,,,145,,,,,,,,,,,,,,,380,,,,
EXCEED RC,Exce--1130,Exceed RC,,,,1130,,,,170,,,,,,,,,,,,,,,430,,,,
EXCEED RC,Exce--1150,Exceed RC,,,,1150,,,,60,,,,,,,,,,,,,,,280,,,,
EXCEED RC,Exce--1190,Exceed RC,,,,1190,,,,90,,,,,,,,,,,,,,,300,,,,
EXCEED RC,Exce--1200,Exceed RC,,,,1200,,,,50,,,,,,,,,,,,,,,140,,,,
EXCEED RC,Exce--1200,Exceed RC,,,,1200,,,,33,,,,,,,,,,,,,,,85,,,,
EXCEED RC,Exce--1200,Exceed RC,,,,1200,,,,50,,,,,,,,,,,,,,,160,,,,
EXCEED RC,Exce--1200,Exceed RC,,,,1200,,,,115,,,,,,,,,,,,,,,380,,,,
EXCEED RC,Exce--1200,Exceed RC,,,,1200,,,,145,,,,,,,,,,,,,,,380,,,,
EXCEED RC,Exce--1250,Exceed RC,,,,1250,,,,145,,,,,,,,,,,,,,,400,,,,
EXCEED RC,Exce--1300,Exceed RC,,,,1300,,,,60,,,,,,,,,,,,,,,300,,,,
EXCEED RC,Exce--1300,Exceed RC,,,,1300,,,,115,,,,,,,,,,,,,,,400,,,,
EXCEED RC,Exce--1300,Exceed RC,,,,1300,,,,223,,,,,,,,,,,,,,,1300,,,,
EXCEED RC,Exce--1360,Exceed RC,,,,1360,,,,50,,,,,,,,,,,,,,,150,,,,
EXCEED RC,Exce--1360,Exceed RC,,,,1360,,,,50,,,,,,,,,,,,,,,180,,,,
EXCEED RC,Exce--1380,Exceed RC,,,,1380,,,,35,,,,,,,,,,,,,,,85,,,,
EXCEED RC,Exce--1380,Exceed RC,,,,1380,,,,75,,,,,,,,,,,,,,,225,,,,
EXCEED RC,Exce--1390,Exceed RC,,,,1390,,,,115,,,,,,,,,,,,,,,350,,,,
EXCEED RC,Exce--1400,Exceed RC,,,,1400,,,,33,,,,,,,,,,,,,,,90,,,,
EXCEED RC,Exce--1400,Exceed RC,,,,1400,,,,90,,,,,,,,,,,,,,,380,,,,
EXCEED RC,Exce--1420,Exceed RC,,,,1420,,,,50,,,,,,,,,,,,,,,160,,,,
EXCEED RC,Exce--1450,Exceed RC,,,,1450,,,,115,,,,,,,,,,,,,,,400,,,,
EXCEED RC,Exce--1490,Exceed RC,,,,1490,,,,90,,,,,,,,,,,,,,,380,,,,
EXCEED RC,Exce--1500,Exceed RC,,,,1500,,,,33,,,,,,,,,,,,,,,110,,,,
EXCEED RC,Exce--1500,Exceed RC,,,,1500,,,,60,,,,,,,,,,,,,,,300,,,,
EXCEED RC,Exce--1500,Exceed RC,,,,1500,,,,75,,,,,,,,,,,,,,,300,,,,
EXCEED RC,Exce--1500,Exceed RC,,,,1500,,,,145,,,,,,,,,,,,,,,450,,,,
EXCEED RC,Exce--1500,Exceed RC,,,,1500,,,,170,,,,,,,,,,,,,,,500,,,,
EXCEED RC,Exce--1600,Exceed RC,,,,1600,,,,33,,,,,,,,,,,,,,,110,,,,
EXCEED RC,Exce--1640,Exceed RC,,,,1640,,,,115,,,,,,,,,,,,,,,400,,,,
EXCEED RC,Exce--1650,Exceed RC,,,,1650,,,,50,,,,,,,,,,,,,,,200,,,,
EXCEED RC,Exce--1700,Exceed RC,,,,1700,,,,60,,,,,,,,,,,,,,,350,,,,
EXCEED RC,Exce--1700,Exceed RC,,,,1700,,,,90,,,,,,,,,,,,,,,400,,,,
EXCEED RC,Exce--1720,Exceed RC,,,,1720,,,,33,,,,,,,,,,,,,,,120,,,,
EXCEED RC,Exce--1800,Exceed RC,,,,1800,,,,33,,,,,,,,,,,,,,,125,,,,
EXCEED RC,Exce--1820,Exceed RC,,,,1820,,,,50,,,,,,,,,,,,,,,180,,,,
EXCEED RC,Exce--1820,Exceed RC,,,,1820,,,,90,,,,,,,,,,,,,,,400,,,,
EXCEED RC,Exce--1880,Exceed RC,,,,1880,,,,75,,,,,,,,,,,,,,,360,,,,
EXCEED RC,Exce--1950,Exceed RC,,,,1950,,,,60,,,,,,,,,,,,,,,380,,,,
EXCEED RC,Exce--2200,Exceed RC,,,,2200,,,,25,,,,,,,,,,,,,,,55,,,,
EXCEED RC,Exce--2300,Exceed RC,,,,2300,,,,33,,,,,,,,,,,,,,,145,,,,
EXCEED RC,Exce--2850,Exceed RC,,,,2850,,,,115,,,,,,,,,,,,,,,300,,,,
EXCEED RC,Exce--3000,Exceed RC,,,,3000,,,,61,,,,,,,,,,,,,,,240,,,,
EXCEED RC,Exce--3400,Exceed RC,,,,3400,,,,62,,,,,,,,,,,,,,,350,,,,
EXCEED RC,Exce--3500,Exceed RC,,,,3500,,,,60,,,,,,,,,,,,,,,225,,,,
EXCEED RC,Exce--3600,Exceed RC,,,,3600,,,,48,,,,,,,,,,,,,,,100,,,,
EXCEED RC,Exce--3700,Exceed RC,,,,3700,,,,68,,,,,,,,,,,,,,,200,,,,
EXCEED RC,Exce--4100,Exceed RC,,,,4100,,,,48,,,,,,,,,,,,,,,140,,,,
EXCEED RC,Exce--4200,Exceed RC,,,,4200,,,,68,,,,,,,,,,,,,,,225,,,,
EXCEED RC,Exce--5400,Exceed RC,,,,5400,,,,48,,,,,,,,,,,,,,,125,,,,
EXTREME FLIGHT,Extr--190,Extreme Flight,,,,190,,,,1168,,,,,,,,,,,,,,,6000,,,,
EXTREME FLIGHT,Extr--200,Extreme Flight,,,,200,,,,871,,,,,,,,,,,,,,,4100,,,,
EXTREME FLIGHT,Extr--214,Extreme Flight,,,,214,,,,536,,,,,,,,,,,,,,,3000,,,,
EXTREME FLIGHT,Extr--221,Extreme Flight,,,,221,,,,774,,,,,,,,,,,,,,,3500,,,,
EXTRON,Extr--715,Extron,,,,715,,,,175.3,,,,,,,,,,,,,,,525,,,,
EXTRON,Extr--782,Extron,,,,782,,,,142.5,,,,,,,,,,,,,,,465,,,,
EXTRON,Extr--787,Extron,,,,787,,,,84.1,,,,,,,,,,,,,,,270,,,,
EXTRON,Extr--793,Extron,,,,793,,,,109.6,,,,,,,,,,,,,,,360,,,,
EXTRON,Extr--860,Extron,,,,860,,,,173,,,,,,,,,,,,,,,600,,,,
EXTRON,Extr--909,Extron,,,,909,,,,143.5,,,,,,,,,,,,,,,525,,,,
EXTRON,Extr--918,Extron,,,,918,,,,72.8,,,,,,,,,,,,,,,270,,,,
EXTRON,Extr--980,Extron,,,,980,,,,84.3,,,,,,,,,,,,,,,315,,,,
EXTRON,Extr--986,Extron,,,,986,,,,111.3,,,,,,,,,,,,,,,420,,,,
EXTRON,Extr--1009,Extron,,,,1009,,,,55.2,,,,,,,,,,,,,,,210,,,,
EXTRON,Extr--1069,Extron,,,,1069,,,,174.3,,,,,,,,,,,,,,,675,,,,
EXTRON,Extr--1093,Extron,,,,1093,,,,142.5,,,,,,,,,,,,,,,600,,,,
EXTRON,Extr--1137,Extron,,,,1137,,,,42.4,,,,,,,,,,,,,,,180,,,,
EXTRON,Extr--1138,Extron,,,,1138,,,,72.7,,,,,,,,,,,,,,,315,,,,
EXTRON,Extr--1155,Extron,,,,1155,,,,80.5,,,,,,,,,,,,,,,300,,,,
EXTRON,Extr--1272,Extron,,,,1272,,,,85.1,,,,,,,,,,,,,,,405,,,,
EXTRON,Extr--1299,Extron,,,,1299,,,,112.4,,,,,,,,,,,,,,,510,,,,
EXTRON,Extr--1306,Extron,,,,1306,,,,57.8,,,,,,,,,,,,,,,270,,,,
EXTRON,Extr--1366,Extron,,,,1366,,,,80.9,,,,,,,,,,,,,,,360,,,,
EXTRON,Extr--1466,Extron,,,,1466,,,,43.1,,,,,,,,,,,,,,,225,,,,
EXTRON,Extr--1522,Extron,,,,1522,,,,73.6,,,,,,,,,,,,,,,405,,,,
EXTRON,Extr--1680,Extron,,,,1680,,,,81.9,,,,,,,,,,,,,,,420,,,,
EXTRON,Extr--1846,Extron,,,,1846,,,,45.3,,,,,,,,,,,,,,,285,,,,
EXTRON,Extr--2048,Extron,,,,2048,,,,58.2,,,,,,,,,,,,,,,405,,,,
FAIGAO,Faig--490,Faigao,,,,490,,,,375,,,,,,,,,,,,,,,285,,,,
FAIGAO,Faig--505,Faigao,,,,505,,,,375,,,,,,,,,,,,,,,300,,,,
FAIGAO,Faig--521,Faigao,,,,521,,,,375,,,,,,,,,,,,,,,315,,,,
FAIGAO,Faig--538,Faigao,,,,538,,,,375,,,,,,,,,,,,,,,315,,,,
FAIGAO,Faig--556,Faigao,,,,556,,,,375,,,,,,,,,,,,,,,330,,,,
FAIGAO,Faig--575,Faigao,,,,575,,,,375,,,,,,,,,,,,,,,345,,,,
FAIGAO,Faig--596,Faigao,,,,596,,,,375,,,,,,,,,,,,,,,360,,,,
FAIGAO,Faig--618,Faigao,,,,618,,,,375,,,,,,,,,,,,,,,375,,,,
FAIGAO,Faig--641,Faigao,,,,641,,,,375,,,,,,,,,,,,,,,390,,,,
FAIGAO,Faig--667,Faigao,,,,667,,,,375,,,,,,,,,,,,,,,405,,,,
FAIGAO,Faig--683,Faigao,,,,683,,,,220,,,,,,,,,,,,,,,180,,,,
FAIGAO,Faig--695,Faigao,,,,695,,,,375,,,,,,,,,,,,,,,420,,,,
FAIGAO,Faig--704,Faigao,,,,704,,,,220,,,,,,,,,,,,,,,195,,,,
FAIGAO,Faig--723,Faigao,,,,723,,,,290,,,,,,,,,,,,,,,270,,,,
FAIGAO,Faig--725,Faigao,,,,725,,,,375,,,,,,,,,,,,,,,435,,,,
FAIGAO,Faig--726,Faigao,,,,726,,,,220,,,,,,,,,,,,,,,195,,,,
FAIGAO,Faig--745,Faigao,,,,745,,,,290,,,,,,,,,,,,,,,285,,,,
FAIGAO,Faig--749,Faigao,,,,749,,,,220,,,,,,,,,,,,,,,210,,,,
FAIGAO,Faig--758,Faigao,,,,758,,,,375,,,,,,,,,,,,,,,450,,,,
FAIGAO,Faig--768,Faigao,,,,768,,,,290,,,,,,,,,,,,,,,285,,,,
FAIGAO,Faig--774,Faigao,,,,774,,,,220,,,,,,,,,,,,,,,210,,,,
FAIGAO,Faig--793,Faigao,,,,793,,,,290,,,,,,,,,,,,,,,300,,,,
FAIGAO,Faig--794,Faigao,,,,794,,,,375,,,,,,,,,,,,,,,480,,,,
FAIGAO,Faig--801,Faigao,,,,801,,,,220,,,,,,,,,,,,,,,225,,,,
FAIGAO,Faig--819,Faigao,,,,819,,,,290,,,,,,,,,,,,,,,300,,,,
FAIGAO,Faig--829,Faigao,,,,829,,,,220,,,,,,,,,,,,,,,225,,,,
FAIGAO,Faig--834,Faigao,,,,834,,,,375,,,,,,,,,,,,,,,495,,,,
FAIGAO,Faig--847,Faigao,,,,847,,,,290,,,,,,,,,,,,,,,315,,,,
FAIGAO,Faig--850,Faigao,,,,850,,,,180,,,,,,,,,,,,,,,180,,,,
FAIGAO,Faig--860,Faigao,,,,860,,,,220,,,,,,,,,,,,,,,240,,,,
FAIGAO,Faig--876,Faigao,,,,876,,,,180,,,,,,,,,,,,,,,180,,,,
FAIGAO,Faig--878,Faigao,,,,878,,,,290,,,,,,,,,,,,,,,330,,,,
FAIGAO,Faig--878,Faigao,,,,878,,,,375,,,,,,,,,,,,,,,525,,,,
FAIGAO,Faig--893,Faigao,,,,893,,,,220,,,,,,,,,,,,,,,240,,,,
FAIGAO,Faig--903,Faigao,,,,903,,,,180,,,,,,,,,,,,,,,195,,,,
FAIGAO,Faig--910,Faigao,,,,910,,,,290,,,,,,,,,,,,,,,345,,,,
FAIGAO,Faig--926,Faigao,,,,926,,,,375,,,,,,,,,,,,,,,555,,,,
FAIGAO,Faig--929,Faigao,,,,929,,,,220,,,,,,,,,,,,,,,255,,,,
FAIGAO,Faig--932,Faigao,,,,932,,,,180,,,,,,,,,,,,,,,195,,,,
FAIGAO,Faig--945,Faigao,,,,945,,,,290,,,,,,,,,,,,,,,360,,,,
FAIGAO,Faig--963,Faigao,,,,963,,,,180,,,,,,,,,,,,,,,210,,,,
FAIGAO,Faig--968,Faigao,,,,968,,,,220,,,,,,,,,,,,,,,270,,,,
FAIGAO,Faig--981,Faigao,,,,981,,,,375,,,,,,,,,,,,,,,585,,,,
FAIGAO,Faig--983,Faigao,,,,983,,,,290,,,,,,,,,,,,,,,375,,,,
FAIGAO,Faig--997,Faigao,,,,997,,,,180,,,,,,,,,,,,,,,210,,,,
FAIGAO,Faig--1010,Faigao,,,,1010,,,,220,,,,,,,,,,,,,,,270,,,,
FAIGAO,Faig--1024,Faigao,,,,1024,,,,290,,,,,,,,,,,,,,,390,,,,
FAIGAO,Faig--1032,Faigao,,,,1032,,,,180,,,,,,,,,,,,,,,225,,,,
FAIGAO,Faig--1042,Faigao,,,,1042,,,,375,,,,,,,,,,,,,,,615,,,,
FAIGAO,Faig--1050,Faigao,,,,1050,,,,230,,,,,,,,,,,,,,,285,,,,
FAIGAO,Faig--1056,Faigao,,,,1056,,,,220,,,,,,,,,,,,,,,285,,,,
FAIGAO,Faig--1068,Faigao,,,,1068,,,,290,,,,,,,,,,,,,,,405,,,,
FAIGAO,Faig--1070,Faigao,,,,1070,,,,180,,,,,,,,,,,,,,,225,,,,
FAIGAO,Faig--1082,Faigao,,,,1082,,,,230,,,,,,,,,,,,,,,300,,,,
FAIGAO,Faig--1106,Faigao,,,,1106,,,,220,,,,,,,,,,,,,,,300,,,,
FAIGAO,Faig--1112,Faigao,,,,1112,,,,180,,,,,,,,,,,,,,,240,,,,
FAIGAO,Faig--1112,Faigao,,,,1112,,,,375,,,,,,,,,,,,,,,660,,,,
FAIGAO,Faig--1116,Faigao,,,,1116,,,,230,,,,,,,,,,,,,,,300,,,,
FAIGAO,Faig--1117,Faigao,,,,1117,,,,290,,,,,,,,,,,,,,,420,,,,
FAIGAO,Faig--1152,Faigao,,,,1152,,,,230,,,,,,,,,,,,,,,315,,,,
FAIGAO,Faig--1156,Faigao,,,,1156,,,,180,,,,,,,,,,,,,,,240,,,,
FAIGAO,Faig--1161,Faigao,,,,1161,,,,140,,,,,,,,,,,,,,,180,,,,
FAIGAO,Faig--1161,Faigao,,,,1161,,,,220,,,,,,,,,,,,,,,315,,,,
FAIGAO,Faig--1170,Faigao,,,,1170,,,,290,,,,,,,,,,,,,,,435,,,,
FAIGAO,Faig--1183,Faigao,,,,1183,,,,230,,,,,,,,,,,,,,,330,,,,
FAIGAO,Faig--1191,Faigao,,,,1191,,,,375,,,,,,,,,,,,,,,705,,,,
FAIGAO,Faig--1196,Faigao,,,,1196,,,,140,,,,,,,,,,,,,,,180,,,,
FAIGAO,Faig--1204,Faigao,,,,1204,,,,180,,,,,,,,,,,,,,,255,,,,
FAIGAO,Faig--1222,Faigao,,,,1222,,,,220,,,,,,,,,,,,,,,330,,,,
FAIGAO,Faig--1224,Faigao,,,,1224,,,,230,,,,,,,,,,,,,,,330,,,,
FAIGAO,Faig--1229,Faigao,,,,1229,,,,290,,,,,,,,,,,,,,,465,,,,
FAIGAO,Faig--1234,Faigao,,,,1234,,,,140,,,,,,,,,,,,,,,195,,,,
FAIGAO,Faig--1257,Faigao,,,,1257,,,,180,,,,,,,,,,,,,,,270,,,,
FAIGAO,Faig--1268,Faigao,,,,1268,,,,230,,,,,,,,,,,,,,,345,,,,
FAIGAO,Faig--1273,Faigao,,,,1273,,,,140,,,,,,,,,,,,,,,195,,,,
FAIGAO,Faig--1283,Faigao,,,,1283,,,,375,,,,,,,,,,,,,,,765,,,,
FAIGAO,Faig--1290,Faigao,,,,1290,,,,220,,,,,,,,,,,,,,,360,,,,
FAIGAO,Faig--1293,Faigao,,,,1293,,,,290,,,,,,,,,,,,,,,480,,,,
FAIGAO,Faig--1314,Faigao,,,,1314,,,,180,,,,,,,,,,,,,,,285,,,,
FAIGAO,Faig--1314,Faigao,,,,1314,,,,230,,,,,,,,,,,,,,,360,,,,
FAIGAO,Faig--1316,Faigao,,,,1316,,,,140,,,,,,,,,,,,,,,210,,,,
FAIGAO,Faig--1361,Faigao,,,,1361,,,,140,,,,,,,,,,,,,,,210,,,,
FAIGAO,Faig--1365,Faigao,,,,1365,,,,290,,,,,,,,,,,,,,,510,,,,
FAIGAO,Faig--1365,Faigao,,,,1365,,,,230,,,,,,,,,,,,,,,375,,,,
FAIGAO,Faig--1366,Faigao,,,,1366,,,,220,,,,,,,,,,,,,,,375,,,,
FAIGAO,Faig--1376,Faigao,,,,1376,,,,180,,,,,,,,,,,,,,,300,,,,
FAIGAO,Faig--1390,Faigao,,,,1390,,,,375,,,,,,,,,,,,,,,825,,,,
FAIGAO,Faig--1410,Faigao,,,,1410,,,,140,,,,,,,,,,,,,,,225,,,,
FAIGAO,Faig--1415,Faigao,,,,1415,,,,60,,,,,,,,,,,,,,,90,,,,
FAIGAO,Faig--1420,Faigao,,,,1420,,,,230,,,,,,,,,,,,,,,390,,,,
FAIGAO,Faig--1445,Faigao,,,,1445,,,,180,,,,,,,,,,,,,,,315,,,,
FAIGAO,Faig--1446,Faigao,,,,1446,,,,290,,,,,,,,,,,,,,,540,,,,
FAIGAO,Faig--1450,Faigao,,,,1450,,,,60,,,,,,,,,,,,,,,90,,,,
FAIGAO,Faig--1451,Faigao,,,,1451,,,,220,,,,,,,,,,,,,,,405,,,,
FAIGAO,Faig--1462,Faigao,,,,1462,,,,140,,,,,,,,,,,,,,,225,,,,
FAIGAO,Faig--1479,Faigao,,,,1479,,,,230,,,,,,,,,,,,,,,405,,,,
FAIGAO,Faig--1487,Faigao,,,,1487,,,,60,,,,,,,,,,,,,,,90,,,,
FAIGAO,Faig--1516,Faigao,,,,1516,,,,375,,,,,,,,,,,,,,,900,,,,
FAIGAO,Faig--1518,Faigao,,,,1518,,,,140,,,,,,,,,,,,,,,240,,,,
FAIGAO,Faig--1521,Faigao,,,,1521,,,,180,,,,,,,,,,,,,,,330,,,,
FAIGAO,Faig--1526,Faigao,,,,1526,,,,60,,,,,,,,,,,,,,,90,,,,
FAIGAO,Faig--1536,Faigao,,,,1536,,,,290,,,,,,,,,,,,,,,570,,,,
FAIGAO,Faig--1543,Faigao,,,,1543,,,,230,,,,,,,,,,,,,,,420,,,,
FAIGAO,Faig--1548,Faigao,,,,1548,,,,220,,,,,,,,,,,,,,,420,,,,
FAIGAO,Faig--1568,Faigao,,,,1568,,,,60,,,,,,,,,,,,,,,90,,,,
FAIGAO,Faig--1579,Faigao,,,,1579,,,,140,,,,,,,,,,,,,,,240,,,,
FAIGAO,Faig--1606,Faigao,,,,1606,,,,180,,,,,,,,,,,,,,,345,,,,
FAIGAO,Faig--1611,Faigao,,,,1611,,,,60,,,,,,,,,,,,,,,105,,,,
FAIGAO,Faig--1613,Faigao,,,,1613,,,,230,,,,,,,,,,,,,,,450,,,,
FAIGAO,Faig--1638,Faigao,,,,1638,,,,290,,,,,,,,,,,,,,,615,,,,
FAIGAO,Faig--1645,Faigao,,,,1645,,,,140,,,,,,,,,,,,,,,255,,,,
FAIGAO,Faig--1657,Faigao,,,,1657,,,,60,,,,,,,,,,,,,,,105,,,,
FAIGAO,Faig--1659,Faigao,,,,1659,,,,220,,,,,,,,,,,,,,,450,,,,
FAIGAO,Faig--1668,Faigao,,,,1668,,,,375,,,,,,,,,,,,,,,990,,,,
FAIGAO,Faig--1690,Faigao,,,,1690,,,,230,,,,,,,,,,,,,,,465,,,,
FAIGAO,Faig--1700,Faigao,,,,1700,,,,180,,,,,,,,,,,,,,,360,,,,
FAIGAO,Faig--1706,Faigao,,,,1706,,,,60,,,,,,,,,,,,,,,105,,,,
FAIGAO,Faig--1716,Faigao,,,,1716,,,,140,,,,,,,,,,,,,,,270,,,,
FAIGAO,Faig--1755,Faigao,,,,1755,,,,290,,,,,,,,,,,,,,,660,,,,
FAIGAO,Faig--1758,Faigao,,,,1758,,,,60,,,,,,,,,,,,,,,105,,,,
FAIGAO,Faig--1775,Faigao,,,,1775,,,,230,,,,,,,,,,,,,,,495,,,,
FAIGAO,Faig--1786,Faigao,,,,1786,,,,220,,,,,,,,,,,,,,,495,,,,
FAIGAO,Faig--1794,Faigao,,,,1794,,,,140,,,,,,,,,,,,,,,285,,,,
FAIGAO,Faig--1806,Faigao,,,,1806,,,,180,,,,,,,,,,,,,,,390,,,,
FAIGAO,Faig--1813,Faigao,,,,1813,,,,60,,,,,,,,,,,,,,,105,,,,
FAIGAO,Faig--1853,Faigao,,,,1853,,,,375,,,,,,,,,,,,,,,1110,,,,
FAIGAO,Faig--1868,Faigao,,,,1868,,,,230,,,,,,,,,,,,,,,510,,,,
FAIGAO,Faig--1871,Faigao,,,,1871,,,,60,,,,,,,,,,,,,,,105,,,,
FAIGAO,Faig--1880,Faigao,,,,1880,,,,140,,,,,,,,,,,,,,,300,,,,
FAIGAO,Faig--1890,Faigao,,,,1890,,,,290,,,,,,,,,,,,,,,705,,,,
FAIGAO,Faig--1927,Faigao,,,,1927,,,,180,,,,,,,,,,,,,,,405,,,,
FAIGAO,Faig--1934,Faigao,,,,1934,,,,60,,,,,,,,,,,,,,,120,,,,
FAIGAO,Faig--1935,Faigao,,,,1935,,,,220,,,,,,,,,,,,,,,525,,,,
FAIGAO,Faig--1972,Faigao,,,,1972,,,,230,,,,,,,,,,,,,,,540,,,,
FAIGAO,Faig--1974,Faigao,,,,1974,,,,140,,,,,,,,,,,,,,,315,,,,
FAIGAO,Faig--2000,Faigao,,,,2000,,,,60,,,,,,,,,,,,,,,120,,,,
FAIGAO,Faig--2048,Faigao,,,,2048,,,,290,,,,,,,,,,,,,,,765,,,,
FAIGAO,Faig--2064,Faigao,,,,2064,,,,180,,,,,,,,,,,,,,,435,,,,
FAIGAO,Faig--2072,Faigao,,,,2072,,,,60,,,,,,,,,,,,,,,120,,,,
FAIGAO,Faig--2078,Faigao,,,,2078,,,,140,,,,,,,,,,,,,,,330,,,,
FAIGAO,Faig--2084,Faigao,,,,2084,,,,375,,,,,,,,,,,,,,,1245,,,,
FAIGAO,Faig--2088,Faigao,,,,2088,,,,230,,,,,,,,,,,,,,,570,,,,
FAIGAO,Faig--2111,Faigao,,,,2111,,,,220,,,,,,,,,,,,,,,585,,,,
FAIGAO,Faig--2148,Faigao,,,,2148,,,,60,,,,,,,,,,,,,,,120,,,,
FAIGAO,Faig--2193,Faigao,,,,2193,,,,140,,,,,,,,,,,,,,,345,,,,
FAIGAO,Faig--2218,Faigao,,,,2218,,,,230,,,,,,,,,,,,,,,615,,,,
FAIGAO,Faig--2223,Faigao,,,,2223,,,,180,,,,,,,,,,,,,,,480,,,,
FAIGAO,Faig--2231,Faigao,,,,2231,,,,60,,,,,,,,,,,,,,,135,,,,
FAIGAO,Faig--2234,Faigao,,,,2234,,,,290,,,,,,,,,,,,,,,840,,,,
FAIGAO,Faig--2283,Faigao,,,,2283,,,,50,,,,,,,,,,,,,,,75,,,,
FAIGAO,Faig--2320,Faigao,,,,2320,,,,60,,,,,,,,,,,,,,,135,,,,
FAIGAO,Faig--2322,Faigao,,,,2322,,,,140,,,,,,,,,,,,,,,360,,,,
FAIGAO,Faig--2322,Faigao,,,,2322,,,,220,,,,,,,,,,,,,,,630,,,,
FAIGAO,Faig--2340,Faigao,,,,2340,,,,50,,,,,,,,,,,,,,,75,,,,
FAIGAO,Faig--2366,Faigao,,,,2366,,,,230,,,,,,,,,,,,,,,645,,,,
FAIGAO,Faig--2382,Faigao,,,,2382,,,,375,,,,,,,,,,,,,,,1425,,,,
FAIGAO,Faig--2400,Faigao,,,,2400,,,,50,,,,,,,,,,,,,,,75,,,,
FAIGAO,Faig--2408,Faigao,,,,2408,,,,180,,,,,,,,,,,,,,,510,,,,
FAIGAO,Faig--2417,Faigao,,,,2417,,,,60,,,,,,,,,,,,,,,135,,,,
FAIGAO,Faig--2458,Faigao,,,,2458,,,,290,,,,,,,,,,,,,,,915,,,,
FAIGAO,Faig--2463,Faigao,,,,2463,,,,50,,,,,,,,,,,,,,,90,,,,
FAIGAO,Faig--2467,Faigao,,,,2467,,,,140,,,,,,,,,,,,,,,390,,,,
FAIGAO,Faig--2522,Faigao,,,,2522,,,,60,,,,,,,,,,,,,,,150,,,,
FAIGAO,Faig--2530,Faigao,,,,2530,,,,50,,,,,,,,,,,,,,,90,,,,
FAIGAO,Faig--2535,Faigao,,,,2535,,,,230,,,,,,,,,,,,,,,690,,,,
FAIGAO,Faig--2580,Faigao,,,,2580,,,,220,,,,,,,,,,,,,,,705,,,,
FAIGAO,Faig--2600,Faigao,,,,2600,,,,50,,,,,,,,,,,,,,,90,,,,
FAIGAO,Faig--2627,Faigao,,,,2627,,,,180,,,,,,,,,,,,,,,555,,,,
FAIGAO,Faig--2632,Faigao,,,,2632,,,,140,,,,,,,,,,,,,,,405,,,,
FAIGAO,Faig--2637,Faigao,,,,2637,,,,60,,,,,,,,,,,,,,,165,,,,
FAIGAO,Faig--2674,Faigao,,,,2674,,,,50,,,,,,,,,,,,,,,90,,,,
FAIGAO,Faig--2730,Faigao,,,,2730,,,,230,,,,,,,,,,,,,,,750,,,,
FAIGAO,Faig--2731,Faigao,,,,2731,,,,290,,,,,,,,,,,,,,,1020,,,,
FAIGAO,Faig--2753,Faigao,,,,2753,,,,50,,,,,,,,,,,,,,,90,,,,
FAIGAO,Faig--2762,Faigao,,,,2762,,,,60,,,,,,,,,,,,,,,165,,,,
FAIGAO,Faig--2779,Faigao,,,,2779,,,,375,,,,,,,,,,,,,,,1650,,,,
FAIGAO,Faig--2820,Faigao,,,,2820,,,,140,,,,,,,,,,,,,,,435,,,,
FAIGAO,Faig--2836,Faigao,,,,2836,,,,50,,,,,,,,,,,,,,,90,,,,
FAIGAO,Faig--2890,Faigao,,,,2890,,,,180,,,,,,,,,,,,,,,615,,,,
FAIGAO,Faig--2900,Faigao,,,,2900,,,,60,,,,,,,,,,,,,,,180,,,,
FAIGAO,Faig--2903,Faigao,,,,2903,,,,220,,,,,,,,,,,,,,,795,,,,
FAIGAO,Faig--2925,Faigao,,,,2925,,,,50,,,,,,,,,,,,,,,105,,,,
FAIGAO,Faig--2958,Faigao,,,,2958,,,,230,,,,,,,,,,,,,,,810,,,,
FAIGAO,Faig--3019,Faigao,,,,3019,,,,50,,,,,,,,,,,,,,,105,,,,
FAIGAO,Faig--3036,Faigao,,,,3036,,,,140,,,,,,,,,,,,,,,480,,,,
FAIGAO,Faig--3053,Faigao,,,,3053,,,,60,,,,,,,,,,,,,,,180,,,,
FAIGAO,Faig--3072,Faigao,,,,3072,,,,290,,,,,,,,,,,,,,,1155,,,,
FAIGAO,Faig--3120,Faigao,,,,3120,,,,50,,,,,,,,,,,,,,,105,,,,
FAIGAO,Faig--3211,Faigao,,,,3211,,,,180,,,,,,,,,,,,,,,690,,,,
FAIGAO,Faig--3223,Faigao,,,,3223,,,,60,,,,,,,,,,,,,,,195,,,,
FAIGAO,Faig--3226,Faigao,,,,3226,,,,230,,,,,,,,,,,,,,,885,,,,
FAIGAO,Faig--3228,Faigao,,,,3228,,,,50,,,,,,,,,,,,,,,105,,,,
FAIGAO,Faig--3290,Faigao,,,,3290,,,,140,,,,,,,,,,,,,,,510,,,,
FAIGAO,Faig--3317,Faigao,,,,3317,,,,220,,,,,,,,,,,,,,,915,,,,
FAIGAO,Faig--3343,Faigao,,,,3343,,,,50,,,,,,,,,,,,,,,120,,,,
FAIGAO,Faig--3412,Faigao,,,,3412,,,,60,,,,,,,,,,,,,,,210,,,,
FAIGAO,Faig--3467,Faigao,,,,3467,,,,50,,,,,,,,,,,,,,,120,,,,
FAIGAO,Faig--3511,Faigao,,,,3511,,,,290,,,,,,,,,,,,,,,1320,,,,
FAIGAO,Faig--3549,Faigao,,,,3549,,,,230,,,,,,,,,,,,,,,975,,,,
FAIGAO,Faig--3589,Faigao,,,,3589,,,,140,,,,,,,,,,,,,,,555,,,,
FAIGAO,Faig--3600,Faigao,,,,3600,,,,50,,,,,,,,,,,,,,,120,,,,
FAIGAO,Faig--3613,Faigao,,,,3613,,,,180,,,,,,,,,,,,,,,765,,,,
FAIGAO,Faig--3625,Faigao,,,,3625,,,,60,,,,,,,,,,,,,,,225,,,,
FAIGAO,Faig--3744,Faigao,,,,3744,,,,50,,,,,,,,,,,,,,,135,,,,
FAIGAO,Faig--3867,Faigao,,,,3867,,,,60,,,,,,,,,,,,,,,240,,,,
FAIGAO,Faig--3870,Faigao,,,,3870,,,,220,,,,,,,,,,,,,,,1065,,,,
FAIGAO,Faig--3900,Faigao,,,,3900,,,,50,,,,,,,,,,,,,,,135,,,,
FAIGAO,Faig--3943,Faigao,,,,3943,,,,230,,,,,,,,,,,,,,,1080,,,,
FAIGAO,Faig--3947,Faigao,,,,3947,,,,140,,,,,,,,,,,,,,,615,,,,
FAIGAO,Faig--4070,Faigao,,,,4070,,,,50,,,,,,,,,,,,,,,135,,,,
FAIGAO,Faig--4096,Faigao,,,,4096,,,,290,,,,,,,,,,,,,,,1530,,,,
FAIGAO,Faig--4122,Faigao,,,,4122,,,,17,,,,,,,,,,,,,,,60,,,,
FAIGAO,Faig--4129,Faigao,,,,4129,,,,180,,,,,,,,,,,,,,,885,,,,
FAIGAO,Faig--4143,Faigao,,,,4143,,,,60,,,,,,,,,,,,,,,255,,,,
FAIGAO,Faig--4255,Faigao,,,,4255,,,,50,,,,,,,,,,,,,,,150,,,,
FAIGAO,Faig--4386,Faigao,,,,4386,,,,140,,,,,,,,,,,,,,,690,,,,
FAIGAO,Faig--4436,Faigao,,,,4436,,,,230,,,,,,,,,,,,,,,1215,,,,
FAIGAO,Faig--4457,Faigao,,,,4457,,,,50,,,,,,,,,,,,,,,150,,,,
FAIGAO,Faig--4462,Faigao,,,,4462,,,,60,,,,,,,,,,,,,,,270,,,,
FAIGAO,Faig--4680,Faigao,,,,4680,,,,50,,,,,,,,,,,,,,,165,,,,
FAIGAO,Faig--4817,Faigao,,,,4817,,,,180,,,,,,,,,,,,,,,1035,,,,
FAIGAO,Faig--4834,Faigao,,,,4834,,,,60,,,,,,,,,,,,,,,300,,,,
FAIGAO,Faig--4926,Faigao,,,,4926,,,,50,,,,,,,,,,,,,,,165,,,,
FAIGAO,Faig--4934,Faigao,,,,4934,,,,140,,,,,,,,,,,,,,,780,,,,
FAIGAO,Faig--5070,Faigao,,,,5070,,,,230,,,,,,,,,,,,,,,1395,,,,
FAIGAO,Faig--5200,Faigao,,,,5200,,,,50,,,,,,,,,,,,,,,180,,,,
FAIGAO,Faig--5250,Faigao,,,,5250,,,,2023-05-10 00:00:00,,,,,,,,,,,,,,,30,,,,
FAIGAO,Faig--5322,Faigao,,,,5322,,,,17,,,,,,,,,,,,,,,75,,,,
FAIGAO,Faig--5506,Faigao,,,,5506,,,,50,,,,,,,,,,,,,,,195,,,,
FAIGAO,Faig--5639,Faigao,,,,5639,,,,140,,,,,,,,,,,,,,,885,,,,
FAIGAO,Faig--5850,Faigao,,,,5850,,,,50,,,,,,,,,,,,,,,195,,,,
FAIGAO,Faig--5866,Faigao,,,,5866,,,,17,,,,,,,,,,,,,,,83,,,,
FAIGAO,Faig--5915,Faigao,,,,5915,,,,230,,,,,,,,,,,,,,,1620,,,,
FAIGAO,Faig--6240,Faigao,,,,6240,,,,50,,,,,,,,,,,,,,,210,,,,
FAIGAO,Faig--6579,Faigao,,,,6579,,,,140,,,,,,,,,,,,,,,1035,,,,
FAIGAO,Faig--6686,Faigao,,,,6686,,,,50,,,,,,,,,,,,,,,225,,,,
FAIGAO,Faig--7200,Faigao,,,,7200,,,,50,,,,,,,,,,,,,,,240,,,,
FAIGAO,Faig--7800,Faigao,,,,7800,,,,50,,,,,,,,,,,,,,,270,,,,
FHEM,FHEM--320,FHEM,,,,320,,,,420,,,,,,,,,,,,,,,1985,,,,
FHEM,FHEM--380,FHEM,,,,380,,,,420,,,,,,,,,,,,,,,1665,,,,
FHEM,FHEM--410,FHEM,,,,410,,,,420,,,,,,,,,,,,,,,1665,,,,
FHEM,FHEM--410,FHEM,,,,410,,,,420,,,,,,,,,,,,,,,1665,,,,
FHEM,FHEM--600,FHEM,,,,600,,,,210,,,,,,,,,,,,,,,1050,,,,
FHEM,FHEM--700,FHEM,,,,700,,,,310,,,,,,,,,,,,,,,1560,,,,
FHEM,FHEM--720,FHEM,,,,720,,,,210,,,,,,,,,,,,,,,1250,,,,
FHEM,FHEM--750,FHEM,,,,750,,,,60,,,,,,,,,,,,,,,225,,,,
FHEM,FHEM--750,FHEM,,,,750,,,,67,,,,,,,,,,,,,,,240,,,,
FHEM,FHEM--790,FHEM,,,,790,,,,170,,,,,,,,,,,,,,,780,,,,
FHEM,FHEM--800,FHEM,,,,800,,,,210,,,,,,,,,,,,,,,1010,,,,
FHEM,FHEM--850,FHEM,,,,850,,,,60,,,,,,,,,,,,,,,280,,,,
FHEM,FHEM--890,FHEM,,,,890,,,,140,,,,,,,,,,,,,,,550,,,,
FHEM,FHEM--1000,FHEM,,,,1000,,,,50,,,,,,,,,,,,,,,220,,,,
FHEM,FHEM--1020,FHEM,,,,1020,,,,140,,,,,,,,,,,,,,,660,,,,
FHEM,FHEM--1200,FHEM,,,,1200,,,,260,,,,,,,,,,,,,,,1400,,,,
FHEM,FHEM--1200,FHEM,,,,1200,,,,35,,,,,,,,,,,,,,,135,,,,
FHEM,FHEM--1250,FHEM,,,,1250,,,,110,,,,,,,,,,,,,,,500,,,,
FHEM,FHEM--1250,FHEM,,,,1250,,,,140,,,,,,,,,,,,,,,580,,,,
FHEM,FHEM--1280,FHEM,,,,1280,,,,440,,,,,,,,,,,,,,,1960,,,,
FHEM,FHEM--1350,FHEM,,,,1350,,,,50,,,,,,,,,,,,,,,240,,,,
FHEM,FHEM--1400,FHEM,,,,1400,,,,22,,,,,,,,,,,,,,,100,,,,
FHEM,FHEM--1400,FHEM,,,,1400,,,,35,,,,,,,,,,,,,,,160,,,,
FHEM,FHEM--1400,FHEM,,,,1400,,,,80,,,,,,,,,,,,,,,430,,,,
FHEM,FHEM--1450,FHEM,,,,1450,,,,140,,,,,,,,,,,,,,,595,,,,
FHEM,FHEM--1530,FHEM,,,,1530,,,,170,,,,,,,,,,,,,,,780,,,,
FHEM,FHEM--1600,FHEM,,,,1600,,,,245,,,,,,,,,,,,,,,1250,,,,
FHEM,FHEM--1700,FHEM,,,,1700,,,,80,,,,,,,,,,,,,,,460,,,,
FHEM,FHEM--1780,FHEM,,,,1780,,,,27,,,,,,,,,,,,,,,125,,,,
FHEM,FHEM--1800,FHEM,,,,1800,,,,260,,,,,,,,,,,,,,,1410,,,,
FHEM,FHEM--1800,FHEM,,,,1800,,,,18,,,,,,,,,,,,,,,55,,,,
FHEM,FHEM--1800,FHEM,,,,1800,,,,21,,,,,,,,,,,,,,,115,,,,
FHEM,FHEM--2100,FHEM,,,,2100,,,,14,,,,,,,,,,,,,,,60,,,,
FHEM,FHEM--2200,FHEM,,,,2200,,,,65,,,,,,,,,,,,,,,640,,,,
FHEM,FHEM--2250,FHEM,,,,2250,,,,27,,,,,,,,,,,,,,,105,,,,
FHEM,FHEM--2280,FHEM,,,,2280,,,,15,,,,,,,,,,,,,,,55,,,,
FHEM,FHEM--2300,FHEM,,,,2300,,,,22,,,,,,,,,,,,,,,110,,,,
FHEM,FHEM--2350,FHEM,,,,2350,,,,90,,,,,,,,,,,,,,,455,,,,
FHEM,FHEM--2400,FHEM,,,,2400,,,,17,,,,,,,,,,,,,,,90,,,,
FHEM,FHEM--2500,FHEM,,,,2500,,,,11,,,,,,,,,,,,,,,60,,,,
FHEM,FHEM--2570,FHEM,,,,2570,,,,21,,,,,,,,,,,,,,,80,,,,
FHEM,FHEM--2700,FHEM,,,,2700,,,,14,,,,,,,,,,,,,,,70,,,,
FHEM,FHEM--2800,FHEM,,,,2800,,,,18,,,,,,,,,,,,,,,65,,,,
FHEM,FHEM--2850,FHEM,,,,2850,,,,15,,,,,,,,,,,,,,,60,,,,
FHEM,FHEM--2900,FHEM,,,,2900,,,,90,,,,,,,,,,,,,,,455,,,,
FHEM,FHEM--3200,FHEM,,,,3200,,,,120,,,,,,,,,,,,,,,635,,,,
FHEM,FHEM--3500,FHEM,,,,3500,,,,9,,,,,,,,,,,,,,,40,,,,
FHEM,FHEM--3500,FHEM,,,,3500,,,,11,,,,,,,,,,,,,,,70,,,,
FHEM,FHEM--3850,FHEM,,,,3850,,,,17,,,,,,,,,,,,,,,40,,,,
FHEM,FHEM--3900,FHEM,,,,3900,,,,65,,,,,,,,,,,,,,,700,,,,
FHEM,FHEM--3900,FHEM,,,,3900,,,,170,,,,,,,,,,,,,,,1130,,,,
FHEM,FHEM--4000,FHEM,,,,4000,,,,120,,,,,,,,,,,,,,,700,,,,
FHEM,FHEM--4100,FHEM,,,,4100,,,,17,,,,,,,,,,,,,,,55,,,,
FHEM,FHEM--4450,FHEM,,,,4450,,,,65,,,,,,,,,,,,,,,290,,,,
FHEM,FHEM--4500,FHEM,,,,4500,,,,9,,,,,,,,,,,,,,,60,,,,
FHEM,FHEM--5100,FHEM,,,,5100,,,,65,,,,,,,,,,,,,,,700,,,,
FHEM,FHEM--5300,FHEM,,,,5300,,,,120,,,,,,,,,,,,,,,700,,,,
FLYDUINO,Flyd--475,Flyduino,,,,475,,,,113,,,,,,,,,,,,,,,388,,,,
FLYDUINO,Flyd--580,Flyduino,,,,580,,,,113,,,,,,,,,,,,,,,566,,,,
FLYDUINO,Flyd--700,Flyduino,,,,700,,,,113,,,,,,,,,,,,,,,596,,,,
FLYWARE,Flyw--121,Flyware,,,,121,,,,1800,,,,,,,,,,,,,,,3150,,,,
FLYWARE,Flyw--190,Flyware,,,,190,,,,898,,,,,,,,,,,,,,,900,,,,
FLYWARE,Flyw--198,Flyware,,,,198,,,,569,,,,,,,,,,,,,,,900,,,,
FLYWARE,Flyw--220,Flyware,,,,220,,,,586,,,,,,,,,,,,,,,825,,,,
FLYWARE,Flyw--230,Flyware,,,,230,,,,569,,,,,,,,,,,,,,,975,,,,
FLYWARE,Flyw--230,Flyware,,,,230,,,,898,,,,,,,,,,,,,,,1125,,,,
FLYWARE,Flyw--270,Flyware,,,,270,,,,586,,,,,,,,,,,,,,,975,,,,
FLYWARE,Flyw--275,Flyware,,,,275,,,,569,,,,,,,,,,,,,,,1050,,,,
FLYWARE,Flyw--282,Flyware,,,,282,,,,436,,,,,,,,,,,,,,,825,,,,
FLYWARE,Flyw--300,Flyware,,,,300,,,,898,,,,,,,,,,,,,,,1575,,,,
FLYWARE,Flyw--330,Flyware,,,,330,,,,436,,,,,,,,,,,,,,,900,,,,
FLYWARE,Flyw--330,Flyware,,,,330,,,,586,,,,,,,,,,,,,,,1125,,,,
FLYWARE,Flyw--340,Flyware,,,,340,,,,569,,,,,,,,,,,,,,,1350,,,,
FLYWARE,Flyw--370,Flyware,,,,370,,,,898,,,,,,,,,,,,,,,1950,,,,
FLYWARE,Flyw--390,Flyware,,,,390,,,,450,,,,,,,,,,,,,,,1350,,,,
FLYWARE,Flyw--390,Flyware,,,,390,,,,436,,,,,,,,,,,,,,,975,,,,
FLYWARE,Flyw--400,Flyware,,,,400,,,,586,,,,,,,,,,,,,,,1425,,,,
FLYWARE,Flyw--420,Flyware,,,,420,,,,375,,,,,,,,,,,,,,,900,,,,
FLYWARE,Flyw--500,Flyware,,,,500,,,,898,,,,,,,,,,,,,,,1950,,,,
FLYWARE,Flyw--512,Flyware,,,,512,,,,436,,,,,,,,,,,,,,,1275,,,,
FLYWARE,Flyw--514,Flyware,,,,514,,,,375,,,,,,,,,,,,,,,1050,,,,
FLYWARE,Flyw--520,Flyware,,,,520,,,,586,,,,,,,,,,,,,,,1425,,,,
FLYWARE,Flyw--530,Flyware,,,,530,,,,265,,,,,,,,,,,,,,,975,,,,
FLYWARE,Flyw--600,Flyware,,,,600,,,,375,,,,,,,,,,,,,,,1350,,,,
FLYWARE,Flyw--660,Flyware,,,,660,,,,265,,,,,,,,,,,,,,,1125,,,,
FLYWARE,Flyw--700,Flyware,,,,700,,,,898,,,,,,,,,,,,,,,2400,,,,
FLYWARE,Flyw--705,Flyware,,,,705,,,,375,,,,,,,,,,,,,,,1425,,,,
FLYWARE,Flyw--715,Flyware,,,,715,,,,265,,,,,,,,,,,,,,,1350,,,,
FLYWARE,Flyw--725,Flyware,,,,725,,,,180,,,,,,,,,,,,,,,975,,,,
FLYWARE,Flyw--770,Flyware,,,,770,,,,586,,,,,,,,,,,,,,,1875,,,,
FLYWARE,Flyw--800,Flyware,,,,800,,,,160,,,,,,,,,,,,,,,825,,,,
FLYWARE,Flyw--862,Flyware,,,,862,,,,133,,,,,,,,,,,,,,,600,,,,
FLYWARE,Flyw--870,Flyware,,,,870,,,,180,,,,,,,,,,,,,,,1125,,,,
FLYWARE,Flyw--893,Flyware,,,,893,,,,375,,,,,,,,,,,,,,,1425,,,,
FLYWARE,Flyw--895,Flyware,,,,895,,,,265,,,,,,,,,,,,,,,1800,,,,
FLYWARE,Flyw--900,Flyware,,,,900,,,,91,,,,,,,,,,,,,,,450,,,,
FLYWARE,Flyw--1000,Flyware,,,,1000,,,,160,,,,,,,,,,,,,,,900,,,,
FLYWARE,Flyw--1154,Flyware,,,,1154,,,,61,,,,,,,,,,,,,,,285,,,,
FLYWARE,Flyw--1154,Flyware,,,,1154,,,,133,,,,,,,,,,,,,,,825,,,,
FLYWARE,Flyw--1175,Flyware,,,,1175,,,,180,,,,,,,,,,,,,,,1200,,,,
FLYWARE,Flyw--1237,Flyware,,,,1237,,,,32,,,,,,,,,,,,,,,180,,,,
FLYWARE,Flyw--1277,Flyware,,,,1277,,,,91,,,,,,,,,,,,,,,600,,,,
FLYWARE,Flyw--1320,Flyware,,,,1320,,,,61,,,,,,,,,,,,,,,330,,,,
FLYWARE,Flyw--1442,Flyware,,,,1442,,,,375,,,,,,,,,,,,,,,1800,,,,
FLYWARE,Flyw--1470,Flyware,,,,1470,,,,133,,,,,,,,,,,,,,,975,,,,
FLYWARE,Flyw--1470,Flyware,,,,1470,,,,180,,,,,,,,,,,,,,,1350,,,,
FLYWARE,Flyw--1563,Flyware,,,,1563,,,,20,,,,,,,,,,,,,,,120,,,,
FLYWARE,Flyw--1630,Flyware,,,,1630,,,,91,,,,,,,,,,,,,,,825,,,,
FLYWARE,Flyw--1686,Flyware,,,,1686,,,,32,,,,,,,,,,,,,,,225,,,,
FLYWARE,Flyw--1949,Flyware,,,,1949,,,,20,,,,,,,,,,,,,,,165,,,,
FLYWARE,Flyw--1974,Flyware,,,,1974,,,,61,,,,,,,,,,,,,,,495,,,,
FLYWARE,Flyw--2100,Flyware,,,,2100,,,,133,,,,,,,,,,,,,,,650,,,,
FLYWARE,Flyw--2226,Flyware,,,,2226,,,,32,,,,,,,,,,,,,,,330,,,,
FLYWARE,Flyw--2484,Flyware,,,,2484,,,,61,,,,,,,,,,,,,,,600,,,,
FLYWARE,Flyw--2484,Flyware,,,,2484,,,,133,,,,,,,,,,,,,,,1350,,,,
FLYWARE,Flyw--2679,Flyware,,,,2679,,,,91,,,,,,,,,,,,,,,1125,,,,
FLYWARE,Flyw--2700,Flyware,,,,2700,,,,105,,,,,,,,,,,,,,,420,,,,
FLYWARE,Flyw--2703,Flyware,,,,2703,,,,20,,,,,,,,,,,,,,,180,,,,
FLYWARE,Flyw--2857,Flyware,,,,2857,,,,32,,,,,,,,,,,,,,,480,,,,
FLYWARE,Flyw--3265,Flyware,,,,3265,,,,12,,,,,,,,,,,,,,,143,,,,
FLYWOO,FLYW--1350,FLYWOO,,,,1350,,,,32,,,,,,,,,,,,,,,375,,,,
FLYWOO,FLYW--1700,FLYWOO,,,,1700,,,,2023-05-31 00:00:00,,,,,,,,,,,,,,,539,,,,
FLYWOO,FLYW--1750,FLYWOO,,,,1750,,,,22,,,,,,,,,,,,,,,350,,,,
FLYWOO,FLYW--1750,FLYWOO,,,,1750,,,,32,,,,,,,,,,,,,,,570,,,,
FLYWOO,FLYW--1750,FLYWOO,,,,1750,,,,28,,,,,,,,,,,,,,,561,,,,
FLYWOO,FLYW--1860,FLYWOO,,,,1860,,,,2023-05-31 00:00:00,,,,,,,,,,,,,,,614,,,,
FLYWOO,FLYW--2450,FLYWOO,,,,2450,,,,2023-05-31 00:00:00,,,,,,,,,,,,,,,747,,,,
FLYWOO,FLYW--2450,FLYWOO,,,,2450,,,,32,,,,,,,,,,,,,,,723,,,,
FLYWOO,FLYW--2450,FLYWOO,,,,2450,,,,28,,,,,,,,,,,,,,,734,,,,
FLYWOO,FLYW--2750,FLYWOO,,,,2750,,,,2023-05-09 00:00:00,,,,,,,,,,,,,,,150,,,,
FLYWOO,FLYW--2750,FLYWOO,,,,2750,,,,2023-05-31 00:00:00,,,,,,,,,,,,,,,867,,,,
FLYWOO,FLYW--2750,FLYWOO,,,,2750,,,,32,,,,,,,,,,,,,,,830,,,,
FLYWOO,FLYW--3000,FLYWOO,,,,3000,,,,22,,,,,,,,,,,,,,,615,,,,
FLYWOO,FLYW--3750,FLYWOO,,,,3750,,,,2023-05-09 00:00:00,,,,,,,,,,,,,,,150,,,,
FLYWOO,FLYW--3750,FLYWOO,,,,3750,,,,2023-07-08 00:00:00,,,,,,,,,,,,,,,222,,,,
FLYWOO,FLYW--4850,FLYWOO,,,,4850,,,,2023-05-09 00:00:00,,,,,,,,,,,,,,,150,,,,
FLYWOO,FLYW--5150,FLYWOO,,,,5150,,,,5,,,,,,,,,,,,,,,117,,,,
FLYWOO,FLYW--5500,FLYWOO,,,,5500,,,,4,,,,,,,,,,,,,,,92,,,,
FLYWOO,FLYW--5800,FLYWOO,,,,5800,,,,4,,,,,,,,,,,,,,,92,,,,
FLYWOO,FLYW--7650,FLYWOO,,,,7650,,,,2023-09-03 00:00:00,,,,,,,,,,,,,,,116,,,,
FLYWOO,FLYW--8150,FLYWOO,,,,8150,,,,5,,,,,,,,,,,,,,,192,,,,
FLYWOO,FLYW--10500,FLYWOO,,,,10500,,,,2023-09-03 00:00:00,,,,,,,,,,,,,,,150,,,,
FLYWOO,FLYW--11500,FLYWOO,,,,11500,,,,4,,,,,,,,,,,,,,,144,,,,
FMS,FMS--300,FMS,,,,300,,,,470,,,,,,,,,,,,,,,1600,,,,
FMS,FMS--360,FMS,,,,360,,,,470,,,,,,,,,,,,,,,1800,,,,
FMS,FMS--500,FMS,,,,500,,,,470,,,,,,,,,,,,,,,1800,,,,
FMS,FMS--540,FMS,,,,540,,,,245,,,,,,,,,,,,,,,800,,,,
FMS,FMS--550,FMS,,,,550,,,,265,,,,,,,,,,,,,,,1400,,,,
FMS,FMS--550,FMS,,,,550,,,,265,,,,,,,,,,,,,,,1400,,,,
FMS,FMS--580,FMS,,,,580,,,,245,,,,,,,,,,,,,,,860,,,,
FMS,FMS--600,FMS,,,,600,,,,260,,,,,,,,,,,,,,,720,,,,
FMS,FMS--600,FMS,,,,600,,,,195,,,,,,,,,,,,,,,750,,,,
FMS,FMS--650,FMS,,,,650,,,,265,,,,,,,,,,,,,,,900,,,,
FMS,FMS--650,FMS,,,,650,,,,265,,,,,,,,,,,,,,,900,,,,
FMS,FMS--760,FMS,,,,760,,,,203,,,,,,,,,,,,,,,750,,,,
FMS,FMS--770,FMS,,,,770,,,,195,,,,,,,,,,,,,,,890,,,,
FMS,FMS--850,FMS,,,,850,,,,132,,,,,,,,,,,,,,,350,,,,
FMS,FMS--900,FMS,,,,900,,,,55,,,,,,,,,,,,,,,320,,,,
FMS,FMS--920,FMS,,,,920,,,,108,,,,,,,,,,,,,,,370,,,,
FMS,FMS--1000,FMS,,,,1000,,,,108,,,,,,,,,,,,,,,370,,,,
FMS,FMS--1050,FMS,,,,1050,,,,97,,,,,,,,,,,,,,,350,,,,
FMS,FMS--1250,FMS,,,,1250,,,,132,,,,,,,,,,,,,,,350,,,,
FMS,FMS--1550,FMS,,,,1550,,,,61,,,,,,,,,,,,,,,120,,,,
FMS,FMS--1550,FMS,,,,1550,,,,65,,,,,,,,,,,,,,,230,,,,
FMS,FMS--1700,FMS,,,,1700,,,,55,,,,,,,,,,,,,,,200,,,,
FMS,FMS--1700,FMS,,,,1700,,,,50,,,,,,,,,,,,,,,200,,,,
FMS,FMS--2500,FMS,,,,2500,,,,9,,,,,,,,,,,,,,,20,,,,
FMS,FMS--2650,FMS,,,,2650,,,,60,,,,,,,,,,,,,,,250,,,,
FMS,FMS--2720,FMS,,,,2720,,,,24,,,,,,,,,,,,,,,100,,,,
FMS,FMS--2750,FMS,,,,2750,,,,108,,,,,,,,,,,,,,,390,,,,
FMS,FMS--2750,FMS,,,,2750,,,,108,,,,,,,,,,,,,,,500,,,,
FMS,FMS--3000,FMS,,,,3000,,,,108,,,,,,,,,,,,,,,1000,,,,
FMS,FMS--3400,FMS,,,,3400,,,,65,,,,,,,,,,,,,,,370,,,,
FMS,FMS--3900,FMS,,,,3900,,,,15,,,,,,,,,,,,,,,40,,,,
FMS,FMS--4500,FMS,,,,4500,,,,55,,,,,,,,,,,,,,,500,,,,
FMS,FMS--4600,FMS,,,,4600,,,,55,,,,,,,,,,,,,,,450,,,,
FMS,FMS--5100,FMS,,,,5100,,,,55,,,,,,,,,,,,,,,500,,,,
FMS,FMS--5400,FMS,,,,5400,,,,55,,,,,,,,,,,,,,,500,,,,
FOXEER,Foxe--1350,Foxeer,,,,1350,,,,46,,,,,,,,,,,,,,,1025,,,,
FOXEER,Foxe--1650,Foxeer,,,,1650,,,,21,,,,,,,,,,,,,,,415,,,,
FOXEER,Foxe--1750,Foxeer,,,,1750,,,,46,,,,,,,,,,,,,,,1315,,,,
FOXEER,Foxe--1850,Foxeer,,,,1850,,,,32,,,,,,,,,,,,,,,1055,,,,
FOXEER,Foxe--1960,Foxeer,,,,1960,,,,32,,,,,,,,,,,,,,,1130,,,,
FOXEER,Foxe--2020,Foxeer,,,,2020,,,,32,,,,,,,,,,,,,,,1155,,,,
FOXEER,Foxe--2550,Foxeer,,,,2550,,,,32,,,,,,,,,,,,,,,765,,,,
FOXEER,Foxe--2750,Foxeer,,,,2750,,,,32,,,,,,,,,,,,,,,835,,,,
FOXEER,Foxe--2950,Foxeer,,,,2950,,,,21,,,,,,,,,,,,,,,620,,,,
FOXEER,Foxe--3850,Foxeer,,,,3850,,,,9,,,,,,,,,,,,,,,225,,,,
FOXEER,Foxe--4533,Foxeer,,,,4533,,,,9,,,,,,,,,,,,,,,165,,,,
FOXY,Foxy--190,Foxy,,,,190,,,,644,,,,,,,,,,,,,,,3330,,,,
FOXY,Foxy--195,Foxy,,,,195,,,,783,,,,,,,,,,,,,,,3770,,,,
FOXY,Foxy--220,Foxy,,,,220,,,,471,,,,,,,,,,,,,,,2100,,,,
FOXY,Foxy--225,Foxy,,,,225,,,,548,,,,,,,,,,,,,,,2330,,,,
FOXY,Foxy--255,Foxy,,,,255,,,,548,,,,,,,,,,,,,,,2590,,,,
FOXY,Foxy--275,Foxy,,,,275,,,,386,,,,,,,,,,,,,,,1375,,,,
FOXY,Foxy--310,Foxy,,,,310,,,,386,,,,,,,,,,,,,,,1480,,,,
FOXY,Foxy--330,Foxy,,,,330,,,,332,,,,,,,,,,,,,,,1330,,,,
FOXY,Foxy--375,Foxy,,,,375,,,,386,,,,,,,,,,,,,,,1620,,,,
FOXY,Foxy--400,Foxy,,,,400,,,,332,,,,,,,,,,,,,,,1550,,,,
FOXY,Foxy--500,Foxy,,,,500,,,,171,,,,,,,,,,,,,,,590,,,,
FOXY,Foxy--550,Foxy,,,,550,,,,292,,,,,,,,,,,,,,,1330,,,,
FOXY,Foxy--700,Foxy,,,,700,,,,282,,,,,,,,,,,,,,,1550,,,,
FOXY,Foxy--730,Foxy,,,,730,,,,205,,,,,,,,,,,,,,,810,,,,
FOXY,Foxy--750,Foxy,,,,750,,,,171,,,,,,,,,,,,,,,620,,,,
FOXY,Foxy--750,Foxy,,,,750,,,,292,,,,,,,,,,,,,,,1480,,,,
FOXY,Foxy--830,Foxy,,,,830,,,,138,,,,,,,,,,,,,,,430,,,,
FOXY,Foxy--850,Foxy,,,,850,,,,69,,,,,,,,,,,,,,,200,,,,
FOXY,Foxy--850,Foxy,,,,850,,,,106,,,,,,,,,,,,,,,310,,,,
FOXY,Foxy--880,Foxy,,,,880,,,,205,,,,,,,,,,,,,,,880,,,,
FOXY,Foxy--900,Foxy,,,,900,,,,57,,,,,,,,,,,,,,,138,,,,
FOXY,Foxy--900,Foxy,,,,900,,,,171,,,,,,,,,,,,,,,780,,,,
FOXY,Foxy--950,Foxy,,,,950,,,,138,,,,,,,,,,,,,,,500,,,,
FOXY,Foxy--1000,Foxy,,,,1000,,,,45,,,,,,,,,,,,,,,120,,,,
FOXY,Foxy--1000,Foxy,,,,1000,,,,57,,,,,,,,,,,,,,,160,,,,
FOXY,Foxy--1000,Foxy,,,,1000,,,,106,,,,,,,,,,,,,,,370,,,,
FOXY,Foxy--1050,Foxy,,,,1050,,,,69,,,,,,,,,,,,,,,277,,,,
FOXY,Foxy--1100,Foxy,,,,1100,,,,57,,,,,,,,,,,,,,,177,,,,
FOXY,Foxy--1100,Foxy,,,,1100,,,,106,,,,,,,,,,,,,,,420,,,,
FOXY,Foxy--1150,Foxy,,,,1150,,,,138,,,,,,,,,,,,,,,570,,,,
FOXY,Foxy--1200,Foxy,,,,1200,,,,45,,,,,,,,,,,,,,,144,,,,
FOXY,Foxy--1200,Foxy,,,,1200,,,,77,,,,,,,,,,,,,,,300,,,,
FOXY,Foxy--1500,Foxy,,,,1500,,,,25,,,,,,,,,,,,,,,122,,,,
FOXY,Foxy--1500,Foxy,,,,1500,,,,69,,,,,,,,,,,,,,,330,,,,
FOXY,Foxy--1500,Foxy,,,,1500,,,,77,,,,,,,,,,,,,,,365,,,,
FOXY,Foxy--1800,Foxy,,,,1800,,,,2023-05-19 00:00:00,,,,,,,,,,,,,,,71,,,,
FOXY,Foxy--2300,Foxy,,,,2300,,,,2023-05-14 00:00:00,,,,,,,,,,,,,,,52,,,,
FSD-MOTOR,FSD---115,FSD-Motor,,,,115,,,,563,,,,,,,,,,,,,,,600,,,,
FSD-MOTOR,FSD---160,FSD-Motor,,,,160,,,,1093,,,,,,,,,,,,,,,1125,,,,
FSD-MOTOR,FSD---175,FSD-Motor,,,,175,,,,1093,,,,,,,,,,,,,,,1350,,,,
FSD-MOTOR,FSD---220,FSD-Motor,,,,220,,,,1093,,,,,,,,,,,,,,,1650,,,,
FSD-MOTOR,FSD---245,FSD-Motor,,,,245,,,,563,,,,,,,,,,,,,,,1050,,,,
FSD-MOTOR,FSD---250,FSD-Motor,,,,250,,,,1093,,,,,,,,,,,,,,,1800,,,,
FSD-MOTOR,FSD---260,FSD-Motor,,,,260,,,,270,,,,,,,,,,,,,,,450,,,,
FSD-MOTOR,FSD---300,FSD-Motor,,,,300,,,,563,,,,,,,,,,,,,,,1200,,,,
FSD-MOTOR,FSD---310,FSD-Motor,,,,310,,,,268,,,,,,,,,,,,,,,525,,,,
FSD-MOTOR,FSD---330,FSD-Motor,,,,330,,,,270,,,,,,,,,,,,,,,600,,,,
FSD-MOTOR,FSD---340,FSD-Motor,,,,340,,,,563,,,,,,,,,,,,,,,1275,,,,
FSD-MOTOR,FSD---350,FSD-Motor,,,,350,,,,268,,,,,,,,,,,,,,,570,,,,
FSD-MOTOR,FSD---350,FSD-Motor,,,,350,,,,364,,,,,,,,,,,,,,,750,,,,
FSD-MOTOR,FSD---370,FSD-Motor,,,,370,,,,270,,,,,,,,,,,,,,,675,,,,
FSD-MOTOR,FSD---380,FSD-Motor,,,,380,,,,135,,,,,,,,,,,,,,,225,,,,
FSD-MOTOR,FSD---380,FSD-Motor,,,,380,,,,563,,,,,,,,,,,,,,,1350,,,,
FSD-MOTOR,FSD---390,FSD-Motor,,,,390,,,,268,,,,,,,,,,,,,,,630,,,,
FSD-MOTOR,FSD---390,FSD-Motor,,,,390,,,,364,,,,,,,,,,,,,,,900,,,,
FSD-MOTOR,FSD---420,FSD-Motor,,,,420,,,,135,,,,,,,,,,,,,,,270,,,,
FSD-MOTOR,FSD---420,FSD-Motor,,,,420,,,,162,,,,,,,,,,,,,,,345,,,,
FSD-MOTOR,FSD---420,FSD-Motor,,,,420,,,,270,,,,,,,,,,,,,,,825,,,,
FSD-MOTOR,FSD---430,FSD-Motor,,,,430,,,,364,,,,,,,,,,,,,,,1050,,,,
FSD-MOTOR,FSD---450,FSD-Motor,,,,450,,,,135,,,,,,,,,,,,,,,300,,,,
FSD-MOTOR,FSD---460,FSD-Motor,,,,460,,,,433,,,,,,,,,,,,,,,4800,,,,
FSD-MOTOR,FSD---460,FSD-Motor,,,,460,,,,268,,,,,,,,,,,,,,,675,,,,
FSD-MOTOR,FSD---460,FSD-Motor,,,,460,,,,270,,,,,,,,,,,,,,,930,,,,
FSD-MOTOR,FSD---500,FSD-Motor,,,,500,,,,433,,,,,,,,,,,,,,,5000,,,,
FSD-MOTOR,FSD---520,FSD-Motor,,,,520,,,,268,,,,,,,,,,,,,,,750,,,,
FSD-MOTOR,FSD---530,FSD-Motor,,,,530,,,,162,,,,,,,,,,,,,,,450,,,,
FSD-MOTOR,FSD---530,FSD-Motor,,,,530,,,,270,,,,,,,,,,,,,,,1020,,,,
FSD-MOTOR,FSD---550,FSD-Motor,,,,550,,,,433,,,,,,,,,,,,,,,5000,,,,
FSD-MOTOR,FSD---550,FSD-Motor,,,,550,,,,364,,,,,,,,,,,,,,,1125,,,,
FSD-MOTOR,FSD---560,FSD-Motor,,,,560,,,,95,,,,,,,,,,,,,,,270,,,,
FSD-MOTOR,FSD---560,FSD-Motor,,,,560,,,,135,,,,,,,,,,,,,,,375,,,,
FSD-MOTOR,FSD---560,FSD-Motor,,,,560,,,,563,,,,,,,,,,,,,,,1500,,,,
FSD-MOTOR,FSD---600,FSD-Motor,,,,600,,,,135,,,,,,,,,,,,,,,420,,,,
FSD-MOTOR,FSD---600,FSD-Motor,,,,600,,,,162,,,,,,,,,,,,,,,525,,,,
FSD-MOTOR,FSD---620,FSD-Motor,,,,620,,,,270,,,,,,,,,,,,,,,1080,,,,
FSD-MOTOR,FSD---630,FSD-Motor,,,,630,,,,268,,,,,,,,,,,,,,,840,,,,
FSD-MOTOR,FSD---660,FSD-Motor,,,,660,,,,95,,,,,,,,,,,,,,,330,,,,
FSD-MOTOR,FSD---660,FSD-Motor,,,,660,,,,364,,,,,,,,,,,,,,,1200,,,,
FSD-MOTOR,FSD---680,FSD-Motor,,,,680,,,,268,,,,,,,,,,,,,,,975,,,,
FSD-MOTOR,FSD---690,FSD-Motor,,,,690,,,,68,,,,,,,,,,,,,,,210,,,,
FSD-MOTOR,FSD---690,FSD-Motor,,,,690,,,,135,,,,,,,,,,,,,,,495,,,,
FSD-MOTOR,FSD---710,FSD-Motor,,,,710,,,,162,,,,,,,,,,,,,,,645,,,,
FSD-MOTOR,FSD---720,FSD-Motor,,,,720,,,,270,,,,,,,,,,,,,,,1200,,,,
FSD-MOTOR,FSD---730,FSD-Motor,,,,730,,,,56,,,,,,,,,,,,,,,150,,,,
FSD-MOTOR,FSD---780,FSD-Motor,,,,780,,,,95,,,,,,,,,,,,,,,375,,,,
FSD-MOTOR,FSD---780,FSD-Motor,,,,780,,,,135,,,,,,,,,,,,,,,540,,,,
FSD-MOTOR,FSD---780,FSD-Motor,,,,780,,,,268,,,,,,,,,,,,,,,1125,,,,
FSD-MOTOR,FSD---830,FSD-Motor,,,,830,,,,56,,,,,,,,,,,,,,,195,,,,
FSD-MOTOR,FSD---830,FSD-Motor,,,,830,,,,68,,,,,,,,,,,,,,,255,,,,
FSD-MOTOR,FSD---850,FSD-Motor,,,,850,,,,282,,,,,,,,,,,,,,,2000,,,,
FSD-MOTOR,FSD---890,FSD-Motor,,,,890,,,,162,,,,,,,,,,,,,,,750,,,,
FSD-MOTOR,FSD---900,FSD-Motor,,,,900,,,,68,,,,,,,,,,,,,,,300,,,,
FSD-MOTOR,FSD---920,FSD-Motor,,,,920,,,,135,,,,,,,,,,,,,,,630,,,,
FSD-MOTOR,FSD---950,FSD-Motor,,,,950,,,,282,,,,,,,,,,,,,,,2000,,,,
FSD-MOTOR,FSD---960,FSD-Motor,,,,960,,,,95,,,,,,,,,,,,,,,525,,,,
FSD-MOTOR,FSD---980,FSD-Motor,,,,980,,,,56,,,,,,,,,,,,,,,225,,,,
FSD-MOTOR,FSD---1038,FSD-Motor,,,,1038,,,,68,,,,,,,,,,,,,,,360,,,,
FSD-MOTOR,FSD---1050,FSD-Motor,,,,1050,,,,240,,,,,,,,,,,,,,,1700,,,,
FSD-MOTOR,FSD---1050,FSD-Motor,,,,1050,,,,282,,,,,,,,,,,,,,,2000,,,,
FSD-MOTOR,FSD---1050,FSD-Motor,,,,1050,,,,45,,,,,,,,,,,,,,,195,,,,
FSD-MOTOR,FSD---1080,FSD-Motor,,,,1080,,,,135,,,,,,,,,,,,,,,825,,,,
FSD-MOTOR,FSD---1100,FSD-Motor,,,,1100,,,,176,,,,,,,,,,,,,,,1300,,,,
FSD-MOTOR,FSD---1100,FSD-Motor,,,,1100,,,,95,,,,,,,,,,,,,,,630,,,,
FSD-MOTOR,FSD---1100,FSD-Motor,,,,1100,,,,162,,,,,,,,,,,,,,,900,,,,
FSD-MOTOR,FSD---1150,FSD-Motor,,,,1150,,,,240,,,,,,,,,,,,,,,1700,,,,
FSD-MOTOR,FSD---1150,FSD-Motor,,,,1150,,,,45,,,,,,,,,,,,,,,225,,,,
FSD-MOTOR,FSD---1160,FSD-Motor,,,,1160,,,,68,,,,,,,,,,,,,,,420,,,,
FSD-MOTOR,FSD---1200,FSD-Motor,,,,1200,,,,282,,,,,,,,,,,,,,,2000,,,,
FSD-MOTOR,FSD---1230,FSD-Motor,,,,1230,,,,176,,,,,,,,,,,,,,,1300,,,,
FSD-MOTOR,FSD---1230,FSD-Motor,,,,1230,,,,185,,,,,,,,,,,,,,,1300,,,,
FSD-MOTOR,FSD---1250,FSD-Motor,,,,1250,,,,45,,,,,,,,,,,,,,,240,,,,
FSD-MOTOR,FSD---1270,FSD-Motor,,,,1270,,,,95,,,,,,,,,,,,,,,720,,,,
FSD-MOTOR,FSD---1280,FSD-Motor,,,,1280,,,,240,,,,,,,,,,,,,,,1700,,,,
FSD-MOTOR,FSD---1290,FSD-Motor,,,,1290,,,,56,,,,,,,,,,,,,,,270,,,,
FSD-MOTOR,FSD---1350,FSD-Motor,,,,1350,,,,185,,,,,,,,,,,,,,,1300,,,,
FSD-MOTOR,FSD---1360,FSD-Motor,,,,1360,,,,68,,,,,,,,,,,,,,,480,,,,
FSD-MOTOR,FSD---1380,FSD-Motor,,,,1380,,,,176,,,,,,,,,,,,,,,1300,,,,
FSD-MOTOR,FSD---1380,FSD-Motor,,,,1380,,,,45,,,,,,,,,,,,,,,270,,,,
FSD-MOTOR,FSD---1420,FSD-Motor,,,,1420,,,,282,,,,,,,,,,,,,,,2000,,,,
FSD-MOTOR,FSD---1450,FSD-Motor,,,,1450,,,,175,,,,,,,,,,,,,,,1400,,,,
FSD-MOTOR,FSD---1450,FSD-Motor,,,,1450,,,,145,,,,,,,,,,,,,,,1000,,,,
FSD-MOTOR,FSD---1480,FSD-Motor,,,,1480,,,,185,,,,,,,,,,,,,,,1300,,,,
FSD-MOTOR,FSD---1480,FSD-Motor,,,,1480,,,,240,,,,,,,,,,,,,,,1700,,,,
FSD-MOTOR,FSD---1520,FSD-Motor,,,,1520,,,,95,,,,,,,,,,,,,,,825,,,,
FSD-MOTOR,FSD---1580,FSD-Motor,,,,1580,,,,176,,,,,,,,,,,,,,,1300,,,,
FSD-MOTOR,FSD---1600,FSD-Motor,,,,1600,,,,145,,,,,,,,,,,,,,,1000,,,,
FSD-MOTOR,FSD---1600,FSD-Motor,,,,1600,,,,282,,,,,,,,,,,,,,,2000,,,,
FSD-MOTOR,FSD---1600,FSD-Motor,,,,1600,,,,68,,,,,,,,,,,,,,,525,,,,
FSD-MOTOR,FSD---1650,FSD-Motor,,,,1650,,,,185,,,,,,,,,,,,,,,1300,,,,
FSD-MOTOR,FSD---1690,FSD-Motor,,,,1690,,,,176,,,,,,,,,,,,,,,1300,,,,
FSD-MOTOR,FSD---1700,FSD-Motor,,,,1700,,,,282,,,,,,,,,,,,,,,2000,,,,
FSD-MOTOR,FSD---1720,FSD-Motor,,,,1720,,,,175,,,,,,,,,,,,,,,1500,,,,
FSD-MOTOR,FSD---1720,FSD-Motor,,,,1720,,,,240,,,,,,,,,,,,,,,1700,,,,
FSD-MOTOR,FSD---1780,FSD-Motor,,,,1780,,,,125,,,,,,,,,,,,,,,800,,,,
FSD-MOTOR,FSD---1780,FSD-Motor,,,,1780,,,,282,,,,,,,,,,,,,,,2000,,,,
FSD-MOTOR,FSD---1800,FSD-Motor,,,,1800,,,,145,,,,,,,,,,,,,,,1000,,,,
FSD-MOTOR,FSD---1820,FSD-Motor,,,,1820,,,,45,,,,,,,,,,,,,,,330,,,,
FSD-MOTOR,FSD---1840,FSD-Motor,,,,1840,,,,176,,,,,,,,,,,,,,,1300,,,,
FSD-MOTOR,FSD---1840,FSD-Motor,,,,1840,,,,185,,,,,,,,,,,,,,,1300,,,,
FSD-MOTOR,FSD---1880,FSD-Motor,,,,1880,,,,68,,,,,,,,,,,,,,,585,,,,
FSD-MOTOR,FSD---1900,FSD-Motor,,,,1900,,,,68,,,,,,,,,,,,,,,440,,,,
FSD-MOTOR,FSD---1900,FSD-Motor,,,,1900,,,,240,,,,,,,,,,,,,,,1700,,,,
FSD-MOTOR,FSD---1980,FSD-Motor,,,,1980,,,,125,,,,,,,,,,,,,,,800,,,,
FSD-MOTOR,FSD---2020,FSD-Motor,,,,2020,,,,282,,,,,,,,,,,,,,,2000,,,,
FSD-MOTOR,FSD---2040,FSD-Motor,,,,2040,,,,176,,,,,,,,,,,,,,,1300,,,,
FSD-MOTOR,FSD---2050,FSD-Motor,,,,2050,,,,240,,,,,,,,,,,,,,,1700,,,,
FSD-MOTOR,FSD---2060,FSD-Motor,,,,2060,,,,145,,,,,,,,,,,,,,,1000,,,,
FSD-MOTOR,FSD---2090,FSD-Motor,,,,2090,,,,185,,,,,,,,,,,,,,,1300,,,,
FSD-MOTOR,FSD---2100,FSD-Motor,,,,2100,,,,282,,,,,,,,,,,,,,,2000,,,,
FSD-MOTOR,FSD---2120,FSD-Motor,,,,2120,,,,240,,,,,,,,,,,,,,,1700,,,,
FSD-MOTOR,FSD---2190,FSD-Motor,,,,2190,,,,176,,,,,,,,,,,,,,,1300,,,,
FSD-MOTOR,FSD---2230,FSD-Motor,,,,2230,,,,125,,,,,,,,,,,,,,,800,,,,
FSD-MOTOR,FSD---2230,FSD-Motor,,,,2230,,,,145,,,,,,,,,,,,,,,1000,,,,
FSD-MOTOR,FSD---2260,FSD-Motor,,,,2260,,,,176,,,,,,,,,,,,,,,1300,,,,
FSD-MOTOR,FSD---2290,FSD-Motor,,,,2290,,,,185,,,,,,,,,,,,,,,1300,,,,
FSD-MOTOR,FSD---2300,FSD-Motor,,,,2300,,,,282,,,,,,,,,,,,,,,2000,,,,
FSD-MOTOR,FSD---2380,FSD-Motor,,,,2380,,,,240,,,,,,,,,,,,,,,1700,,,,
FSD-MOTOR,FSD---2415,FSD-Motor,,,,2415,,,,145,,,,,,,,,,,,,,,1000,,,,
FSD-MOTOR,FSD---2430,FSD-Motor,,,,2430,,,,145,,,,,,,,,,,,,,,1000,,,,
FSD-MOTOR,FSD---2450,FSD-Motor,,,,2450,,,,185,,,,,,,,,,,,,,,1300,,,,
FSD-MOTOR,FSD---2500,FSD-Motor,,,,2500,,,,185,,,,,,,,,,,,,,,1300,,,,
FSD-MOTOR,FSD---2550,FSD-Motor,,,,2550,,,,125,,,,,,,,,,,,,,,800,,,,
FSD-MOTOR,FSD---2550,FSD-Motor,,,,2550,,,,176,,,,,,,,,,,,,,,1300,,,,
FSD-MOTOR,FSD---2550,FSD-Motor,,,,2550,,,,240,,,,,,,,,,,,,,,1700,,,,
FSD-MOTOR,FSD---2670,FSD-Motor,,,,2670,,,,145,,,,,,,,,,,,,,,1000,,,,
FSD-MOTOR,FSD---2680,FSD-Motor,,,,2680,,,,282,,,,,,,,,,,,,,,2000,,,,
FSD-MOTOR,FSD---2700,FSD-Motor,,,,2700,,,,240,,,,,,,,,,,,,,,1700,,,,
FSD-MOTOR,FSD---2730,FSD-Motor,,,,2730,,,,176,,,,,,,,,,,,,,,1300,,,,
FSD-MOTOR,FSD---2750,FSD-Motor,,,,2750,,,,125,,,,,,,,,,,,,,,800,,,,
FSD-MOTOR,FSD---2750,FSD-Motor,,,,2750,,,,185,,,,,,,,,,,,,,,1300,,,,
FSD-MOTOR,FSD---2870,FSD-Motor,,,,2870,,,,145,,,,,,,,,,,,,,,1000,,,,
FSD-MOTOR,FSD---2910,FSD-Motor,,,,2910,,,,176,,,,,,,,,,,,,,,1300,,,,
FSD-MOTOR,FSD---2930,FSD-Motor,,,,2930,,,,185,,,,,,,,,,,,,,,1300,,,,
FSD-MOTOR,FSD---2950,FSD-Motor,,,,2950,,,,145,,,,,,,,,,,,,,,1000,,,,
FSD-MOTOR,FSD---2960,FSD-Motor,,,,2960,,,,125,,,,,,,,,,,,,,,800,,,,
FSD-MOTOR,FSD---3000,FSD-Motor,,,,3000,,,,125,,,,,,,,,,,,,,,800,,,,
FSD-MOTOR,FSD---3060,FSD-Motor,,,,3060,,,,185,,,,,,,,,,,,,,,1300,,,,
FSD-MOTOR,FSD---3180,FSD-Motor,,,,3180,,,,240,,,,,,,,,,,,,,,1700,,,,
FSD-MOTOR,FSD---3190,FSD-Motor,,,,3190,,,,282,,,,,,,,,,,,,,,2000,,,,
FSD-MOTOR,FSD---3200,FSD-Motor,,,,3200,,,,68,,,,,,,,,,,,,,,450,,,,
FSD-MOTOR,FSD---3300,FSD-Motor,,,,3300,,,,125,,,,,,,,,,,,,,,800,,,,
FSD-MOTOR,FSD---3330,FSD-Motor,,,,3330,,,,145,,,,,,,,,,,,,,,1000,,,,
FSD-MOTOR,FSD---3400,FSD-Motor,,,,3400,,,,37,,,,,,,,,,,,,,,220,,,,
FSD-MOTOR,FSD---3400,FSD-Motor,,,,3400,,,,176,,,,,,,,,,,,,,,1300,,,,
FSD-MOTOR,FSD---3430,FSD-Motor,,,,3430,,,,185,,,,,,,,,,,,,,,1300,,,,
FSD-MOTOR,FSD---3500,FSD-Motor,,,,3500,,,,68,,,,,,,,,,,,,,,460,,,,
FSD-MOTOR,FSD---3540,FSD-Motor,,,,3540,,,,125,,,,,,,,,,,,,,,800,,,,
FSD-MOTOR,FSD---3580,FSD-Motor,,,,3580,,,,145,,,,,,,,,,,,,,,1000,,,,
FSD-MOTOR,FSD---3650,FSD-Motor,,,,3650,,,,125,,,,,,,,,,,,,,,800,,,,
FSD-MOTOR,FSD---3650,FSD-Motor,,,,3650,,,,185,,,,,,,,,,,,,,,1300,,,,
FSD-MOTOR,FSD---3790,FSD-Motor,,,,3790,,,,145,,,,,,,,,,,,,,,1000,,,,
FSD-MOTOR,FSD---3800,FSD-Motor,,,,3800,,,,240,,,,,,,,,,,,,,,1700,,,,
FSD-MOTOR,FSD---3900,FSD-Motor,,,,3900,,,,37,,,,,,,,,,,,,,,220,,,,
FSD-MOTOR,FSD---3900,FSD-Motor,,,,3900,,,,185,,,,,,,,,,,,,,,1300,,,,
FSD-MOTOR,FSD---3930,FSD-Motor,,,,3930,,,,282,,,,,,,,,,,,,,,2000,,,,
FSD-MOTOR,FSD---4050,FSD-Motor,,,,4050,,,,176,,,,,,,,,,,,,,,1300,,,,
FSD-MOTOR,FSD---4110,FSD-Motor,,,,4110,,,,125,,,,,,,,,,,,,,,800,,,,
FSD-MOTOR,FSD---4420,FSD-Motor,,,,4420,,,,125,,,,,,,,,,,,,,,800,,,,
FSD-MOTOR,FSD---4430,FSD-Motor,,,,4430,,,,145,,,,,,,,,,,,,,,1000,,,,
FSD-MOTOR,FSD---4550,FSD-Motor,,,,4550,,,,185,,,,,,,,,,,,,,,1300,,,,
FSD-MOTOR,FSD---4650,FSD-Motor,,,,4650,,,,240,,,,,,,,,,,,,,,1700,,,,
FSD-MOTOR,FSD---4700,FSD-Motor,,,,4700,,,,125,,,,,,,,,,,,,,,800,,,,
FSD-MOTOR,FSD---5050,FSD-Motor,,,,5050,,,,176,,,,,,,,,,,,,,,1300,,,,
FSD-MOTOR,FSD---5280,FSD-Motor,,,,5280,,,,145,,,,,,,,,,,,,,,1000,,,,
FSD-MOTOR,FSD---5400,FSD-Motor,,,,5400,,,,185,,,,,,,,,,,,,,,1300,,,,
FSD-MOTOR,FSD---5460,FSD-Motor,,,,5460,,,,125,,,,,,,,,,,,,,,800,,,,
FSD-MOTOR,FSD---6550,FSD-Motor,,,,6550,,,,125,,,,,,,,,,,,,,,800,,,,
FSD-MOTOR,FSD---6560,FSD-Motor,,,,6560,,,,145,,,,,,,,,,,,,,,1000,,,,
FSD-MOTOR,FSD---8130,FSD-Motor,,,,8130,,,,125,,,,,,,,,,,,,,,800,,,,
FUTABA,Futa--300,Futaba,,,,300,,,,441,,,,,,,,,,,,,,,2000,,,,
FUTABA,Futa--410,Futaba,,,,410,,,,330,,,,,,,,,,,,,,,1326,,,,
FUTABA,Futa--525,Futaba,,,,525,,,,330,,,,,,,,,,,,,,,1200,,,,
GARTT,Gart--100,Gartt,,,,100,,,,635,,,,,,,,,,,,,,,3000,,,,
GARTT,Gart--180,Gartt,,,,180,,,,355,,,,,,,,,,,,,,,2800,,,,
GARTT,Gart--300,Gartt,,,,300,,,,193,,,,,,,,,,,,,,,850,,,,
GARTT,Gart--320,Gartt,,,,320,,,,151,,,,,,,,,,,,,,,450,,,,
GARTT,Gart--330,Gartt,,,,330,,,,170,,,,,,,,,,,,,,,750,,,,
GARTT,Gart--330,Gartt,,,,330,,,,161,,,,,,,,,,,,,,,760,,,,
GARTT,Gart--340,Gartt,,,,340,,,,202,,,,,,,,,,,,,,,840,,,,
GARTT,Gart--340,Gartt,,,,340,,,,230,,,,,,,,,,,,,,,960,,,,
GARTT,Gart--340,Gartt,,,,340,,,,310,,,,,,,,,,,,,,,1270,,,,
GARTT,Gart--360,Gartt,,,,360,,,,120,,,,,,,,,,,,,,,500,,,,
GARTT,Gart--380,Gartt,,,,380,,,,112,,,,,,,,,,,,,,,430,,,,
GARTT,Gart--400,Gartt,,,,400,,,,158,,,,,,,,,,,,,,,680,,,,
GARTT,Gart--400,Gartt,,,,400,,,,151,,,,,,,,,,,,,,,530,,,,
GARTT,Gart--400,Gartt,,,,400,,,,170,,,,,,,,,,,,,,,660,,,,
GARTT,Gart--400,Gartt,,,,400,,,,161,,,,,,,,,,,,,,,950,,,,
GARTT,Gart--415,Gartt,,,,415,,,,105,,,,,,,,,,,,,,,480,,,,
GARTT,Gart--415,Gartt,,,,415,,,,105,,,,,,,,,,,,,,,480,,,,
GARTT,Gart--500,Gartt,,,,500,,,,112,,,,,,,,,,,,,,,530,,,,
GARTT,Gart--510,Gartt,,,,510,,,,355,,,,,,,,,,,,,,,3100,,,,
GARTT,Gart--530,Gartt,,,,530,,,,505,,,,,,,,,,,,,,,4200,,,,
GARTT,Gart--530,Gartt,,,,530,,,,490,,,,,,,,,,,,,,,4500,,,,
GARTT,Gart--540,Gartt,,,,540,,,,105,,,,,,,,,,,,,,,400,,,,
GARTT,Gart--580,Gartt,,,,580,,,,105,,,,,,,,,,,,,,,400,,,,
GARTT,Gart--580,Gartt,,,,580,,,,105,,,,,,,,,,,,,,,400,,,,
GARTT,Gart--600,Gartt,,,,600,,,,120,,,,,,,,,,,,,,,430,,,,
GARTT,Gart--620,Gartt,,,,620,,,,112,,,,,,,,,,,,,,,465,,,,
GARTT,Gart--700,Gartt,,,,700,,,,105,,,,,,,,,,,,,,,460,,,,
GARTT,Gart--700,Gartt,,,,700,,,,105,,,,,,,,,,,,,,,460,,,,
GARTT,Gart--700,Gartt,,,,700,,,,120,,,,,,,,,,,,,,,480,,,,
GARTT,Gart--920,Gartt,,,,920,,,,59,,,,,,,,,,,,,,,230,,,,
GARTT,Gart--920,Gartt,,,,920,,,,55,,,,,,,,,,,,,,,230,,,,
GARTT,Gart--920,Gartt,,,,920,,,,61,,,,,,,,,,,,,,,260,,,,
GARTT,Gart--960,Gartt,,,,960,,,,68,,,,,,,,,,,,,,,280,,,,
GARTT,Gart--1000,Gartt,,,,1000,,,,52,,,,,,,,,,,,,,,220,,,,
GARTT,Gart--1220,Gartt,,,,1220,,,,380,,,,,,,,,,,,,,,2100,,,,
GARTT,Gart--1220,Gartt,,,,1220,,,,357,,,,,,,,,,,,,,,2100,,,,
GARTT,Gart--1400,Gartt,,,,1400,,,,19,,,,,,,,,,,,,,,115,,,,
GARTT,Gart--1450,Gartt,,,,1450,,,,52,,,,,,,,,,,,,,,240,,,,
GARTT,Gart--1500,Gartt,,,,1500,,,,30,,,,,,,,,,,,,,,170,,,,
GARTT,Gart--1600,Gartt,,,,1600,,,,205,,,,,,,,,,,,,,,1500,,,,
GARTT,Gart--1600,Gartt,,,,1600,,,,230,,,,,,,,,,,,,,,1700,,,,
GARTT,Gart--1700,Gartt,,,,1700,,,,80,,,,,,,,,,,,,,,510,,,,
GARTT,Gart--1800,Gartt,,,,1800,,,,90,,,,,,,,,,,,,,,600,,,,
GARTT,Gart--2000,Gartt,,,,2000,,,,30,,,,,,,,,,,,,,,170,,,,
GARTT,Gart--2000,Gartt,,,,2000,,,,30,,,,,,,,,,,,,,,170,,,,
GARTT,Gart--2000,Gartt,,,,2000,,,,2023-06-20 00:00:00,,,,,,,,,,,,,,,480,,,,
GARTT,Gart--2250,Gartt,,,,2250,,,,52,,,,,,,,,,,,,,,260,,,,
GARTT,Gart--2300,Gartt,,,,2300,,,,26,,,,,,,,,,,,,,,190,,,,
GARTT,Gart--2300,Gartt,,,,2300,,,,19,,,,,,,,,,,,,,,130,,,,
GARTT,Gart--2300,Gartt,,,,2300,,,,19,,,,,,,,,,,,,,,130,,,,
GARTT,Gart--2300,Gartt,,,,2300,,,,24,,,,,,,,,,,,,,,190,,,,
GARTT,Gart--2300,Gartt,,,,2300,,,,24,,,,,,,,,,,,,,,190,,,,
GARTT,Gart--2300,Gartt,,,,2300,,,,30,,,,,,,,,,,,,,,368,,,,
GARTT,Gart--2300,Gartt,,,,2300,,,,30,,,,,,,,,,,,,,,430,,,,
GARTT,Gart--2300,Gartt,,,,2300,,,,2023-06-18 00:00:00,,,,,,,,,,,,,,,400,,,,
GARTT,Gart--2300,Gartt,,,,2300,,,,30,,,,,,,,,,,,,,,370,,,,
GARTT,Gart--2400,Gartt,,,,2400,,,,30,,,,,,,,,,,,,,,210,,,,
GARTT,Gart--2400,Gartt,,,,2400,,,,30,,,,,,,,,,,,,,,430,,,,
GARTT,Gart--3100,Gartt,,,,3100,,,,12,,,,,,,,,,,,,,,95,,,,
GARTT,Gart--3300,Gartt,,,,3300,,,,80,,,,,,,,,,,,,,,320,,,,
GARTT,Gart--3600,Gartt,,,,3600,,,,37,,,,,,,,,,,,,,,190,,,,
GARTT,Gart--3600,Gartt,,,,3600,,,,38,,,,,,,,,,,,,,,210,,,,
GARTT,Gart--3600,Gartt,,,,3600,,,,90,,,,,,,,,,,,,,,430,,,,
GAUI,Gaui--320,Gaui,,,,320,,,,148,,,,,,,,,,,,,,,450,,,,
GAUI,Gaui--420,Gaui,,,,420,,,,148,,,,,,,,,,,,,,,450,,,,
GAUI,Gaui--500,Gaui,,,,500,,,,460,,,,,,,,,,,,,,,4600,,,,
GAUI,Gaui--500,Gaui,,,,500,,,,565,,,,,,,,,,,,,,,4800,,,,
GAUI,Gaui--910,Gaui,,,,910,,,,284,,,,,,,,,,,,,,,1820,,,,
GAUI,Gaui--960,Gaui,,,,960,,,,58,,,,,,,,,,,,,,,200,,,,
GAUI,Gaui--1580,Gaui,,,,1580,,,,104,,,,,,,,,,,,,,,715,,,,
GAUI,Gaui--3590,Gaui,,,,3590,,,,39,,,,,,,,,,,,,,,220,,,,
GENS ACE,Gens--215,Gens ace,,,,215,,,,438,,,,,,,,,,,,,,,1200,,,,
GENS ACE,Gens--225,Gens ace,,,,225,,,,590,,,,,,,,,,,,,,,1350,,,,
GENS ACE,Gens--340,Gens ace,,,,340,,,,370,,,,,,,,,,,,,,,900,,,,
GENS ACE,Gens--550,Gens ace,,,,550,,,,282,,,,,,,,,,,,,,,825,,,,
GENS ACE,Gens--770,Gens ace,,,,770,,,,178,,,,,,,,,,,,,,,750,,,,
GENS ACE,Gens--800,Gens ace,,,,800,,,,146,,,,,,,,,,,,,,,525,,,,
GENS ACE,Gens--960,Gens ace,,,,960,,,,60,,,,,,,,,,,,,,,255,,,,
GENS ACE,Gens--980,Gens ace,,,,980,,,,46,,,,,,,,,,,,,,,210,,,,
GENS ACE,Gens--1100,Gens ace,,,,1100,,,,78,,,,,,,,,,,,,,,375,,,,
GENS ACE,Gens--1300,Gens ace,,,,1300,,,,116,,,,,,,,,,,,,,,525,,,,
GENS ACE,Gens--1500,Gens ace,,,,1500,,,,162,,,,,,,,,,,,,,,675,,,,
GENS ACE,Gens--1580,Gens ace,,,,1580,,,,24,,,,,,,,,,,,,,,135,,,,
GENS ACE,Gens--1600,Gens ace,,,,1600,,,,32,,,,,,,,,,,,,,,150,,,,
GENS ACE,Gens--2050,Gens ace,,,,2050,,,,18,,,,,,,,,,,,,,,105,,,,
GENS ACE,Gens--3430,Gens ace,,,,3430,,,,78,,,,,,,,,,,,,,,450,,,,
GENS ACE,Gens--3680,Gens ace,,,,3680,,,,56,,,,,,,,,,,,,,,375,,,,
GEPRC,GepR--1350,GepRC,,,,1350,,,,31,,,,,,,,,,,,,,,435,,,,
GEPRC,GepR--1600,GepRC,,,,1600,,,,32,,,,,,,,,,,,,,,525,,,,
GEPRC,GepR--1850,GepRC,,,,1850,,,,31,,,,,,,,,,,,,,,540,,,,
GEPRC,GepR--1900,GepRC,,,,1900,,,,31,,,,,,,,,,,,,,,600,,,,
GEPRC,GepR--2400,GepRC,,,,2400,,,,31,,,,,,,,,,,,,,,675,,,,
GEPRC,GepR--2450,GepRC,,,,2450,,,,32,,,,,,,,,,,,,,,675,,,,
GEPRC,GepR--2450,GepRC,,,,2450,,,,31,,,,,,,,,,,,,,,735,,,,
GEPRC,GepR--2700,GepRC,,,,2700,,,,31,,,,,,,,,,,,,,,720,,,,
GEPRC,GepR--2750,GepRC,,,,2750,,,,32,,,,,,,,,,,,,,,950,,,,
GEPRC,GepR--2800,GepRC,,,,2800,,,,2023-05-15 00:00:00,,,,,,,,,,,,,,,330,,,,
GEPRC,GepR--3200,GepRC,,,,3200,,,,2023-05-15 00:00:00,,,,,,,,,,,,,,,435,,,,
GEPRC,GepR--3500,GepRC,,,,3500,,,,2023-02-15 00:00:00,,,,,,,,,,,,,,,335,,,,
GEPRC,GepR--3600,GepRC,,,,3600,,,,2023-05-15 00:00:00,,,,,,,,,,,,,,,390,,,,
GEPRC,GepR--3750,GepRC,,,,3750,,,,2023-02-15 00:00:00,,,,,,,,,,,,,,,335,,,,
GEPRC,GepR--3850,GepRC,,,,3850,,,,2023-08-09 00:00:00,,,,,,,,,,,,,,,195,,,,
GEPRC,GepR--4100,GepRC,,,,4100,,,,2023-02-15 00:00:00,,,,,,,,,,,,,,,335,,,,
GEPRC,GepR--4200,GepRC,,,,4200,,,,2023-05-15 00:00:00,,,,,,,,,,,,,,,435,,,,
GEPRC,GepR--4500,GepRC,,,,4500,,,,2023-01-07 00:00:00,,,,,,,,,,,,,,,144,,,,
GEPRC,GepR--5000,GepRC,,,,5000,,,,2023-05-06 00:00:00,,,,,,,,,,,,,,,180,,,,
GEPRC,GepR--6000,GepRC,,,,6000,,,,2023-01-07 00:00:00,,,,,,,,,,,,,,,228,,,,
GEPRC,GepR--6000,GepRC,,,,6000,,,,2023-05-06 00:00:00,,,,,,,,,,,,,,,240,,,,
GEPRC,GepR--7500,GepRC,,,,7500,,,,2023-01-07 00:00:00,,,,,,,,,,,,,,,176,,,,
GEPRC,GepR--7500,GepRC,,,,7500,,,,2023-05-06 00:00:00,,,,,,,,,,,,,,,210,,,,
GRAUPNER,Grau--190,Graupner,,,,190,,,,1145,,,,,,,,,,,,,,,3520,,,,
GRAUPNER,Grau--220,Graupner,,,,220,,,,860,,,,,,,,,,,,,,,1500,,,,
GRAUPNER,Grau--365,Graupner,,,,365,,,,436,,,,,,,,,,,,,,,975,,,,
GRAUPNER,Grau--825,Graupner,,,,825,,,,175,,,,,,,,,,,,,,,750,,,,
GRAUPNER,Grau--1425,Graupner,,,,1425,,,,233,,,,,,,,,,,,,,,900,,,,
GS MODELS,GS M--70,GS Models,,,,70,,,,3800,,,,,,,,,,,,,,,20000,,,,
GS MODELS,GS M--130,GS Models,,,,130,,,,2780,,,,,,,,,,,,,,,15000,,,,
GS MODELS,GS M--140,GS Models,,,,140,,,,2780,,,,,,,,,,,,,,,15000,,,,
GS MODELS,GS M--150,GS Models,,,,150,,,,2500,,,,,,,,,,,,,,,11250,,,,
GS MODELS,GS M--150,GS Models,,,,150,,,,935,,,,,,,,,,,,,,,4500,,,,
GS MODELS,GS M--160,GS Models,,,,160,,,,1440,,,,,,,,,,,,,,,6500,,,,
GS MODELS,GS M--165,GS Models,,,,165,,,,2500,,,,,,,,,,,,,,,11250,,,,
GS MODELS,GS M--165,GS Models,,,,165,,,,935,,,,,,,,,,,,,,,4500,,,,
GS MODELS,GS M--190,GS Models,,,,190,,,,1310,,,,,,,,,,,,,,,5750,,,,
GS MODELS,GS M--190,GS Models,,,,190,,,,1440,,,,,,,,,,,,,,,6500,,,,
GS MODELS,GS M--190,GS Models,,,,190,,,,1320,,,,,,,,,,,,,,,5750,,,,
GS MODELS,GS M--200,GS Models,,,,200,,,,667,,,,,,,,,,,,,,,2900,,,,
GS MODELS,GS M--210,GS Models,,,,210,,,,1050,,,,,,,,,,,,,,,4200,,,,
GS MODELS,GS M--210,GS Models,,,,210,,,,1060,,,,,,,,,,,,,,,4200,,,,
GS MODELS,GS M--220,GS Models,,,,220,,,,660,,,,,,,,,,,,,,,2850,,,,
GS MODELS,GS M--220,GS Models,,,,220,,,,1310,,,,,,,,,,,,,,,6000,,,,
GS MODELS,GS M--220,GS Models,,,,220,,,,655,,,,,,,,,,,,,,,3000,,,,
GS MODELS,GS M--220,GS Models,,,,220,,,,1320,,,,,,,,,,,,,,,6000,,,,
GS MODELS,GS M--230,GS Models,,,,230,,,,1050,,,,,,,,,,,,,,,4500,,,,
GS MODELS,GS M--230,GS Models,,,,230,,,,1060,,,,,,,,,,,,,,,4500,,,,
GS MODELS,GS M--250,GS Models,,,,250,,,,660,,,,,,,,,,,,,,,2900,,,,
GS MODELS,GS M--250,GS Models,,,,250,,,,655,,,,,,,,,,,,,,,3000,,,,
GS MODELS,GS M--250,GS Models,,,,250,,,,667,,,,,,,,,,,,,,,3000,,,,
GS MODELS,GS M--290,GS Models,,,,290,,,,405,,,,,,,,,,,,,,,2140,,,,
GS MODELS,GS M--320,GS Models,,,,320,,,,660,,,,,,,,,,,,,,,2950,,,,
GS MODELS,GS M--330,GS Models,,,,330,,,,405,,,,,,,,,,,,,,,2200,,,,
GS MODELS,GS M--335,GS Models,,,,335,,,,377,,,,,,,,,,,,,,,1600,,,,
GS MODELS,GS M--430,GS Models,,,,430,,,,296,,,,,,,,,,,,,,,1650,,,,
GS MODELS,GS M--435,GS Models,,,,435,,,,377,,,,,,,,,,,,,,,1750,,,,
GS MODELS,GS M--520,GS Models,,,,520,,,,296,,,,,,,,,,,,,,,1700,,,,
GS MODELS,GS M--570,GS Models,,,,570,,,,276,,,,,,,,,,,,,,,1550,,,,
GS MODELS,GS M--600,GS Models,,,,600,,,,265,,,,,,,,,,,,,,,1500,,,,
GS MODELS,GS M--630,GS Models,,,,630,,,,175,,,,,,,,,,,,,,,1050,,,,
GS MODELS,GS M--700,GS Models,,,,700,,,,57,,,,,,,,,,,,,,,220,,,,
GS MODELS,GS M--700,GS Models,,,,700,,,,172,,,,,,,,,,,,,,,840,,,,
GS MODELS,GS M--710,GS Models,,,,710,,,,265,,,,,,,,,,,,,,,1650,,,,
GS MODELS,GS M--720,GS Models,,,,720,,,,190,,,,,,,,,,,,,,,1120,,,,
GS MODELS,GS M--750,GS Models,,,,750,,,,67,,,,,,,,,,,,,,,300,,,,
GS MODELS,GS M--750,GS Models,,,,750,,,,175,,,,,,,,,,,,,,,1100,,,,
GS MODELS,GS M--760,GS Models,,,,760,,,,276,,,,,,,,,,,,,,,1660,,,,
GS MODELS,GS M--800,GS Models,,,,800,,,,190,,,,,,,,,,,,,,,1250,,,,
GS MODELS,GS M--810,GS Models,,,,810,,,,132,,,,,,,,,,,,,,,660,,,,
GS MODELS,GS M--830,GS Models,,,,830,,,,172,,,,,,,,,,,,,,,1000,,,,
GS MODELS,GS M--850,GS Models,,,,850,,,,130,,,,,,,,,,,,,,,580,,,,
GS MODELS,GS M--850,GS Models,,,,850,,,,270,,,,,,,,,,,,,,,2900,,,,
GS MODELS,GS M--880,GS Models,,,,880,,,,67,,,,,,,,,,,,,,,340,,,,
GS MODELS,GS M--910,GS Models,,,,910,,,,52,,,,,,,,,,,,,,,220,,,,
GS MODELS,GS M--910,GS Models,,,,910,,,,57,,,,,,,,,,,,,,,260,,,,
GS MODELS,GS M--930,GS Models,,,,930,,,,132,,,,,,,,,,,,,,,750,,,,
GS MODELS,GS M--950,GS Models,,,,950,,,,55,,,,,,,,,,,,,,,310,,,,
GS MODELS,GS M--950,GS Models,,,,950,,,,70,,,,,,,,,,,,,,,420,,,,
GS MODELS,GS M--950,GS Models,,,,950,,,,78,,,,,,,,,,,,,,,310,,,,
GS MODELS,GS M--1000,GS Models,,,,1000,,,,100,,,,,,,,,,,,,,,550,,,,
GS MODELS,GS M--1000,GS Models,,,,1000,,,,190,,,,,,,,,,,,,,,1380,,,,
GS MODELS,GS M--1000,GS Models,,,,1000,,,,270,,,,,,,,,,,,,,,2900,,,,
GS MODELS,GS M--1020,GS Models,,,,1020,,,,130,,,,,,,,,,,,,,,650,,,,
GS MODELS,GS M--1100,GS Models,,,,1100,,,,52,,,,,,,,,,,,,,,220,,,,
GS MODELS,GS M--1100,GS Models,,,,1100,,,,42,,,,,,,,,,,,,,,250,,,,
GS MODELS,GS M--1100,GS Models,,,,1100,,,,55,,,,,,,,,,,,,,,330,,,,
GS MODELS,GS M--1100,GS Models,,,,1100,,,,132,,,,,,,,,,,,,,,850,,,,
GS MODELS,GS M--1120,GS Models,,,,1120,,,,67,,,,,,,,,,,,,,,380,,,,
GS MODELS,GS M--1150,GS Models,,,,1150,,,,190,,,,,,,,,,,,,,,2350,,,,
GS MODELS,GS M--1150,GS Models,,,,1150,,,,270,,,,,,,,,,,,,,,3000,,,,
GS MODELS,GS M--1250,GS Models,,,,1250,,,,41,,,,,,,,,,,,,,,180,,,,
GS MODELS,GS M--1250,GS Models,,,,1250,,,,100,,,,,,,,,,,,,,,650,,,,
GS MODELS,GS M--1250,GS Models,,,,1250,,,,109,,,,,,,,,,,,,,,680,,,,
GS MODELS,GS M--1260,GS Models,,,,1260,,,,42,,,,,,,,,,,,,,,270,,,,
GS MODELS,GS M--1260,GS Models,,,,1260,,,,45,,,,,,,,,,,,,,,220,,,,
GS MODELS,GS M--1270,GS Models,,,,1270,,,,30,,,,,,,,,,,,,,,140,,,,
GS MODELS,GS M--1280,GS Models,,,,1280,,,,55,,,,,,,,,,,,,,,360,,,,
GS MODELS,GS M--1280,GS Models,,,,1280,,,,57,,,,,,,,,,,,,,,300,,,,
GS MODELS,GS M--1330,GS Models,,,,1330,,,,70,,,,,,,,,,,,,,,450,,,,
GS MODELS,GS M--1330,GS Models,,,,1330,,,,28,,,,,,,,,,,,,,,110,,,,
GS MODELS,GS M--1330,GS Models,,,,1330,,,,78,,,,,,,,,,,,,,,350,,,,
GS MODELS,GS M--1380,GS Models,,,,1380,,,,30,,,,,,,,,,,,,,,160,,,,
GS MODELS,GS M--1450,GS Models,,,,1450,,,,42,,,,,,,,,,,,,,,300,,,,
GS MODELS,GS M--1450,GS Models,,,,1450,,,,45,,,,,,,,,,,,,,,240,,,,
GS MODELS,GS M--1500,GS Models,,,,1500,,,,109,,,,,,,,,,,,,,,750,,,,
GS MODELS,GS M--1530,GS Models,,,,1530,,,,18,,,,,,,,,,,,,,,80,,,,
GS MODELS,GS M--1650,GS Models,,,,1650,,,,18,,,,,,,,,,,,,,,60,,,,
GS MODELS,GS M--1650,GS Models,,,,1650,,,,190,,,,,,,,,,,,,,,2400,,,,
GS MODELS,GS M--1650,GS Models,,,,1650,,,,270,,,,,,,,,,,,,,,3100,,,,
GS MODELS,GS M--1780,GS Models,,,,1780,,,,28,,,,,,,,,,,,,,,120,,,,
GS MODELS,GS M--1800,GS Models,,,,1800,,,,19,,,,,,,,,,,,,,,80,,,,
GS MODELS,GS M--1900,GS Models,,,,1900,,,,45,,,,,,,,,,,,,,,250,,,,
GS MODELS,GS M--1950,GS Models,,,,1950,,,,10,,,,,,,,,,,,,,,35,,,,
GS MODELS,GS M--2000,GS Models,,,,2000,,,,13,,,,,,,,,,,,,,,40,,,,
GS MODELS,GS M--2030,GS Models,,,,2030,,,,6,,,,,,,,,,,,,,,30,,,,
GS MODELS,GS M--2100,GS Models,,,,2100,,,,190,,,,,,,,,,,,,,,2400,,,,
GS MODELS,GS M--2120,GS Models,,,,2120,,,,18,,,,,,,,,,,,,,,70,,,,
GS MODELS,GS M--2250,GS Models,,,,2250,,,,28,,,,,,,,,,,,,,,130,,,,
GS MODELS,GS M--2280,GS Models,,,,2280,,,,16,,,,,,,,,,,,,,,50,,,,
GS MODELS,GS M--2520,GS Models,,,,2520,,,,18,,,,,,,,,,,,,,,80,,,,
GS MODELS,GS M--2570,GS Models,,,,2570,,,,19,,,,,,,,,,,,,,,100,,,,
GS MODELS,GS M--2710,GS Models,,,,2710,,,,18,,,,,,,,,,,,,,,95,,,,
GS MODELS,GS M--2850,GS Models,,,,2850,,,,16,,,,,,,,,,,,,,,65,,,,
GS MODELS,GS M--2900,GS Models,,,,2900,,,,13,,,,,,,,,,,,,,,55,,,,
GS MODELS,GS M--3050,GS Models,,,,3050,,,,10,,,,,,,,,,,,,,,55,,,,
GS MODELS,GS M--3200,GS Models,,,,3200,,,,6,,,,,,,,,,,,,,,40,,,,
GS MODELS,GS M--3600,GS Models,,,,3600,,,,62,,,,,,,,,,,,,,,850,,,,
GS MODELS,GS M--3600,GS Models,,,,3600,,,,84,,,,,,,,,,,,,,,1100,,,,
GS MODELS,GS M--4350,GS Models,,,,4350,,,,84,,,,,,,,,,,,,,,1150,,,,
GS MODELS,GS M--4500,GS Models,,,,4500,,,,62,,,,,,,,,,,,,,,900,,,,
HACKER,Hack--84,Hacker,,,,84,,,,2400,,,,,,,,,,,,,,,12000,,,,
HACKER,Hack--99,Hacker,,,,99,,,,2300,,,,,,,,,,,,,,,11000,,,,
HACKER,Hack--110,Hacker,,,,110,,,,2590,,,,,,,,,,,,,,,15000,,,,
HACKER,Hack--110,Hacker,,,,110,,,,1830,,,,,,,,,,,,,,,7500,,,,
HACKER,Hack--114,Hacker,,,,114,,,,2300,,,,,,,,,,,,,,,11000,,,,
HACKER,Hack--125,Hacker,,,,125,,,,2400,,,,,,,,,,,,,,,12000,,,,
HACKER,Hack--126,Hacker,,,,126,,,,1830,,,,,,,,,,,,,,,9000,,,,
HACKER,Hack--133,Hacker,,,,133,,,,2100,,,,,,,,,,,,,,,9000,,,,
HACKER,Hack--133,Hacker,,,,133,,,,2100,,,,,,,,,,,,,,,9000,,,,
HACKER,Hack--135,Hacker,,,,135,,,,1035,,,,,,,,,,,,,,,4500,,,,
HACKER,Hack--135,Hacker,,,,135,,,,1335,,,,,,,,,,,,,,,6000,,,,
HACKER,Hack--137,Hacker,,,,137,,,,2300,,,,,,,,,,,,,,,11000,,,,
HACKER,Hack--140,Hacker,,,,140,,,,1830,,,,,,,,,,,,,,,10000,,,,
HACKER,Hack--149,Hacker,,,,149,,,,910,,,,,,,,,,,,,,,3300,,,,
HACKER,Hack--149,Hacker,,,,149,,,,910,,,,,,,,,,,,,,,3000,,,,
HACKER,Hack--150,Hacker,,,,150,,,,1900,,,,,,,,,,,,,,,7000,,,,
HACKER,Hack--151,Hacker,,,,151,,,,2590,,,,,,,,,,,,,,,15000,,,,
HACKER,Hack--155,Hacker,,,,155,,,,1335,,,,,,,,,,,,,,,7000,,,,
HACKER,Hack--160,Hacker,,,,160,,,,1035,,,,,,,,,,,,,,,5500,,,,
HACKER,Hack--166,Hacker,,,,166,,,,2100,,,,,,,,,,,,,,,9000,,,,
HACKER,Hack--168,Hacker,,,,168,,,,910,,,,,,,,,,,,,,,3100,,,,
HACKER,Hack--168,Hacker,,,,168,,,,910,,,,,,,,,,,,,,,3000,,,,
HACKER,Hack--168,Hacker,,,,168,,,,1830,,,,,,,,,,,,,,,10000,,,,
HACKER,Hack--170,Hacker,,,,170,,,,760,,,,,,,,,,,,,,,2400,,,,
HACKER,Hack--170,Hacker,,,,170,,,,760,,,,,,,,,,,,,,,2200,,,,
HACKER,Hack--175,Hacker,,,,175,,,,610,,,,,,,,,,,,,,,3000,,,,
HACKER,Hack--176,Hacker,,,,176,,,,735,,,,,,,,,,,,,,,2900,,,,
HACKER,Hack--176,Hacker,,,,176,,,,751,,,,,,,,,,,,,,,2900,,,,
HACKER,Hack--180,Hacker,,,,180,,,,1900,,,,,,,,,,,,,,,7000,,,,
HACKER,Hack--180,Hacker,,,,180,,,,1450,,,,,,,,,,,,,,,5000,,,,
HACKER,Hack--180,Hacker,,,,180,,,,1335,,,,,,,,,,,,,,,7000,,,,
HACKER,Hack--180,Hacker,,,,180,,,,1295,,,,,,,,,,,,,,,7000,,,,
HACKER,Hack--180,Hacker,,,,180,,,,1035,,,,,,,,,,,,,,,5500,,,,
HACKER,Hack--180,Hacker,,,,180,,,,1075,,,,,,,,,,,,,,,5500,,,,
HACKER,Hack--188,Hacker,,,,188,,,,595,,,,,,,,,,,,,,,2200,,,,
HACKER,Hack--188,Hacker,,,,188,,,,595,,,,,,,,,,,,,,,1900,,,,
HACKER,Hack--190,Hacker,,,,190,,,,760,,,,,,,,,,,,,,,2600,,,,
HACKER,Hack--190,Hacker,,,,190,,,,760,,,,,,,,,,,,,,,2200,,,,
HACKER,Hack--192,Hacker,,,,192,,,,910,,,,,,,,,,,,,,,3000,,,,
HACKER,Hack--192,Hacker,,,,192,,,,910,,,,,,,,,,,,,,,3000,,,,
HACKER,Hack--195,Hacker,,,,195,,,,595,,,,,,,,,,,,,,,1900,,,,
HACKER,Hack--195,Hacker,,,,195,,,,595,,,,,,,,,,,,,,,1900,,,,
HACKER,Hack--196,Hacker,,,,196,,,,1900,,,,,,,,,,,,,,,7000,,,,
HACKER,Hack--202,Hacker,,,,202,,,,740,,,,,,,,,,,,,,,2900,,,,
HACKER,Hack--202,Hacker,,,,202,,,,751,,,,,,,,,,,,,,,2900,,,,
HACKER,Hack--205,Hacker,,,,205,,,,630,,,,,,,,,,,,,,,3000,,,,
HACKER,Hack--209,Hacker,,,,209,,,,520,,,,,,,,,,,,,,,2800,,,,
HACKER,Hack--210,Hacker,,,,210,,,,580,,,,,,,,,,,,,,,2800,,,,
HACKER,Hack--210,Hacker,,,,210,,,,1035,,,,,,,,,,,,,,,5500,,,,
HACKER,Hack--210,Hacker,,,,210,,,,1075,,,,,,,,,,,,,,,5500,,,,
HACKER,Hack--215,Hacker,,,,215,,,,760,,,,,,,,,,,,,,,2800,,,,
HACKER,Hack--215,Hacker,,,,215,,,,760,,,,,,,,,,,,,,,2200,,,,
HACKER,Hack--215,Hacker,,,,215,,,,595,,,,,,,,,,,,,,,2700,,,,
HACKER,Hack--215,Hacker,,,,215,,,,595,,,,,,,,,,,,,,,2100,,,,
HACKER,Hack--215,Hacker,,,,215,,,,610,,,,,,,,,,,,,,,3000,,,,
HACKER,Hack--215,Hacker,,,,215,,,,1335,,,,,,,,,,,,,,,7000,,,,
HACKER,Hack--215,Hacker,,,,215,,,,1295,,,,,,,,,,,,,,,7000,,,,
HACKER,Hack--217,Hacker,,,,217,,,,595,,,,,,,,,,,,,,,1900,,,,
HACKER,Hack--217,Hacker,,,,217,,,,595,,,,,,,,,,,,,,,1900,,,,
HACKER,Hack--218,Hacker,,,,218,,,,1450,,,,,,,,,,,,,,,5000,,,,
HACKER,Hack--225,Hacker,,,,225,,,,520,,,,,,,,,,,,,,,2800,,,,
HACKER,Hack--240,Hacker,,,,240,,,,740,,,,,,,,,,,,,,,2900,,,,
HACKER,Hack--240,Hacker,,,,240,,,,751,,,,,,,,,,,,,,,2900,,,,
HACKER,Hack--245,Hacker,,,,245,,,,595,,,,,,,,,,,,,,,1900,,,,
HACKER,Hack--245,Hacker,,,,245,,,,595,,,,,,,,,,,,,,,1900,,,,
HACKER,Hack--265,Hacker,,,,265,,,,445,,,,,,,,,,,,,,,1650,,,,
HACKER,Hack--265,Hacker,,,,265,,,,445,,,,,,,,,,,,,,,1650,,,,
HACKER,Hack--270,Hacker,,,,270,,,,1035,,,,,,,,,,,,,,,7000,,,,
HACKER,Hack--270,Hacker,,,,270,,,,1295,,,,,,,,,,,,,,,7000,,,,
HACKER,Hack--272,Hacker,,,,272,,,,430,,,,,,,,,,,,,,,1650,,,,
HACKER,Hack--272,Hacker,,,,272,,,,510,,,,,,,,,,,,,,,1650,,,,
HACKER,Hack--295,Hacker,,,,295,,,,595,,,,,,,,,,,,,,,2600,,,,
HACKER,Hack--295,Hacker,,,,295,,,,595,,,,,,,,,,,,,,,2400,,,,
HACKER,Hack--300,Hacker,,,,300,,,,445,,,,,,,,,,,,,,,1650,,,,
HACKER,Hack--300,Hacker,,,,300,,,,430,,,,,,,,,,,,,,,1650,,,,
HACKER,Hack--300,Hacker,,,,300,,,,445,,,,,,,,,,,,,,,1650,,,,
HACKER,Hack--300,Hacker,,,,300,,,,510,,,,,,,,,,,,,,,1650,,,,
HACKER,Hack--320,Hacker,,,,320,,,,456,,,,,,,,,,,,,,,2300,,,,
HACKER,Hack--320,Hacker,,,,320,,,,480,,,,,,,,,,,,,,,1900,,,,
HACKER,Hack--348,Hacker,,,,348,,,,430,,,,,,,,,,,,,,,1650,,,,
HACKER,Hack--348,Hacker,,,,348,,,,510,,,,,,,,,,,,,,,1650,,,,
HACKER,Hack--355,Hacker,,,,355,,,,275,,,,,,,,,,,,,,,1400,,,,
HACKER,Hack--355,Hacker,,,,355,,,,272,,,,,,,,,,,,,,,1100,,,,
HACKER,Hack--355,Hacker,,,,355,,,,350,,,,,,,,,,,,,,,1100,,,,
HACKER,Hack--355,Hacker,,,,355,,,,503,,,,,,,,,,,,,,,1650,,,,
HACKER,Hack--355,Hacker,,,,355,,,,445,,,,,,,,,,,,,,,1650,,,,
HACKER,Hack--355,Hacker,,,,355,,,,445,,,,,,,,,,,,,,,1650,,,,
HACKER,Hack--365,Hacker,,,,365,,,,345,,,,,,,,,,,,,,,1250,,,,
HACKER,Hack--365,Hacker,,,,365,,,,345,,,,,,,,,,,,,,,1250,,,,
HACKER,Hack--370,Hacker,,,,370,,,,456,,,,,,,,,,,,,,,2400,,,,
HACKER,Hack--370,Hacker,,,,370,,,,480,,,,,,,,,,,,,,,1900,,,,
HACKER,Hack--378,Hacker,,,,378,,,,345,,,,,,,,,,,,,,,1250,,,,
HACKER,Hack--378,Hacker,,,,378,,,,395,,,,,,,,,,,,,,,1250,,,,
HACKER,Hack--400,Hacker,,,,400,,,,455,,,,,,,,,,,,,,,4500,,,,
HACKER,Hack--400,Hacker,,,,400,,,,475,,,,,,,,,,,,,,,4500,,,,
HACKER,Hack--400,Hacker,,,,400,,,,455,,,,,,,,,,,,,,,4500,,,,
HACKER,Hack--410,Hacker,,,,410,,,,275,,,,,,,,,,,,,,,1400,,,,
HACKER,Hack--410,Hacker,,,,410,,,,272,,,,,,,,,,,,,,,1100,,,,
HACKER,Hack--410,Hacker,,,,410,,,,350,,,,,,,,,,,,,,,1100,,,,
HACKER,Hack--420,Hacker,,,,420,,,,456,,,,,,,,,,,,,,,2100,,,,
HACKER,Hack--420,Hacker,,,,420,,,,480,,,,,,,,,,,,,,,1900,,,,
HACKER,Hack--425,Hacker,,,,425,,,,345,,,,,,,,,,,,,,,1250,,,,
HACKER,Hack--425,Hacker,,,,425,,,,345,,,,,,,,,,,,,,,1250,,,,
HACKER,Hack--425,Hacker,,,,425,,,,345,,,,,,,,,,,,,,,1250,,,,
HACKER,Hack--425,Hacker,,,,425,,,,395,,,,,,,,,,,,,,,1250,,,,
HACKER,Hack--450,Hacker,,,,450,,,,170,,,,,,,,,,,,,,,500,,,,
HACKER,Hack--450,Hacker,,,,450,,,,455,,,,,,,,,,,,,,,4500,,,,
HACKER,Hack--450,Hacker,,,,450,,,,475,,,,,,,,,,,,,,,4500,,,,
HACKER,Hack--470,Hacker,,,,470,,,,348,,,,,,,,,,,,,,,2800,,,,
HACKER,Hack--470,Hacker,,,,470,,,,455,,,,,,,,,,,,,,,4500,,,,
HACKER,Hack--480,Hacker,,,,480,,,,345,,,,,,,,,,,,,,,1250,,,,
HACKER,Hack--480,Hacker,,,,480,,,,345,,,,,,,,,,,,,,,1250,,,,
HACKER,Hack--492,Hacker,,,,492,,,,345,,,,,,,,,,,,,,,1250,,,,
HACKER,Hack--492,Hacker,,,,492,,,,395,,,,,,,,,,,,,,,1250,,,,
HACKER,Hack--500,Hacker,,,,500,,,,275,,,,,,,,,,,,,,,1600,,,,
HACKER,Hack--500,Hacker,,,,500,,,,302,,,,,,,,,,,,,,,1600,,,,
HACKER,Hack--500,Hacker,,,,500,,,,272,,,,,,,,,,,,,,,1100,,,,
HACKER,Hack--500,Hacker,,,,500,,,,350,,,,,,,,,,,,,,,1100,,,,
HACKER,Hack--520,Hacker,,,,520,,,,289,,,,,,,,,,,,,,,1250,,,,
HACKER,Hack--520,Hacker,,,,520,,,,289,,,,,,,,,,,,,,,1100,,,,
HACKER,Hack--530,Hacker,,,,530,,,,198,,,,,,,,,,,,,,,1200,,,,
HACKER,Hack--530,Hacker,,,,530,,,,208,,,,,,,,,,,,,,,900,,,,
HACKER,Hack--530,Hacker,,,,530,,,,265,,,,,,,,,,,,,,,900,,,,
HACKER,Hack--530,Hacker,,,,530,,,,455,,,,,,,,,,,,,,,4500,,,,
HACKER,Hack--530,Hacker,,,,530,,,,475,,,,,,,,,,,,,,,4500,,,,
HACKER,Hack--530,Hacker,,,,530,,,,455,,,,,,,,,,,,,,,4500,,,,
HACKER,Hack--540,Hacker,,,,540,,,,465,,,,,,,,,,,,,,,3000,,,,
HACKER,Hack--550,Hacker,,,,550,,,,134,,,,,,,,,,,,,,,350,,,,
HACKER,Hack--564,Hacker,,,,564,,,,289,,,,,,,,,,,,,,,1100,,,,
HACKER,Hack--580,Hacker,,,,580,,,,455,,,,,,,,,,,,,,,4500,,,,
HACKER,Hack--588,Hacker,,,,588,,,,395,,,,,,,,,,,,,,,1250,,,,
HACKER,Hack--600,Hacker,,,,600,,,,655,,,,,,,,,,,,,,,6000,,,,
HACKER,Hack--610,Hacker,,,,610,,,,198,,,,,,,,,,,,,,,1000,,,,
HACKER,Hack--610,Hacker,,,,610,,,,208,,,,,,,,,,,,,,,900,,,,
HACKER,Hack--610,Hacker,,,,610,,,,265,,,,,,,,,,,,,,,900,,,,
HACKER,Hack--610,Hacker,,,,610,,,,272,,,,,,,,,,,,,,,1100,,,,
HACKER,Hack--630,Hacker,,,,630,,,,275,,,,,,,,,,,,,,,1100,,,,
HACKER,Hack--640,Hacker,,,,640,,,,465,,,,,,,,,,,,,,,3000,,,,
HACKER,Hack--680,Hacker,,,,680,,,,170,,,,,,,,,,,,,,,500,,,,
HACKER,Hack--680,Hacker,,,,680,,,,134,,,,,,,,,,,,,,,350,,,,
HACKER,Hack--680,Hacker,,,,680,,,,89,,,,,,,,,,,,,,,250,,,,
HACKER,Hack--680,Hacker,,,,680,,,,405,,,,,,,,,,,,,,,2500,,,,
HACKER,Hack--680,Hacker,,,,680,,,,405,,,,,,,,,,,,,,,2500,,,,
HACKER,Hack--690,Hacker,,,,690,,,,348,,,,,,,,,,,,,,,2800,,,,
HACKER,Hack--700,Hacker,,,,700,,,,190,,,,,,,,,,,,,,,600,,,,
HACKER,Hack--700,Hacker,,,,700,,,,177,,,,,,,,,,,,,,,700,,,,
HACKER,Hack--700,Hacker,,,,700,,,,177,,,,,,,,,,,,,,,700,,,,
HACKER,Hack--700,Hacker,,,,700,,,,177,,,,,,,,,,,,,,,650,,,,
HACKER,Hack--700,Hacker,,,,700,,,,177,,,,,,,,,,,,,,,650,,,,
HACKER,Hack--700,Hacker,,,,700,,,,177,,,,,,,,,,,,,,,650,,,,
HACKER,Hack--700,Hacker,,,,700,,,,535,,,,,,,,,,,,,,,5000,,,,
HACKER,Hack--700,Hacker,,,,700,,,,655,,,,,,,,,,,,,,,6000,,,,
HACKER,Hack--750,Hacker,,,,750,,,,198,,,,,,,,,,,,,,,900,,,,
HACKER,Hack--750,Hacker,,,,750,,,,208,,,,,,,,,,,,,,,900,,,,
HACKER,Hack--750,Hacker,,,,750,,,,265,,,,,,,,,,,,,,,900,,,,
HACKER,Hack--751,Hacker,,,,751,,,,340,,,,,,,,,,,,,,,1700,,,,
HACKER,Hack--780,Hacker,,,,780,,,,535,,,,,,,,,,,,,,,5000,,,,
HACKER,Hack--789,Hacker,,,,789,,,,340,,,,,,,,,,,,,,,1700,,,,
HACKER,Hack--800,Hacker,,,,800,,,,159,,,,,,,,,,,,,,,550,,,,
HACKER,Hack--800,Hacker,,,,800,,,,143,,,,,,,,,,,,,,,500,,,,
HACKER,Hack--800,Hacker,,,,800,,,,143,,,,,,,,,,,,,,,500,,,,
HACKER,Hack--800,Hacker,,,,800,,,,143,,,,,,,,,,,,,,,500,,,,
HACKER,Hack--800,Hacker,,,,800,,,,143,,,,,,,,,,,,,,,500,,,,
HACKER,Hack--800,Hacker,,,,800,,,,405,,,,,,,,,,,,,,,2500,,,,
HACKER,Hack--800,Hacker,,,,800,,,,405,,,,,,,,,,,,,,,2500,,,,
HACKER,Hack--831,Hacker,,,,831,,,,340,,,,,,,,,,,,,,,1700,,,,
HACKER,Hack--850,Hacker,,,,850,,,,89,,,,,,,,,,,,,,,250,,,,
HACKER,Hack--850,Hacker,,,,850,,,,348,,,,,,,,,,,,,,,2800,,,,
HACKER,Hack--850,Hacker,,,,850,,,,348,,,,,,,,,,,,,,,2800,,,,
HACKER,Hack--850,Hacker,,,,850,,,,535,,,,,,,,,,,,,,,5000,,,,
HACKER,Hack--877,Hacker,,,,877,,,,340,,,,,,,,,,,,,,,1700,,,,
HACKER,Hack--900,Hacker,,,,900,,,,190,,,,,,,,,,,,,,,600,,,,
HACKER,Hack--900,Hacker,,,,900,,,,177,,,,,,,,,,,,,,,750,,,,
HACKER,Hack--900,Hacker,,,,900,,,,177,,,,,,,,,,,,,,,650,,,,
HACKER,Hack--900,Hacker,,,,900,,,,177,,,,,,,,,,,,,,,650,,,,
HACKER,Hack--900,Hacker,,,,900,,,,177,,,,,,,,,,,,,,,650,,,,
HACKER,Hack--924,Hacker,,,,924,,,,68,,,,,,,,,,,,,,,240,,,,
HACKER,Hack--924,Hacker,,,,924,,,,50,,,,,,,,,,,,,,,240,,,,
HACKER,Hack--924,Hacker,,,,924,,,,55,,,,,,,,,,,,,,,200,,,,
HACKER,Hack--928,Hacker,,,,928,,,,340,,,,,,,,,,,,,,,1700,,,,
HACKER,Hack--930,Hacker,,,,930,,,,315,,,,,,,,,,,,,,,2000,,,,
HACKER,Hack--975,Hacker,,,,975,,,,520,,,,,,,,,,,,,,,4000,,,,
HACKER,Hack--975,Hacker,,,,975,,,,420,,,,,,,,,,,,,,,3500,,,,
HACKER,Hack--980,Hacker,,,,980,,,,30,,,,,,,,,,,,,,,170,,,,
HACKER,Hack--980,Hacker,,,,980,,,,42,,,,,,,,,,,,,,,150,,,,
HACKER,Hack--986,Hacker,,,,986,,,,395,,,,,,,,,,,,,,,1700,,,,
HACKER,Hack--986,Hacker,,,,986,,,,340,,,,,,,,,,,,,,,1700,,,,
HACKER,Hack--1000,Hacker,,,,1000,,,,159,,,,,,,,,,,,,,,550,,,,
HACKER,Hack--1000,Hacker,,,,1000,,,,143,,,,,,,,,,,,,,,550,,,,
HACKER,Hack--1000,Hacker,,,,1000,,,,143,,,,,,,,,,,,,,,500,,,,
HACKER,Hack--1000,Hacker,,,,1000,,,,143,,,,,,,,,,,,,,,500,,,,
HACKER,Hack--1000,Hacker,,,,1000,,,,143,,,,,,,,,,,,,,,500,,,,
HACKER,Hack--1000,Hacker,,,,1000,,,,190,,,,,,,,,,,,,,,1000,,,,
HACKER,Hack--1000,Hacker,,,,1000,,,,208,,,,,,,,,,,,,,,900,,,,
HACKER,Hack--1000,Hacker,,,,1000,,,,445,,,,,,,,,,,,,,,3500,,,,
HACKER,Hack--1000,Hacker,,,,1000,,,,345,,,,,,,,,,,,,,,3200,,,,
HACKER,Hack--1000,Hacker,,,,1000,,,,445,,,,,,,,,,,,,,,3500,,,,
HACKER,Hack--1022,Hacker,,,,1022,,,,68,,,,,,,,,,,,,,,250,,,,
HACKER,Hack--1022,Hacker,,,,1022,,,,50,,,,,,,,,,,,,,,250,,,,
HACKER,Hack--1022,Hacker,,,,1022,,,,55,,,,,,,,,,,,,,,200,,,,
HACKER,Hack--1039,Hacker,,,,1039,,,,78,,,,,,,,,,,,,,,300,,,,
HACKER,Hack--1039,Hacker,,,,1039,,,,90,,,,,,,,,,,,,,,300,,,,
HACKER,Hack--1039,Hacker,,,,1039,,,,78,,,,,,,,,,,,,,,300,,,,
HACKER,Hack--1052,Hacker,,,,1052,,,,340,,,,,,,,,,,,,,,1700,,,,
HACKER,Hack--1060,Hacker,,,,1060,,,,104,,,,,,,,,,,,,,,350,,,,
HACKER,Hack--1060,Hacker,,,,1060,,,,104,,,,,,,,,,,,,,,350,,,,
HACKER,Hack--1060,Hacker,,,,1060,,,,104,,,,,,,,,,,,,,,400,,,,
HACKER,Hack--1060,Hacker,,,,1060,,,,104,,,,,,,,,,,,,,,350,,,,
HACKER,Hack--1070,Hacker,,,,1070,,,,455,,,,,,,,,,,,,,,4500,,,,
HACKER,Hack--1080,Hacker,,,,1080,,,,405,,,,,,,,,,,,,,,2800,,,,
HACKER,Hack--1080,Hacker,,,,1080,,,,455,,,,,,,,,,,,,,,4500,,,,
HACKER,Hack--1083,Hacker,,,,1083,,,,523,,,,,,,,,,,,,,,2400,,,,
HACKER,Hack--1083,Hacker,,,,1083,,,,523,,,,,,,,,,,,,,,2400,,,,
HACKER,Hack--1083,Hacker,,,,1083,,,,420,,,,,,,,,,,,,,,2400,,,,
HACKER,Hack--1088,Hacker,,,,1088,,,,24,,,,,,,,,,,,,,,120,,,,
HACKER,Hack--1088,Hacker,,,,1088,,,,29,,,,,,,,,,,,,,,100,,,,
HACKER,Hack--1100,Hacker,,,,1100,,,,190,,,,,,,,,,,,,,,600,,,,
HACKER,Hack--1100,Hacker,,,,1100,,,,177,,,,,,,,,,,,,,,600,,,,
HACKER,Hack--1100,Hacker,,,,1100,,,,177,,,,,,,,,,,,,,,600,,,,
HACKER,Hack--1100,Hacker,,,,1100,,,,177,,,,,,,,,,,,,,,650,,,,
HACKER,Hack--1100,Hacker,,,,1100,,,,177,,,,,,,,,,,,,,,650,,,,
HACKER,Hack--1100,Hacker,,,,1100,,,,177,,,,,,,,,,,,,,,650,,,,
HACKER,Hack--1100,Hacker,,,,1100,,,,265,,,,,,,,,,,,,,,1100,,,,
HACKER,Hack--1100,Hacker,,,,1100,,,,315,,,,,,,,,,,,,,,2200,,,,
HACKER,Hack--1100,Hacker,,,,1100,,,,315,,,,,,,,,,,,,,,2000,,,,
HACKER,Hack--1100,Hacker,,,,1100,,,,315,,,,,,,,,,,,,,,2300,,,,
HACKER,Hack--1100,Hacker,,,,1100,,,,272,,,,,,,,,,,,,,,1100,,,,
HACKER,Hack--1100,Hacker,,,,1100,,,,348,,,,,,,,,,,,,,,2800,,,,
HACKER,Hack--1100,Hacker,,,,1100,,,,405,,,,,,,,,,,,,,,2800,,,,
HACKER,Hack--1115,Hacker,,,,1115,,,,445,,,,,,,,,,,,,,,3500,,,,
HACKER,Hack--1115,Hacker,,,,1115,,,,520,,,,,,,,,,,,,,,4000,,,,
HACKER,Hack--1127,Hacker,,,,1127,,,,340,,,,,,,,,,,,,,,1700,,,,
HACKER,Hack--1130,Hacker,,,,1130,,,,30,,,,,,,,,,,,,,,170,,,,
HACKER,Hack--1130,Hacker,,,,1130,,,,42,,,,,,,,,,,,,,,150,,,,
HACKER,Hack--1140,Hacker,,,,1140,,,,70,,,,,,,,,,,,,,,350,,,,
HACKER,Hack--1140,Hacker,,,,1140,,,,70,,,,,,,,,,,,,,,250,,,,
HACKER,Hack--1140,Hacker,,,,1140,,,,70,,,,,,,,,,,,,,,300,,,,
HACKER,Hack--1140,Hacker,,,,1140,,,,70,,,,,,,,,,,,,,,250,,,,
HACKER,Hack--1150,Hacker,,,,1150,,,,315,,,,,,,,,,,,,,,1500,,,,
HACKER,Hack--1160,Hacker,,,,1160,,,,405,,,,,,,,,,,,,,,2800,,,,
HACKER,Hack--1160,Hacker,,,,1160,,,,523,,,,,,,,,,,,,,,2400,,,,
HACKER,Hack--1160,Hacker,,,,1160,,,,523,,,,,,,,,,,,,,,2400,,,,
HACKER,Hack--1160,Hacker,,,,1160,,,,420,,,,,,,,,,,,,,,2400,,,,
HACKER,Hack--1170,Hacker,,,,1170,,,,405,,,,,,,,,,,,,,,2800,,,,
HACKER,Hack--1170,Hacker,,,,1170,,,,455,,,,,,,,,,,,,,,4500,,,,
HACKER,Hack--1185,Hacker,,,,1185,,,,143,,,,,,,,,,,,,,,500,,,,
HACKER,Hack--1185,Hacker,,,,1185,,,,143,,,,,,,,,,,,,,,500,,,,
HACKER,Hack--1185,Hacker,,,,1185,,,,143,,,,,,,,,,,,,,,500,,,,
HACKER,Hack--1185,Hacker,,,,1185,,,,143,,,,,,,,,,,,,,,500,,,,
HACKER,Hack--1200,Hacker,,,,1200,,,,20,,,,,,,,,,,,,,,90,,,,
HACKER,Hack--1200,Hacker,,,,1200,,,,40,,,,,,,,,,,,,,,85,,,,
HACKER,Hack--1200,Hacker,,,,1200,,,,520,,,,,,,,,,,,,,,4000,,,,
HACKER,Hack--1200,Hacker,,,,1200,,,,420,,,,,,,,,,,,,,,3500,,,,
HACKER,Hack--1200,Hacker,,,,1200,,,,375,,,,,,,,,,,,,,,3800,,,,
HACKER,Hack--1208,Hacker,,,,1208,,,,315,,,,,,,,,,,,,,,1500,,,,
HACKER,Hack--1214,Hacker,,,,1214,,,,340,,,,,,,,,,,,,,,1700,,,,
HACKER,Hack--1249,Hacker,,,,1249,,,,523,,,,,,,,,,,,,,,2700,,,,
HACKER,Hack--1249,Hacker,,,,1249,,,,523,,,,,,,,,,,,,,,2400,,,,
HACKER,Hack--1249,Hacker,,,,1249,,,,420,,,,,,,,,,,,,,,2400,,,,
HACKER,Hack--1250,Hacker,,,,1250,,,,405,,,,,,,,,,,,,,,2800,,,,
HACKER,Hack--1270,Hacker,,,,1270,,,,405,,,,,,,,,,,,,,,2800,,,,
HACKER,Hack--1280,Hacker,,,,1280,,,,445,,,,,,,,,,,,,,,3500,,,,
HACKER,Hack--1280,Hacker,,,,1280,,,,345,,,,,,,,,,,,,,,3200,,,,
HACKER,Hack--1290,Hacker,,,,1290,,,,520,,,,,,,,,,,,,,,4000,,,,
HACKER,Hack--1290,Hacker,,,,1290,,,,420,,,,,,,,,,,,,,,3500,,,,
HACKER,Hack--1290,Hacker,,,,1290,,,,520,,,,,,,,,,,,,,,4000,,,,
HACKER,Hack--1300,Hacker,,,,1300,,,,265,,,,,,,,,,,,,,,900,,,,
HACKER,Hack--1300,Hacker,,,,1300,,,,315,,,,,,,,,,,,,,,2000,,,,
HACKER,Hack--1300,Hacker,,,,1300,,,,315,,,,,,,,,,,,,,,2100,,,,
HACKER,Hack--1300,Hacker,,,,1300,,,,272,,,,,,,,,,,,,,,1100,,,,
HACKER,Hack--1300,Hacker,,,,1300,,,,375,,,,,,,,,,,,,,,3800,,,,
HACKER,Hack--1310,Hacker,,,,1310,,,,520,,,,,,,,,,,,,,,4000,,,,
HACKER,Hack--1315,Hacker,,,,1315,,,,395,,,,,,,,,,,,,,,1700,,,,
HACKER,Hack--1315,Hacker,,,,1315,,,,340,,,,,,,,,,,,,,,1700,,,,
HACKER,Hack--1342,Hacker,,,,1342,,,,315,,,,,,,,,,,,,,,1500,,,,
HACKER,Hack--1342,Hacker,,,,1342,,,,255,,,,,,,,,,,,,,,750,,,,
HACKER,Hack--1350,Hacker,,,,1350,,,,190,,,,,,,,,,,,,,,1500,,,,
HACKER,Hack--1350,Hacker,,,,1350,,,,208,,,,,,,,,,,,,,,900,,,,
HACKER,Hack--1350,Hacker,,,,1350,,,,445,,,,,,,,,,,,,,,3500,,,,
HACKER,Hack--1350,Hacker,,,,1350,,,,345,,,,,,,,,,,,,,,3200,,,,
HACKER,Hack--1350,Hacker,,,,1350,,,,445,,,,,,,,,,,,,,,3500,,,,
HACKER,Hack--1353,Hacker,,,,1353,,,,523,,,,,,,,,,,,,,,3100,,,,
HACKER,Hack--1353,Hacker,,,,1353,,,,320,,,,,,,,,,,,,,,1900,,,,
HACKER,Hack--1370,Hacker,,,,1370,,,,104,,,,,,,,,,,,,,,450,,,,
HACKER,Hack--1370,Hacker,,,,1370,,,,104,,,,,,,,,,,,,,,450,,,,
HACKER,Hack--1370,Hacker,,,,1370,,,,104,,,,,,,,,,,,,,,350,,,,
HACKER,Hack--1370,Hacker,,,,1370,,,,104,,,,,,,,,,,,,,,400,,,,
HACKER,Hack--1370,Hacker,,,,1370,,,,104,,,,,,,,,,,,,,,350,,,,
HACKER,Hack--1421,Hacker,,,,1421,,,,315,,,,,,,,,,,,,,,1500,,,,
HACKER,Hack--1421,Hacker,,,,1421,,,,255,,,,,,,,,,,,,,,1200,,,,
HACKER,Hack--1425,Hacker,,,,1425,,,,445,,,,,,,,,,,,,,,3500,,,,
HACKER,Hack--1430,Hacker,,,,1430,,,,375,,,,,,,,,,,,,,,3800,,,,
HACKER,Hack--1435,Hacker,,,,1435,,,,340,,,,,,,,,,,,,,,1700,,,,
HACKER,Hack--1440,Hacker,,,,1440,,,,70,,,,,,,,,,,,,,,400,,,,
HACKER,Hack--1440,Hacker,,,,1440,,,,70,,,,,,,,,,,,,,,250,,,,
HACKER,Hack--1440,Hacker,,,,1440,,,,70,,,,,,,,,,,,,,,300,,,,
HACKER,Hack--1440,Hacker,,,,1440,,,,70,,,,,,,,,,,,,,,250,,,,
HACKER,Hack--1450,Hacker,,,,1450,,,,520,,,,,,,,,,,,,,,4000,,,,
HACKER,Hack--1450,Hacker,,,,1450,,,,520,,,,,,,,,,,,,,,4000,,,,
HACKER,Hack--1450,Hacker,,,,1450,,,,455,,,,,,,,,,,,,,,4500,,,,
HACKER,Hack--1475,Hacker,,,,1475,,,,523,,,,,,,,,,,,,,,2500,,,,
HACKER,Hack--1475,Hacker,,,,1475,,,,523,,,,,,,,,,,,,,,2700,,,,
HACKER,Hack--1475,Hacker,,,,1475,,,,420,,,,,,,,,,,,,,,2700,,,,
HACKER,Hack--1478,Hacker,,,,1478,,,,405,,,,,,,,,,,,,,,2800,,,,
HACKER,Hack--1480,Hacker,,,,1480,,,,405,,,,,,,,,,,,,,,2800,,,,
HACKER,Hack--1480,Hacker,,,,1480,,,,445,,,,,,,,,,,,,,,3500,,,,
HACKER,Hack--1480,Hacker,,,,1480,,,,445,,,,,,,,,,,,,,,3500,,,,
HACKER,Hack--1500,Hacker,,,,1500,,,,24,,,,,,,,,,,,,,,140,,,,
HACKER,Hack--1500,Hacker,,,,1500,,,,29,,,,,,,,,,,,,,,100,,,,
HACKER,Hack--1500,Hacker,,,,1500,,,,78,,,,,,,,,,,,,,,350,,,,
HACKER,Hack--1500,Hacker,,,,1500,,,,130,,,,,,,,,,,,,,,550,,,,
HACKER,Hack--1500,Hacker,,,,1500,,,,78,,,,,,,,,,,,,,,300,,,,
HACKER,Hack--1509,Hacker,,,,1509,,,,315,,,,,,,,,,,,,,,1500,,,,
HACKER,Hack--1509,Hacker,,,,1509,,,,255,,,,,,,,,,,,,,,1200,,,,
HACKER,Hack--1578,Hacker,,,,1578,,,,340,,,,,,,,,,,,,,,1700,,,,
HACKER,Hack--1600,Hacker,,,,1600,,,,250,,,,,,,,,,,,,,,1500,,,,
HACKER,Hack--1600,Hacker,,,,1600,,,,190,,,,,,,,,,,,,,,1700,,,,
HACKER,Hack--1600,Hacker,,,,1600,,,,250,,,,,,,,,,,,,,,1600,,,,
HACKER,Hack--1600,Hacker,,,,1600,,,,208,,,,,,,,,,,,,,,900,,,,
HACKER,Hack--1610,Hacker,,,,1610,,,,315,,,,,,,,,,,,,,,1500,,,,
HACKER,Hack--1610,Hacker,,,,1610,,,,255,,,,,,,,,,,,,,,1200,,,,
HACKER,Hack--1665,Hacker,,,,1665,,,,405,,,,,,,,,,,,,,,2800,,,,
HACKER,Hack--1690,Hacker,,,,1690,,,,345,,,,,,,,,,,,,,,3200,,,,
HACKER,Hack--1700,Hacker,,,,1700,,,,20,,,,,,,,,,,,,,,90,,,,
HACKER,Hack--1700,Hacker,,,,1700,,,,40,,,,,,,,,,,,,,,105,,,,
HACKER,Hack--1700,Hacker,,,,1700,,,,445,,,,,,,,,,,,,,,3500,,,,
HACKER,Hack--1703,Hacker,,,,1703,,,,198,,,,,,,,,,,,,,,675,,,,
HACKER,Hack--1725,Hacker,,,,1725,,,,315,,,,,,,,,,,,,,,1500,,,,
HACKER,Hack--1725,Hacker,,,,1725,,,,255,,,,,,,,,,,,,,,1200,,,,
HACKER,Hack--1740,Hacker,,,,1740,,,,320,,,,,,,,,,,,,,,1900,,,,
HACKER,Hack--1753,Hacker,,,,1753,,,,395,,,,,,,,,,,,,,,1700,,,,
HACKER,Hack--1753,Hacker,,,,1753,,,,340,,,,,,,,,,,,,,,1700,,,,
HACKER,Hack--1820,Hacker,,,,1820,,,,405,,,,,,,,,,,,,,,2800,,,,
HACKER,Hack--1858,Hacker,,,,1858,,,,315,,,,,,,,,,,,,,,1500,,,,
HACKER,Hack--1858,Hacker,,,,1858,,,,255,,,,,,,,,,,,,,,1200,,,,
HACKER,Hack--1874,Hacker,,,,1874,,,,320,,,,,,,,,,,,,,,1900,,,,
HACKER,Hack--1875,Hacker,,,,1875,,,,158,,,,,,,,,,,,,,,700,,,,
HACKER,Hack--1880,Hacker,,,,1880,,,,305,,,,,,,,,,,,,,,3000,,,,
HACKER,Hack--1960,Hacker,,,,1960,,,,520,,,,,,,,,,,,,,,4000,,,,
HACKER,Hack--1973,Hacker,,,,1973,,,,395,,,,,,,,,,,,,,,1700,,,,
HACKER,Hack--1973,Hacker,,,,1973,,,,340,,,,,,,,,,,,,,,1700,,,,
HACKER,Hack--2013,Hacker,,,,2013,,,,315,,,,,,,,,,,,,,,1500,,,,
HACKER,Hack--2013,Hacker,,,,2013,,,,255,,,,,,,,,,,,,,,1200,,,,
HACKER,Hack--2020,Hacker,,,,2020,,,,405,,,,,,,,,,,,,,,2800,,,,
HACKER,Hack--2029,Hacker,,,,2029,,,,125,,,,,,,,,,,,,,,500,,,,
HACKER,Hack--2070,Hacker,,,,2070,,,,445,,,,,,,,,,,,,,,3500,,,,
HACKER,Hack--2077,Hacker,,,,2077,,,,69,,,,,,,,,,,,,,,220,,,,
HACKER,Hack--2100,Hacker,,,,2100,,,,50,,,,,,,,,,,,,,,250,,,,
HACKER,Hack--2130,Hacker,,,,2130,,,,125,,,,,,,,,,,,,,,500,,,,
HACKER,Hack--2170,Hacker,,,,2170,,,,423,,,,,,,,,,,,,,,2200,,,,
HACKER,Hack--2195,Hacker,,,,2195,,,,315,,,,,,,,,,,,,,,1500,,,,
HACKER,Hack--2195,Hacker,,,,2195,,,,255,,,,,,,,,,,,,,,1200,,,,
HACKER,Hack--2200,Hacker,,,,2200,,,,20,,,,,,,,,,,,,,,75,,,,
HACKER,Hack--2200,Hacker,,,,2200,,,,40,,,,,,,,,,,,,,,140,,,,
HACKER,Hack--2209,Hacker,,,,2209,,,,347,,,,,,,,,,,,,,,2500,,,,
HACKER,Hack--2242,Hacker,,,,2242,,,,125,,,,,,,,,,,,,,,500,,,,
HACKER,Hack--2254,Hacker,,,,2254,,,,395,,,,,,,,,,,,,,,1700,,,,
HACKER,Hack--2254,Hacker,,,,2254,,,,340,,,,,,,,,,,,,,,1700,,,,
HACKER,Hack--2256,Hacker,,,,2256,,,,256,,,,,,,,,,,,,,,1200,,,,
HACKER,Hack--2320,Hacker,,,,2320,,,,15,,,,,,,,,,,,,,,55,,,,
HACKER,Hack--2347,Hacker,,,,2347,,,,125,,,,,,,,,,,,,,,500,,,,
HACKER,Hack--2380,Hacker,,,,2380,,,,205,,,,,,,,,,,,,,,700,,,,
HACKER,Hack--2407,Hacker,,,,2407,,,,256,,,,,,,,,,,,,,,1200,,,,
HACKER,Hack--2407,Hacker,,,,2407,,,,198,,,,,,,,,,,,,,,900,,,,
HACKER,Hack--2415,Hacker,,,,2415,,,,315,,,,,,,,,,,,,,,1500,,,,
HACKER,Hack--2415,Hacker,,,,2415,,,,255,,,,,,,,,,,,,,,1200,,,,
HACKER,Hack--2430,Hacker,,,,2430,,,,347,,,,,,,,,,,,,,,2500,,,,
HACKER,Hack--2430,Hacker,,,,2430,,,,423,,,,,,,,,,,,,,,2500,,,,
HACKER,Hack--2436,Hacker,,,,2436,,,,320,,,,,,,,,,,,,,,1900,,,,
HACKER,Hack--2445,Hacker,,,,2445,,,,347,,,,,,,,,,,,,,,2500,,,,
HACKER,Hack--2455,Hacker,,,,2455,,,,69,,,,,,,,,,,,,,,220,,,,
HACKER,Hack--2500,Hacker,,,,2500,,,,78,,,,,,,,,,,,,,,400,,,,
HACKER,Hack--2500,Hacker,,,,2500,,,,130,,,,,,,,,,,,,,,650,,,,
HACKER,Hack--2500,Hacker,,,,2500,,,,78,,,,,,,,,,,,,,,300,,,,
HACKER,Hack--2500,Hacker,,,,2500,,,,158,,,,,,,,,,,,,,,700,,,,
HACKER,Hack--2508,Hacker,,,,2508,,,,125,,,,,,,,,,,,,,,500,,,,
HACKER,Hack--2600,Hacker,,,,2600,,,,256,,,,,,,,,,,,,,,1200,,,,
HACKER,Hack--2600,Hacker,,,,2600,,,,198,,,,,,,,,,,,,,,900,,,,
HACKER,Hack--2630,Hacker,,,,2630,,,,395,,,,,,,,,,,,,,,1700,,,,
HACKER,Hack--2630,Hacker,,,,2630,,,,340,,,,,,,,,,,,,,,1700,,,,
HACKER,Hack--2650,Hacker,,,,2650,,,,205,,,,,,,,,,,,,,,700,,,,
HACKER,Hack--2663,Hacker,,,,2663,,,,125,,,,,,,,,,,,,,,500,,,,
HACKER,Hack--2683,Hacker,,,,2683,,,,315,,,,,,,,,,,,,,,1500,,,,
HACKER,Hack--2683,Hacker,,,,2683,,,,255,,,,,,,,,,,,,,,1200,,,,
HACKER,Hack--2707,Hacker,,,,2707,,,,320,,,,,,,,,,,,,,,1900,,,,
HACKER,Hack--2721,Hacker,,,,2721,,,,347,,,,,,,,,,,,,,,2500,,,,
HACKER,Hack--2727,Hacker,,,,2727,,,,158,,,,,,,,,,,,,,,700,,,,
HACKER,Hack--2730,Hacker,,,,2730,,,,150,,,,,,,,,,,,,,,1500,,,,
HACKER,Hack--2750,Hacker,,,,2750,,,,347,,,,,,,,,,,,,,,2500,,,,
HACKER,Hack--2778,Hacker,,,,2778,,,,69,,,,,,,,,,,,,,,220,,,,
HACKER,Hack--2800,Hacker,,,,2800,,,,125,,,,,,,,,,,,,,,750,,,,
HACKER,Hack--2800,Hacker,,,,2800,,,,125,,,,,,,,,,,,,,,750,,,,
HACKER,Hack--2800,Hacker,,,,2800,,,,256,,,,,,,,,,,,,,,1200,,,,
HACKER,Hack--2800,Hacker,,,,2800,,,,198,,,,,,,,,,,,,,,900,,,,
HACKER,Hack--2840,Hacker,,,,2840,,,,125,,,,,,,,,,,,,,,500,,,,
HACKER,Hack--2880,Hacker,,,,2880,,,,177,,,,,,,,,,,,,,,1800,,,,
HACKER,Hack--2900,Hacker,,,,2900,,,,15,,,,,,,,,,,,,,,55,,,,
HACKER,Hack--2900,Hacker,,,,2900,,,,15,,,,,,,,,,,,,,,55,,,,
HACKER,Hack--2900,Hacker,,,,2900,,,,104,,,,,,,,,,,,,,,500,,,,
HACKER,Hack--2900,Hacker,,,,2900,,,,104,,,,,,,,,,,,,,,600,,,,
HACKER,Hack--2920,Hacker,,,,2920,,,,205,,,,,,,,,,,,,,,900,,,,
HACKER,Hack--3000,Hacker,,,,3000,,,,205,,,,,,,,,,,,,,,900,,,,
HACKER,Hack--3000,Hacker,,,,3000,,,,158,,,,,,,,,,,,,,,700,,,,
HACKER,Hack--3019,Hacker,,,,3019,,,,315,,,,,,,,,,,,,,,1500,,,,
HACKER,Hack--3019,Hacker,,,,3019,,,,255,,,,,,,,,,,,,,,1200,,,,
HACKER,Hack--3033,Hacker,,,,3033,,,,256,,,,,,,,,,,,,,,1200,,,,
HACKER,Hack--3033,Hacker,,,,3033,,,,198,,,,,,,,,,,,,,,900,,,,
HACKER,Hack--3043,Hacker,,,,3043,,,,125,,,,,,,,,,,,,,,500,,,,
HACKER,Hack--3086,Hacker,,,,3086,,,,69,,,,,,,,,,,,,,,220,,,,
HACKER,Hack--3190,Hacker,,,,3190,,,,205,,,,,,,,,,,,,,,900,,,,
HACKER,Hack--3200,Hacker,,,,3200,,,,2023-05-07 00:00:00,,,,,,,,,,,,,,,35,,,,
HACKER,Hack--3277,Hacker,,,,3277,,,,125,,,,,,,,,,,,,,,500,,,,
HACKER,Hack--3309,Hacker,,,,3309,,,,256,,,,,,,,,,,,,,,1200,,,,
HACKER,Hack--3309,Hacker,,,,3309,,,,198,,,,,,,,,,,,,,,900,,,,
HACKER,Hack--3333,Hacker,,,,3333,,,,205,,,,,,,,,,,,,,,900,,,,
HACKER,Hack--3333,Hacker,,,,3333,,,,158,,,,,,,,,,,,,,,700,,,,
HACKER,Hack--3410,Hacker,,,,3410,,,,150,,,,,,,,,,,,,,,1500,,,,
HACKER,Hack--3450,Hacker,,,,3450,,,,316,,,,,,,,,,,,,,,1500,,,,
HACKER,Hack--3450,Hacker,,,,3450,,,,255,,,,,,,,,,,,,,,1200,,,,
HACKER,Hack--3470,Hacker,,,,3470,,,,237,,,,,,,,,,,,,,,1100,,,,
HACKER,Hack--3500,Hacker,,,,3500,,,,78,,,,,,,,,,,,,,,400,,,,
HACKER,Hack--3500,Hacker,,,,3500,,,,110,,,,,,,,,,,,,,,500,,,,
HACKER,Hack--3550,Hacker,,,,3550,,,,172,,,,,,,,,,,,,,,650,,,,
HACKER,Hack--3550,Hacker,,,,3550,,,,125,,,,,,,,,,,,,,,500,,,,
HACKER,Hack--3560,Hacker,,,,3560,,,,237,,,,,,,,,,,,,,,1100,,,,
HACKER,Hack--3590,Hacker,,,,3590,,,,205,,,,,,,,,,,,,,,900,,,,
HACKER,Hack--3600,Hacker,,,,3600,,,,104,,,,,,,,,,,,,,,500,,,,
HACKER,Hack--3600,Hacker,,,,3600,,,,104,,,,,,,,,,,,,,,600,,,,
HACKER,Hack--3640,Hacker,,,,3640,,,,256,,,,,,,,,,,,,,,1200,,,,
HACKER,Hack--3640,Hacker,,,,3640,,,,198,,,,,,,,,,,,,,,900,,,,
HACKER,Hack--3700,Hacker,,,,3700,,,,69,,,,,,,,,,,,,,,220,,,,
HACKER,Hack--3750,Hacker,,,,3750,,,,205,,,,,,,,,,,,,,,900,,,,
HACKER,Hack--3750,Hacker,,,,3750,,,,158,,,,,,,,,,,,,,,700,,,,
HACKER,Hack--3750,Hacker,,,,3750,,,,150,,,,,,,,,,,,,,,1500,,,,
HACKER,Hack--3873,Hacker,,,,3873,,,,172,,,,,,,,,,,,,,,650,,,,
HACKER,Hack--3873,Hacker,,,,3873,,,,125,,,,,,,,,,,,,,,500,,,,
HACKER,Hack--3950,Hacker,,,,3950,,,,176,,,,,,,,,,,,,,,1100,,,,
HACKER,Hack--3960,Hacker,,,,3960,,,,237,,,,,,,,,,,,,,,1200,,,,
HACKER,Hack--4025,Hacker,,,,4025,,,,315,,,,,,,,,,,,,,,1500,,,,
HACKER,Hack--4025,Hacker,,,,4025,,,,255,,,,,,,,,,,,,,,1200,,,,
HACKER,Hack--4060,Hacker,,,,4060,,,,205,,,,,,,,,,,,,,,900,,,,
HACKER,Hack--4068,Hacker,,,,4068,,,,237,,,,,,,,,,,,,,,1200,,,,
HACKER,Hack--4100,Hacker,,,,4100,,,,256,,,,,,,,,,,,,,,1200,,,,
HACKER,Hack--4100,Hacker,,,,4100,,,,198,,,,,,,,,,,,,,,900,,,,
HACKER,Hack--4122,Hacker,,,,4122,,,,283,,,,,,,,,,,,,,,2200,,,,
HACKER,Hack--4130,Hacker,,,,4130,,,,283,,,,,,,,,,,,,,,2200,,,,
HACKER,Hack--4200,Hacker,,,,4200,,,,2023-05-07 00:00:00,,,,,,,,,,,,,,,35,,,,
HACKER,Hack--4260,Hacker,,,,4260,,,,172,,,,,,,,,,,,,,,650,,,,
HACKER,Hack--4260,Hacker,,,,4260,,,,125,,,,,,,,,,,,,,,500,,,,
HACKER,Hack--4286,Hacker,,,,4286,,,,205,,,,,,,,,,,,,,,900,,,,
HACKER,Hack--4286,Hacker,,,,4286,,,,158,,,,,,,,,,,,,,,700,,,,
HACKER,Hack--4300,Hacker,,,,4300,,,,14,,,,,,,,,,,,,,,45,,,,
HACKER,Hack--4313,Hacker,,,,4313,,,,198,,,,,,,,,,,,,,,900,,,,
HACKER,Hack--4377,Hacker,,,,4377,,,,172,,,,,,,,,,,,,,,650,,,,
HACKER,Hack--4377,Hacker,,,,4377,,,,125,,,,,,,,,,,,,,,500,,,,
HACKER,Hack--4400,Hacker,,,,4400,,,,208,,,,,,,,,,,,,,,1200,,,,
HACKER,Hack--4610,Hacker,,,,4610,,,,237,,,,,,,,,,,,,,,2200,,,,
HACKER,Hack--4610,Hacker,,,,4610,,,,237,,,,,,,,,,,,,,,2200,,,,
HACKER,Hack--4613,Hacker,,,,4613,,,,256,,,,,,,,,,,,,,,1200,,,,
HACKER,Hack--4630,Hacker,,,,4630,,,,69,,,,,,,,,,,,,,,220,,,,
HACKER,Hack--4690,Hacker,,,,4690,,,,194,,,,,,,,,,,,,,,900,,,,
HACKER,Hack--4700,Hacker,,,,4700,,,,176,,,,,,,,,,,,,,,1100,,,,
HACKER,Hack--4720,Hacker,,,,4720,,,,194,,,,,,,,,,,,,,,900,,,,
HACKER,Hack--4900,Hacker,,,,4900,,,,145,,,,,,,,,,,,,,,800,,,,
HACKER,Hack--5000,Hacker,,,,5000,,,,205,,,,,,,,,,,,,,,900,,,,
HACKER,Hack--5000,Hacker,,,,5000,,,,158,,,,,,,,,,,,,,,700,,,,
HACKER,Hack--5271,Hacker,,,,5271,,,,256,,,,,,,,,,,,,,,1200,,,,
HACKER,Hack--5271,Hacker,,,,5271,,,,198,,,,,,,,,,,,,,,900,,,,
HACKER,Hack--5325,Hacker,,,,5325,,,,172,,,,,,,,,,,,,,,650,,,,
HACKER,Hack--5325,Hacker,,,,5325,,,,125,,,,,,,,,,,,,,,500,,,,
HACKER,Hack--5500,Hacker,,,,5500,,,,14,,,,,,,,,,,,,,,45,,,,
HACKER,Hack--6086,Hacker,,,,6086,,,,172,,,,,,,,,,,,,,,650,,,,
HACKER,Hack--6086,Hacker,,,,6086,,,,125,,,,,,,,,,,,,,,500,,,,
HACKER,Hack--6100,Hacker,,,,6100,,,,14,,,,,,,,,,,,,,,45,,,,
HACKER,Hack--6150,Hacker,,,,6150,,,,256,,,,,,,,,,,,,,,1200,,,,
HACKER,Hack--6150,Hacker,,,,6150,,,,198,,,,,,,,,,,,,,,900,,,,
HACKER,Hack--7100,Hacker,,,,7100,,,,172,,,,,,,,,,,,,,,650,,,,
HACKER,Hack--7100,Hacker,,,,7100,,,,125,,,,,,,,,,,,,,,500,,,,
HEMOTEC,Hemo--105,Hemotec,,,,105,,,,2460,,,,,,,,,,,,,,,9000,,,,
HEMOTEC,Hemo--125,Hemotec,,,,125,,,,2460,,,,,,,,,,,,,,,9800,,,,
HEMOTEC,Hemo--135,Hemotec,,,,135,,,,1850,,,,,,,,,,,,,,,8500,,,,
HEMOTEC,Hemo--135,Hemotec,,,,135,,,,2460,,,,,,,,,,,,,,,10000,,,,
HEMOTEC,Hemo--140,Hemotec,,,,140,,,,1450,,,,,,,,,,,,,,,5500,,,,
HEMOTEC,Hemo--160,Hemotec,,,,160,,,,1450,,,,,,,,,,,,,,,5500,,,,
HEMOTEC,Hemo--160,Hemotec,,,,160,,,,1850,,,,,,,,,,,,,,,9000,,,,
HEMOTEC,Hemo--165,Hemotec,,,,165,,,,1200,,,,,,,,,,,,,,,7000,,,,
HEMOTEC,Hemo--170,Hemotec,,,,170,,,,995,,,,,,,,,,,,,,,5500,,,,
HEMOTEC,Hemo--185,Hemotec,,,,185,,,,1850,,,,,,,,,,,,,,,9000,,,,
HEMOTEC,Hemo--185,Hemotec,,,,185,,,,995,,,,,,,,,,,,,,,5500,,,,
HEMOTEC,Hemo--185,Hemotec,,,,185,,,,1200,,,,,,,,,,,,,,,7000,,,,
HEMOTEC,Hemo--215,Hemotec,,,,215,,,,1200,,,,,,,,,,,,,,,6000,,,,
HENGLI,HENG--90,HENGLI,,,,90,,,,586,,,,,,,,,,,,,,,2000,,,,
HENGLI,HENG--90,HENGLI,,,,90,,,,336,,,,,,,,,,,,,,,1200,,,,
HENGLI,HENG--100,HENGLI,,,,100,,,,279,,,,,,,,,,,,,,,750,,,,
HENGLI,HENG--100,HENGLI,,,,100,,,,675,,,,,,,,,,,,,,,2940,,,,
HENGLI,HENG--100,HENGLI,,,,100,,,,596,,,,,,,,,,,,,,,2800,,,,
HENGLI,HENG--110,HENGLI,,,,110,,,,586,,,,,,,,,,,,,,,2100,,,,
HENGLI,HENG--115,HENGLI,,,,115,,,,675,,,,,,,,,,,,,,,3340,,,,
HENGLI,HENG--130,HENGLI,,,,130,,,,338,,,,,,,,,,,,,,,1090,,,,
HENGLI,HENG--135,HENGLI,,,,135,,,,279,,,,,,,,,,,,,,,940,,,,
HENGLI,HENG--160,HENGLI,,,,160,,,,336,,,,,,,,,,,,,,,1180,,,,
HENGLI,HENG--170,HENGLI,,,,170,,,,346,,,,,,,,,,,,,,,1250,,,,
HENGLI,HENG--170,HENGLI,,,,170,,,,279,,,,,,,,,,,,,,,1300,,,,
HENGLI,HENG--180,HENGLI,,,,180,,,,492,,,,,,,,,,,,,,,2000,,,,
HENGLI,HENG--180,HENGLI,,,,180,,,,643,,,,,,,,,,,,,,,3100,,,,
HENGLI,HENG--180,HENGLI,,,,180,,,,336,,,,,,,,,,,,,,,1100,,,,
HENGLI,HENG--200,HENGLI,,,,200,,,,643,,,,,,,,,,,,,,,3120,,,,
HENGLI,HENG--205,HENGLI,,,,205,,,,336,,,,,,,,,,,,,,,1150,,,,
HENGLI,HENG--230,HENGLI,,,,230,,,,199,,,,,,,,,,,,,,,880,,,,
HENGLI,HENG--260,HENGLI,,,,260,,,,168,,,,,,,,,,,,,,,810,,,,
HENGLI,HENG--300,HENGLI,,,,300,,,,338,,,,,,,,,,,,,,,1125,,,,
HENGLI,HENG--310,HENGLI,,,,310,,,,168,,,,,,,,,,,,,,,880,,,,
HENGLI,HENG--320,HENGLI,,,,320,,,,112,,,,,,,,,,,,,,,380,,,,
HENGLI,HENG--330,HENGLI,,,,330,,,,155,,,,,,,,,,,,,,,580,,,,
HENGLI,HENG--330,HENGLI,,,,330,,,,346,,,,,,,,,,,,,,,1450,,,,
HENGLI,HENG--330,HENGLI,,,,330,,,,238,,,,,,,,,,,,,,,950,,,,
HENGLI,HENG--340,HENGLI,,,,340,,,,412,,,,,,,,,,,,,,,1530,,,,
HENGLI,HENG--340,HENGLI,,,,340,,,,388,,,,,,,,,,,,,,,1550,,,,
HENGLI,HENG--350,HENGLI,,,,350,,,,160,,,,,,,,,,,,,,,600,,,,
HENGLI,HENG--350,HENGLI,,,,350,,,,346,,,,,,,,,,,,,,,1650,,,,
HENGLI,HENG--350,HENGLI,,,,350,,,,152,,,,,,,,,,,,,,,400,,,,
HENGLI,HENG--350,HENGLI,,,,350,,,,188,,,,,,,,,,,,,,,700,,,,
HENGLI,HENG--360,HENGLI,,,,360,,,,492,,,,,,,,,,,,,,,2100,,,,
HENGLI,HENG--360,HENGLI,,,,360,,,,168,,,,,,,,,,,,,,,620,,,,
HENGLI,HENG--360,HENGLI,,,,360,,,,168,,,,,,,,,,,,,,,910,,,,
HENGLI,HENG--360,HENGLI,,,,360,,,,196,,,,,,,,,,,,,,,690,,,,
HENGLI,HENG--370,HENGLI,,,,370,,,,154,,,,,,,,,,,,,,,580,,,,
HENGLI,HENG--390,HENGLI,,,,390,,,,112,,,,,,,,,,,,,,,400,,,,
HENGLI,HENG--390,HENGLI,,,,390,,,,99,,,,,,,,,,,,,,,370,,,,
HENGLI,HENG--390,HENGLI,,,,390,,,,169,,,,,,,,,,,,,,,610,,,,
HENGLI,HENG--390,HENGLI,,,,390,,,,87,,,,,,,,,,,,,,,330,,,,
HENGLI,HENG--390,HENGLI,,,,390,,,,98,,,,,,,,,,,,,,,300,,,,
HENGLI,HENG--400,HENGLI,,,,400,,,,135,,,,,,,,,,,,,,,440,,,,
HENGLI,HENG--400,HENGLI,,,,400,,,,155,,,,,,,,,,,,,,,620,,,,
HENGLI,HENG--400,HENGLI,,,,400,,,,138,,,,,,,,,,,,,,,550,,,,
HENGLI,HENG--420,HENGLI,,,,420,,,,154,,,,,,,,,,,,,,,650,,,,
HENGLI,HENG--440,HENGLI,,,,440,,,,169,,,,,,,,,,,,,,,660,,,,
HENGLI,HENG--450,HENGLI,,,,450,,,,160,,,,,,,,,,,,,,,640,,,,
HENGLI,HENG--450,HENGLI,,,,450,,,,294,,,,,,,,,,,,,,,1100,,,,
HENGLI,HENG--450,HENGLI,,,,450,,,,412,,,,,,,,,,,,,,,1580,,,,
HENGLI,HENG--450,HENGLI,,,,450,,,,388,,,,,,,,,,,,,,,1600,,,,
HENGLI,HENG--460,HENGLI,,,,460,,,,93,,,,,,,,,,,,,,,340,,,,
HENGLI,HENG--460,HENGLI,,,,460,,,,155,,,,,,,,,,,,,,,660,,,,
HENGLI,HENG--480,HENGLI,,,,480,,,,154,,,,,,,,,,,,,,,680,,,,
HENGLI,HENG--490,HENGLI,,,,490,,,,98,,,,,,,,,,,,,,,300,,,,
HENGLI,HENG--500,HENGLI,,,,500,,,,135,,,,,,,,,,,,,,,460,,,,
HENGLI,HENG--500,HENGLI,,,,500,,,,160,,,,,,,,,,,,,,,680,,,,
HENGLI,HENG--500,HENGLI,,,,500,,,,220,,,,,,,,,,,,,,,880,,,,
HENGLI,HENG--500,HENGLI,,,,500,,,,310,,,,,,,,,,,,,,,1280,,,,
HENGLI,HENG--500,HENGLI,,,,500,,,,199,,,,,,,,,,,,,,,900,,,,
HENGLI,HENG--500,HENGLI,,,,500,,,,250,,,,,,,,,,,,,,,1280,,,,
HENGLI,HENG--570,HENGLI,,,,570,,,,98,,,,,,,,,,,,,,,310,,,,
HENGLI,HENG--570,HENGLI,,,,570,,,,152,,,,,,,,,,,,,,,400,,,,
HENGLI,HENG--580,HENGLI,,,,580,,,,294,,,,,,,,,,,,,,,1200,,,,
HENGLI,HENG--580,HENGLI,,,,580,,,,265,,,,,,,,,,,,,,,1200,,,,
HENGLI,HENG--590,HENGLI,,,,590,,,,99,,,,,,,,,,,,,,,390,,,,
HENGLI,HENG--600,HENGLI,,,,600,,,,155,,,,,,,,,,,,,,,680,,,,
HENGLI,HENG--610,HENGLI,,,,610,,,,87,,,,,,,,,,,,,,,330,,,,
HENGLI,HENG--620,HENGLI,,,,620,,,,112,,,,,,,,,,,,,,,420,,,,
HENGLI,HENG--630,HENGLI,,,,630,,,,138,,,,,,,,,,,,,,,550,,,,
HENGLI,HENG--640,HENGLI,,,,640,,,,220,,,,,,,,,,,,,,,890,,,,
HENGLI,HENG--650,HENGLI,,,,650,,,,135,,,,,,,,,,,,,,,500,,,,
HENGLI,HENG--650,HENGLI,,,,650,,,,310,,,,,,,,,,,,,,,1320,,,,
HENGLI,HENG--650,HENGLI,,,,650,,,,58,,,,,,,,,,,,,,,250,,,,
HENGLI,HENG--650,HENGLI,,,,650,,,,65,,,,,,,,,,,,,,,240,,,,
HENGLI,HENG--650,HENGLI,,,,650,,,,60,,,,,,,,,,,,,,,240,,,,
HENGLI,HENG--650,HENGLI,,,,650,,,,250,,,,,,,,,,,,,,,1330,,,,
HENGLI,HENG--680,HENGLI,,,,680,,,,172,,,,,,,,,,,,,,,700,,,,
HENGLI,HENG--690,HENGLI,,,,690,,,,98,,,,,,,,,,,,,,,320,,,,
HENGLI,HENG--700,HENGLI,,,,700,,,,66,,,,,,,,,,,,,,,280,,,,
HENGLI,HENG--700,HENGLI,,,,700,,,,93,,,,,,,,,,,,,,,470,,,,
HENGLI,HENG--700,HENGLI,,,,700,,,,99,,,,,,,,,,,,,,,410,,,,
HENGLI,HENG--700,HENGLI,,,,700,,,,195,,,,,,,,,,,,,,,950,,,,
HENGLI,HENG--710,HENGLI,,,,710,,,,294,,,,,,,,,,,,,,,1250,,,,
HENGLI,HENG--710,HENGLI,,,,710,,,,265,,,,,,,,,,,,,,,1250,,,,
HENGLI,HENG--720,HENGLI,,,,720,,,,220,,,,,,,,,,,,,,,920,,,,
HENGLI,HENG--720,HENGLI,,,,720,,,,199,,,,,,,,,,,,,,,900,,,,
HENGLI,HENG--740,HENGLI,,,,740,,,,160,,,,,,,,,,,,,,,700,,,,
HENGLI,HENG--780,HENGLI,,,,780,,,,93,,,,,,,,,,,,,,,490,,,,
HENGLI,HENG--800,HENGLI,,,,800,,,,195,,,,,,,,,,,,,,,1000,,,,
HENGLI,HENG--820,HENGLI,,,,820,,,,172,,,,,,,,,,,,,,,720,,,,
HENGLI,HENG--850,HENGLI,,,,850,,,,58,,,,,,,,,,,,,,,250,,,,
HENGLI,HENG--880,HENGLI,,,,880,,,,65,,,,,,,,,,,,,,,260,,,,
HENGLI,HENG--880,HENGLI,,,,880,,,,65,,,,,,,,,,,,,,,250,,,,
HENGLI,HENG--880,HENGLI,,,,880,,,,60,,,,,,,,,,,,,,,250,,,,
HENGLI,HENG--920,HENGLI,,,,920,,,,160,,,,,,,,,,,,,,,720,,,,
HENGLI,HENG--920,HENGLI,,,,920,,,,52,,,,,,,,,,,,,,,260,,,,
HENGLI,HENG--920,HENGLI,,,,920,,,,66,,,,,,,,,,,,,,,330,,,,
HENGLI,HENG--950,HENGLI,,,,950,,,,67,,,,,,,,,,,,,,,220,,,,
HENGLI,HENG--950,HENGLI,,,,950,,,,132,,,,,,,,,,,,,,,500,,,,
HENGLI,HENG--1000,HENGLI,,,,1000,,,,53,,,,,,,,,,,,,,,220,,,,
HENGLI,HENG--1000,HENGLI,,,,1000,,,,109,,,,,,,,,,,,,,,380,,,,
HENGLI,HENG--1100,HENGLI,,,,1100,,,,67,,,,,,,,,,,,,,,260,,,,
HENGLI,HENG--1100,HENGLI,,,,1100,,,,65,,,,,,,,,,,,,,,280,,,,
HENGLI,HENG--1100,HENGLI,,,,1100,,,,132,,,,,,,,,,,,,,,540,,,,
HENGLI,HENG--1200,HENGLI,,,,1200,,,,77,,,,,,,,,,,,,,,260,,,,
HENGLI,HENG--1200,HENGLI,,,,1200,,,,109,,,,,,,,,,,,,,,400,,,,
HENGLI,HENG--1250,HENGLI,,,,1250,,,,65,,,,,,,,,,,,,,,300,,,,
HENGLI,HENG--1300,HENGLI,,,,1300,,,,41,,,,,,,,,,,,,,,150,,,,
HENGLI,HENG--1300,HENGLI,,,,1300,,,,53,,,,,,,,,,,,,,,240,,,,
HENGLI,HENG--1360,HENGLI,,,,1360,,,,67,,,,,,,,,,,,,,,280,,,,
HENGLI,HENG--1400,HENGLI,,,,1400,,,,77,,,,,,,,,,,,,,,280,,,,
HENGLI,HENG--1480,HENGLI,,,,1480,,,,21,,,,,,,,,,,,,,,100,,,,
HENGLI,HENG--1480,HENGLI,,,,1480,,,,53,,,,,,,,,,,,,,,260,,,,
HENGLI,HENG--1500,HENGLI,,,,1500,,,,41,,,,,,,,,,,,,,,160,,,,
HENGLI,HENG--1800,HENGLI,,,,1800,,,,21,,,,,,,,,,,,,,,120,,,,
HENGLI,HENG--1900,HENGLI,,,,1900,,,,41,,,,,,,,,,,,,,,220,,,,
HENGLI,HENG--2300,HENGLI,,,,2300,,,,15,,,,,,,,,,,,,,,70,,,,
HENGLI,HENG--3600,HENGLI,,,,3600,,,,84,,,,,,,,,,,,,,,1080,,,,
HENGLI,HENG--3800,HENGLI,,,,3800,,,,62,,,,,,,,,,,,,,,850,,,,
HENGLI,HENG--4300,HENGLI,,,,4300,,,,84,,,,,,,,,,,,,,,1130,,,,
HENGLI,HENG--4500,HENGLI,,,,4500,,,,62,,,,,,,,,,,,,,,880,,,,
HENGLI,HENG--11000,HENGLI,,,,11000,,,,2023-05-04 00:00:00,,,,,,,,,,,,,,,16,,,,
HENGLI,HENG--12000,HENGLI,,,,12000,,,,2023-05-04 00:00:00,,,,,,,,,,,,,,,18,,,,
HENGLI,HENG--14000,HENGLI,,,,14000,,,,2023-05-04 00:00:00,,,,,,,,,,,,,,,20,,,,
HENGLI,HENG--415.773809523809,HENGLI,,,,415.773809523809,,,,470,,,,,,,,,,,,,,,1800,,,,
HET,HET--400,HET,,,,400,,,,495,,,,,,,,,,,,,,,7000,,,,
HET,HET--450,HET,,,,450,,,,445,,,,,,,,,,,,,,,5000,,,,
HET,HET--535,HET,,,,535,,,,385,,,,,,,,,,,,,,,4000,,,,
HET,HET--590,HET,,,,590,,,,495,,,,,,,,,,,,,,,7000,,,,
HET,HET--670,HET,,,,670,,,,560,,,,,,,,,,,,,,,4800,,,,
HET,HET--675,HET,,,,675,,,,330,,,,,,,,,,,,,,,3000,,,,
HET,HET--685,HET,,,,685,,,,445,,,,,,,,,,,,,,,5000,,,,
HET,HET--750,HET,,,,750,,,,330,,,,,,,,,,,,,,,3500,,,,
HET,HET--760,HET,,,,760,,,,360,,,,,,,,,,,,,,,3800,,,,
HET,HET--780,HET,,,,780,,,,560,,,,,,,,,,,,,,,4800,,,,
HET,HET--810,HET,,,,810,,,,197,,,,,,,,,,,,,,,600,,,,
HET,HET--820,HET,,,,820,,,,143,,,,,,,,,,,,,,,570,,,,
HET,HET--830,HET,,,,830,,,,385,,,,,,,,,,,,,,,4000,,,,
HET,HET--840,HET,,,,840,,,,560,,,,,,,,,,,,,,,4800,,,,
HET,HET--870,HET,,,,870,,,,161,,,,,,,,,,,,,,,570,,,,
HET,HET--900,HET,,,,900,,,,330,,,,,,,,,,,,,,,3500,,,,
HET,HET--900,HET,,,,900,,,,74,,,,,,,,,,,,,,,255,,,,
HET,HET--935,HET,,,,935,,,,280,,,,,,,,,,,,,,,2400,,,,
HET,HET--935,HET,,,,935,,,,560,,,,,,,,,,,,,,,4800,,,,
HET,HET--975,HET,,,,975,,,,460,,,,,,,,,,,,,,,3400,,,,
HET,HET--1000,HET,,,,1000,,,,197,,,,,,,,,,,,,,,675,,,,
HET,HET--1030,HET,,,,1030,,,,205,,,,,,,,,,,,,,,750,,,,
HET,HET--1030,HET,,,,1030,,,,115,,,,,,,,,,,,,,,480,,,,
HET,HET--1030,HET,,,,1030,,,,28,,,,,,,,,,,,,,,150,,,,
HET,HET--1045,HET,,,,1045,,,,330,,,,,,,,,,,,,,,3000,,,,
HET,HET--1050,HET,,,,1050,,,,161,,,,,,,,,,,,,,,600,,,,
HET,HET--1070,HET,,,,1070,,,,124,,,,,,,,,,,,,,,525,,,,
HET,HET--1080,HET,,,,1080,,,,460,,,,,,,,,,,,,,,3400,,,,
HET,HET--1100,HET,,,,1100,,,,290,,,,,,,,,,,,,,,1050,,,,
HET,HET--1120,HET,,,,1120,,,,280,,,,,,,,,,,,,,,2400,,,,
HET,HET--1125,HET,,,,1125,,,,330,,,,,,,,,,,,,,,3000,,,,
HET,HET--1130,HET,,,,1130,,,,300,,,,,,,,,,,,,,,1125,,,,
HET,HET--1170,HET,,,,1170,,,,560,,,,,,,,,,,,,,,4800,,,,
HET,HET--1180,HET,,,,1180,,,,95,,,,,,,,,,,,,,,225,,,,
HET,HET--1190,HET,,,,1190,,,,74,,,,,,,,,,,,,,,255,,,,
HET,HET--1200,HET,,,,1200,,,,330,,,,,,,,,,,,,,,3000,,,,
HET,HET--1250,HET,,,,1250,,,,360,,,,,,,,,,,,,,,3200,,,,
HET,HET--1250,HET,,,,1250,,,,124,,,,,,,,,,,,,,,570,,,,
HET,HET--1280,HET,,,,1280,,,,110,,,,,,,,,,,,,,,750,,,,
HET,HET--1300,HET,,,,1300,,,,155,,,,,,,,,,,,,,,675,,,,
HET,HET--1320,HET,,,,1320,,,,197,,,,,,,,,,,,,,,720,,,,
HET,HET--1340,HET,,,,1340,,,,300,,,,,,,,,,,,,,,1200,,,,
HET,HET--1360,HET,,,,1360,,,,205,,,,,,,,,,,,,,,900,,,,
HET,HET--1360,HET,,,,1360,,,,110,,,,,,,,,,,,,,,750,,,,
HET,HET--1400,HET,,,,1400,,,,290,,,,,,,,,,,,,,,1200,,,,
HET,HET--1400,HET,,,,1400,,,,280,,,,,,,,,,,,,,,2400,,,,
HET,HET--1400,HET,,,,1400,,,,330,,,,,,,,,,,,,,,3000,,,,
HET,HET--1400,HET,,,,1400,,,,360,,,,,,,,,,,,,,,3200,,,,
HET,HET--1445,HET,,,,1445,,,,460,,,,,,,,,,,,,,,3400,,,,
HET,HET--1460,HET,,,,1460,,,,35,,,,,,,,,,,,,,,180,,,,
HET,HET--1480,HET,,,,1480,,,,250,,,,,,,,,,,,,,,1800,,,,
HET,HET--1485,HET,,,,1485,,,,280,,,,,,,,,,,,,,,2400,,,,
HET,HET--1500,HET,,,,1500,,,,155,,,,,,,,,,,,,,,750,,,,
HET,HET--1500,HET,,,,1500,,,,300,,,,,,,,,,,,,,,1350,,,,
HET,HET--1500,HET,,,,1500,,,,330,,,,,,,,,,,,,,,3000,,,,
HET,HET--1580,HET,,,,1580,,,,41,,,,,,,,,,,,,,,210,,,,
HET,HET--1600,HET,,,,1600,,,,300,,,,,,,,,,,,,,,1500,,,,
HET,HET--1680,HET,,,,1680,,,,330,,,,,,,,,,,,,,,3000,,,,
HET,HET--1700,HET,,,,1700,,,,205,,,,,,,,,,,,,,,1050,,,,
HET,HET--1700,HET,,,,1700,,,,180,,,,,,,,,,,,,,,1200,,,,
HET,HET--1738,HET,,,,1738,,,,280,,,,,,,,,,,,,,,2400,,,,
HET,HET--1750,HET,,,,1750,,,,360,,,,,,,,,,,,,,,3200,,,,
HET,HET--1760,HET,,,,1760,,,,250,,,,,,,,,,,,,,,1500,,,,
HET,HET--1800,HET,,,,1800,,,,78,,,,,,,,,,,,,,,420,,,,
HET,HET--1800,HET,,,,1800,,,,78,,,,,,,,,,,,,,,270,,,,
HET,HET--1810,HET,,,,1810,,,,24,,,,,,,,,,,,,,,150,,,,
HET,HET--1865,HET,,,,1865,,,,280,,,,,,,,,,,,,,,2400,,,,
HET,HET--1970,HET,,,,1970,,,,240,,,,,,,,,,,,,,,1500,,,,
HET,HET--2000,HET,,,,2000,,,,155,,,,,,,,,,,,,,,900,,,,
HET,HET--2000,HET,,,,2000,,,,300,,,,,,,,,,,,,,,1800,,,,
HET,HET--2050,HET,,,,2050,,,,205,,,,,,,,,,,,,,,1050,,,,
HET,HET--2060,HET,,,,2060,,,,41,,,,,,,,,,,,,,,180,,,,
HET,HET--2085,HET,,,,2085,,,,280,,,,,,,,,,,,,,,2400,,,,
HET,HET--2100,HET,,,,2100,,,,240,,,,,,,,,,,,,,,1350,,,,
HET,HET--2100,HET,,,,2100,,,,330,,,,,,,,,,,,,,,2500,,,,
HET,HET--2200,HET,,,,2200,,,,130,,,,,,,,,,,,,,,1200,,,,
HET,HET--2200,HET,,,,2200,,,,130,,,,,,,,,,,,,,,1200,,,,
HET,HET--2250,HET,,,,2250,,,,300,,,,,,,,,,,,,,,1800,,,,
HET,HET--2250,HET,,,,2250,,,,330,,,,,,,,,,,,,,,2500,,,,
HET,HET--2250,HET,,,,2250,,,,78,,,,,,,,,,,,,,,450,,,,
HET,HET--2320,HET,,,,2320,,,,41,,,,,,,,,,,,,,,210,,,,
HET,HET--2500,HET,,,,2500,,,,115,,,,,,,,,,,,,,,1050,,,,
HET,HET--2610,HET,,,,2610,,,,280,,,,,,,,,,,,,,,2400,,,,
HET,HET--2660,HET,,,,2660,,,,110,,,,,,,,,,,,,,,975,,,,
HET,HET--2670,HET,,,,2670,,,,300,,,,,,,,,,,,,,,1800,,,,
HET,HET--2700,HET,,,,2700,,,,180,,,,,,,,,,,,,,,1800,,,,
HET,HET--2720,HET,,,,2720,,,,110,,,,,,,,,,,,,,,1050,,,,
HET,HET--2800,HET,,,,2800,,,,280,,,,,,,,,,,,,,,2400,,,,
HET,HET--2800,HET,,,,2800,,,,330,,,,,,,,,,,,,,,2500,,,,
HET,HET--2850,HET,,,,2850,,,,100,,,,,,,,,,,,,,,1050,,,,
HET,HET--2950,HET,,,,2950,,,,100,,,,,,,,,,,,,,,1125,,,,
HET,HET--3000,HET,,,,3000,,,,155,,,,,,,,,,,,,,,1050,,,,
HET,HET--3000,HET,,,,3000,,,,193,,,,,,,,,,,,,,,1950,,,,
HET,HET--3000,HET,,,,3000,,,,78,,,,,,,,,,,,,,,600,,,,
HET,HET--3020,HET,,,,3020,,,,78,,,,,,,,,,,,,,,600,,,,
HET,HET--3100,HET,,,,3100,,,,98,,,,,,,,,,,,,,,1125,,,,
HET,HET--3300,HET,,,,3300,,,,180,,,,,,,,,,,,,,,2100,,,,
HET,HET--3350,HET,,,,3350,,,,96,,,,,,,,,,,,,,,825,,,,
HET,HET--3400,HET,,,,3400,,,,93,,,,,,,,,,,,,,,900,,,,
HET,HET--3480,HET,,,,3480,,,,280,,,,,,,,,,,,,,,2400,,,,
HET,HET--3650,HET,,,,3650,,,,93,,,,,,,,,,,,,,,1125,,,,
HET,HET--4000,HET,,,,4000,,,,155,,,,,,,,,,,,,,,1950,,,,
HET,HET--4200,HET,,,,4200,,,,330,,,,,,,,,,,,,,,2200,,,,
HET,HET--4400,HET,,,,4400,,,,130,,,,,,,,,,,,,,,1800,,,,
HET,HET--4600,HET,,,,4600,,,,78,,,,,,,,,,,,,,,750,,,,
HET,HET--4750,HET,,,,4750,,,,78,,,,,,,,,,,,,,,675,,,,
HET,HET--4800,HET,,,,4800,,,,55,,,,,,,,,,,,,,,420,,,,
HET,HET--5145,HET,,,,5145,,,,280,,,,,,,,,,,,,,,2400,,,,
HET,HET--5800,HET,,,,5800,,,,70,,,,,,,,,,,,,,,750,,,,
HET,HET--6000,HET,,,,6000,,,,55,,,,,,,,,,,,,,,450,,,,
HGLRC,HGLR--1250,HGLRC,,,,1250,,,,51,,,,,,,,,,,,,,,853,,,,
HGLRC,HGLR--1750,HGLRC,,,,1750,,,,33,,,,,,,,,,,,,,,950,,,,
HGLRC,HGLR--1800,HGLRC,,,,1800,,,,17,,,,,,,,,,,,,,,300,,,,
HGLRC,HGLR--1900,HGLRC,,,,1900,,,,33,,,,,,,,,,,,,,,1000,,,,
HGLRC,HGLR--1900,HGLRC,,,,1900,,,,37,,,,,,,,,,,,,,,1137,,,,
HGLRC,HGLR--1950,HGLRC,,,,1950,,,,33,,,,,,,,,,,,,,,1106,,,,
HGLRC,HGLR--2500,HGLRC,,,,2500,,,,2023-05-06 00:00:00,,,,,,,,,,,,,,,98,,,,
HGLRC,HGLR--2550,HGLRC,,,,2550,,,,33,,,,,,,,,,,,,,,1000,,,,
HGLRC,HGLR--2550,HGLRC,,,,2550,,,,37,,,,,,,,,,,,,,,789,,,,
HGLRC,HGLR--2600,HGLRC,,,,2600,,,,33,,,,,,,,,,,,,,,792,,,,
HGLRC,HGLR--2800,HGLRC,,,,2800,,,,11,,,,,,,,,,,,,,,128,,,,
HGLRC,HGLR--2800,HGLRC,,,,2800,,,,10,,,,,,,,,,,,,,,158,,,,
HGLRC,HGLR--2800,HGLRC,,,,2800,,,,21,,,,,,,,,,,,,,,998,,,,
HGLRC,HGLR--2800,HGLRC,,,,2800,,,,22,,,,,,,,,,,,,,,603,,,,
HGLRC,HGLR--3000,HGLRC,,,,3000,,,,17,,,,,,,,,,,,,,,455,,,,
HGLRC,HGLR--3500,HGLRC,,,,3500,,,,2023-07-12 00:00:00,,,,,,,,,,,,,,,410,,,,
HGLRC,HGLR--3500,HGLRC,,,,3500,,,,22,,,,,,,,,,,,,,,586,,,,
HGLRC,HGLR--3600,HGLRC,,,,3600,,,,11,,,,,,,,,,,,,,,193,,,,
HGLRC,HGLR--4500,HGLRC,,,,4500,,,,2023-05-06 00:00:00,,,,,,,,,,,,,,,86,,,,
HGLRC,HGLR--4800,HGLRC,,,,4800,,,,11,,,,,,,,,,,,,,,291,,,,
HGLRC,HGLR--5000,HGLRC,,,,5000,,,,2023-05-06 00:00:00,,,,,,,,,,,,,,,155,,,,
HGLRC,HGLR--5600,HGLRC,,,,5600,,,,2023-06-04 00:00:00,,,,,,,,,,,,,,,70,,,,
HGLRC,HGLR--8000,HGLRC,,,,8000,,,,2023-06-04 00:00:00,,,,,,,,,,,,,,,85,,,,
HGLRC,HGLR--10000,HGLRC,,,,10000,,,,2023-02-03 00:00:00,,,,,,,,,,,,,,,33,,,,
HGLRC,HGLR--11600,HGLRC,,,,11600,,,,2023-06-04 00:00:00,,,,,,,,,,,,,,,88,,,,
HGLRC,HGLR--18000,HGLRC,,,,18000,,,,2023-02-03 00:00:00,,,,,,,,,,,,,,,20,,,,
HIMAX,Hima--200,Himax,,,,200,,,,610,,,,,,,,,,,,,,,2500,,,,
HIMAX,Hima--210,Himax,,,,210,,,,575,,,,,,,,,,,,,,,2500,,,,
HIMAX,Hima--230,Himax,,,,230,,,,690,,,,,,,,,,,,,,,2200,,,,
HIMAX,Hima--250,Himax,,,,250,,,,235,,,,,,,,,,,,,,,600,,,,
HIMAX,Hima--250,Himax,,,,250,,,,450,,,,,,,,,,,,,,,1700,,,,
HIMAX,Hima--390,Himax,,,,390,,,,390,,,,,,,,,,,,,,,1500,,,,
HIMAX,Hima--510,Himax,,,,510,,,,205,,,,,,,,,,,,,,,720,,,,
HIMAX,Hima--530,Himax,,,,530,,,,280,,,,,,,,,,,,,,,900,,,,
HIMAX,Hima--620,Himax,,,,620,,,,205,,,,,,,,,,,,,,,795,,,,
HIMAX,Hima--650,Himax,,,,650,,,,60,,,,,,,,,,,,,,,165,,,,
HIMAX,Hima--700,Himax,,,,700,,,,162,,,,,,,,,,,,,,,675,,,,
HIMAX,Hima--780,Himax,,,,780,,,,230,,,,,,,,,,,,,,,600,,,,
HIMAX,Hima--800,Himax,,,,800,,,,197,,,,,,,,,,,,,,,810,,,,
HIMAX,Hima--840,Himax,,,,840,,,,134,,,,,,,,,,,,,,,555,,,,
HIMAX,Hima--850,Himax,,,,850,,,,31,,,,,,,,,,,,,,,75,,,,
HIMAX,Hima--850,Himax,,,,850,,,,60,,,,,,,,,,,,,,,210,,,,
HIMAX,Hima--860,Himax,,,,860,,,,47,,,,,,,,,,,,,,,165,,,,
HIMAX,Hima--870,Himax,,,,870,,,,25,,,,,,,,,,,,,,,68,,,,
HIMAX,Hima--890,Himax,,,,890,,,,77,,,,,,,,,,,,,,,270,,,,
HIMAX,Hima--980,Himax,,,,980,,,,47,,,,,,,,,,,,,,,180,,,,
HIMAX,Hima--990,Himax,,,,990,,,,162,,,,,,,,,,,,,,,810,,,,
HIMAX,Hima--1000,Himax,,,,1000,,,,230,,,,,,,,,,,,,,,600,,,,
HIMAX,Hima--1000,Himax,,,,1000,,,,197,,,,,,,,,,,,,,,1020,,,,
HIMAX,Hima--1030,Himax,,,,1030,,,,275,,,,,,,,,,,,,,,400,,,,
HIMAX,Hima--1080,Himax,,,,1080,,,,60,,,,,,,,,,,,,,,225,,,,
HIMAX,Hima--1100,Himax,,,,1100,,,,164,,,,,,,,,,,,,,,350,,,,
HIMAX,Hima--1100,Himax,,,,1100,,,,89,,,,,,,,,,,,,,,630,,,,
HIMAX,Hima--1130,Himax,,,,1130,,,,134,,,,,,,,,,,,,,,720,,,,
HIMAX,Hima--1160,Himax,,,,1160,,,,47,,,,,,,,,,,,,,,225,,,,
HIMAX,Hima--1180,Himax,,,,1180,,,,31,,,,,,,,,,,,,,,135,,,,
HIMAX,Hima--1220,Himax,,,,1220,,,,77,,,,,,,,,,,,,,,375,,,,
HIMAX,Hima--1260,Himax,,,,1260,,,,25,,,,,,,,,,,,,,,98,,,,
HIMAX,Hima--1350,Himax,,,,1350,,,,134,,,,,,,,,,,,,,,840,,,,
HIMAX,Hima--1400,Himax,,,,1400,,,,86,,,,,,,,,,,,,,,275,,,,
HIMAX,Hima--1430,Himax,,,,1430,,,,59,,,,,,,,,,,,,,,120,,,,
HIMAX,Hima--1430,Himax,,,,1430,,,,27,,,,,,,,,,,,,,,165,,,,
HIMAX,Hima--1500,Himax,,,,1500,,,,230,,,,,,,,,,,,,,,600,,,,
HIMAX,Hima--1540,Himax,,,,1540,,,,89,,,,,,,,,,,,,,,630,,,,
HIMAX,Hima--1550,Himax,,,,1550,,,,52,,,,,,,,,,,,,,,210,,,,
HIMAX,Hima--1550,Himax,,,,1550,,,,77,,,,,,,,,,,,,,,420,,,,
HIMAX,Hima--1600,Himax,,,,1600,,,,138,,,,,,,,,,,,,,,300,,,,
HIMAX,Hima--2000,Himax,,,,2000,,,,86,,,,,,,,,,,,,,,275,,,,
HIMAX,Hima--2100,Himax,,,,2100,,,,138,,,,,,,,,,,,,,,300,,,,
HIMAX,Hima--2150,Himax,,,,2150,,,,65,,,,,,,,,,,,,,,360,,,,
HIMAX,Hima--2300,Himax,,,,2300,,,,138,,,,,,,,,,,,,,,400,,,,
HIMAX,Hima--2300,Himax,,,,2300,,,,187,,,,,,,,,,,,,,,500,,,,
HIMAX,Hima--2700,Himax,,,,2700,,,,138,,,,,,,,,,,,,,,400,,,,
HIMAX,Hima--2800,Himax,,,,2800,,,,48,,,,,,,,,,,,,,,110,,,,
HIMAX,Hima--2900,Himax,,,,2900,,,,103,,,,,,,,,,,,,,,800,,,,
HIMAX,Hima--3000,Himax,,,,3000,,,,187,,,,,,,,,,,,,,,500,,,,
HIMAX,Hima--3000,Himax,,,,3000,,,,86,,,,,,,,,,,,,,,275,,,,
HIMAX,Hima--3200,Himax,,,,3200,,,,66,,,,,,,,,,,,,,,175,,,,
HIMAX,Hima--3600,Himax,,,,3600,,,,48,,,,,,,,,,,,,,,110,,,,
HIMAX,Hima--3600,Himax,,,,3600,,,,138,,,,,,,,,,,,,,,400,,,,
HIMAX,Hima--4000,Himax,,,,4000,,,,86,,,,,,,,,,,,,,,275,,,,
HIMAX,Hima--4100,Himax,,,,4100,,,,48,,,,,,,,,,,,,,,110,,,,
HIMAX,Hima--4200,Himax,,,,4200,,,,66,,,,,,,,,,,,,,,175,,,,
HIMAX,Hima--5300,Himax,,,,5300,,,,66,,,,,,,,,,,,,,,175,,,,
HIMAX,Hima--5400,Himax,,,,5400,,,,48,,,,,,,,,,,,,,,110,,,,
HITEC,HiTe--320,HiTec,,,,320,,,,169,,,,,,,,,,,,,,,350,,,,
HITEC,HiTe--390,HiTec,,,,390,,,,169,,,,,,,,,,,,,,,350,,,,
HITEC,HiTe--400,HiTec,,,,400,,,,135,,,,,,,,,,,,,,,340,,,,
HITEC,HiTe--680,HiTec,,,,680,,,,135,,,,,,,,,,,,,,,310,,,,
HITEC,HiTe--900,HiTec,,,,900,,,,66,,,,,,,,,,,,,,,370,,,,
HITEC,HiTe--1000,HiTec,,,,1000,,,,54,,,,,,,,,,,,,,,320,,,,
HITEC,HiTe--1800,HiTec,,,,1800,,,,43,,,,,,,,,,,,,,,220,,,,
HITEC,HiTe--2200,HiTec,,,,2200,,,,41,,,,,,,,,,,,,,,200,,,,
HITEC,HiTe--2300,HiTec,,,,2300,,,,35,,,,,,,,,,,,,,,180,,,,
HITEC,HiTe--2300,HiTec,,,,2300,,,,34,,,,,,,,,,,,,,,160,,,,
HOBBYSTAR,Hobb--570,HobbyStar,,,,570,,,,285,,,,,,,,,,,,,,,1550,,,,
HOBBYSTAR,Hobb--710,HobbyStar,,,,710,,,,275,,,,,,,,,,,,,,,1650,,,,
HOBBYSTAR,Hobb--720,HobbyStar,,,,720,,,,205,,,,,,,,,,,,,,,1120,,,,
HOBBYSTAR,Hobb--760,HobbyStar,,,,760,,,,285,,,,,,,,,,,,,,,1650,,,,
HOBBYSTAR,Hobb--790,HobbyStar,,,,790,,,,157,,,,,,,,,,,,,,,840,,,,
HOBBYSTAR,Hobb--800,HobbyStar,,,,800,,,,205,,,,,,,,,,,,,,,1250,,,,
HOBBYSTAR,Hobb--880,HobbyStar,,,,880,,,,67,,,,,,,,,,,,,,,340,,,,
HOBBYSTAR,Hobb--900,HobbyStar,,,,900,,,,157,,,,,,,,,,,,,,,1000,,,,
HOBBYSTAR,Hobb--980,HobbyStar,,,,980,,,,52,,,,,,,,,,,,,,,260,,,,
HOBBYSTAR,Hobb--1000,HobbyStar,,,,1000,,,,45,,,,,,,,,,,,,,,220,,,,
HOBBYSTAR,Hobb--1000,HobbyStar,,,,1000,,,,132,,,,,,,,,,,,,,,750,,,,
HOBBYSTAR,Hobb--1050,HobbyStar,,,,1050,,,,109,,,,,,,,,,,,,,,500,,,,
HOBBYSTAR,Hobb--1100,HobbyStar,,,,1100,,,,72,,,,,,,,,,,,,,,310,,,,
HOBBYSTAR,Hobb--1100,HobbyStar,,,,1100,,,,157,,,,,,,,,,,,,,,1100,,,,
HOBBYSTAR,Hobb--1120,HobbyStar,,,,1120,,,,67,,,,,,,,,,,,,,,380,,,,
HOBBYSTAR,Hobb--1250,HobbyStar,,,,1250,,,,132,,,,,,,,,,,,,,,850,,,,
HOBBYSTAR,Hobb--1290,HobbyStar,,,,1290,,,,52,,,,,,,,,,,,,,,300,,,,
HOBBYSTAR,Hobb--1300,HobbyStar,,,,1300,,,,109,,,,,,,,,,,,,,,680,,,,
HOBBYSTAR,Hobb--1350,HobbyStar,,,,1350,,,,45,,,,,,,,,,,,,,,240,,,,
HOBBYSTAR,Hobb--1400,HobbyStar,,,,1400,,,,72,,,,,,,,,,,,,,,350,,,,
HOBBYSTAR,Hobb--1450,HobbyStar,,,,1450,,,,132,,,,,,,,,,,,,,,1050,,,,
HOBBYSTAR,Hobb--1700,HobbyStar,,,,1700,,,,72,,,,,,,,,,,,,,,420,,,,
HOBBYSTAR,Hobb--1900,HobbyStar,,,,1900,,,,45,,,,,,,,,,,,,,,250,,,,
HOBBYSTAR,Hobb--2300,HobbyStar,,,,2300,,,,27,,,,,,,,,,,,,,,140,,,,
HOBBYWING,Hobb--1600,HobbyWing,,,,1600,,,,28,,,,,,,,,,,,,,,605,,,,
HOBBYWING,Hobb--1750,HobbyWing,,,,1750,,,,32,,,,,,,,,,,,,,,950,,,,
HOBBYWING,Hobb--1750,HobbyWing,,,,1750,,,,28,,,,,,,,,,,,,,,625,,,,
HOBBYWING,Hobb--1800,HobbyWing,,,,1800,,,,29,,,,,,,,,,,,,,,625,,,,
HOBBYWING,Hobb--1800,HobbyWing,,,,1800,,,,36,,,,,,,,,,,,,,,420,,,,
HOBBYWING,Hobb--2250,HobbyWing,,,,2250,,,,36,,,,,,,,,,,,,,,420,,,,
HOBBYWING,Hobb--2300,HobbyWing,,,,2300,,,,30,,,,,,,,,,,,,,,420,,,,
HOBBYWING,Hobb--2300,HobbyWing,,,,2300,,,,29,,,,,,,,,,,,,,,420,,,,
HOBBYWING,Hobb--2400,HobbyWing,,,,2400,,,,2023-08-15 00:00:00,,,,,,,,,,,,,,,225,,,,
HOBBYWING,Hobb--2400,HobbyWing,,,,2400,,,,28,,,,,,,,,,,,,,,760,,,,
HOBBYWING,Hobb--2450,HobbyWing,,,,2450,,,,32,,,,,,,,,,,,,,,950,,,,
HOBBYWING,Hobb--2600,HobbyWing,,,,2600,,,,30,,,,,,,,,,,,,,,420,,,,
HOBBYWING,Hobb--2600,HobbyWing,,,,2600,,,,29,,,,,,,,,,,,,,,420,,,,
HOBBYWING,Hobb--2650,HobbyWing,,,,2650,,,,32,,,,,,,,,,,,,,,820,,,,
HOBBYWING,Hobb--2700,HobbyWing,,,,2700,,,,28,,,,,,,,,,,,,,,650,,,,
HOBBYWING,Hobb--2850,HobbyWing,,,,2850,,,,2023-08-15 00:00:00,,,,,,,,,,,,,,,205,,,,
HOBBYWING,Hobb--2850,HobbyWing,,,,2850,,,,36,,,,,,,,,,,,,,,420,,,,
HOBBYWING,Hobb--3250,HobbyWing,,,,3250,,,,2023-08-15 00:00:00,,,,,,,,,,,,,,,155,,,,
HOBBYWING,Hobb--3600,HobbyWing,,,,3600,,,,140,,,,,,,,,,,,,,,885,,,,
HOBBYWING,Hobb--3750,HobbyWing,,,,3750,,,,2023-08-15 00:00:00,,,,,,,,,,,,,,,115,,,,
HOBBYWING,Hobb--6000,HobbyWing,,,,6000,,,,2023-03-06 00:00:00,,,,,,,,,,,,,,,77,,,,
HOBBYWING,Hobb--7500,HobbyWing,,,,7500,,,,2023-03-06 00:00:00,,,,,,,,,,,,,,,51,,,,
HYPERION,Hype--168,Hyperion,,,,168,,,,795,,,,,,,,,,,,,,,1125,,,,
HYPERION,Hype--170,Hyperion,,,,170,,,,695,,,,,,,,,,,,,,,1125,,,,
HYPERION,Hype--190,Hyperion,,,,190,,,,695,,,,,,,,,,,,,,,1170,,,,
HYPERION,Hype--200,Hyperion,,,,200,,,,595,,,,,,,,,,,,,,,1050,,,,
HYPERION,Hype--215,Hyperion,,,,215,,,,595,,,,,,,,,,,,,,,1125,,,,
HYPERION,Hype--235,Hyperion,,,,235,,,,595,,,,,,,,,,,,,,,1200,,,,
HYPERION,Hype--236,Hyperion,,,,236,,,,553,,,,,,,,,,,,,,,720,,,,
HYPERION,Hype--247,Hyperion,,,,247,,,,621,,,,,,,,,,,,,,,2900,,,,
HYPERION,Hype--275,Hyperion,,,,275,,,,553,,,,,,,,,,,,,,,945,,,,
HYPERION,Hype--292,Hyperion,,,,292,,,,621,,,,,,,,,,,,,,,3000,,,,
HYPERION,Hype--299,Hyperion,,,,299,,,,446,,,,,,,,,,,,,,,855,,,,
HYPERION,Hype--299,Hyperion,,,,299,,,,521,,,,,,,,,,,,,,,2550,,,,
HYPERION,Hype--320,Hyperion,,,,320,,,,553,,,,,,,,,,,,,,,1155,,,,
HYPERION,Hype--320,Hyperion,,,,320,,,,416,,,,,,,,,,,,,,,2100,,,,
HYPERION,Hype--343,Hyperion,,,,343,,,,446,,,,,,,,,,,,,,,975,,,,
HYPERION,Hype--354,Hyperion,,,,354,,,,521,,,,,,,,,,,,,,,2550,,,,
HYPERION,Hype--368,Hyperion,,,,368,,,,356,,,,,,,,,,,,,,,750,,,,
HYPERION,Hype--370,Hyperion,,,,370,,,,416,,,,,,,,,,,,,,,2100,,,,
HYPERION,Hype--400,Hyperion,,,,400,,,,435,,,,,,,,,,,,,,,4590,,,,
HYPERION,Hype--405,Hyperion,,,,405,,,,446,,,,,,,,,,,,,,,1170,,,,
HYPERION,Hype--486,Hyperion,,,,486,,,,356,,,,,,,,,,,,,,,975,,,,
HYPERION,Hype--500,Hyperion,,,,500,,,,435,,,,,,,,,,,,,,,4725,,,,
HYPERION,Hype--504,Hyperion,,,,504,,,,284,,,,,,,,,,,,,,,900,,,,
HYPERION,Hype--505,Hyperion,,,,505,,,,416,,,,,,,,,,,,,,,2200,,,,
HYPERION,Hype--543,Hyperion,,,,543,,,,304,,,,,,,,,,,,,,,1800,,,,
HYPERION,Hype--560,Hyperion,,,,560,,,,435,,,,,,,,,,,,,,,5670,,,,
HYPERION,Hype--560,Hyperion,,,,560,,,,356,,,,,,,,,,,,,,,1200,,,,
HYPERION,Hype--574,Hyperion,,,,574,,,,284,,,,,,,,,,,,,,,930,,,,
HYPERION,Hype--630,Hyperion,,,,630,,,,326,,,,,,,,,,,,,,,3645,,,,
HYPERION,Hype--630,Hyperion,,,,630,,,,435,,,,,,,,,,,,,,,5400,,,,
HYPERION,Hype--660,Hyperion,,,,660,,,,284,,,,,,,,,,,,,,,975,,,,
HYPERION,Hype--665,Hyperion,,,,665,,,,186,,,,,,,,,,,,,,,570,,,,
HYPERION,Hype--699,Hyperion,,,,699,,,,296,,,,,,,,,,,,,,,1350,,,,
HYPERION,Hype--705,Hyperion,,,,705,,,,207,,,,,,,,,,,,,,,1275,,,,
HYPERION,Hype--740,Hyperion,,,,740,,,,326,,,,,,,,,,,,,,,3510,,,,
HYPERION,Hype--748,Hyperion,,,,748,,,,284,,,,,,,,,,,,,,,1050,,,,
HYPERION,Hype--775,Hyperion,,,,775,,,,198,,,,,,,,,,,,,,,1150,,,,
HYPERION,Hype--777,Hyperion,,,,777,,,,304,,,,,,,,,,,,,,,1800,,,,
HYPERION,Hype--792,Hyperion,,,,792,,,,176,,,,,,,,,,,,,,,975,,,,
HYPERION,Hype--800,Hyperion,,,,800,,,,435,,,,,,,,,,,,,,,5670,,,,
HYPERION,Hype--815,Hyperion,,,,815,,,,186,,,,,,,,,,,,,,,1150,,,,
HYPERION,Hype--815,Hyperion,,,,815,,,,186,,,,,,,,,,,,,,,690,,,,
HYPERION,Hype--850,Hyperion,,,,850,,,,53,,,,,,,,,,,,,,,240,,,,
HYPERION,Hype--857,Hyperion,,,,857,,,,134,,,,,,,,,,,,,,,720,,,,
HYPERION,Hype--862,Hyperion,,,,862,,,,59.7,,,,,,,,,,,,,,,240,,,,
HYPERION,Hype--867,Hyperion,,,,867,,,,207,,,,,,,,,,,,,,,1425,,,,
HYPERION,Hype--880,Hyperion,,,,880,,,,199,,,,,,,,,,,,,,,1955,,,,
HYPERION,Hype--882,Hyperion,,,,882,,,,296,,,,,,,,,,,,,,,1575,,,,
HYPERION,Hype--890,Hyperion,,,,890,,,,326,,,,,,,,,,,,,,,3645,,,,
HYPERION,Hype--900,Hyperion,,,,900,,,,142,,,,,,,,,,,,,,,630,,,,
HYPERION,Hype--910,Hyperion,,,,910,,,,286,,,,,,,,,,,,,,,2455,,,,
HYPERION,Hype--910,Hyperion,,,,910,,,,41.7,,,,,,,,,,,,,,,180,,,,
HYPERION,Hype--915,Hyperion,,,,915,,,,284,,,,,,,,,,,,,,,1125,,,,
HYPERION,Hype--922,Hyperion,,,,922,,,,162,,,,,,,,,,,,,,,850,,,,
HYPERION,Hype--930,Hyperion,,,,930,,,,88,,,,,,,,,,,,,,,525,,,,
HYPERION,Hype--950,Hyperion,,,,950,,,,45.4,,,,,,,,,,,,,,,190,,,,
HYPERION,Hype--970,Hyperion,,,,970,,,,198,,,,,,,,,,,,,,,1250,,,,
HYPERION,Hype--972,Hyperion,,,,972,,,,126,,,,,,,,,,,,,,,600,,,,
HYPERION,Hype--985,Hyperion,,,,985,,,,110,,,,,,,,,,,,,,,540,,,,
HYPERION,Hype--985,Hyperion,,,,985,,,,186,,,,,,,,,,,,,,,780,,,,
HYPERION,Hype--987,Hyperion,,,,987,,,,186,,,,,,,,,,,,,,,1250,,,,
HYPERION,Hype--1000,Hyperion,,,,1000,,,,199,,,,,,,,,,,,,,,1755,,,,
HYPERION,Hype--1025,Hyperion,,,,1025,,,,53,,,,,,,,,,,,,,,270,,,,
HYPERION,Hype--1030,Hyperion,,,,1030,,,,65.5,,,,,,,,,,,,,,,345,,,,
HYPERION,Hype--1042,Hyperion,,,,1042,,,,59.7,,,,,,,,,,,,,,,280,,,,
HYPERION,Hype--1050,Hyperion,,,,1050,,,,75,,,,,,,,,,,,,,,375,,,,
HYPERION,Hype--1070,Hyperion,,,,1070,,,,142,,,,,,,,,,,,,,,690,,,,
HYPERION,Hype--1085,Hyperion,,,,1085,,,,110,,,,,,,,,,,,,,,600,,,,
HYPERION,Hype--1100,Hyperion,,,,1100,,,,286,,,,,,,,,,,,,,,2210,,,,
HYPERION,Hype--1100,Hyperion,,,,1100,,,,326,,,,,,,,,,,,,,,2970,,,,
HYPERION,Hype--1100,Hyperion,,,,1100,,,,99,,,,,,,,,,,,,,,470,,,,
HYPERION,Hype--1110,Hyperion,,,,1110,,,,83,,,,,,,,,,,,,,,400,,,,
HYPERION,Hype--1120,Hyperion,,,,1120,,,,88,,,,,,,,,,,,,,,675,,,,
HYPERION,Hype--1120,Hyperion,,,,1120,,,,41.7,,,,,,,,,,,,,,,210,,,,
HYPERION,Hype--1125,Hyperion,,,,1125,,,,176,,,,,,,,,,,,,,,1200,,,,
HYPERION,Hype--1132,Hyperion,,,,1132,,,,126,,,,,,,,,,,,,,,750,,,,
HYPERION,Hype--1135,Hyperion,,,,1135,,,,162,,,,,,,,,,,,,,,1050,,,,
HYPERION,Hype--1137,Hyperion,,,,1137,,,,84,,,,,,,,,,,,,,,660,,,,
HYPERION,Hype--1165,Hyperion,,,,1165,,,,45.4,,,,,,,,,,,,,,,210,,,,
HYPERION,Hype--1175,Hyperion,,,,1175,,,,67,,,,,,,,,,,,,,,525,,,,
HYPERION,Hype--1200,Hyperion,,,,1200,,,,2023-04-29 00:00:00,,,,,,,,,,,,,,,120,,,,
HYPERION,Hype--1210,Hyperion,,,,1210,,,,199,,,,,,,,,,,,,,,1840,,,,
HYPERION,Hype--1220,Hyperion,,,,1220,,,,47.5,,,,,,,,,,,,,,,180,,,,
HYPERION,Hype--1240,Hyperion,,,,1240,,,,75,,,,,,,,,,,,,,,420,,,,
HYPERION,Hype--1252,Hyperion,,,,1252,,,,296,,,,,,,,,,,,,,,2100,,,,
HYPERION,Hype--1255,Hyperion,,,,1255,,,,186,,,,,,,,,,,,,,,975,,,,
HYPERION,Hype--1287,Hyperion,,,,1287,,,,198,,,,,,,,,,,,,,,1500,,,,
HYPERION,Hype--1290,Hyperion,,,,1290,,,,134,,,,,,,,,,,,,,,1050,,,,
HYPERION,Hype--1337,Hyperion,,,,1337,,,,67,,,,,,,,,,,,,,,630,,,,
HYPERION,Hype--1337,Hyperion,,,,1337,,,,84,,,,,,,,,,,,,,,825,,,,
HYPERION,Hype--1370,Hyperion,,,,1370,,,,2023-04-29 00:00:00,,,,,,,,,,,,,,,135,,,,
HYPERION,Hype--1390,Hyperion,,,,1390,,,,286,,,,,,,,,,,,,,,2550,,,,
HYPERION,Hype--1400,Hyperion,,,,1400,,,,199,,,,,,,,,,,,,,,2265,,,,
HYPERION,Hype--1430,Hyperion,,,,1430,,,,32.6,,,,,,,,,,,,,,,100,,,,
HYPERION,Hype--1440,Hyperion,,,,1440,,,,176,,,,,,,,,,,,,,,1650,,,,
HYPERION,Hype--1470,Hyperion,,,,1470,,,,65.5,,,,,,,,,,,,,,,480,,,,
HYPERION,Hype--1500,Hyperion,,,,1500,,,,24,,,,,,,,,,,,,,,143,,,,
HYPERION,Hype--1530,Hyperion,,,,1530,,,,2023-04-29 00:00:00,,,,,,,,,,,,,,,165,,,,
HYPERION,Hype--1545,Hyperion,,,,1545,,,,207,,,,,,,,,,,,,,,2100,,,,
HYPERION,Hype--1587,Hyperion,,,,1587,,,,32.6,,,,,,,,,,,,,,,115,,,,
HYPERION,Hype--1600,Hyperion,,,,1600,,,,199,,,,,,,,,,,,,,,1980,,,,
HYPERION,Hype--1630,Hyperion,,,,1630,,,,79,,,,,,,,,,,,,,,600,,,,
HYPERION,Hype--1630,Hyperion,,,,1630,,,,47.5,,,,,,,,,,,,,,,180,,,,
HYPERION,Hype--1800,Hyperion,,,,1800,,,,2023-05-17 00:00:00,,,,,,,,,,,,,,,105,,,,
HYPERION,Hype--1830,Hyperion,,,,1830,,,,58.1,,,,,,,,,,,,,,,250,,,,
HYPERION,Hype--1900,Hyperion,,,,1900,,,,199,,,,,,,,,,,,,,,1890,,,,
HYPERION,Hype--2080,Hyperion,,,,2080,,,,47.5,,,,,,,,,,,,,,,180,,,,
HYPERION,Hype--2100,Hyperion,,,,2100,,,,24,,,,,,,,,,,,,,,188,,,,
HYPERION,Hype--2165,Hyperion,,,,2165,,,,58.1,,,,,,,,,,,,,,,250,,,,
HYPERION,Hype--2250,Hyperion,,,,2250,,,,2023-05-17 00:00:00,,,,,,,,,,,,,,,128,,,,
HYPERION,Hype--2580,Hyperion,,,,2580,,,,79,,,,,,,,,,,,,,,600,,,,
HYPERION,Hype--2600,Hyperion,,,,2600,,,,39,,,,,,,,,,,,,,,160,,,,
HYPERION,Hype--2608,Hyperion,,,,2608,,,,64,,,,,,,,,,,,,,,430,,,,
HYPERION,Hype--2640,Hyperion,,,,2640,,,,54,,,,,,,,,,,,,,,375,,,,
HYPERION,Hype--2840,Hyperion,,,,2840,,,,70,,,,,,,,,,,,,,,250,,,,
HYPERION,Hype--2860,Hyperion,,,,2860,,,,56.7,,,,,,,,,,,,,,,250,,,,
HYPERION,Hype--2880,Hyperion,,,,2880,,,,44.5,,,,,,,,,,,,,,,180,,,,
HYPERION,Hype--2920,Hyperion,,,,2920,,,,64,,,,,,,,,,,,,,,455,,,,
HYPERION,Hype--3000,Hyperion,,,,3000,,,,79,,,,,,,,,,,,,,,600,,,,
HYPERION,Hype--3125,Hyperion,,,,3125,,,,39,,,,,,,,,,,,,,,200,,,,
HYPERION,Hype--3200,Hyperion,,,,3200,,,,54,,,,,,,,,,,,,,,415,,,,
HYPERION,Hype--3350,Hyperion,,,,3350,,,,64,,,,,,,,,,,,,,,505,,,,
HYPERION,Hype--3585,Hyperion,,,,3585,,,,54,,,,,,,,,,,,,,,445,,,,
HYPERION,Hype--3595,Hyperion,,,,3595,,,,79,,,,,,,,,,,,,,,640,,,,
HYPERION,Hype--3600,Hyperion,,,,3600,,,,39,,,,,,,,,,,,,,,220,,,,
HYPERION,Hype--3600,Hyperion,,,,3600,,,,70,,,,,,,,,,,,,,,250,,,,
HYPERION,Hype--3700,Hyperion,,,,3700,,,,44.5,,,,,,,,,,,,,,,180,,,,
HYPERION,Hype--3900,Hyperion,,,,3900,,,,32,,,,,,,,,,,,,,,200,,,,
HYPERION,Hype--3900,Hyperion,,,,3900,,,,70,,,,,,,,,,,,,,,250,,,,
HYPERION,Hype--3960,Hyperion,,,,3960,,,,56.7,,,,,,,,,,,,,,,250,,,,
HYPERION,Hype--4400,Hyperion,,,,4400,,,,79,,,,,,,,,,,,,,,705,,,,
HYPERION,Hype--4400,Hyperion,,,,4400,,,,70,,,,,,,,,,,,,,,250,,,,
HYPERION,Hype--5000,Hyperion,,,,5000,,,,70,,,,,,,,,,,,,,,250,,,,
HYPERION,Hype--5300,Hyperion,,,,5300,,,,32,,,,,,,,,,,,,,,175,,,,
IFLIGHT,iFli--87,iFlight,,,,87,,,,260,,,,,,,,,,,,,,,1050,,,,
IFLIGHT,iFli--170,iFlight,,,,170,,,,283,,,,,,,,,,,,,,,2304,,,,
IFLIGHT,iFli--250,iFlight,,,,250,,,,283,,,,,,,,,,,,,,,1760,,,,
IFLIGHT,iFli--330,iFlight,,,,330,,,,283,,,,,,,,,,,,,,,2441,,,,
IFLIGHT,iFli--400,iFlight,,,,400,,,,213,,,,,,,,,,,,,,,741,,,,
IFLIGHT,iFli--500,iFlight,,,,500,,,,283,,,,,,,,,,,,,,,3603,,,,
IFLIGHT,iFli--660,iFlight,,,,660,,,,213,,,,,,,,,,,,,,,2352,,,,
IFLIGHT,iFli--880,iFlight,,,,880,,,,88,,,,,,,,,,,,,,,1221,,,,
IFLIGHT,iFli--1100,iFlight,,,,1100,,,,88,,,,,,,,,,,,,,,2489,,,,
IFLIGHT,iFli--1200,iFlight,,,,1200,,,,66,,,,,,,,,,,,,,,1510,,,,
IFLIGHT,iFli--1250,iFlight,,,,1250,,,,61,,,,,,,,,,,,,,,1145,,,,
IFLIGHT,iFli--1300,iFlight,,,,1300,,,,50,,,,,,,,,,,,,,,1156,,,,
IFLIGHT,iFli--1350,iFlight,,,,1350,,,,39,,,,,,,,,,,,,,,730,,,,
IFLIGHT,iFli--1350,iFlight,,,,1350,,,,32,,,,,,,,,,,,,,,745,,,,
IFLIGHT,iFli--1500,iFlight,,,,1500,,,,66,,,,,,,,,,,,,,,1855,,,,
IFLIGHT,iFli--1600,iFlight,,,,1600,,,,19,,,,,,,,,,,,,,,332,,,,
IFLIGHT,iFli--1650,iFlight,,,,1650,,,,39,,,,,,,,,,,,,,,1200,,,,
IFLIGHT,iFli--1650,iFlight,,,,1650,,,,32,,,,,,,,,,,,,,,950,,,,
IFLIGHT,iFli--1700,iFlight,,,,1700,,,,34,,,,,,,,,,,,,,,778,,,,
IFLIGHT,iFli--1700,iFlight,,,,1700,,,,37,,,,,,,,,,,,,,,970,,,,
IFLIGHT,iFli--1700,iFlight,,,,1700,,,,31,,,,,,,,,,,,,,,893,,,,
IFLIGHT,iFli--1700,iFlight,,,,1700,,,,32,,,,,,,,,,,,,,,718,,,,
IFLIGHT,iFli--1700,iFlight,,,,1700,,,,34,,,,,,,,,,,,,,,778,,,,
IFLIGHT,iFli--1700,iFlight,,,,1700,,,,37,,,,,,,,,,,,,,,970,,,,
IFLIGHT,iFli--1700,iFlight,,,,1700,,,,88,,,,,,,,,,,,,,,2117,,,,
IFLIGHT,iFli--1700,iFlight,,,,1700,,,,34,,,,,,,,,,,,,,,778,,,,
IFLIGHT,iFli--1700,iFlight,,,,1700,,,,37,,,,,,,,,,,,,,,970,,,,
IFLIGHT,iFli--1700,iFlight,,,,1700,,,,33,,,,,,,,,,,,,,,893,,,,
IFLIGHT,iFli--1800,iFlight,,,,1800,,,,34,,,,,,,,,,,,,,,845,,,,
IFLIGHT,iFli--1800,iFlight,,,,1800,,,,37,,,,,,,,,,,,,,,1116,,,,
IFLIGHT,iFli--1800,iFlight,,,,1800,,,,34,,,,,,,,,,,,,,,845,,,,
IFLIGHT,iFli--1800,iFlight,,,,1800,,,,37,,,,,,,,,,,,,,,1116,,,,
IFLIGHT,iFli--1800,iFlight,,,,1800,,,,50,,,,,,,,,,,,,,,777,,,,
IFLIGHT,iFli--1800,iFlight,,,,1800,,,,34,,,,,,,,,,,,,,,845,,,,
IFLIGHT,iFli--1850,iFlight,,,,1850,,,,32,,,,,,,,,,,,,,,802,,,,
IFLIGHT,iFli--2150,iFlight,,,,2150,,,,37,,,,,,,,,,,,,,,745,,,,
IFLIGHT,iFli--2150,iFlight,,,,2150,,,,37,,,,,,,,,,,,,,,745,,,,
IFLIGHT,iFli--2200,iFlight,,,,2200,,,,88,,,,,,,,,,,,,,,1757,,,,
IFLIGHT,iFli--2300,iFlight,,,,2300,,,,27,,,,,,,,,,,,,,,450,,,,
IFLIGHT,iFli--2450,iFlight,,,,2450,,,,34,,,,,,,,,,,,,,,682,,,,
IFLIGHT,iFli--2450,iFlight,,,,2450,,,,37,,,,,,,,,,,,,,,793,,,,
IFLIGHT,iFli--2450,iFlight,,,,2450,,,,31,,,,,,,,,,,,,,,749,,,,
IFLIGHT,iFli--2450,iFlight,,,,2450,,,,34,,,,,,,,,,,,,,,682,,,,
IFLIGHT,iFli--2450,iFlight,,,,2450,,,,37,,,,,,,,,,,,,,,793,,,,
IFLIGHT,iFli--2450,iFlight,,,,2450,,,,34,,,,,,,,,,,,,,,682,,,,
IFLIGHT,iFli--2450,iFlight,,,,2450,,,,33,,,,,,,,,,,,,,,748,,,,
IFLIGHT,iFli--2500,iFlight,,,,2500,,,,19,,,,,,,,,,,,,,,385,,,,
IFLIGHT,iFli--2750,iFlight,,,,2750,,,,34,,,,,,,,,,,,,,,800,,,,
IFLIGHT,iFli--2750,iFlight,,,,2750,,,,32,,,,,,,,,,,,,,,744,,,,
IFLIGHT,iFli--2750,iFlight,,,,2750,,,,34,,,,,,,,,,,,,,,800,,,,
IFLIGHT,iFli--2750,iFlight,,,,2750,,,,34,,,,,,,,,,,,,,,800,,,,
IFLIGHT,iFli--2750,iFlight,,,,2750,,,,33,,,,,,,,,,,,,,,885,,,,
IFLIGHT,iFli--2800,iFlight,,,,2800,,,,2023-08-15 00:00:00,,,,,,,,,,,,,,,555,,,,
IFLIGHT,iFli--3000,iFlight,,,,3000,,,,2023-01-09 00:00:00,,,,,,,,,,,,,,,220,,,,
IFLIGHT,iFli--3200,iFlight,,,,3200,,,,27,,,,,,,,,,,,,,,550,,,,
IFLIGHT,iFli--3600,iFlight,,,,3600,,,,2023-03-16 00:00:00,,,,,,,,,,,,,,,245,,,,
IFLIGHT,iFli--3600,iFlight,,,,3600,,,,2023-08-15 00:00:00,,,,,,,,,,,,,,,292,,,,
IFLIGHT,iFli--3800,iFlight,,,,3800,,,,2023-03-09 00:00:00,,,,,,,,,,,,,,,217,,,,
IFLIGHT,iFli--3800,iFlight,,,,3800,,,,2023-05-10 00:00:00,,,,,,,,,,,,,,,217,,,,
IFLIGHT,iFli--3800,iFlight,,,,3800,,,,2023-01-09 00:00:00,,,,,,,,,,,,,,,250,,,,
IFLIGHT,iFli--4200,iFlight,,,,4200,,,,2023-08-15 00:00:00,,,,,,,,,,,,,,,346,,,,
IFLIGHT,iFli--4500,iFlight,,,,4500,,,,2023-02-06 00:00:00,,,,,,,,,,,,,,,139,,,,
IFLIGHT,iFli--4500,iFlight,,,,4500,,,,2023-04-06 00:00:00,,,,,,,,,,,,,,,498,,,,
IFLIGHT,iFli--4500,iFlight,,,,4500,,,,8,,,,,,,,,,,,,,,202,,,,
IFLIGHT,iFli--4600,iFlight,,,,4600,,,,2023-03-09 00:00:00,,,,,,,,,,,,,,,193,,,,
IFLIGHT,iFli--4600,iFlight,,,,4600,,,,2023-01-09 00:00:00,,,,,,,,,,,,,,,285,,,,
IFLIGHT,iFli--6000,iFlight,,,,6000,,,,2023-02-06 00:00:00,,,,,,,,,,,,,,,111,,,,
IFLIGHT,iFli--6500,iFlight,,,,6500,,,,2023-04-06 00:00:00,,,,,,,,,,,,,,,368,,,,
IFLIGHT,iFli--6500,iFlight,,,,6500,,,,8,,,,,,,,,,,,,,,186,,,,
IFLIGHT,iFli--7000,iFlight,,,,7000,,,,2023-03-09 00:00:00,,,,,,,,,,,,,,,145,,,,
IFLIGHT,iFli--8000,iFlight,,,,8000,,,,2023-06-03 00:00:00,,,,,,,,,,,,,,,66,,,,
IFLIGHT,iFli--10000,iFlight,,,,10000,,,,2023-06-03 00:00:00,,,,,,,,,,,,,,,60,,,,
INFINITE,Infi--150,Infinite,,,,150,,,,986,,,,,,,,,,,,,,,2600,,,,
INFINITE,Infi--160,Infinite,,,,160,,,,824,,,,,,,,,,,,,,,2200,,,,
INFINITE,Infi--170,Infinite,,,,170,,,,516,,,,,,,,,,,,,,,1850,,,,
INFINITE,Infi--180,Infinite,,,,180,,,,986,,,,,,,,,,,,,,,3100,,,,
INFINITE,Infi--190,Infinite,,,,190,,,,824,,,,,,,,,,,,,,,2500,,,,
INFINITE,Infi--195,Infinite,,,,195,,,,516,,,,,,,,,,,,,,,2200,,,,
INFINITE,Infi--215,Infinite,,,,215,,,,444,,,,,,,,,,,,,,,1400,,,,
INFINITE,Infi--225,Infinite,,,,225,,,,516,,,,,,,,,,,,,,,2400,,,,
INFINITE,Infi--235,Infinite,,,,235,,,,598,,,,,,,,,,,,,,,2200,,,,
INFINITE,Infi--250,Infinite,,,,250,,,,444,,,,,,,,,,,,,,,1600,,,,
INFINITE,Infi--260,Infinite,,,,260,,,,516,,,,,,,,,,,,,,,2400,,,,
INFINITE,Infi--300,Infinite,,,,300,,,,446,,,,,,,,,,,,,,,1400,,,,
INFINITE,Infi--320,Infinite,,,,320,,,,348,,,,,,,,,,,,,,,1000,,,,
INFINITE,Infi--360,Infinite,,,,360,,,,446,,,,,,,,,,,,,,,1600,,,,
INFINITE,Infi--370,Infinite,,,,370,,,,348,,,,,,,,,,,,,,,1100,,,,
INFINITE,Infi--505,Infinite,,,,505,,,,348,,,,,,,,,,,,,,,1200,,,,
INFINITE,Infi--770,Infinite,,,,770,,,,180,,,,,,,,,,,,,,,500,,,,
INFINITE,Infi--862,Infinite,,,,862,,,,61,,,,,,,,,,,,,,,150,,,,
INFINITE,Infi--890,Infinite,,,,890,,,,180,,,,,,,,,,,,,,,550,,,,
INFINITE,Infi--950,Infinite,,,,950,,,,46,,,,,,,,,,,,,,,110,,,,
INFINITE,Infi--970,Infinite,,,,970,,,,61,,,,,,,,,,,,,,,170,,,,
INFINITE,Infi--970,Infinite,,,,970,,,,144,,,,,,,,,,,,,,,450,,,,
INFINITE,Infi--972,Infinite,,,,972,,,,114,,,,,,,,,,,,,,,350,,,,
INFINITE,Infi--1070,Infinite,,,,1070,,,,61,,,,,,,,,,,,,,,180,,,,
INFINITE,Infi--1100,Infinite,,,,1100,,,,79,,,,,,,,,,,,,,,230,,,,
INFINITE,Infi--1132,Infinite,,,,1132,,,,114,,,,,,,,,,,,,,,350,,,,
INFINITE,Infi--1135,Infinite,,,,1135,,,,144,,,,,,,,,,,,,,,450,,,,
INFINITE,Infi--1160,Infinite,,,,1160,,,,46,,,,,,,,,,,,,,,125,,,,
INFINITE,Infi--1190,Infinite,,,,1190,,,,61,,,,,,,,,,,,,,,200,,,,
INFINITE,Infi--1240,Infinite,,,,1240,,,,79,,,,,,,,,,,,,,,260,,,,
INFINITE,Infi--1290,Infinite,,,,1290,,,,180,,,,,,,,,,,,,,,600,,,,
INFINITE,Infi--1500,Infinite,,,,1500,,,,25,,,,,,,,,,,,,,,75,,,,
INFINITE,Infi--1560,Infinite,,,,1560,,,,31,,,,,,,,,,,,,,,80,,,,
INFINITE,Infi--1580,Infinite,,,,1580,,,,79,,,,,,,,,,,,,,,320,,,,
INFINITE,Infi--1740,Infinite,,,,1740,,,,31,,,,,,,,,,,,,,,80,,,,
INFINITE,Infi--1800,Infinite,,,,1800,,,,18,,,,,,,,,,,,,,,55,,,,
INFINITE,Infi--2100,Infinite,,,,2100,,,,25,,,,,,,,,,,,,,,75,,,,
INFINITE,Infi--2250,Infinite,,,,2250,,,,18,,,,,,,,,,,,,,,55,,,,
INFINITE,Infi--2600,Infinite,,,,2600,,,,59,,,,,,,,,,,,,,,320,,,,
INFINITE,Infi--2640,Infinite,,,,2640,,,,59,,,,,,,,,,,,,,,280,,,,
INFINITE,Infi--2850,Infinite,,,,2850,,,,59,,,,,,,,,,,,,,,400,,,,
INFINITE,Infi--3020,Infinite,,,,3020,,,,59,,,,,,,,,,,,,,,340,,,,
INFINITE,Infi--3405,Infinite,,,,3405,,,,59,,,,,,,,,,,,,,,310,,,,
INFINITE,Infi--3430,Infinite,,,,3430,,,,59,,,,,,,,,,,,,,,440,,,,
INFINITE,Infi--3600,Infinite,,,,3600,,,,59,,,,,,,,,,,,,,,375,,,,
INFINITE,Infi--3825,Infinite,,,,3825,,,,59,,,,,,,,,,,,,,,330,,,,
INFINITE,Infi--4240,Infinite,,,,4240,,,,59,,,,,,,,,,,,,,,475,,,,
INFINITE,Infi--5540,Infinite,,,,5540,,,,59,,,,,,,,,,,,,,,525,,,,
IPOWER,iPow--320,iPower,,,,320,,,,161,,,,,,,,,,,,,,,328,,,,
IPOWER,iPow--320,iPower,,,,320,,,,161,,,,,,,,,,,,,,,580,,,,
IPOWER,iPow--370,iPower,,,,370,,,,116,,,,,,,,,,,,,,,416,,,,
IPOWER,iPow--400,iPower,,,,400,,,,161,,,,,,,,,,,,,,,480,,,,
IPOWER,iPow--475,iPower,,,,475,,,,116,,,,,,,,,,,,,,,388,,,,
IPOWER,iPow--580,iPower,,,,580,,,,116,,,,,,,,,,,,,,,566,,,,
IPOWER,iPow--620,iPower,,,,620,,,,115,,,,,,,,,,,,,,,360,,,,
IPOWER,iPow--700,iPower,,,,700,,,,116,,,,,,,,,,,,,,,596,,,,
IPOWER,iPow--700,iPower,,,,700,,,,161,,,,,,,,,,,,,,,489,,,,
IPOWER,iPow--750,iPower,,,,750,,,,70,,,,,,,,,,,,,,,365,,,,
IPOWER,iPow--750,iPower,,,,750,,,,130,,,,,,,,,,,,,,,350,,,,
IPOWER,iPow--750,iPower,,,,750,,,,94,,,,,,,,,,,,,,,375,,,,
IPOWER,iPow--810,iPower,,,,810,,,,130,,,,,,,,,,,,,,,350,,,,
IPOWER,iPow--810,iPower,,,,810,,,,94,,,,,,,,,,,,,,,375,,,,
IPOWER,iPow--850,iPower,,,,850,,,,65,,,,,,,,,,,,,,,180,,,,
IPOWER,iPow--850,iPower,,,,850,,,,65,,,,,,,,,,,,,,,158,,,,
IPOWER,iPow--880,iPower,,,,880,,,,94,,,,,,,,,,,,,,,210,,,,
IPOWER,iPow--880,iPower,,,,880,,,,70,,,,,,,,,,,,,,,365,,,,
IPOWER,iPow--880,iPower,,,,880,,,,94,,,,,,,,,,,,,,,252,,,,
IPOWER,iPow--920,iPower,,,,920,,,,65,,,,,,,,,,,,,,,150,,,,
IPOWER,iPow--930,iPower,,,,930,,,,94,,,,,,,,,,,,,,,290,,,,
IPOWER,iPow--930,iPower,,,,930,,,,94,,,,,,,,,,,,,,,239,,,,
IPOWER,iPow--1000,iPower,,,,1000,,,,65,,,,,,,,,,,,,,,150,,,,
IPOWER,iPow--1000,iPower,,,,1000,,,,65,,,,,,,,,,,,,,,150,,,,
IPOWER,iPow--1100,iPower,,,,1100,,,,38,,,,,,,,,,,,,,,100,,,,
IPOWER,iPow--1120,iPower,,,,1120,,,,70,,,,,,,,,,,,,,,365,,,,
IPOWER,iPow--1400,iPower,,,,1400,,,,42,,,,,,,,,,,,,,,160,,,,
IPOWER,iPow--1450,iPower,,,,1450,,,,38,,,,,,,,,,,,,,,160,,,,
IPOWER,iPow--1500,iPower,,,,1500,,,,70,,,,,,,,,,,,,,,365,,,,
IPOWER,iPow--1600,iPower,,,,1600,,,,26,,,,,,,,,,,,,,,105,,,,
IPOWER,iPow--1800,iPower,,,,1800,,,,38,,,,,,,,,,,,,,,200,,,,
IPOWER,iPow--2000,iPower,,,,2000,,,,12,,,,,,,,,,,,,,,48,,,,
IPOWER,iPow--2300,iPower,,,,2300,,,,12,,,,,,,,,,,,,,,128,,,,
IPOWER,iPow--2300,iPower,,,,2300,,,,21,,,,,,,,,,,,,,,150,,,,
IPOWER,iPow--2600,iPower,,,,2600,,,,38,,,,,,,,,,,,,,,260,,,,
JAMARA,Jama--510,Jamara,,,,510,,,,400,,,,,,,,,,,,,,,1400,,,,
JAMARA,Jama--610,Jamara,,,,610,,,,309,,,,,,,,,,,,,,,1100,,,,
JAMARA,Jama--800,Jamara,,,,800,,,,200,,,,,,,,,,,,,,,830,,,,
JAMARA,Jama--1000,Jamara,,,,1000,,,,145,,,,,,,,,,,,,,,550,,,,
JAMARA,Jama--1080,Jamara,,,,1080,,,,72,,,,,,,,,,,,,,,300,,,,
JAMARA,Jama--1400,Jamara,,,,1400,,,,19,,,,,,,,,,,,,,,113,,,,
JAMARA,Jama--1400,Jamara,,,,1400,,,,47,,,,,,,,,,,,,,,160,,,,
JAMARA,Jama--1410,Jamara,,,,1410,,,,100,,,,,,,,,,,,,,,400,,,,
JAMARA,Jama--1450,Jamara,,,,1450,,,,36,,,,,,,,,,,,,,,120,,,,
JAMARA,Jama--1518,Jamara,,,,1518,,,,29,,,,,,,,,,,,,,,113,,,,
JAMARA,Jama--2200,Jamara,,,,2200,,,,47,,,,,,,,,,,,,,,280,,,,
JAMARA,Jama--2600,Jamara,,,,2600,,,,36,,,,,,,,,,,,,,,120,,,,
JETI,Jeti--800,Jeti,,,,800,,,,303,,,,,,,,,,,,,,,525,,,,
JETI,Jeti--1200,Jeti,,,,1200,,,,221,,,,,,,,,,,,,,,525,,,,
JETI,Jeti--1800,Jeti,,,,1800,,,,136,,,,,,,,,,,,,,,450,,,,
JETI,Jeti--2100,Jeti,,,,2100,,,,355,,,,,,,,,,,,,,,1800,,,,
JETI,Jeti--2300,Jeti,,,,2300,,,,136,,,,,,,,,,,,,,,450,,,,
JETI,Jeti--2700,Jeti,,,,2700,,,,298,,,,,,,,,,,,,,,1800,,,,
JETI,Jeti--2700,Jeti,,,,2700,,,,355,,,,,,,,,,,,,,,2700,,,,
JETI,Jeti--3600,Jeti,,,,3600,,,,298,,,,,,,,,,,,,,,2700,,,,
JETI,Jeti--4100,Jeti,,,,4100,,,,355,,,,,,,,,,,,,,,3600,,,,
JETI,Jeti--5100,Jeti,,,,5100,,,,220,,,,,,,,,,,,,,,1800,,,,
JETI,Jeti--5500,Jeti,,,,5500,,,,298,,,,,,,,,,,,,,,3600,,,,
JETI,Jeti--6800,Jeti,,,,6800,,,,220,,,,,,,,,,,,,,,2700,,,,
JETI,Jeti--10400,Jeti,,,,10400,,,,220,,,,,,,,,,,,,,,3600,,,,
JOBY MOTORS,Joby--90,Joby Motors,,,,90,,,,2750,,,,,,,,,,,,,,,20100,,,,
JOBY MOTORS,Joby--115,Joby Motors,,,,115,,,,2750,,,,,,,,,,,,,,,20100,,,,
JOBY MOTORS,Joby--120,Joby Motors,,,,120,,,,1800,,,,,,,,,,,,,,,12600,,,,
JOBY MOTORS,Joby--175,Joby Motors,,,,175,,,,1800,,,,,,,,,,,,,,,12600,,,,
JOBY MOTORS,Joby--180,Joby Motors,,,,180,,,,2750,,,,,,,,,,,,,,,20100,,,,
JOBY MOTORS,Joby--190,Joby Motors,,,,190,,,,1800,,,,,,,,,,,,,,,12600,,,,
KAREAREA,Kare--1650,Karearea,,,,1650,,,,31,,,,,,,,,,,,,,,730,,,,
KAREAREA,Kare--1650,Karearea,,,,1650,,,,29,,,,,,,,,,,,,,,730,,,,
KAREAREA,Kare--1850,Karearea,,,,1850,,,,32,,,,,,,,,,,,,,,858,,,,
KAREAREA,Kare--1850,Karearea,,,,1850,,,,34,,,,,,,,,,,,,,,2000,,,,
KAREAREA,Kare--2150,Karearea,,,,2150,,,,34,,,,,,,,,,,,,,,1138,,,,
KAREAREA,Kare--2450,Karearea,,,,2450,,,,32,,,,,,,,,,,,,,,1149,,,,
KAREAREA,Kare--2450,Karearea,,,,2450,,,,34,,,,,,,,,,,,,,,1438,,,,
KAREAREA,Kare--2450,Karearea,,,,2450,,,,31,,,,,,,,,,,,,,,843,,,,
KAREAREA,Kare--2450,Karearea,,,,2450,,,,28,,,,,,,,,,,,,,,843,,,,
KAREAREA,Kare--2650,Karearea,,,,2650,,,,32,,,,,,,,,,,,,,,878,,,,
KAREAREA,Kare--2650,Karearea,,,,2650,,,,34,,,,,,,,,,,,,,,1111,,,,
KAREAREA,Kare--2650,Karearea,,,,2650,,,,31,,,,,,,,,,,,,,,894,,,,
KAREAREA,Kare--2650,Karearea,,,,2650,,,,29,,,,,,,,,,,,,,,894,,,,
KAREAREA,Kare--2850,Karearea,,,,2850,,,,32,,,,,,,,,,,,,,,833,,,,
KAREAREA,Kare--2850,Karearea,,,,2850,,,,31,,,,,,,,,,,,,,,859,,,,
KAREAREA,Kare--2850,Karearea,,,,2850,,,,29,,,,,,,,,,,,,,,859,,,,
KAVAN,Kava--500,Kavan,,,,500,,,,175,,,,,,,,,,,,,,,580,,,,
KAVAN,Kava--570,Kavan,,,,570,,,,298,,,,,,,,,,,,,,,1440,,,,
KAVAN,Kava--700,Kavan,,,,700,,,,302,,,,,,,,,,,,,,,2010,,,,
KAVAN,Kava--730,Kavan,,,,730,,,,221,,,,,,,,,,,,,,,1300,,,,
KAVAN,Kava--750,Kavan,,,,750,,,,175,,,,,,,,,,,,,,,870,,,,
KAVAN,Kava--830,Kavan,,,,830,,,,141,,,,,,,,,,,,,,,700,,,,
KAVAN,Kava--850,Kavan,,,,850,,,,79,,,,,,,,,,,,,,,350,,,,
KAVAN,Kava--850,Kavan,,,,850,,,,108,,,,,,,,,,,,,,,650,,,,
KAVAN,Kava--880,Kavan,,,,880,,,,221,,,,,,,,,,,,,,,1100,,,,
KAVAN,Kava--900,Kavan,,,,900,,,,63,,,,,,,,,,,,,,,230,,,,
KAVAN,Kava--900,Kavan,,,,900,,,,175,,,,,,,,,,,,,,,820,,,,
KAVAN,Kava--950,Kavan,,,,950,,,,141,,,,,,,,,,,,,,,900,,,,
KAVAN,Kava--1000,Kavan,,,,1000,,,,50,,,,,,,,,,,,,,,200,,,,
KAVAN,Kava--1000,Kavan,,,,1000,,,,108,,,,,,,,,,,,,,,700,,,,
KAVAN,Kava--1050,Kavan,,,,1050,,,,83,,,,,,,,,,,,,,,470,,,,
KAVAN,Kava--1100,Kavan,,,,1100,,,,60,,,,,,,,,,,,,,,350,,,,
KAVAN,Kava--1150,Kavan,,,,1150,,,,108,,,,,,,,,,,,,,,800,,,,
KAVAN,Kava--1150,Kavan,,,,1150,,,,141,,,,,,,,,,,,,,,1000,,,,
KAVAN,Kava--1200,Kavan,,,,1200,,,,49,,,,,,,,,,,,,,,160,,,,
KAVAN,Kava--1200,Kavan,,,,1200,,,,81,,,,,,,,,,,,,,,300,,,,
KAVAN,Kava--1500,Kavan,,,,1500,,,,28,,,,,,,,,,,,,,,170,,,,
KAVAN,Kava--1500,Kavan,,,,1500,,,,80,,,,,,,,,,,,,,,700,,,,
KAVAN,Kava--1500,Kavan,,,,1500,,,,81,,,,,,,,,,,,,,,650,,,,
KAVAN,Kava--1620,Kavan,,,,1620,,,,15,,,,,,,,,,,,,,,54,,,,
KAVAN,Kava--1800,Kavan,,,,1800,,,,20,,,,,,,,,,,,,,,110,,,,
KAVAN,Kava--2000,Kavan,,,,2000,,,,51,,,,,,,,,,,,,,,380,,,,
KAVAN,Kava--2300,Kavan,,,,2300,,,,20,,,,,,,,,,,,,,,110,,,,
KAVAN,Kava--2600,Kavan,,,,2600,,,,51,,,,,,,,,,,,,,,360,,,,
KDE,KDED--105,KDEDirect,,,,105,,,,1075,,,,,,,,,,,,,,,7355,,,,
KDE,KDED--110,KDEDirect,,,,110,,,,380,,,,,,,,,,,,,,,2225,,,,
KDE,KDED--115,KDEDirect,,,,115,,,,380,,,,,,,,,,,,,,,3200,,,,
KDE,KDED--120,KDEDirect,,,,120,,,,760,,,,,,,,,,,,,,,5695,,,,
KDE,KDED--135,KDEDirect,,,,135,,,,380,,,,,,,,,,,,,,,2145,,,,
KDE,KDED--135,KDEDirect,,,,135,,,,555,,,,,,,,,,,,,,,4405,,,,
KDE,KDED--185,KDEDirect,,,,185,,,,360,,,,,,,,,,,,,,,2755,,,,
KDE,KDED--220,KDEDirect,,,,220,,,,305,,,,,,,,,,,,,,,1955,,,,
KDE,KDED--295,KDEDirect,,,,295,,,,660,,,,,,,,,,,,,,,12700,,,,
KDE,KDED--295,KDEDirect,,,,295,,,,655,,,,,,,,,,,,,,,12875,,,,
KDE,KDED--330,KDEDirect,,,,330,,,,305,,,,,,,,,,,,,,,1835,,,,
KDE,KDED--360,KDEDirect,,,,360,,,,175,,,,,,,,,,,,,,,1125,,,,
KDE,KDED--380,KDEDirect,,,,380,,,,160,,,,,,,,,,,,,,,1065,,,,
KDE,KDED--395,KDEDirect,,,,395,,,,655,,,,,,,,,,,,,,,12700,,,,
KDE,KDED--395,KDEDirect,,,,395,,,,655,,,,,,,,,,,,,,,12700,,,,
KDE,KDED--400,KDEDirect,,,,400,,,,190,,,,,,,,,,,,,,,1335,,,,
KDE,KDED--400,KDEDirect,,,,400,,,,145,,,,,,,,,,,,,,,945,,,,
KDE,KDED--435,KDEDirect,,,,435,,,,305,,,,,,,,,,,,,,,1595,,,,
KDE,KDED--455,KDEDirect,,,,455,,,,660,,,,,,,,,,,,,,,12800,,,,
KDE,KDED--465,KDEDirect,,,,465,,,,195,,,,,,,,,,,,,,,1375,,,,
KDE,KDED--475,KDEDirect,,,,475,,,,120,,,,,,,,,,,,,,,665,,,,
KDE,KDED--495,KDEDirect,,,,495,,,,630,,,,,,,,,,,,,,,11000,,,,
KDE,KDED--505,KDEDirect,,,,505,,,,660,,,,,,,,,,,,,,,12875,,,,
KDE,KDED--515,KDEDirect,,,,515,,,,95,,,,,,,,,,,,,,,535,,,,
KDE,KDED--530,KDEDirect,,,,530,,,,400,,,,,,,,,,,,,,,7500,,,,
KDE,KDED--530,KDEDirect,,,,530,,,,410,,,,,,,,,,,,,,,7500,,,,
KDE,KDED--535,KDEDirect,,,,535,,,,520,,,,,,,,,,,,,,,11100,,,,
KDE,KDED--565,KDEDirect,,,,565,,,,350,,,,,,,,,,,,,,,5500,,,,
KDE,KDED--715,KDEDirect,,,,715,,,,120,,,,,,,,,,,,,,,665,,,,
KDE,KDED--775,KDEDirect,,,,775,,,,95,,,,,,,,,,,,,,,535,,,,
KDE,KDED--885,KDEDirect,,,,885,,,,64,,,,,,,,,,,,,,,355,,,,
KDE,KDED--925,KDEDirect,,,,925,,,,155,,,,,,,,,,,,,,,1845,,,,
KDE,KDED--965,KDEDirect,,,,965,,,,64,,,,,,,,,,,,,,,385,,,,
KDE,KDED--1100,KDEDirect,,,,1100,,,,350,,,,,,,,,,,,,,,5500,,,,
KDE,KDED--1100,KDEDirect,,,,1100,,,,350,,,,,,,,,,,,,,,5500,,,,
KDE,KDED--1175,KDEDirect,,,,1175,,,,305,,,,,,,,,,,,,,,5500,,,,
KDE,KDED--1200,KDEDirect,,,,1200,,,,300,,,,,,,,,,,,,,,4550,,,,
KDE,KDED--1350,KDEDirect,,,,1350,,,,300,,,,,,,,,,,,,,,3665,,,,
KDE,KDED--1450,KDEDirect,,,,1450,,,,265,,,,,,,,,,,,,,,3500,,,,
KDE,KDED--1750,KDEDirect,,,,1750,,,,105,,,,,,,,,,,,,,,1450,,,,
KDE,KDED--2050,KDEDirect,,,,2050,,,,30,,,,,,,,,,,,,,,325,,,,
KDE,KDED--2050,KDEDirect,,,,2050,,,,29,,,,,,,,,,,,,,,360,,,,
KDE,KDED--2050,KDEDirect,,,,2050,,,,64,,,,,,,,,,,,,,,660,,,,
KDE,KDED--2350,KDEDirect,,,,2350,,,,18,,,,,,,,,,,,,,,270,,,,
KDE,KDED--2350,KDEDirect,,,,2350,,,,24,,,,,,,,,,,,,,,300,,,,
KDE,KDED--2550,KDEDirect,,,,2550,,,,29,,,,,,,,,,,,,,,510,,,,
KDE,KDED--3500,KDEDirect,,,,3500,,,,105,,,,,,,,,,,,,,,1200,,,,
KEDA,KEDA--830,KEDA,,,,830,,,,370,,,,,,,,,,,,,,,495,,,,
KEDA,KEDA--870,KEDA,,,,870,,,,370,,,,,,,,,,,,,,,525,,,,
KEDA,KEDA--900,KEDA,,,,900,,,,210,,,,,,,,,,,,,,,255,,,,
KEDA,KEDA--900,KEDA,,,,900,,,,370,,,,,,,,,,,,,,,555,,,,
KEDA,KEDA--950,KEDA,,,,950,,,,210,,,,,,,,,,,,,,,270,,,,
KEDA,KEDA--950,KEDA,,,,950,,,,370,,,,,,,,,,,,,,,585,,,,
KEDA,KEDA--1000,KEDA,,,,1000,,,,370,,,,,,,,,,,,,,,615,,,,
KEDA,KEDA--1050,KEDA,,,,1050,,,,210,,,,,,,,,,,,,,,285,,,,
KEDA,KEDA--1100,KEDA,,,,1100,,,,173,,,,,,,,,,,,,,,1050,,,,
KEDA,KEDA--1100,KEDA,,,,1100,,,,370,,,,,,,,,,,,,,,675,,,,
KEDA,KEDA--1150,KEDA,,,,1150,,,,210,,,,,,,,,,,,,,,300,,,,
KEDA,KEDA--1200,KEDA,,,,1200,,,,173,,,,,,,,,,,,,,,1050,,,,
KEDA,KEDA--1200,KEDA,,,,1200,,,,210,,,,,,,,,,,,,,,300,,,,
KEDA,KEDA--1200,KEDA,,,,1200,,,,260,,,,,,,,,,,,,,,450,,,,
KEDA,KEDA--1200,KEDA,,,,1200,,,,370,,,,,,,,,,,,,,,705,,,,
KEDA,KEDA--1300,KEDA,,,,1300,,,,173,,,,,,,,,,,,,,,1050,,,,
KEDA,KEDA--1300,KEDA,,,,1300,,,,210,,,,,,,,,,,,,,,330,,,,
KEDA,KEDA--1300,KEDA,,,,1300,,,,260,,,,,,,,,,,,,,,480,,,,
KEDA,KEDA--1300,KEDA,,,,1300,,,,370,,,,,,,,,,,,,,,750,,,,
KEDA,KEDA--1350,KEDA,,,,1350,,,,210,,,,,,,,,,,,,,,360,,,,
KEDA,KEDA--1350,KEDA,,,,1350,,,,260,,,,,,,,,,,,,,,510,,,,
KEDA,KEDA--1400,KEDA,,,,1400,,,,173,,,,,,,,,,,,,,,1050,,,,
KEDA,KEDA--1400,KEDA,,,,1400,,,,370,,,,,,,,,,,,,,,825,,,,
KEDA,KEDA--1450,KEDA,,,,1450,,,,210,,,,,,,,,,,,,,,375,,,,
KEDA,KEDA--1450,KEDA,,,,1450,,,,260,,,,,,,,,,,,,,,540,,,,
KEDA,KEDA--1500,KEDA,,,,1500,,,,135,,,,,,,,,,,,,,,225,,,,
KEDA,KEDA--1500,KEDA,,,,1500,,,,173,,,,,,,,,,,,,,,1050,,,,
KEDA,KEDA--1500,KEDA,,,,1500,,,,370,,,,,,,,,,,,,,,900,,,,
KEDA,KEDA--1550,KEDA,,,,1550,,,,210,,,,,,,,,,,,,,,405,,,,
KEDA,KEDA--1550,KEDA,,,,1550,,,,260,,,,,,,,,,,,,,,570,,,,
KEDA,KEDA--1600,KEDA,,,,1600,,,,135,,,,,,,,,,,,,,,240,,,,
KEDA,KEDA--1600,KEDA,,,,1600,,,,173,,,,,,,,,,,,,,,1050,,,,
KEDA,KEDA--1650,KEDA,,,,1650,,,,210,,,,,,,,,,,,,,,450,,,,
KEDA,KEDA--1650,KEDA,,,,1650,,,,260,,,,,,,,,,,,,,,600,,,,
KEDA,KEDA--1700,KEDA,,,,1700,,,,173,,,,,,,,,,,,,,,1050,,,,
KEDA,KEDA--1700,KEDA,,,,1700,,,,220,,,,,,,,,,,,,,,495,,,,
KEDA,KEDA--1700,KEDA,,,,1700,,,,370,,,,,,,,,,,,,,,990,,,,
KEDA,KEDA--1750,KEDA,,,,1750,,,,260,,,,,,,,,,,,,,,675,,,,
KEDA,KEDA--1800,KEDA,,,,1800,,,,60,,,,,,,,,,,,,,,105,,,,
KEDA,KEDA--1800,KEDA,,,,1800,,,,135,,,,,,,,,,,,,,,270,,,,
KEDA,KEDA--1800,KEDA,,,,1800,,,,173,,,,,,,,,,,,,,,1050,,,,
KEDA,KEDA--1800,KEDA,,,,1800,,,,210,,,,,,,,,,,,,,,495,,,,
KEDA,KEDA--1800,KEDA,,,,1800,,,,220,,,,,,,,,,,,,,,510,,,,
KEDA,KEDA--1900,KEDA,,,,1900,,,,60,,,,,,,,,,,,,,,105,,,,
KEDA,KEDA--1900,KEDA,,,,1900,,,,135,,,,,,,,,,,,,,,285,,,,
KEDA,KEDA--1900,KEDA,,,,1900,,,,173,,,,,,,,,,,,,,,1050,,,,
KEDA,KEDA--1900,KEDA,,,,1900,,,,210,,,,,,,,,,,,,,,525,,,,
KEDA,KEDA--1900,KEDA,,,,1900,,,,220,,,,,,,,,,,,,,,525,,,,
KEDA,KEDA--1900,KEDA,,,,1900,,,,260,,,,,,,,,,,,,,,705,,,,
KEDA,KEDA--1900,KEDA,,,,1900,,,,370,,,,,,,,,,,,,,,1125,,,,
KEDA,KEDA--2000,KEDA,,,,2000,,,,60,,,,,,,,,,,,,,,120,,,,
KEDA,KEDA--2000,KEDA,,,,2000,,,,135,,,,,,,,,,,,,,,300,,,,
KEDA,KEDA--2000,KEDA,,,,2000,,,,173,,,,,,,,,,,,,,,1050,,,,
KEDA,KEDA--2000,KEDA,,,,2000,,,,220,,,,,,,,,,,,,,,585,,,,
KEDA,KEDA--2000,KEDA,,,,2000,,,,260,,,,,,,,,,,,,,,750,,,,
KEDA,KEDA--2100,KEDA,,,,2100,,,,135,,,,,,,,,,,,,,,330,,,,
KEDA,KEDA--2100,KEDA,,,,2100,,,,210,,,,,,,,,,,,,,,600,,,,
KEDA,KEDA--2100,KEDA,,,,2100,,,,370,,,,,,,,,,,,,,,1245,,,,
KEDA,KEDA--2200,KEDA,,,,2200,,,,60,,,,,,,,,,,,,,,135,,,,
KEDA,KEDA--2200,KEDA,,,,2200,,,,173,,,,,,,,,,,,,,,1050,,,,
KEDA,KEDA--2200,KEDA,,,,2200,,,,220,,,,,,,,,,,,,,,615,,,,
KEDA,KEDA--2200,KEDA,,,,2200,,,,260,,,,,,,,,,,,,,,825,,,,
KEDA,KEDA--2300,KEDA,,,,2300,,,,135,,,,,,,,,,,,,,,375,,,,
KEDA,KEDA--2300,KEDA,,,,2300,,,,210,,,,,,,,,,,,,,,600,,,,
KEDA,KEDA--2300,KEDA,,,,2300,,,,220,,,,,,,,,,,,,,,645,,,,
KEDA,KEDA--2400,KEDA,,,,2400,,,,60,,,,,,,,,,,,,,,150,,,,
KEDA,KEDA--2400,KEDA,,,,2400,,,,135,,,,,,,,,,,,,,,375,,,,
KEDA,KEDA--2400,KEDA,,,,2400,,,,173,,,,,,,,,,,,,,,1050,,,,
KEDA,KEDA--2400,KEDA,,,,2400,,,,260,,,,,,,,,,,,,,,900,,,,
KEDA,KEDA--2400,KEDA,,,,2400,,,,370,,,,,,,,,,,,,,,1425,,,,
KEDA,KEDA--2500,KEDA,,,,2500,,,,220,,,,,,,,,,,,,,,675,,,,
KEDA,KEDA--2600,KEDA,,,,2600,,,,60,,,,,,,,,,,,,,,165,,,,
KEDA,KEDA--2600,KEDA,,,,2600,,,,95,,,,,,,,,,,,,,,270,,,,
KEDA,KEDA--2600,KEDA,,,,2600,,,,135,,,,,,,,,,,,,,,405,,,,
KEDA,KEDA--2600,KEDA,,,,2600,,,,173,,,,,,,,,,,,,,,1050,,,,
KEDA,KEDA--2600,KEDA,,,,2600,,,,210,,,,,,,,,,,,,,,705,,,,
KEDA,KEDA--2700,KEDA,,,,2700,,,,220,,,,,,,,,,,,,,,750,,,,
KEDA,KEDA--2700,KEDA,,,,2700,,,,260,,,,,,,,,,,,,,,1020,,,,
KEDA,KEDA--2800,KEDA,,,,2800,,,,135,,,,,,,,,,,,,,,450,,,,
KEDA,KEDA--2800,KEDA,,,,2800,,,,370,,,,,,,,,,,,,,,1650,,,,
KEDA,KEDA--2900,KEDA,,,,2900,,,,60,,,,,,,,,,,,,,,180,,,,
KEDA,KEDA--2900,KEDA,,,,2900,,,,173,,,,,,,,,,,,,,,1050,,,,
KEDA,KEDA--2900,KEDA,,,,2900,,,,210,,,,,,,,,,,,,,,750,,,,
KEDA,KEDA--2900,KEDA,,,,2900,,,,220,,,,,,,,,,,,,,,825,,,,
KEDA,KEDA--3000,KEDA,,,,3000,,,,50,,,,,,,,,,,,,,,105,,,,
KEDA,KEDA--3000,KEDA,,,,3000,,,,60,,,,,,,,,,,,,,,180,,,,
KEDA,KEDA--3000,KEDA,,,,3000,,,,95,,,,,,,,,,,,,,,315,,,,
KEDA,KEDA--3000,KEDA,,,,3000,,,,135,,,,,,,,,,,,,,,480,,,,
KEDA,KEDA--3000,KEDA,,,,3000,,,,260,,,,,,,,,,,,,,,1170,,,,
KEDA,KEDA--3000,KEDA,,,,3000,,,,160,,,,,,,,,,,,,,,480,,,,
KEDA,KEDA--3100,KEDA,,,,3100,,,,50,,,,,,,,,,,,,,,105,,,,
KEDA,KEDA--3200,KEDA,,,,3200,,,,60,,,,,,,,,,,,,,,195,,,,
KEDA,KEDA--3200,KEDA,,,,3200,,,,173,,,,,,,,,,,,,,,1050,,,,
KEDA,KEDA--3200,KEDA,,,,3200,,,,220,,,,,,,,,,,,,,,900,,,,
KEDA,KEDA--3300,KEDA,,,,3300,,,,50,,,,,,,,,,,,,,,120,,,,
KEDA,KEDA--3300,KEDA,,,,3300,,,,135,,,,,,,,,,,,,,,525,,,,
KEDA,KEDA--3300,KEDA,,,,3300,,,,210,,,,,,,,,,,,,,,900,,,,
KEDA,KEDA--3300,KEDA,,,,3300,,,,160,,,,,,,,,,,,,,,525,,,,
KEDA,KEDA--3400,KEDA,,,,3400,,,,60,,,,,,,,,,,,,,,210,,,,
KEDA,KEDA--3500,KEDA,,,,3500,,,,95,,,,,,,,,,,,,,,375,,,,
KEDA,KEDA--3500,KEDA,,,,3500,,,,220,,,,,,,,,,,,,,,975,,,,
KEDA,KEDA--3500,KEDA,,,,3500,,,,260,,,,,,,,,,,,,,,1335,,,,
KEDA,KEDA--3600,KEDA,,,,3600,,,,50,,,,,,,,,,,,,,,120,,,,
KEDA,KEDA--3600,KEDA,,,,3600,,,,60,,,,,,,,,,,,,,,225,,,,
KEDA,KEDA--3600,KEDA,,,,3600,,,,135,,,,,,,,,,,,,,,570,,,,
KEDA,KEDA--3600,KEDA,,,,3600,,,,173,,,,,,,,,,,,,,,1050,,,,
KEDA,KEDA--3600,KEDA,,,,3600,,,,160,,,,,,,,,,,,,,,570,,,,
KEDA,KEDA--3800,KEDA,,,,3800,,,,60,,,,,,,,,,,,,,,240,,,,
KEDA,KEDA--3800,KEDA,,,,3800,,,,210,,,,,,,,,,,,,,,1050,,,,
KEDA,KEDA--3900,KEDA,,,,3900,,,,50,,,,,,,,,,,,,,,135,,,,
KEDA,KEDA--3900,KEDA,,,,3900,,,,135,,,,,,,,,,,,,,,600,,,,
KEDA,KEDA--3900,KEDA,,,,3900,,,,220,,,,,,,,,,,,,,,1050,,,,
KEDA,KEDA--3900,KEDA,,,,3900,,,,160,,,,,,,,,,,,,,,600,,,,
KEDA,KEDA--4000,KEDA,,,,4000,,,,260,,,,,,,,,,,,,,,1500,,,,
KEDA,KEDA--4100,KEDA,,,,4100,,,,173,,,,,,,,,,,,,,,1050,,,,
KEDA,KEDA--4200,KEDA,,,,4200,,,,50,,,,,,,,,,,,,,,150,,,,
KEDA,KEDA--4200,KEDA,,,,4200,,,,60,,,,,,,,,,,,,,,255,,,,
KEDA,KEDA--4300,KEDA,,,,4300,,,,135,,,,,,,,,,,,,,,675,,,,
KEDA,KEDA--4300,KEDA,,,,4300,,,,160,,,,,,,,,,,,,,,675,,,,
KEDA,KEDA--4400,KEDA,,,,4400,,,,220,,,,,,,,,,,,,,,1200,,,,
KEDA,KEDA--4500,KEDA,,,,4500,,,,60,,,,,,,,,,,,,,,270,,,,
KEDA,KEDA--4650,KEDA,,,,4650,,,,50,,,,,,,,,,,,,,,165,,,,
KEDA,KEDA--4800,KEDA,,,,4800,,,,60,,,,,,,,,,,,,,,300,,,,
KEDA,KEDA--4800,KEDA,,,,4800,,,,173,,,,,,,,,,,,,,,1050,,,,
KEDA,KEDA--4900,KEDA,,,,4900,,,,50,,,,,,,,,,,,,,,165,,,,
KEDA,KEDA--4900,KEDA,,,,4900,,,,135,,,,,,,,,,,,,,,750,,,,
KEDA,KEDA--5000,KEDA,,,,5000,,,,220,,,,,,,,,,,,,,,1455,,,,
KEDA,KEDA--5200,KEDA,,,,5200,,,,50,,,,,,,,,,,,,,,180,,,,
KEDA,KEDA--5500,KEDA,,,,5500,,,,50,,,,,,,,,,,,,,,195,,,,
KEDA,KEDA--5600,KEDA,,,,5600,,,,135,,,,,,,,,,,,,,,900,,,,
KEDA,KEDA--5800,KEDA,,,,5800,,,,50,,,,,,,,,,,,,,,195,,,,
KEDA,KEDA--5900,KEDA,,,,5900,,,,220,,,,,,,,,,,,,,,1620,,,,
KEDA,KEDA--6200,KEDA,,,,6200,,,,50,,,,,,,,,,,,,,,225,,,,
KEDA,KEDA--6500,KEDA,,,,6500,,,,135,,,,,,,,,,,,,,,1050,,,,
KEDA,KEDA--6650,KEDA,,,,6650,,,,50,,,,,,,,,,,,,,,240,,,,
KEDA,KEDA--7100,KEDA,,,,7100,,,,50,,,,,,,,,,,,,,,255,,,,
KEDA,KEDA--7800,KEDA,,,,7800,,,,50,,,,,,,,,,,,,,,270,,,,
KONTRONIK,Kont--235,Kontronik,,,,235,,,,575,,,,,,,,,,,,,,,3500,,,,
KONTRONIK,Kont--235,Kontronik,,,,235,,,,605,,,,,,,,,,,,,,,4000,,,,
KONTRONIK,Kont--235,Kontronik,,,,235,,,,575,,,,,,,,,,,,,,,3500,,,,
KONTRONIK,Kont--235,Kontronik,,,,235,,,,575,,,,,,,,,,,,,,,3500,,,,
KONTRONIK,Kont--235,Kontronik,,,,235,,,,605,,,,,,,,,,,,,,,4000,,,,
KONTRONIK,Kont--235,Kontronik,,,,235,,,,605,,,,,,,,,,,,,,,4000,,,,
KONTRONIK,Kont--250,Kontronik,,,,250,,,,850,,,,,,,,,,,,,,,3000,,,,
KONTRONIK,Kont--270,Kontronik,,,,270,,,,404,,,,,,,,,,,,,,,825,,,,
KONTRONIK,Kont--280,Kontronik,,,,280,,,,395,,,,,,,,,,,,,,,1300,,,,
KONTRONIK,Kont--300,Kontronik,,,,300,,,,404,,,,,,,,,,,,,,,900,,,,
KONTRONIK,Kont--300,Kontronik,,,,300,,,,855,,,,,,,,,,,,,,,4500,,,,
KONTRONIK,Kont--310,Kontronik,,,,310,,,,575,,,,,,,,,,,,,,,4000,,,,
KONTRONIK,Kont--310,Kontronik,,,,310,,,,605,,,,,,,,,,,,,,,4500,,,,
KONTRONIK,Kont--320,Kontronik,,,,320,,,,397,,,,,,,,,,,,,,,1300,,,,
KONTRONIK,Kont--330,Kontronik,,,,330,,,,175,,,,,,,,,,,,,,,350,,,,
KONTRONIK,Kont--340,Kontronik,,,,340,,,,404,,,,,,,,,,,,,,,900,,,,
KONTRONIK,Kont--340,Kontronik,,,,340,,,,855,,,,,,,,,,,,,,,6500,,,,
KONTRONIK,Kont--340,Kontronik,,,,340,,,,410,,,,,,,,,,,,,,,2500,,,,
KONTRONIK,Kont--340,Kontronik,,,,340,,,,435,,,,,,,,,,,,,,,3000,,,,
KONTRONIK,Kont--340,Kontronik,,,,340,,,,415,,,,,,,,,,,,,,,2500,,,,
KONTRONIK,Kont--340,Kontronik,,,,340,,,,440,,,,,,,,,,,,,,,3000,,,,
KONTRONIK,Kont--340,Kontronik,,,,340,,,,412,,,,,,,,,,,,,,,2500,,,,
KONTRONIK,Kont--340,Kontronik,,,,340,,,,437,,,,,,,,,,,,,,,3000,,,,
KONTRONIK,Kont--340,Kontronik,,,,340,,,,285,,,,,,,,,,,,,,,650,,,,
KONTRONIK,Kont--370,Kontronik,,,,370,,,,287,,,,,,,,,,,,,,,1000,,,,
KONTRONIK,Kont--370,Kontronik,,,,370,,,,398,,,,,,,,,,,,,,,1300,,,,
KONTRONIK,Kont--370,Kontronik,,,,370,,,,308,,,,,,,,,,,,,,,720,,,,
KONTRONIK,Kont--380,Kontronik,,,,380,,,,225,,,,,,,,,,,,,,,450,,,,
KONTRONIK,Kont--380,Kontronik,,,,380,,,,230,,,,,,,,,,,,,,,1000,,,,
KONTRONIK,Kont--380,Kontronik,,,,380,,,,225,,,,,,,,,,,,,,,1000,,,,
KONTRONIK,Kont--380,Kontronik,,,,380,,,,285,,,,,,,,,,,,,,,800,,,,
KONTRONIK,Kont--380,Kontronik,,,,380,,,,285,,,,,,,,,,,,,,,1600,,,,
KONTRONIK,Kont--390,Kontronik,,,,390,,,,685,,,,,,,,,,,,,,,6500,,,,
KONTRONIK,Kont--400,Kontronik,,,,400,,,,404,,,,,,,,,,,,,,,975,,,,
KONTRONIK,Kont--400,Kontronik,,,,400,,,,860,,,,,,,,,,,,,,,8000,,,,
KONTRONIK,Kont--400,Kontronik,,,,400,,,,490,,,,,,,,,,,,,,,5000,,,,
KONTRONIK,Kont--400,Kontronik,,,,400,,,,520,,,,,,,,,,,,,,,5500,,,,
KONTRONIK,Kont--400,Kontronik,,,,400,,,,500,,,,,,,,,,,,,,,5000,,,,
KONTRONIK,Kont--400,Kontronik,,,,400,,,,530,,,,,,,,,,,,,,,5500,,,,
KONTRONIK,Kont--400,Kontronik,,,,400,,,,575,,,,,,,,,,,,,,,5000,,,,
KONTRONIK,Kont--400,Kontronik,,,,400,,,,605,,,,,,,,,,,,,,,5500,,,,
KONTRONIK,Kont--400,Kontronik,,,,400,,,,575,,,,,,,,,,,,,,,5000,,,,
KONTRONIK,Kont--400,Kontronik,,,,400,,,,605,,,,,,,,,,,,,,,5500,,,,
KONTRONIK,Kont--400,Kontronik,,,,400,,,,585,,,,,,,,,,,,,,,5000,,,,
KONTRONIK,Kont--410,Kontronik,,,,410,,,,216,,,,,,,,,,,,,,,800,,,,
KONTRONIK,Kont--410,Kontronik,,,,410,,,,292,,,,,,,,,,,,,,,1000,,,,
KONTRONIK,Kont--410,Kontronik,,,,410,,,,460,,,,,,,,,,,,,,,4000,,,,
KONTRONIK,Kont--410,Kontronik,,,,410,,,,460,,,,,,,,,,,,,,,4000,,,,
KONTRONIK,Kont--420,Kontronik,,,,420,,,,165,,,,,,,,,,,,,,,350,,,,
KONTRONIK,Kont--420,Kontronik,,,,420,,,,170,,,,,,,,,,,,,,,700,,,,
KONTRONIK,Kont--420,Kontronik,,,,420,,,,165,,,,,,,,,,,,,,,700,,,,
KONTRONIK,Kont--440,Kontronik,,,,440,,,,392,,,,,,,,,,,,,,,1300,,,,
KONTRONIK,Kont--450,Kontronik,,,,450,,,,308,,,,,,,,,,,,,,,750,,,,
KONTRONIK,Kont--450,Kontronik,,,,450,,,,390,,,,,,,,,,,,,,,2500,,,,
KONTRONIK,Kont--450,Kontronik,,,,450,,,,425,,,,,,,,,,,,,,,3000,,,,
KONTRONIK,Kont--450,Kontronik,,,,450,,,,395,,,,,,,,,,,,,,,2500,,,,
KONTRONIK,Kont--450,Kontronik,,,,450,,,,430,,,,,,,,,,,,,,,3000,,,,
KONTRONIK,Kont--450,Kontronik,,,,450,,,,392,,,,,,,,,,,,,,,2500,,,,
KONTRONIK,Kont--450,Kontronik,,,,450,,,,427,,,,,,,,,,,,,,,3000,,,,
KONTRONIK,Kont--450,Kontronik,,,,450,,,,390,,,,,,,,,,,,,,,2500,,,,
KONTRONIK,Kont--450,Kontronik,,,,450,,,,425,,,,,,,,,,,,,,,3000,,,,
KONTRONIK,Kont--450,Kontronik,,,,450,,,,450,,,,,,,,,,,,,,,4000,,,,
KONTRONIK,Kont--450,Kontronik,,,,450,,,,475,,,,,,,,,,,,,,,4500,,,,
KONTRONIK,Kont--450,Kontronik,,,,450,,,,455,,,,,,,,,,,,,,,4000,,,,
KONTRONIK,Kont--450,Kontronik,,,,450,,,,485,,,,,,,,,,,,,,,4500,,,,
KONTRONIK,Kont--450,Kontronik,,,,450,,,,460,,,,,,,,,,,,,,,4000,,,,
KONTRONIK,Kont--450,Kontronik,,,,450,,,,485,,,,,,,,,,,,,,,4500,,,,
KONTRONIK,Kont--450,Kontronik,,,,450,,,,450,,,,,,,,,,,,,,,4000,,,,
KONTRONIK,Kont--450,Kontronik,,,,450,,,,475,,,,,,,,,,,,,,,4500,,,,
KONTRONIK,Kont--450,Kontronik,,,,450,,,,465,,,,,,,,,,,,,,,4000,,,,
KONTRONIK,Kont--450,Kontronik,,,,450,,,,490,,,,,,,,,,,,,,,4500,,,,
KONTRONIK,Kont--450,Kontronik,,,,450,,,,575,,,,,,,,,,,,,,,5000,,,,
KONTRONIK,Kont--450,Kontronik,,,,450,,,,685,,,,,,,,,,,,,,,7000,,,,
KONTRONIK,Kont--450,Kontronik,,,,450,,,,285,,,,,,,,,,,,,,,900,,,,
KONTRONIK,Kont--450,Kontronik,,,,450,,,,285,,,,,,,,,,,,,,,1800,,,,
KONTRONIK,Kont--460,Kontronik,,,,460,,,,285,,,,,,,,,,,,,,,675,,,,
KONTRONIK,Kont--470,Kontronik,,,,470,,,,217,,,,,,,,,,,,,,,800,,,,
KONTRONIK,Kont--470,Kontronik,,,,470,,,,294,,,,,,,,,,,,,,,1000,,,,
KONTRONIK,Kont--480,Kontronik,,,,480,,,,870,,,,,,,,,,,,,,,10000,,,,
KONTRONIK,Kont--480,Kontronik,,,,480,,,,490,,,,,,,,,,,,,,,5000,,,,
KONTRONIK,Kont--480,Kontronik,,,,480,,,,520,,,,,,,,,,,,,,,5500,,,,
KONTRONIK,Kont--480,Kontronik,,,,480,,,,500,,,,,,,,,,,,,,,5000,,,,
KONTRONIK,Kont--480,Kontronik,,,,480,,,,530,,,,,,,,,,,,,,,5500,,,,
KONTRONIK,Kont--480,Kontronik,,,,480,,,,225,,,,,,,,,,,,,,,500,,,,
KONTRONIK,Kont--480,Kontronik,,,,480,,,,230,,,,,,,,,,,,,,,1000,,,,
KONTRONIK,Kont--480,Kontronik,,,,480,,,,225,,,,,,,,,,,,,,,1000,,,,
KONTRONIK,Kont--500,Kontronik,,,,500,,,,308,,,,,,,,,,,,,,,780,,,,
KONTRONIK,Kont--500,Kontronik,,,,500,,,,450,,,,,,,,,,,,,,,4500,,,,
KONTRONIK,Kont--500,Kontronik,,,,500,,,,475,,,,,,,,,,,,,,,5000,,,,
KONTRONIK,Kont--500,Kontronik,,,,500,,,,455,,,,,,,,,,,,,,,4500,,,,
KONTRONIK,Kont--500,Kontronik,,,,500,,,,480,,,,,,,,,,,,,,,5000,,,,
KONTRONIK,Kont--500,Kontronik,,,,500,,,,460,,,,,,,,,,,,,,,4500,,,,
KONTRONIK,Kont--500,Kontronik,,,,500,,,,485,,,,,,,,,,,,,,,5000,,,,
KONTRONIK,Kont--500,Kontronik,,,,500,,,,460,,,,,,,,,,,,,,,4500,,,,
KONTRONIK,Kont--500,Kontronik,,,,500,,,,485,,,,,,,,,,,,,,,5000,,,,
KONTRONIK,Kont--500,Kontronik,,,,500,,,,465,,,,,,,,,,,,,,,4500,,,,
KONTRONIK,Kont--500,Kontronik,,,,500,,,,490,,,,,,,,,,,,,,,5000,,,,
KONTRONIK,Kont--500,Kontronik,,,,500,,,,600,,,,,,,,,,,,,,,6500,,,,
KONTRONIK,Kont--500,Kontronik,,,,500,,,,575,,,,,,,,,,,,,,,6000,,,,
KONTRONIK,Kont--500,Kontronik,,,,500,,,,605,,,,,,,,,,,,,,,6500,,,,
KONTRONIK,Kont--500,Kontronik,,,,500,,,,600,,,,,,,,,,,,,,,6500,,,,
KONTRONIK,Kont--500,Kontronik,,,,500,,,,585,,,,,,,,,,,,,,,6000,,,,
KONTRONIK,Kont--500,Kontronik,,,,500,,,,165,,,,,,,,,,,,,,,400,,,,
KONTRONIK,Kont--500,Kontronik,,,,500,,,,170,,,,,,,,,,,,,,,700,,,,
KONTRONIK,Kont--500,Kontronik,,,,500,,,,165,,,,,,,,,,,,,,,700,,,,
KONTRONIK,Kont--510,Kontronik,,,,510,,,,375,,,,,,,,,,,,,,,3000,,,,
KONTRONIK,Kont--520,Kontronik,,,,520,,,,390,,,,,,,,,,,,,,,3000,,,,
KONTRONIK,Kont--520,Kontronik,,,,520,,,,425,,,,,,,,,,,,,,,3500,,,,
KONTRONIK,Kont--520,Kontronik,,,,520,,,,395,,,,,,,,,,,,,,,3000,,,,
KONTRONIK,Kont--520,Kontronik,,,,520,,,,430,,,,,,,,,,,,,,,3500,,,,
KONTRONIK,Kont--520,Kontronik,,,,520,,,,392,,,,,,,,,,,,,,,3000,,,,
KONTRONIK,Kont--520,Kontronik,,,,520,,,,427,,,,,,,,,,,,,,,3500,,,,
KONTRONIK,Kont--520,Kontronik,,,,520,,,,390,,,,,,,,,,,,,,,3000,,,,
KONTRONIK,Kont--520,Kontronik,,,,520,,,,425,,,,,,,,,,,,,,,3500,,,,
KONTRONIK,Kont--520,Kontronik,,,,520,,,,685,,,,,,,,,,,,,,,7500,,,,
KONTRONIK,Kont--530,Kontronik,,,,530,,,,300,,,,,,,,,,,,,,,2000,,,,
KONTRONIK,Kont--530,Kontronik,,,,530,,,,300,,,,,,,,,,,,,,,2000,,,,
KONTRONIK,Kont--535,Kontronik,,,,535,,,,485,,,,,,,,,,,,,,,8100,,,,
KONTRONIK,Kont--540,Kontronik,,,,540,,,,392,,,,,,,,,,,,,,,1300,,,,
KONTRONIK,Kont--540,Kontronik,,,,540,,,,285,,,,,,,,,,,,,,,750,,,,
KONTRONIK,Kont--550,Kontronik,,,,550,,,,216,,,,,,,,,,,,,,,800,,,,
KONTRONIK,Kont--550,Kontronik,,,,550,,,,295,,,,,,,,,,,,,,,1000,,,,
KONTRONIK,Kont--560,Kontronik,,,,560,,,,308,,,,,,,,,,,,,,,825,,,,
KONTRONIK,Kont--560,Kontronik,,,,560,,,,390,,,,,,,,,,,,,,,3500,,,,
KONTRONIK,Kont--560,Kontronik,,,,560,,,,425,,,,,,,,,,,,,,,4000,,,,
KONTRONIK,Kont--560,Kontronik,,,,560,,,,395,,,,,,,,,,,,,,,3500,,,,
KONTRONIK,Kont--560,Kontronik,,,,560,,,,430,,,,,,,,,,,,,,,4000,,,,
KONTRONIK,Kont--560,Kontronik,,,,560,,,,450,,,,,,,,,,,,,,,4500,,,,
KONTRONIK,Kont--560,Kontronik,,,,560,,,,475,,,,,,,,,,,,,,,5000,,,,
KONTRONIK,Kont--560,Kontronik,,,,560,,,,455,,,,,,,,,,,,,,,4500,,,,
KONTRONIK,Kont--560,Kontronik,,,,560,,,,480,,,,,,,,,,,,,,,5000,,,,
KONTRONIK,Kont--560,Kontronik,,,,560,,,,460,,,,,,,,,,,,,,,4500,,,,
KONTRONIK,Kont--560,Kontronik,,,,560,,,,485,,,,,,,,,,,,,,,5000,,,,
KONTRONIK,Kont--560,Kontronik,,,,560,,,,460,,,,,,,,,,,,,,,4500,,,,
KONTRONIK,Kont--560,Kontronik,,,,560,,,,485,,,,,,,,,,,,,,,5000,,,,
KONTRONIK,Kont--560,Kontronik,,,,560,,,,465,,,,,,,,,,,,,,,4500,,,,
KONTRONIK,Kont--560,Kontronik,,,,560,,,,490,,,,,,,,,,,,,,,5000,,,,
KONTRONIK,Kont--590,Kontronik,,,,590,,,,480,,,,,,,,,,,,,,,9000,,,,
KONTRONIK,Kont--600,Kontronik,,,,600,,,,490,,,,,,,,,,,,,,,6000,,,,
KONTRONIK,Kont--600,Kontronik,,,,600,,,,520,,,,,,,,,,,,,,,6500,,,,
KONTRONIK,Kont--600,Kontronik,,,,600,,,,500,,,,,,,,,,,,,,,6000,,,,
KONTRONIK,Kont--600,Kontronik,,,,600,,,,530,,,,,,,,,,,,,,,6500,,,,
KONTRONIK,Kont--600,Kontronik,,,,600,,,,285,,,,,,,,,,,,,,,900,,,,
KONTRONIK,Kont--610,Kontronik,,,,610,,,,165,,,,,,,,,,,,,,,450,,,,
KONTRONIK,Kont--610,Kontronik,,,,610,,,,170,,,,,,,,,,,,,,,700,,,,
KONTRONIK,Kont--610,Kontronik,,,,610,,,,165,,,,,,,,,,,,,,,700,,,,
KONTRONIK,Kont--620,Kontronik,,,,620,,,,295,,,,,,,,,,,,,,,3000,,,,
KONTRONIK,Kont--620,Kontronik,,,,620,,,,310,,,,,,,,,,,,,,,3500,,,,
KONTRONIK,Kont--620,Kontronik,,,,620,,,,300,,,,,,,,,,,,,,,3000,,,,
KONTRONIK,Kont--620,Kontronik,,,,620,,,,315,,,,,,,,,,,,,,,3500,,,,
KONTRONIK,Kont--650,Kontronik,,,,650,,,,218,,,,,,,,,,,,,,,800,,,,
KONTRONIK,Kont--650,Kontronik,,,,650,,,,295,,,,,,,,,,,,,,,3000,,,,
KONTRONIK,Kont--650,Kontronik,,,,650,,,,310,,,,,,,,,,,,,,,3500,,,,
KONTRONIK,Kont--650,Kontronik,,,,650,,,,300,,,,,,,,,,,,,,,3000,,,,
KONTRONIK,Kont--650,Kontronik,,,,650,,,,315,,,,,,,,,,,,,,,3500,,,,
KONTRONIK,Kont--650,Kontronik,,,,650,,,,295,,,,,,,,,,,,,,,3000,,,,
KONTRONIK,Kont--650,Kontronik,,,,650,,,,310,,,,,,,,,,,,,,,3500,,,,
KONTRONIK,Kont--655,Kontronik,,,,655,,,,495,,,,,,,,,,,,,,,10000,,,,
KONTRONIK,Kont--660,Kontronik,,,,660,,,,225,,,,,,,,,,,,,,,550,,,,
KONTRONIK,Kont--660,Kontronik,,,,660,,,,230,,,,,,,,,,,,,,,1000,,,,
KONTRONIK,Kont--660,Kontronik,,,,660,,,,225,,,,,,,,,,,,,,,1000,,,,
KONTRONIK,Kont--680,Kontronik,,,,680,,,,520,,,,,,,,,,,,,,,6500,,,,
KONTRONIK,Kont--690,Kontronik,,,,690,,,,150,,,,,,,,,,,,,,,600,,,,
KONTRONIK,Kont--690,Kontronik,,,,690,,,,150,,,,,,,,,,,,,,,525,,,,
KONTRONIK,Kont--690,Kontronik,,,,690,,,,165,,,,,,,,,,,,,,,450,,,,
KONTRONIK,Kont--690,Kontronik,,,,690,,,,170,,,,,,,,,,,,,,,700,,,,
KONTRONIK,Kont--690,Kontronik,,,,690,,,,165,,,,,,,,,,,,,,,700,,,,
KONTRONIK,Kont--700,Kontronik,,,,700,,,,285,,,,,,,,,,,,,,,975,,,,
KONTRONIK,Kont--780,Kontronik,,,,780,,,,295,,,,,,,,,,,,,,,3000,,,,
KONTRONIK,Kont--780,Kontronik,,,,780,,,,310,,,,,,,,,,,,,,,3500,,,,
KONTRONIK,Kont--780,Kontronik,,,,780,,,,300,,,,,,,,,,,,,,,3000,,,,
KONTRONIK,Kont--780,Kontronik,,,,780,,,,315,,,,,,,,,,,,,,,3500,,,,
KONTRONIK,Kont--780,Kontronik,,,,780,,,,295,,,,,,,,,,,,,,,3000,,,,
KONTRONIK,Kont--780,Kontronik,,,,780,,,,310,,,,,,,,,,,,,,,3500,,,,
KONTRONIK,Kont--780,Kontronik,,,,780,,,,165,,,,,,,,,,,,,,,500,,,,
KONTRONIK,Kont--780,Kontronik,,,,780,,,,170,,,,,,,,,,,,,,,700,,,,
KONTRONIK,Kont--780,Kontronik,,,,780,,,,165,,,,,,,,,,,,,,,700,,,,
KONTRONIK,Kont--790,Kontronik,,,,790,,,,150,,,,,,,,,,,,,,,600,,,,
KONTRONIK,Kont--790,Kontronik,,,,790,,,,289,,,,,,,,,,,,,,,1000,,,,
KONTRONIK,Kont--790,Kontronik,,,,790,,,,150,,,,,,,,,,,,,,,525,,,,
KONTRONIK,Kont--800,Kontronik,,,,800,,,,285,,,,,,,,,,,,,,,1050,,,,
KONTRONIK,Kont--830,Kontronik,,,,830,,,,295,,,,,,,,,,,,,,,3000,,,,
KONTRONIK,Kont--830,Kontronik,,,,830,,,,310,,,,,,,,,,,,,,,3500,,,,
KONTRONIK,Kont--830,Kontronik,,,,830,,,,300,,,,,,,,,,,,,,,3000,,,,
KONTRONIK,Kont--830,Kontronik,,,,830,,,,315,,,,,,,,,,,,,,,3500,,,,
KONTRONIK,Kont--830,Kontronik,,,,830,,,,225,,,,,,,,,,,,,,,600,,,,
KONTRONIK,Kont--850,Kontronik,,,,850,,,,92,,,,,,,,,,,,,,,375,,,,
KONTRONIK,Kont--920,Kontronik,,,,920,,,,152,,,,,,,,,,,,,,,600,,,,
KONTRONIK,Kont--920,Kontronik,,,,920,,,,150,,,,,,,,,,,,,,,800,,,,
KONTRONIK,Kont--920,Kontronik,,,,920,,,,150,,,,,,,,,,,,,,,800,,,,
KONTRONIK,Kont--920,Kontronik,,,,920,,,,285,,,,,,,,,,,,,,,1050,,,,
KONTRONIK,Kont--930,Kontronik,,,,930,,,,220,,,,,,,,,,,,,,,2000,,,,
KONTRONIK,Kont--1000,Kontronik,,,,1000,,,,42,,,,,,,,,,,,,,,150,,,,
KONTRONIK,Kont--1000,Kontronik,,,,1000,,,,195,,,,,,,,,,,,,,,1000,,,,
KONTRONIK,Kont--1000,Kontronik,,,,1000,,,,210,,,,,,,,,,,,,,,1000,,,,
KONTRONIK,Kont--1030,Kontronik,,,,1030,,,,295,,,,,,,,,,,,,,,3000,,,,
KONTRONIK,Kont--1030,Kontronik,,,,1030,,,,310,,,,,,,,,,,,,,,3500,,,,
KONTRONIK,Kont--1030,Kontronik,,,,1030,,,,300,,,,,,,,,,,,,,,3000,,,,
KONTRONIK,Kont--1030,Kontronik,,,,1030,,,,315,,,,,,,,,,,,,,,3500,,,,
KONTRONIK,Kont--1030,Kontronik,,,,1030,,,,76,,,,,,,,,,,,,,,325,,,,
KONTRONIK,Kont--1030,Kontronik,,,,1030,,,,74,,,,,,,,,,,,,,,350,,,,
KONTRONIK,Kont--1050,Kontronik,,,,1050,,,,220,,,,,,,,,,,,,,,2000,,,,
KONTRONIK,Kont--1050,Kontronik,,,,1050,,,,285,,,,,,,,,,,,,,,1050,,,,
KONTRONIK,Kont--1100,Kontronik,,,,1100,,,,330,,,,,,,,,,,,,,,1500,,,,
KONTRONIK,Kont--1100,Kontronik,,,,1100,,,,153,,,,,,,,,,,,,,,600,,,,
KONTRONIK,Kont--1150,Kontronik,,,,1150,,,,295,,,,,,,,,,,,,,,3000,,,,
KONTRONIK,Kont--1150,Kontronik,,,,1150,,,,300,,,,,,,,,,,,,,,3000,,,,
KONTRONIK,Kont--1200,Kontronik,,,,1200,,,,66,,,,,,,,,,,,,,,330,,,,
KONTRONIK,Kont--1200,Kontronik,,,,1200,,,,220,,,,,,,,,,,,,,,2000,,,,
KONTRONIK,Kont--1280,Kontronik,,,,1280,,,,285,,,,,,,,,,,,,,,1050,,,,
KONTRONIK,Kont--1300,Kontronik,,,,1300,,,,330,,,,,,,,,,,,,,,1500,,,,
KONTRONIK,Kont--1300,Kontronik,,,,1300,,,,190,,,,,,,,,,,,,,,1000,,,,
KONTRONIK,Kont--1300,Kontronik,,,,1300,,,,245,,,,,,,,,,,,,,,1400,,,,
KONTRONIK,Kont--1300,Kontronik,,,,1300,,,,245,,,,,,,,,,,,,,,1400,,,,
KONTRONIK,Kont--1300,Kontronik,,,,1300,,,,180,,,,,,,,,,,,,,,1000,,,,
KONTRONIK,Kont--1500,Kontronik,,,,1500,,,,250,,,,,,,,,,,,,,,900,,,,
KONTRONIK,Kont--1500,Kontronik,,,,1500,,,,330,,,,,,,,,,,,,,,1500,,,,
KONTRONIK,Kont--1500,Kontronik,,,,1500,,,,190,,,,,,,,,,,,,,,1500,,,,
KONTRONIK,Kont--1500,Kontronik,,,,1500,,,,245,,,,,,,,,,,,,,,2000,,,,
KONTRONIK,Kont--1500,Kontronik,,,,1500,,,,245,,,,,,,,,,,,,,,2000,,,,
KONTRONIK,Kont--1500,Kontronik,,,,1500,,,,180,,,,,,,,,,,,,,,1500,,,,
KONTRONIK,Kont--1600,Kontronik,,,,1600,,,,260,,,,,,,,,,,,,,,1500,,,,
KONTRONIK,Kont--1600,Kontronik,,,,1600,,,,320,,,,,,,,,,,,,,,1500,,,,
KONTRONIK,Kont--1630,Kontronik,,,,1630,,,,250,,,,,,,,,,,,,,,1050,,,,
KONTRONIK,Kont--1700,Kontronik,,,,1700,,,,260,,,,,,,,,,,,,,,1500,,,,
KONTRONIK,Kont--1700,Kontronik,,,,1700,,,,320,,,,,,,,,,,,,,,1500,,,,
KONTRONIK,Kont--1700,Kontronik,,,,1700,,,,330,,,,,,,,,,,,,,,1500,,,,
KONTRONIK,Kont--1940,Kontronik,,,,1940,,,,200,,,,,,,,,,,,,,,750,,,,
KONTRONIK,Kont--2000,Kontronik,,,,2000,,,,260,,,,,,,,,,,,,,,1500,,,,
KONTRONIK,Kont--2000,Kontronik,,,,2000,,,,320,,,,,,,,,,,,,,,1500,,,,
KONTRONIK,Kont--2140,Kontronik,,,,2140,,,,200,,,,,,,,,,,,,,,750,,,,
KONTRONIK,Kont--2200,Kontronik,,,,2200,,,,260,,,,,,,,,,,,,,,1500,,,,
KONTRONIK,Kont--2200,Kontronik,,,,2200,,,,320,,,,,,,,,,,,,,,1500,,,,
KONTRONIK,Kont--2300,Kontronik,,,,2300,,,,110,,,,,,,,,,,,,,,450,,,,
KONTRONIK,Kont--2400,Kontronik,,,,2400,,,,200,,,,,,,,,,,,,,,825,,,,
KONTRONIK,Kont--2400,Kontronik,,,,2400,,,,260,,,,,,,,,,,,,,,1500,,,,
KONTRONIK,Kont--2400,Kontronik,,,,2400,,,,320,,,,,,,,,,,,,,,1500,,,,
KONTRONIK,Kont--2530,Kontronik,,,,2530,,,,250,,,,,,,,,,,,,,,1350,,,,
KONTRONIK,Kont--2600,Kontronik,,,,2600,,,,150,,,,,,,,,,,,,,,750,,,,
KONTRONIK,Kont--2600,Kontronik,,,,2600,,,,210,,,,,,,,,,,,,,,750,,,,
KONTRONIK,Kont--2600,Kontronik,,,,2600,,,,200,,,,,,,,,,,,,,,1200,,,,
KONTRONIK,Kont--2600,Kontronik,,,,2600,,,,260,,,,,,,,,,,,,,,1200,,,,
KONTRONIK,Kont--2700,Kontronik,,,,2700,,,,200,,,,,,,,,,,,,,,975,,,,
KONTRONIK,Kont--2700,Kontronik,,,,2700,,,,110,,,,,,,,,,,,,,,450,,,,
KONTRONIK,Kont--2700,Kontronik,,,,2700,,,,170,,,,,,,,,,,,,,,450,,,,
KONTRONIK,Kont--2800,Kontronik,,,,2800,,,,140,,,,,,,,,,,,,,,750,,,,
KONTRONIK,Kont--2800,Kontronik,,,,2800,,,,46,,,,,,,,,,,,,,,270,,,,
KONTRONIK,Kont--2865,Kontronik,,,,2865,,,,110,,,,,,,,,,,,,,,600,,,,
KONTRONIK,Kont--3000,Kontronik,,,,3000,,,,200,,,,,,,,,,,,,,,1200,,,,
KONTRONIK,Kont--3000,Kontronik,,,,3000,,,,260,,,,,,,,,,,,,,,1200,,,,
KONTRONIK,Kont--3000,Kontronik,,,,3000,,,,260,,,,,,,,,,,,,,,1500,,,,
KONTRONIK,Kont--3000,Kontronik,,,,3000,,,,320,,,,,,,,,,,,,,,1500,,,,
KONTRONIK,Kont--3100,Kontronik,,,,3100,,,,150,,,,,,,,,,,,,,,750,,,,
KONTRONIK,Kont--3100,Kontronik,,,,3100,,,,210,,,,,,,,,,,,,,,750,,,,
KONTRONIK,Kont--3200,Kontronik,,,,3200,,,,200,,,,,,,,,,,,,,,1350,,,,
KONTRONIK,Kont--3200,Kontronik,,,,3200,,,,250,,,,,,,,,,,,,,,1500,,,,
KONTRONIK,Kont--3300,Kontronik,,,,3300,,,,140,,,,,,,,,,,,,,,825,,,,
KONTRONIK,Kont--3400,Kontronik,,,,3400,,,,110,,,,,,,,,,,,,,,450,,,,
KONTRONIK,Kont--3400,Kontronik,,,,3400,,,,170,,,,,,,,,,,,,,,450,,,,
KONTRONIK,Kont--3400,Kontronik,,,,3400,,,,150,,,,,,,,,,,,,,,750,,,,
KONTRONIK,Kont--3400,Kontronik,,,,3400,,,,210,,,,,,,,,,,,,,,750,,,,
KONTRONIK,Kont--3600,Kontronik,,,,3600,,,,110,,,,,,,,,,,,,,,675,,,,
KONTRONIK,Kont--3600,Kontronik,,,,3600,,,,200,,,,,,,,,,,,,,,1200,,,,
KONTRONIK,Kont--3600,Kontronik,,,,3600,,,,260,,,,,,,,,,,,,,,1200,,,,
KONTRONIK,Kont--3700,Kontronik,,,,3700,,,,140,,,,,,,,,,,,,,,900,,,,
KONTRONIK,Kont--3800,Kontronik,,,,3800,,,,200,,,,,,,,,,,,,,,1500,,,,
KONTRONIK,Kont--3800,Kontronik,,,,3800,,,,150,,,,,,,,,,,,,,,750,,,,
KONTRONIK,Kont--3800,Kontronik,,,,3800,,,,210,,,,,,,,,,,,,,,750,,,,
KONTRONIK,Kont--3800,Kontronik,,,,3800,,,,260,,,,,,,,,,,,,,,1500,,,,
KONTRONIK,Kont--3800,Kontronik,,,,3800,,,,320,,,,,,,,,,,,,,,1500,,,,
KONTRONIK,Kont--3900,Kontronik,,,,3900,,,,110,,,,,,,,,,,,,,,450,,,,
KONTRONIK,Kont--3900,Kontronik,,,,3900,,,,170,,,,,,,,,,,,,,,450,,,,
KONTRONIK,Kont--4200,Kontronik,,,,4200,,,,110,,,,,,,,,,,,,,,750,,,,
KONTRONIK,Kont--4200,Kontronik,,,,4200,,,,140,,,,,,,,,,,,,,,975,,,,
KONTRONIK,Kont--4300,Kontronik,,,,4300,,,,150,,,,,,,,,,,,,,,750,,,,
KONTRONIK,Kont--4300,Kontronik,,,,4300,,,,210,,,,,,,,,,,,,,,750,,,,
KONTRONIK,Kont--4400,Kontronik,,,,4400,,,,200,,,,,,,,,,,,,,,900,,,,
KONTRONIK,Kont--4750,Kontronik,,,,4750,,,,140,,,,,,,,,,,,,,,1050,,,,
KONTRONIK,Kont--5000,Kontronik,,,,5000,,,,150,,,,,,,,,,,,,,,750,,,,
KONTRONIK,Kont--5000,Kontronik,,,,5000,,,,210,,,,,,,,,,,,,,,750,,,,
KONTRONIK,Kont--5800,Kontronik,,,,5800,,,,200,,,,,,,,,,,,,,,1200,,,,
KONTRONIK,Kont--5800,Kontronik,,,,5800,,,,260,,,,,,,,,,,,,,,1200,,,,
LDPOWER,LDPo--100,LDPower,,,,100,,,,419,,,,,,,,,,,,,,,2750,,,,
LDPOWER,LDPo--100,LDPower,,,,100,,,,534,,,,,,,,,,,,,,,3420,,,,
LDPOWER,LDPo--100,LDPower,,,,100,,,,724,,,,,,,,,,,,,,,3790,,,,
LDPOWER,LDPo--135,LDPower,,,,135,,,,305,,,,,,,,,,,,,,,2750,,,,
LDPOWER,LDPo--150,LDPower,,,,150,,,,548,,,,,,,,,,,,,,,3080,,,,
LDPOWER,LDPo--300,LDPower,,,,300,,,,175,,,,,,,,,,,,,,,1220,,,,
LDPOWER,LDPo--300,LDPower,,,,300,,,,173,,,,,,,,,,,,,,,1380,,,,
LDPOWER,LDPo--300,LDPower,,,,300,,,,260,,,,,,,,,,,,,,,1775,,,,
LDPOWER,LDPo--310,LDPower,,,,310,,,,324,,,,,,,,,,,,,,,2820,,,,
LDPOWER,LDPo--312,LDPower,,,,312,,,,320,,,,,,,,,,,,,,,1665,,,,
LDPOWER,LDPo--320,LDPower,,,,320,,,,87,,,,,,,,,,,,,,,320,,,,
LDPOWER,LDPo--320,LDPower,,,,320,,,,100,,,,,,,,,,,,,,,440,,,,
LDPOWER,LDPo--320,LDPower,,,,320,,,,161,,,,,,,,,,,,,,,660,,,,
LDPOWER,LDPo--340,LDPower,,,,340,,,,118,,,,,,,,,,,,,,,530,,,,
LDPOWER,LDPo--340,LDPower,,,,340,,,,251,,,,,,,,,,,,,,,1380,,,,
LDPOWER,LDPo--370,LDPower,,,,370,,,,161,,,,,,,,,,,,,,,380,,,,
LDPOWER,LDPo--400,LDPower,,,,400,,,,161,,,,,,,,,,,,,,,660,,,,
LDPOWER,LDPo--400,LDPower,,,,400,,,,118,,,,,,,,,,,,,,,600,,,,
LDPOWER,LDPo--475,LDPower,,,,475,,,,161,,,,,,,,,,,,,,,380,,,,
LDPOWER,LDPo--510,LDPower,,,,510,,,,105,,,,,,,,,,,,,,,440,,,,
LDPOWER,LDPo--580,LDPower,,,,580,,,,87,,,,,,,,,,,,,,,320,,,,
LDPOWER,LDPo--580,LDPower,,,,580,,,,118,,,,,,,,,,,,,,,975,,,,
LDPOWER,LDPo--630,LDPower,,,,630,,,,100,,,,,,,,,,,,,,,440,,,,
LDPOWER,LDPo--700,LDPower,,,,700,,,,87,,,,,,,,,,,,,,,320,,,,
LDPOWER,LDPo--700,LDPower,,,,700,,,,100,,,,,,,,,,,,,,,440,,,,
LDPOWER,LDPo--700,LDPower,,,,700,,,,161,,,,,,,,,,,,,,,380,,,,
LDPOWER,LDPo--700,LDPower,,,,700,,,,161,,,,,,,,,,,,,,,660,,,,
LDPOWER,LDPo--720,LDPower,,,,720,,,,70,,,,,,,,,,,,,,,400,,,,
LDPOWER,LDPo--740,LDPower,,,,740,,,,183,,,,,,,,,,,,,,,1050,,,,
LDPOWER,LDPo--880,LDPower,,,,880,,,,105,,,,,,,,,,,,,,,750,,,,
LDPOWER,LDPo--920,LDPower,,,,920,,,,50,,,,,,,,,,,,,,,270,,,,
LDPOWER,LDPo--920,LDPower,,,,920,,,,53,,,,,,,,,,,,,,,350,,,,
LDPOWER,LDPo--970,LDPower,,,,970,,,,160,,,,,,,,,,,,,,,1050,,,,
LDPOWER,LDPo--1100,LDPower,,,,1100,,,,48,,,,,,,,,,,,,,,295,,,,
LDPOWER,LDPo--1100,LDPower,,,,1100,,,,160,,,,,,,,,,,,,,,1275,,,,
LDPOWER,LDPo--1130,LDPower,,,,1130,,,,183,,,,,,,,,,,,,,,1275,,,,
LDPOWER,LDPo--1300,LDPower,,,,1300,,,,48,,,,,,,,,,,,,,,370,,,,
LDPOWER,LDPo--1400,LDPower,,,,1400,,,,60,,,,,,,,,,,,,,,485,,,,
LDPOWER,LDPo--1400,LDPower,,,,1400,,,,72,,,,,,,,,,,,,,,435,,,,
LDPOWER,LDPo--1500,LDPower,,,,1500,,,,36,,,,,,,,,,,,,,,325,,,,
LDPOWER,LDPo--1900,LDPower,,,,1900,,,,31,,,,,,,,,,,,,,,325,,,,
LDPOWER,LDPo--2000,LDPower,,,,2000,,,,36,,,,,,,,,,,,,,,445,,,,
LDPOWER,LDPo--2200,LDPower,,,,2200,,,,31,,,,,,,,,,,,,,,410,,,,
LDPOWER,LDPo--2300,LDPower,,,,2300,,,,24,,,,,,,,,,,,,,,235,,,,
LDPOWER,LDPo--2300,LDPower,,,,2300,,,,2023-05-16 00:00:00,,,,,,,,,,,,,,,370,,,,
LDPOWER,LDPo--2400,LDPower,,,,2400,,,,72,,,,,,,,,,,,,,,520,,,,
LDPOWER,LDPo--2450,LDPower,,,,2450,,,,60,,,,,,,,,,,,,,,755,,,,
LDPOWER,LDPo--2500,LDPower,,,,2500,,,,2023-05-16 00:00:00,,,,,,,,,,,,,,,430,,,,
LDPOWER,LDPo--2700,LDPower,,,,2700,,,,2023-05-16 00:00:00,,,,,,,,,,,,,,,450,,,,
LDPOWER,LDPo--3100,LDPower,,,,3100,,,,12,,,,,,,,,,,,,,,80,,,,
LDPOWER,LDPo--4000,LDPower,,,,4000,,,,2023-05-05 00:00:00,,,,,,,,,,,,,,,75,,,,
LDPOWER,LDPo--4000,LDPower,,,,4000,,,,2023-05-07 00:00:00,,,,,,,,,,,,,,,60,,,,
LDPOWER,LDPo--4000,LDPower,,,,4000,,,,12,,,,,,,,,,,,,,,150,,,,
LEHNER,Lehn--538,Lehner,,,,538,,,,1200,,,,,,,,,,,,,,,3000,,,,
LEHNER,Lehn--700,Lehner,,,,700,,,,1200,,,,,,,,,,,,,,,3000,,,,
LEHNER,Lehn--744,Lehner,,,,744,,,,570,,,,,,,,,,,,,,,1200,,,,
LEHNER,Lehn--833,Lehner,,,,833,,,,800,,,,,,,,,,,,,,,1725,,,,
LEHNER,Lehn--841,Lehner,,,,841,,,,465,,,,,,,,,,,,,,,975,,,,
LEHNER,Lehn--865,Lehner,,,,865,,,,570,,,,,,,,,,,,,,,1425,,,,
LEHNER,Lehn--889,Lehner,,,,889,,,,465,,,,,,,,,,,,,,,975,,,,
LEHNER,Lehn--933,Lehner,,,,933,,,,570,,,,,,,,,,,,,,,1425,,,,
LEHNER,Lehn--948,Lehner,,,,948,,,,465,,,,,,,,,,,,,,,1050,,,,
LEHNER,Lehn--987,Lehner,,,,987,,,,570,,,,,,,,,,,,,,,1425,,,,
LEHNER,Lehn--1067,Lehner,,,,1067,,,,800,,,,,,,,,,,,,,,1950,,,,
LEHNER,Lehn--1099,Lehner,,,,1099,,,,290,,,,,,,,,,,,,,,1200,,,,
LEHNER,Lehn--1186,Lehner,,,,1186,,,,290,,,,,,,,,,,,,,,1200,,,,
LEHNER,Lehn--1210,Lehner,,,,1210,,,,355,,,,,,,,,,,,,,,1275,,,,
LEHNER,Lehn--1271,Lehner,,,,1271,,,,290,,,,,,,,,,,,,,,1200,,,,
LEHNER,Lehn--1333,Lehner,,,,1333,,,,355,,,,,,,,,,,,,,,1275,,,,
LEHNER,Lehn--1369,Lehner,,,,1369,,,,290,,,,,,,,,,,,,,,1275,,,,
LEHNER,Lehn--1588,Lehner,,,,1588,,,,290,,,,,,,,,,,,,,,1275,,,,
LEHNER,Lehn--2500,Lehner,,,,2500,,,,50,,,,,,,,,,,,,,,250,,,,
LEHNER,Lehn--2613,Lehner,,,,2613,,,,230,,,,,,,,,,,,,,,900,,,,
LEHNER,Lehn--3256,Lehner,,,,3256,,,,170,,,,,,,,,,,,,,,1050,,,,
LEHNER,Lehn--4311,Lehner,,,,4311,,,,170,,,,,,,,,,,,,,,1200,,,,
LEHNER,Lehn--4900,Lehner,,,,4900,,,,102,,,,,,,,,,,,,,,450,,,,
LEOMOTION,Leom--75,Leomotion,,,,75,,,,1450,,,,,,,,,,,,,,,8000,,,,
LEOMOTION,Leom--75,Leomotion,,,,75,,,,2660,,,,,,,,,,,,,,,20000,,,,
LEOMOTION,Leom--75,Leomotion,,,,75,,,,2660,,,,,,,,,,,,,,,20000,,,,
LEOMOTION,Leom--78,Leomotion,,,,78,,,,1790,,,,,,,,,,,,,,,10000,,,,
LEOMOTION,Leom--94,Leomotion,,,,94,,,,1790,,,,,,,,,,,,,,,10000,,,,
LEOMOTION,Leom--101,Leomotion,,,,101,,,,1970,,,,,,,,,,,,,,,15000,,,,
LEOMOTION,Leom--101,Leomotion,,,,101,,,,1970,,,,,,,,,,,,,,,15000,,,,
LEOMOTION,Leom--101,Leomotion,,,,101,,,,2660,,,,,,,,,,,,,,,20000,,,,
LEOMOTION,Leom--101,Leomotion,,,,101,,,,2660,,,,,,,,,,,,,,,20000,,,,
LEOMOTION,Leom--119,Leomotion,,,,119,,,,1790,,,,,,,,,,,,,,,10000,,,,
LEOMOTION,Leom--121,Leomotion,,,,121,,,,1970,,,,,,,,,,,,,,,15000,,,,
LEOMOTION,Leom--127,Leomotion,,,,127,,,,980,,,,,,,,,,,,,,,4500,,,,
LEOMOTION,Leom--130,Leomotion,,,,130,,,,880,,,,,,,,,,,,,,,4000,,,,
LEOMOTION,Leom--133,Leomotion,,,,133,,,,1190,,,,,,,,,,,,,,,5000,,,,
LEOMOTION,Leom--136,Leomotion,,,,136,,,,630,,,,,,,,,,,,,,,6000,,,,
LEOMOTION,Leom--140,Leomotion,,,,140,,,,1320,,,,,,,,,,,,,,,7600,,,,
LEOMOTION,Leom--142,Leomotion,,,,142,,,,1970,,,,,,,,,,,,,,,15000,,,,
LEOMOTION,Leom--142,Leomotion,,,,142,,,,1970,,,,,,,,,,,,,,,15000,,,,
LEOMOTION,Leom--150,Leomotion,,,,150,,,,2340,,,,,,,,,,,,,,,15000,,,,
LEOMOTION,Leom--150,Leomotion,,,,150,,,,1230,,,,,,,,,,,,,,,7000,,,,
LEOMOTION,Leom--150,Leomotion,,,,150,,,,1230,,,,,,,,,,,,,,,10000,,,,
LEOMOTION,Leom--150,Leomotion,,,,150,,,,1450,,,,,,,,,,,,,,,9400,,,,
LEOMOTION,Leom--150,Leomotion,,,,150,,,,1620,,,,,,,,,,,,,,,9400,,,,
LEOMOTION,Leom--150,Leomotion,,,,150,,,,1450,,,,,,,,,,,,,,,12000,,,,
LEOMOTION,Leom--158,Leomotion,,,,158,,,,1970,,,,,,,,,,,,,,,15000,,,,
LEOMOTION,Leom--160,Leomotion,,,,160,,,,1230,,,,,,,,,,,,,,,6200,,,,
LEOMOTION,Leom--160,Leomotion,,,,160,,,,1120,,,,,,,,,,,,,,,5400,,,,
LEOMOTION,Leom--160,Leomotion,,,,160,,,,1320,,,,,,,,,,,,,,,8200,,,,
LEOMOTION,Leom--165,Leomotion,,,,165,,,,630,,,,,,,,,,,,,,,6000,,,,
LEOMOTION,Leom--165,Leomotion,,,,165,,,,880,,,,,,,,,,,,,,,4000,,,,
LEOMOTION,Leom--165,Leomotion,,,,165,,,,1190,,,,,,,,,,,,,,,5000,,,,
LEOMOTION,Leom--172,Leomotion,,,,172,,,,590,,,,,,,,,,,,,,,3250,,,,
LEOMOTION,Leom--175,Leomotion,,,,175,,,,1190,,,,,,,,,,,,,,,5000,,,,
LEOMOTION,Leom--176,Leomotion,,,,176,,,,700,,,,,,,,,,,,,,,3250,,,,
LEOMOTION,Leom--176,Leomotion,,,,176,,,,650,,,,,,,,,,,,,,,4000,,,,
LEOMOTION,Leom--179,Leomotion,,,,179,,,,2130,,,,,,,,,,,,,,,15000,,,,
LEOMOTION,Leom--179,Leomotion,,,,179,,,,590,,,,,,,,,,,,,,,3600,,,,
LEOMOTION,Leom--180,Leomotion,,,,180,,,,530,,,,,,,,,,,,,,,3740,,,,
LEOMOTION,Leom--180,Leomotion,,,,180,,,,598,,,,,,,,,,,,,,,3550,,,,
LEOMOTION,Leom--180,Leomotion,,,,180,,,,715,,,,,,,,,,,,,,,2900,,,,
LEOMOTION,Leom--180,Leomotion,,,,180,,,,830,,,,,,,,,,,,,,,4300,,,,
LEOMOTION,Leom--180,Leomotion,,,,180,,,,840,,,,,,,,,,,,,,,4000,,,,
LEOMOTION,Leom--180,Leomotion,,,,180,,,,1230,,,,,,,,,,,,,,,6800,,,,
LEOMOTION,Leom--180,Leomotion,,,,180,,,,1120,,,,,,,,,,,,,,,6000,,,,
LEOMOTION,Leom--181,Leomotion,,,,181,,,,980,,,,,,,,,,,,,,,4500,,,,
LEOMOTION,Leom--182,Leomotion,,,,182,,,,655,,,,,,,,,,,,,,,3880,,,,
LEOMOTION,Leom--182,Leomotion,,,,182,,,,655,,,,,,,,,,,,,,,3880,,,,
LEOMOTION,Leom--183,Leomotion,,,,183,,,,1230,,,,,,,,,,,,,,,7000,,,,
LEOMOTION,Leom--183,Leomotion,,,,183,,,,1230,,,,,,,,,,,,,,,10000,,,,
LEOMOTION,Leom--184,Leomotion,,,,184,,,,617,,,,,,,,,,,,,,,3022,,,,
LEOMOTION,Leom--190,Leomotion,,,,190,,,,640,,,,,,,,,,,,,,,3935,,,,
LEOMOTION,Leom--197,Leomotion,,,,197,,,,765,,,,,,,,,,,,,,,7000,,,,
LEOMOTION,Leom--199,Leomotion,,,,199,,,,655,,,,,,,,,,,,,,,3450,,,,
LEOMOTION,Leom--199,Leomotion,,,,199,,,,655,,,,,,,,,,,,,,,3450,,,,
LEOMOTION,Leom--200,Leomotion,,,,200,,,,630,,,,,,,,,,,,,,,6000,,,,
LEOMOTION,Leom--200,Leomotion,,,,200,,,,626,,,,,,,,,,,,,,,2875,,,,
LEOMOTION,Leom--200,Leomotion,,,,200,,,,525,,,,,,,,,,,,,,,2850,,,,
LEOMOTION,Leom--200,Leomotion,,,,200,,,,590,,,,,,,,,,,,,,,3400,,,,
LEOMOTION,Leom--200,Leomotion,,,,200,,,,598,,,,,,,,,,,,,,,3550,,,,
LEOMOTION,Leom--205,Leomotion,,,,205,,,,590,,,,,,,,,,,,,,,4500,,,,
LEOMOTION,Leom--205,Leomotion,,,,205,,,,530,,,,,,,,,,,,,,,3480,,,,
LEOMOTION,Leom--210,Leomotion,,,,210,,,,830,,,,,,,,,,,,,,,4000,,,,
LEOMOTION,Leom--217,Leomotion,,,,217,,,,1190,,,,,,,,,,,,,,,5000,,,,
LEOMOTION,Leom--218,Leomotion,,,,218,,,,650,,,,,,,,,,,,,,,3250,,,,
LEOMOTION,Leom--218,Leomotion,,,,218,,,,700,,,,,,,,,,,,,,,3250,,,,
LEOMOTION,Leom--218,Leomotion,,,,218,,,,627,,,,,,,,,,,,,,,3081,,,,
LEOMOTION,Leom--218,Leomotion,,,,218,,,,655,,,,,,,,,,,,,,,3600,,,,
LEOMOTION,Leom--218,Leomotion,,,,218,,,,655,,,,,,,,,,,,,,,3600,,,,
LEOMOTION,Leom--218,Leomotion,,,,218,,,,655,,,,,,,,,,,,,,,3600,,,,
LEOMOTION,Leom--220,Leomotion,,,,220,,,,839,,,,,,,,,,,,,,,4000,,,,
LEOMOTION,Leom--220,Leomotion,,,,220,,,,576,,,,,,,,,,,,,,,2590,,,,
LEOMOTION,Leom--220,Leomotion,,,,220,,,,635,,,,,,,,,,,,,,,3800,,,,
LEOMOTION,Leom--220,Leomotion,,,,220,,,,525,,,,,,,,,,,,,,,3100,,,,
LEOMOTION,Leom--220,Leomotion,,,,220,,,,490,,,,,,,,,,,,,,,3000,,,,
LEOMOTION,Leom--220,Leomotion,,,,220,,,,590,,,,,,,,,,,,,,,3700,,,,
LEOMOTION,Leom--221,Leomotion,,,,221,,,,765,,,,,,,,,,,,,,,7000,,,,
LEOMOTION,Leom--222,Leomotion,,,,222,,,,565,,,,,,,,,,,,,,,3090,,,,
LEOMOTION,Leom--222,Leomotion,,,,222,,,,565,,,,,,,,,,,,,,,3090,,,,
LEOMOTION,Leom--224,Leomotion,,,,224,,,,453,,,,,,,,,,,,,,,2040,,,,
LEOMOTION,Leom--225,Leomotion,,,,225,,,,430,,,,,,,,,,,,,,,3600,,,,
LEOMOTION,Leom--225,Leomotion,,,,225,,,,590,,,,,,,,,,,,,,,6000,,,,
LEOMOTION,Leom--225,Leomotion,,,,225,,,,590,,,,,,,,,,,,,,,4500,,,,
LEOMOTION,Leom--228,Leomotion,,,,228,,,,510,,,,,,,,,,,,,,,2500,,,,
LEOMOTION,Leom--240,Leomotion,,,,240,,,,508,,,,,,,,,,,,,,,3420,,,,
LEOMOTION,Leom--240,Leomotion,,,,240,,,,525,,,,,,,,,,,,,,,2800,,,,
LEOMOTION,Leom--240,Leomotion,,,,240,,,,490,,,,,,,,,,,,,,,2560,,,,
LEOMOTION,Leom--240,Leomotion,,,,240,,,,590,,,,,,,,,,,,,,,3300,,,,
LEOMOTION,Leom--240,Leomotion,,,,240,,,,565,,,,,,,,,,,,,,,3380,,,,
LEOMOTION,Leom--240,Leomotion,,,,240,,,,565,,,,,,,,,,,,,,,3380,,,,
LEOMOTION,Leom--242,Leomotion,,,,242,,,,655,,,,,,,,,,,,,,,3740,,,,
LEOMOTION,Leom--242,Leomotion,,,,242,,,,655,,,,,,,,,,,,,,,3740,,,,
LEOMOTION,Leom--245,Leomotion,,,,245,,,,530,,,,,,,,,,,,,,,2940,,,,
LEOMOTION,Leom--250,Leomotion,,,,250,,,,450,,,,,,,,,,,,,,,2700,,,,
LEOMOTION,Leom--250,Leomotion,,,,250,,,,290,,,,,,,,,,,,,,,1770,,,,
LEOMOTION,Leom--250,Leomotion,,,,250,,,,395,,,,,,,,,,,,,,,2660,,,,
LEOMOTION,Leom--253,Leomotion,,,,253,,,,765,,,,,,,,,,,,,,,7000,,,,
LEOMOTION,Leom--270,Leomotion,,,,270,,,,430,,,,,,,,,,,,,,,3600,,,,
LEOMOTION,Leom--270,Leomotion,,,,270,,,,715,,,,,,,,,,,,,,,3000,,,,
LEOMOTION,Leom--275,Leomotion,,,,275,,,,630,,,,,,,,,,,,,,,6000,,,,
LEOMOTION,Leom--275,Leomotion,,,,275,,,,525,,,,,,,,,,,,,,,3100,,,,
LEOMOTION,Leom--278,Leomotion,,,,278,,,,565,,,,,,,,,,,,,,,2880,,,,
LEOMOTION,Leom--278,Leomotion,,,,278,,,,565,,,,,,,,,,,,,,,2880,,,,
LEOMOTION,Leom--278,Leomotion,,,,278,,,,565,,,,,,,,,,,,,,,2880,,,,
LEOMOTION,Leom--278,Leomotion,,,,278,,,,565,,,,,,,,,,,,,,,2880,,,,
LEOMOTION,Leom--280,Leomotion,,,,280,,,,462,,,,,,,,,,,,,,,2102,,,,
LEOMOTION,Leom--280,Leomotion,,,,280,,,,508,,,,,,,,,,,,,,,2625,,,,
LEOMOTION,Leom--280,Leomotion,,,,280,,,,530,,,,,,,,,,,,,,,3100,,,,
LEOMOTION,Leom--281,Leomotion,,,,281,,,,599,,,,,,,,,,,,,,,6000,,,,
LEOMOTION,Leom--285,Leomotion,,,,285,,,,490,,,,,,,,,,,,,,,2720,,,,
LEOMOTION,Leom--289,Leomotion,,,,289,,,,445,,,,,,,,,,,,,,,3000,,,,
LEOMOTION,Leom--290,Leomotion,,,,290,,,,1370,,,,,,,,,,,,,,,10000,,,,
LEOMOTION,Leom--290,Leomotion,,,,290,,,,380,,,,,,,,,,,,,,,2080,,,,
LEOMOTION,Leom--290,Leomotion,,,,290,,,,487,,,,,,,,,,,,,,,3000,,,,
LEOMOTION,Leom--293,Leomotion,,,,293,,,,700,,,,,,,,,,,,,,,3250,,,,
LEOMOTION,Leom--315,Leomotion,,,,315,,,,378,,,,,,,,,,,,,,,1690,,,,
LEOMOTION,Leom--316,Leomotion,,,,316,,,,599,,,,,,,,,,,,,,,6000,,,,
LEOMOTION,Leom--320,Leomotion,,,,320,,,,223,,,,,,,,,,,,,,,1110,,,,
LEOMOTION,Leom--330,Leomotion,,,,330,,,,570,,,,,,,,,,,,,,,5000,,,,
LEOMOTION,Leom--330,Leomotion,,,,330,,,,435,,,,,,,,,,,,,,,2400,,,,
LEOMOTION,Leom--340,Leomotion,,,,340,,,,390,,,,,,,,,,,,,,,2750,,,,
LEOMOTION,Leom--340,Leomotion,,,,340,,,,445,,,,,,,,,,,,,,,3000,,,,
LEOMOTION,Leom--340,Leomotion,,,,340,,,,194,,,,,,,,,,,,,,,1260,,,,
LEOMOTION,Leom--340,Leomotion,,,,340,,,,435,,,,,,,,,,,,,,,2750,,,,
LEOMOTION,Leom--350,Leomotion,,,,350,,,,393,,,,,,,,,,,,,,,2000,,,,
LEOMOTION,Leom--360,Leomotion,,,,360,,,,430,,,,,,,,,,,,,,,3600,,,,
LEOMOTION,Leom--360,Leomotion,,,,360,,,,490,,,,,,,,,,,,,,,2350,,,,
LEOMOTION,Leom--365,Leomotion,,,,365,,,,1370,,,,,,,,,,,,,,,10000,,,,
LEOMOTION,Leom--380,Leomotion,,,,380,,,,511,,,,,,,,,,,,,,,2400,,,,
LEOMOTION,Leom--380,Leomotion,,,,380,,,,715,,,,,,,,,,,,,,,3300,,,,
LEOMOTION,Leom--385,Leomotion,,,,385,,,,1150,,,,,,,,,,,,,,,8400,,,,
LEOMOTION,Leom--400,Leomotion,,,,400,,,,369,,,,,,,,,,,,,,,1800,,,,
LEOMOTION,Leom--400,Leomotion,,,,400,,,,460,,,,,,,,,,,,,,,4100,,,,
LEOMOTION,Leom--400,Leomotion,,,,400,,,,630,,,,,,,,,,,,,,,6000,,,,
LEOMOTION,Leom--400,Leomotion,,,,400,,,,393,,,,,,,,,,,,,,,2040,,,,
LEOMOTION,Leom--400,Leomotion,,,,400,,,,430,,,,,,,,,,,,,,,2200,,,,
LEOMOTION,Leom--405,Leomotion,,,,405,,,,445,,,,,,,,,,,,,,,3000,,,,
LEOMOTION,Leom--405,Leomotion,,,,405,,,,350,,,,,,,,,,,,,,,3000,,,,
LEOMOTION,Leom--405,Leomotion,,,,405,,,,383,,,,,,,,,,,,,,,1641,,,,
LEOMOTION,Leom--405,Leomotion,,,,405,,,,487,,,,,,,,,,,,,,,3000,,,,
LEOMOTION,Leom--420,Leomotion,,,,420,,,,620,,,,,,,,,,,,,,,4500,,,,
LEOMOTION,Leom--430,Leomotion,,,,430,,,,970,,,,,,,,,,,,,,,6400,,,,
LEOMOTION,Leom--430,Leomotion,,,,430,,,,281,,,,,,,,,,,,,,,1163,,,,
LEOMOTION,Leom--434,Leomotion,,,,434,,,,700,,,,,,,,,,,,,,,3250,,,,
LEOMOTION,Leom--445,Leomotion,,,,445,,,,246,,,,,,,,,,,,,,,1044,,,,
LEOMOTION,Leom--445,Leomotion,,,,445,,,,380,,,,,,,,,,,,,,,2500,,,,
LEOMOTION,Leom--447,Leomotion,,,,447,,,,369,,,,,,,,,,,,,,,1800,,,,
LEOMOTION,Leom--450,Leomotion,,,,450,,,,430,,,,,,,,,,,,,,,3600,,,,
LEOMOTION,Leom--450,Leomotion,,,,450,,,,210,,,,,,,,,,,,,,,860,,,,
LEOMOTION,Leom--470,Leomotion,,,,470,,,,393,,,,,,,,,,,,,,,1849,,,,
LEOMOTION,Leom--475,Leomotion,,,,475,,,,272,,,,,,,,,,,,,,,1550,,,,
LEOMOTION,Leom--476,Leomotion,,,,476,,,,390,,,,,,,,,,,,,,,2750,,,,
LEOMOTION,Leom--480,Leomotion,,,,480,,,,240,,,,,,,,,,,,,,,1800,,,,
LEOMOTION,Leom--480,Leomotion,,,,480,,,,1150,,,,,,,,,,,,,,,8400,,,,
LEOMOTION,Leom--480,Leomotion,,,,480,,,,293,,,,,,,,,,,,,,,1240,,,,
LEOMOTION,Leom--480,Leomotion,,,,480,,,,345,,,,,,,,,,,,,,,2300,,,,
LEOMOTION,Leom--485,Leomotion,,,,485,,,,130,,,,,,,,,,,,,,,1200,,,,
LEOMOTION,Leom--485,Leomotion,,,,485,,,,1370,,,,,,,,,,,,,,,10000,,,,
LEOMOTION,Leom--490,Leomotion,,,,490,,,,392,,,,,,,,,,,,,,,2280,,,,
LEOMOTION,Leom--500,Leomotion,,,,500,,,,620,,,,,,,,,,,,,,,4500,,,,
LEOMOTION,Leom--500,Leomotion,,,,500,,,,207,,,,,,,,,,,,,,,940,,,,
LEOMOTION,Leom--500,Leomotion,,,,500,,,,340,,,,,,,,,,,,,,,1500,,,,
LEOMOTION,Leom--510,Leomotion,,,,510,,,,570,,,,,,,,,,,,,,,5000,,,,
LEOMOTION,Leom--510,Leomotion,,,,510,,,,830,,,,,,,,,,,,,,,5600,,,,
LEOMOTION,Leom--515,Leomotion,,,,515,,,,292,,,,,,,,,,,,,,,1560,,,,
LEOMOTION,Leom--520,Leomotion,,,,520,,,,290,,,,,,,,,,,,,,,2400,,,,
LEOMOTION,Leom--520,Leomotion,,,,520,,,,430,,,,,,,,,,,,,,,3600,,,,
LEOMOTION,Leom--520,Leomotion,,,,520,,,,269,,,,,,,,,,,,,,,1345,,,,
LEOMOTION,Leom--530,Leomotion,,,,530,,,,175,,,,,,,,,,,,,,,840,,,,
LEOMOTION,Leom--532,Leomotion,,,,532,,,,350,,,,,,,,,,,,,,,3000,,,,
LEOMOTION,Leom--535,Leomotion,,,,535,,,,285,,,,,,,,,,,,,,,1354,,,,
LEOMOTION,Leom--540,Leomotion,,,,540,,,,368,,,,,,,,,,,,,,,1800,,,,
LEOMOTION,Leom--540,Leomotion,,,,540,,,,130,,,,,,,,,,,,,,,670,,,,
LEOMOTION,Leom--550,Leomotion,,,,550,,,,970,,,,,,,,,,,,,,,6400,,,,
LEOMOTION,Leom--550,Leomotion,,,,550,,,,160,,,,,,,,,,,,,,,1000,,,,
LEOMOTION,Leom--550,Leomotion,,,,550,,,,391,,,,,,,,,,,,,,,2000,,,,
LEOMOTION,Leom--550,Leomotion,,,,550,,,,275,,,,,,,,,,,,,,,1680,,,,
LEOMOTION,Leom--560,Leomotion,,,,560,,,,205,,,,,,,,,,,,,,,877,,,,
LEOMOTION,Leom--575,Leomotion,,,,575,,,,209,,,,,,,,,,,,,,,1300,,,,
LEOMOTION,Leom--580,Leomotion,,,,580,,,,240,,,,,,,,,,,,,,,1800,,,,
LEOMOTION,Leom--590,Leomotion,,,,590,,,,460,,,,,,,,,,,,,,,4100,,,,
LEOMOTION,Leom--590,Leomotion,,,,590,,,,251,,,,,,,,,,,,,,,1142,,,,
LEOMOTION,Leom--600,Leomotion,,,,600,,,,710,,,,,,,,,,,,,,,5000,,,,
LEOMOTION,Leom--600,Leomotion,,,,600,,,,91,,,,,,,,,,,,,,,455,,,,
LEOMOTION,Leom--610,Leomotion,,,,610,,,,285,,,,,,,,,,,,,,,1291,,,,
LEOMOTION,Leom--610,Leomotion,,,,610,,,,290,,,,,,,,,,,,,,,1400,,,,
LEOMOTION,Leom--620,Leomotion,,,,620,,,,269,,,,,,,,,,,,,,,1240,,,,
LEOMOTION,Leom--625,Leomotion,,,,625,,,,620,,,,,,,,,,,,,,,4500,,,,
LEOMOTION,Leom--640,Leomotion,,,,640,,,,830,,,,,,,,,,,,,,,5600,,,,
LEOMOTION,Leom--640,Leomotion,,,,640,,,,1150,,,,,,,,,,,,,,,8400,,,,
LEOMOTION,Leom--650,Leomotion,,,,650,,,,400,,,,,,,,,,,,,,,3000,,,,
LEOMOTION,Leom--650,Leomotion,,,,650,,,,570,,,,,,,,,,,,,,,5000,,,,
LEOMOTION,Leom--660,Leomotion,,,,660,,,,620,,,,,,,,,,,,,,,4500,,,,
LEOMOTION,Leom--660,Leomotion,,,,660,,,,272,,,,,,,,,,,,,,,1550,,,,
LEOMOTION,Leom--660,Leomotion,,,,660,,,,160,,,,,,,,,,,,,,,880,,,,
LEOMOTION,Leom--675,Leomotion,,,,675,,,,240,,,,,,,,,,,,,,,1800,,,,
LEOMOTION,Leom--680,Leomotion,,,,680,,,,290,,,,,,,,,,,,,,,2400,,,,
LEOMOTION,Leom--684,Leomotion,,,,684,,,,430,,,,,,,,,,,,,,,3600,,,,
LEOMOTION,Leom--710,Leomotion,,,,710,,,,293,,,,,,,,,,,,,,,1240,,,,
LEOMOTION,Leom--720,Leomotion,,,,720,,,,209,,,,,,,,,,,,,,,1300,,,,
LEOMOTION,Leom--720,Leomotion,,,,720,,,,185,,,,,,,,,,,,,,,1200,,,,
LEOMOTION,Leom--725,Leomotion,,,,725,,,,340,,,,,,,,,,,,,,,2700,,,,
LEOMOTION,Leom--725,Leomotion,,,,725,,,,970,,,,,,,,,,,,,,,6400,,,,
LEOMOTION,Leom--725,Leomotion,,,,725,,,,1370,,,,,,,,,,,,,,,10000,,,,
LEOMOTION,Leom--740,Leomotion,,,,740,,,,175,,,,,,,,,,,,,,,800,,,,
LEOMOTION,Leom--740,Leomotion,,,,740,,,,170,,,,,,,,,,,,,,,670,,,,
LEOMOTION,Leom--740,Leomotion,,,,740,,,,195,,,,,,,,,,,,,,,750,,,,
LEOMOTION,Leom--745,Leomotion,,,,745,,,,210,,,,,,,,,,,,,,,905,,,,
LEOMOTION,Leom--750,Leomotion,,,,750,,,,400,,,,,,,,,,,,,,,3000,,,,
LEOMOTION,Leom--750,Leomotion,,,,750,,,,94,,,,,,,,,,,,,,,1000,,,,
LEOMOTION,Leom--750,Leomotion,,,,750,,,,710,,,,,,,,,,,,,,,5000,,,,
LEOMOTION,Leom--760,Leomotion,,,,760,,,,230,,,,,,,,,,,,,,,665,,,,
LEOMOTION,Leom--770,Leomotion,,,,770,,,,620,,,,,,,,,,,,,,,4500,,,,
LEOMOTION,Leom--780,Leomotion,,,,780,,,,480,,,,,,,,,,,,,,,3500,,,,
LEOMOTION,Leom--790,Leomotion,,,,790,,,,140,,,,,,,,,,,,,,,550,,,,
LEOMOTION,Leom--790,Leomotion,,,,790,,,,252,,,,,,,,,,,,,,,1128,,,,
LEOMOTION,Leom--810,Leomotion,,,,810,,,,161,,,,,,,,,,,,,,,640,,,,
LEOMOTION,Leom--820,Leomotion,,,,820,,,,120,,,,,,,,,,,,,,,795,,,,
LEOMOTION,Leom--825,Leomotion,,,,825,,,,620,,,,,,,,,,,,,,,4500,,,,
LEOMOTION,Leom--825,Leomotion,,,,825,,,,350,,,,,,,,,,,,,,,3000,,,,
LEOMOTION,Leom--850,Leomotion,,,,850,,,,175,,,,,,,,,,,,,,,1400,,,,
LEOMOTION,Leom--850,Leomotion,,,,850,,,,340,,,,,,,,,,,,,,,2700,,,,
LEOMOTION,Leom--850,Leomotion,,,,850,,,,94,,,,,,,,,,,,,,,1000,,,,
LEOMOTION,Leom--850,Leomotion,,,,850,,,,830,,,,,,,,,,,,,,,5600,,,,
LEOMOTION,Leom--850,Leomotion,,,,850,,,,160,,,,,,,,,,,,,,,800,,,,
LEOMOTION,Leom--860,Leomotion,,,,860,,,,91,,,,,,,,,,,,,,,415,,,,
LEOMOTION,Leom--860,Leomotion,,,,860,,,,98,,,,,,,,,,,,,,,350,,,,
LEOMOTION,Leom--860,Leomotion,,,,860,,,,104,,,,,,,,,,,,,,,480,,,,
LEOMOTION,Leom--860,Leomotion,,,,860,,,,197,,,,,,,,,,,,,,,530,,,,
LEOMOTION,Leom--865,Leomotion,,,,865,,,,185,,,,,,,,,,,,,,,1200,,,,
LEOMOTION,Leom--875,Leomotion,,,,875,,,,105,,,,,,,,,,,,,,,320,,,,
LEOMOTION,Leom--880,Leomotion,,,,880,,,,130,,,,,,,,,,,,,,,610,,,,
LEOMOTION,Leom--915,Leomotion,,,,915,,,,240,,,,,,,,,,,,,,,1800,,,,
LEOMOTION,Leom--915,Leomotion,,,,915,,,,69,,,,,,,,,,,,,,,200,,,,
LEOMOTION,Leom--915,Leomotion,,,,915,,,,173,,,,,,,,,,,,,,,600,,,,
LEOMOTION,Leom--920,Leomotion,,,,920,,,,258,,,,,,,,,,,,,,,1900,,,,
LEOMOTION,Leom--920,Leomotion,,,,920,,,,280,,,,,,,,,,,,,,,2500,,,,
LEOMOTION,Leom--920,Leomotion,,,,920,,,,175,,,,,,,,,,,,,,,770,,,,
LEOMOTION,Leom--920,Leomotion,,,,920,,,,195,,,,,,,,,,,,,,,880,,,,
LEOMOTION,Leom--925,Leomotion,,,,925,,,,550,,,,,,,,,,,,,,,3700,,,,
LEOMOTION,Leom--925,Leomotion,,,,925,,,,620,,,,,,,,,,,,,,,4500,,,,
LEOMOTION,Leom--935,Leomotion,,,,935,,,,83,,,,,,,,,,,,,,,255,,,,
LEOMOTION,Leom--950,Leomotion,,,,950,,,,175,,,,,,,,,,,,,,,1400,,,,
LEOMOTION,Leom--950,Leomotion,,,,950,,,,400,,,,,,,,,,,,,,,3000,,,,
LEOMOTION,Leom--950,Leomotion,,,,950,,,,140,,,,,,,,,,,,,,,500,,,,
LEOMOTION,Leom--960,Leomotion,,,,960,,,,1150,,,,,,,,,,,,,,,8400,,,,
LEOMOTION,Leom--960,Leomotion,,,,960,,,,58,,,,,,,,,,,,,,,258,,,,
LEOMOTION,Leom--970,Leomotion,,,,970,,,,161,,,,,,,,,,,,,,,720,,,,
LEOMOTION,Leom--980,Leomotion,,,,980,,,,57,,,,,,,,,,,,,,,180,,,,
LEOMOTION,Leom--980,Leomotion,,,,980,,,,47,,,,,,,,,,,,,,,204,,,,
LEOMOTION,Leom--980,Leomotion,,,,980,,,,72,,,,,,,,,,,,,,,300,,,,
LEOMOTION,Leom--990,Leomotion,,,,990,,,,105,,,,,,,,,,,,,,,380,,,,
LEOMOTION,Leom--1000,Leomotion,,,,1000,,,,130,,,,,,,,,,,,,,,600,,,,
LEOMOTION,Leom--1000,Leomotion,,,,1000,,,,104,,,,,,,,,,,,,,,560,,,,
LEOMOTION,Leom--1000,Leomotion,,,,1000,,,,120,,,,,,,,,,,,,,,775,,,,
LEOMOTION,Leom--1010,Leomotion,,,,1010,,,,70,,,,,,,,,,,,,,,230,,,,
LEOMOTION,Leom--1020,Leomotion,,,,1020,,,,710,,,,,,,,,,,,,,,5000,,,,
LEOMOTION,Leom--1020,Leomotion,,,,1020,,,,74,,,,,,,,,,,,,,,240,,,,
LEOMOTION,Leom--1025,Leomotion,,,,1025,,,,185,,,,,,,,,,,,,,,1200,,,,
LEOMOTION,Leom--1025,Leomotion,,,,1025,,,,44,,,,,,,,,,,,,,,140,,,,
LEOMOTION,Leom--1040,Leomotion,,,,1040,,,,172,,,,,,,,,,,,,,,660,,,,
LEOMOTION,Leom--1050,Leomotion,,,,1050,,,,480,,,,,,,,,,,,,,,3500,,,,
LEOMOTION,Leom--1050,Leomotion,,,,1050,,,,290,,,,,,,,,,,,,,,2400,,,,
LEOMOTION,Leom--1060,Leomotion,,,,1060,,,,89,,,,,,,,,,,,,,,460,,,,
LEOMOTION,Leom--1090,Leomotion,,,,1090,,,,83,,,,,,,,,,,,,,,280,,,,
LEOMOTION,Leom--1095,Leomotion,,,,1095,,,,57,,,,,,,,,,,,,,,180,,,,
LEOMOTION,Leom--1100,Leomotion,,,,1100,,,,155,,,,,,,,,,,,,,,1200,,,,
LEOMOTION,Leom--1100,Leomotion,,,,1100,,,,258,,,,,,,,,,,,,,,1900,,,,
LEOMOTION,Leom--1100,Leomotion,,,,1100,,,,212,,,,,,,,,,,,,,,2000,,,,
LEOMOTION,Leom--1100,Leomotion,,,,1100,,,,280,,,,,,,,,,,,,,,2500,,,,
LEOMOTION,Leom--1100,Leomotion,,,,1100,,,,340,,,,,,,,,,,,,,,2700,,,,
LEOMOTION,Leom--1100,Leomotion,,,,1100,,,,89,,,,,,,,,,,,,,,320,,,,
LEOMOTION,Leom--1100,Leomotion,,,,1100,,,,98,,,,,,,,,,,,,,,360,,,,
LEOMOTION,Leom--1100,Leomotion,,,,1100,,,,211,,,,,,,,,,,,,,,907,,,,
LEOMOTION,Leom--1125,Leomotion,,,,1125,,,,175,,,,,,,,,,,,,,,1400,,,,
LEOMOTION,Leom--1150,Leomotion,,,,1150,,,,620,,,,,,,,,,,,,,,4500,,,,
LEOMOTION,Leom--1150,Leomotion,,,,1150,,,,58,,,,,,,,,,,,,,,276,,,,
LEOMOTION,Leom--1160,Leomotion,,,,1160,,,,70,,,,,,,,,,,,,,,250,,,,
LEOMOTION,Leom--1160,Leomotion,,,,1160,,,,77,,,,,,,,,,,,,,,310,,,,
LEOMOTION,Leom--1167,Leomotion,,,,1167,,,,400,,,,,,,,,,,,,,,3000,,,,
LEOMOTION,Leom--1175,Leomotion,,,,1175,,,,155,,,,,,,,,,,,,,,1200,,,,
LEOMOTION,Leom--1175,Leomotion,,,,1175,,,,130,,,,,,,,,,,,,,,600,,,,
LEOMOTION,Leom--1180,Leomotion,,,,1180,,,,47,,,,,,,,,,,,,,,240,,,,
LEOMOTION,Leom--1180,Leomotion,,,,1180,,,,140,,,,,,,,,,,,,,,580,,,,
LEOMOTION,Leom--1190,Leomotion,,,,1190,,,,970,,,,,,,,,,,,,,,6400,,,,
LEOMOTION,Leom--1200,Leomotion,,,,1200,,,,340,,,,,,,,,,,,,,,2700,,,,
LEOMOTION,Leom--1200,Leomotion,,,,1200,,,,480,,,,,,,,,,,,,,,3500,,,,
LEOMOTION,Leom--1213,Leomotion,,,,1213,,,,175,,,,,,,,,,,,,,,1400,,,,
LEOMOTION,Leom--1220,Leomotion,,,,1220,,,,74,,,,,,,,,,,,,,,260,,,,
LEOMOTION,Leom--1250,Leomotion,,,,1250,,,,212,,,,,,,,,,,,,,,2000,,,,
LEOMOTION,Leom--1250,Leomotion,,,,1250,,,,400,,,,,,,,,,,,,,,3000,,,,
LEOMOTION,Leom--1250,Leomotion,,,,1250,,,,620,,,,,,,,,,,,,,,4500,,,,
LEOMOTION,Leom--1250,Leomotion,,,,1250,,,,91,,,,,,,,,,,,,,,395,,,,
LEOMOTION,Leom--1250,Leomotion,,,,1250,,,,120,,,,,,,,,,,,,,,725,,,,
LEOMOTION,Leom--1275,Leomotion,,,,1275,,,,830,,,,,,,,,,,,,,,5600,,,,
LEOMOTION,Leom--1300,Leomotion,,,,1300,,,,190,,,,,,,,,,,,,,,1600,,,,
LEOMOTION,Leom--1324,Leomotion,,,,1324,,,,155,,,,,,,,,,,,,,,1200,,,,
LEOMOTION,Leom--1348,Leomotion,,,,1348,,,,175,,,,,,,,,,,,,,,1400,,,,
LEOMOTION,Leom--1350,Leomotion,,,,1350,,,,130,,,,,,,,,,,,,,,600,,,,
LEOMOTION,Leom--1350,Leomotion,,,,1350,,,,185,,,,,,,,,,,,,,,1200,,,,
LEOMOTION,Leom--1350,Leomotion,,,,1350,,,,57,,,,,,,,,,,,,,,220,,,,
LEOMOTION,Leom--1350,Leomotion,,,,1350,,,,88,,,,,,,,,,,,,,,360,,,,
LEOMOTION,Leom--1350,Leomotion,,,,1350,,,,98,,,,,,,,,,,,,,,400,,,,
LEOMOTION,Leom--1350,Leomotion,,,,1350,,,,104,,,,,,,,,,,,,,,480,,,,
LEOMOTION,Leom--1355,Leomotion,,,,1355,,,,73,,,,,,,,,,,,,,,270,,,,
LEOMOTION,Leom--1360,Leomotion,,,,1360,,,,340,,,,,,,,,,,,,,,2700,,,,
LEOMOTION,Leom--1360,Leomotion,,,,1360,,,,71,,,,,,,,,,,,,,,290,,,,
LEOMOTION,Leom--1370,Leomotion,,,,1370,,,,44,,,,,,,,,,,,,,,170,,,,
LEOMOTION,Leom--1370,Leomotion,,,,1370,,,,77,,,,,,,,,,,,,,,350,,,,
LEOMOTION,Leom--1370,Leomotion,,,,1370,,,,89,,,,,,,,,,,,,,,370,,,,
LEOMOTION,Leom--1380,Leomotion,,,,1380,,,,258,,,,,,,,,,,,,,,1900,,,,
LEOMOTION,Leom--1380,Leomotion,,,,1380,,,,280,,,,,,,,,,,,,,,2500,,,,
LEOMOTION,Leom--1380,Leomotion,,,,1380,,,,106,,,,,,,,,,,,,,,340,,,,
LEOMOTION,Leom--1400,Leomotion,,,,1400,,,,132,,,,,,,,,,,,,,,1000,,,,
LEOMOTION,Leom--1400,Leomotion,,,,1400,,,,155,,,,,,,,,,,,,,,1200,,,,
LEOMOTION,Leom--1400,Leomotion,,,,1400,,,,175,,,,,,,,,,,,,,,1400,,,,
LEOMOTION,Leom--1400,Leomotion,,,,1400,,,,400,,,,,,,,,,,,,,,3000,,,,
LEOMOTION,Leom--1425,Leomotion,,,,1425,,,,480,,,,,,,,,,,,,,,3500,,,,
LEOMOTION,Leom--1440,Leomotion,,,,1440,,,,28,,,,,,,,,,,,,,,90,,,,
LEOMOTION,Leom--1450,Leomotion,,,,1450,,,,212,,,,,,,,,,,,,,,2000,,,,
LEOMOTION,Leom--1456,Leomotion,,,,1456,,,,155,,,,,,,,,,,,,,,1200,,,,
LEOMOTION,Leom--1470,Leomotion,,,,1470,,,,2023-07-25 00:00:00,,,,,,,,,,,,,,,70,,,,
LEOMOTION,Leom--1470,Leomotion,,,,1470,,,,19,,,,,,,,,,,,,,,95,,,,
LEOMOTION,Leom--1475,Leomotion,,,,1475,,,,280,,,,,,,,,,,,,,,2500,,,,
LEOMOTION,Leom--1500,Leomotion,,,,1500,,,,340,,,,,,,,,,,,,,,2700,,,,
LEOMOTION,Leom--1500,Leomotion,,,,1500,,,,340,,,,,,,,,,,,,,,3000,,,,
LEOMOTION,Leom--1500,Leomotion,,,,1500,,,,620,,,,,,,,,,,,,,,4500,,,,
LEOMOTION,Leom--1512,Leomotion,,,,1512,,,,132,,,,,,,,,,,,,,,1000,,,,
LEOMOTION,Leom--1517,Leomotion,,,,1517,,,,132,,,,,,,,,,,,,,,1000,,,,
LEOMOTION,Leom--1517,Leomotion,,,,1517,,,,175,,,,,,,,,,,,,,,1400,,,,
LEOMOTION,Leom--1517,Leomotion,,,,1517,,,,205,,,,,,,,,,,,,,,1800,,,,
LEOMOTION,Leom--1550,Leomotion,,,,1550,,,,48,,,,,,,,,,,,,,,294,,,,
LEOMOTION,Leom--1550,Leomotion,,,,1550,,,,42,,,,,,,,,,,,,,,278,,,,
LEOMOTION,Leom--1577,Leomotion,,,,1577,,,,480,,,,,,,,,,,,,,,3500,,,,
LEOMOTION,Leom--1600,Leomotion,,,,1600,,,,37,,,,,,,,,,,,,,,222,,,,
LEOMOTION,Leom--1600,Leomotion,,,,1600,,,,32,,,,,,,,,,,,,,,200,,,,
LEOMOTION,Leom--1600,Leomotion,,,,1600,,,,21,,,,,,,,,,,,,,,38,,,,
LEOMOTION,Leom--1600,Leomotion,,,,1600,,,,14,,,,,,,,,,,,,,,38,,,,
LEOMOTION,Leom--1610,Leomotion,,,,1610,,,,20,,,,,,,,,,,,,,,72,,,,
LEOMOTION,Leom--1618,Leomotion,,,,1618,,,,155,,,,,,,,,,,,,,,1200,,,,
LEOMOTION,Leom--1620,Leomotion,,,,1620,,,,2023-05-16 00:00:00,,,,,,,,,,,,,,,63,,,,
LEOMOTION,Leom--1620,Leomotion,,,,1620,,,,2023-05-16 00:00:00,,,,,,,,,,,,,,,65,,,,
LEOMOTION,Leom--1630,Leomotion,,,,1630,,,,44,,,,,,,,,,,,,,,140,,,,
LEOMOTION,Leom--1650,Leomotion,,,,1650,,,,298,,,,,,,,,,,,,,,2200,,,,
LEOMOTION,Leom--1650,Leomotion,,,,1650,,,,340,,,,,,,,,,,,,,,2700,,,,
LEOMOTION,Leom--1650,Leomotion,,,,1650,,,,130,,,,,,,,,,,,,,,600,,,,
LEOMOTION,Leom--1650,Leomotion,,,,1650,,,,12,,,,,,,,,,,,,,,32.5,,,,
LEOMOTION,Leom--1650,Leomotion,,,,1650,,,,2023-05-11 00:00:00,,,,,,,,,,,,,,,27,,,,
LEOMOTION,Leom--1650,Leomotion,,,,1650,,,,2023-05-18 00:00:00,,,,,,,,,,,,,,,37,,,,
LEOMOTION,Leom--1650,Leomotion,,,,1650,,,,2023-05-12 00:00:00,,,,,,,,,,,,,,,37,,,,
LEOMOTION,Leom--1655,Leomotion,,,,1655,,,,132,,,,,,,,,,,,,,,1000,,,,
LEOMOTION,Leom--1700,Leomotion,,,,1700,,,,170,,,,,,,,,,,,,,,1500,,,,
LEOMOTION,Leom--1700,Leomotion,,,,1700,,,,280,,,,,,,,,,,,,,,2500,,,,
LEOMOTION,Leom--1700,Leomotion,,,,1700,,,,21,,,,,,,,,,,,,,,65,,,,
LEOMOTION,Leom--1700,Leomotion,,,,1700,,,,28,,,,,,,,,,,,,,,144,,,,
LEOMOTION,Leom--1700,Leomotion,,,,1700,,,,23,,,,,,,,,,,,,,,122,,,,
LEOMOTION,Leom--1700,Leomotion,,,,1700,,,,16,,,,,,,,,,,,,,,25,,,,
LEOMOTION,Leom--1700,Leomotion,,,,1700,,,,10,,,,,,,,,,,,,,,25,,,,
LEOMOTION,Leom--1720,Leomotion,,,,1720,,,,28,,,,,,,,,,,,,,,105,,,,
LEOMOTION,Leom--1733,Leomotion,,,,1733,,,,175,,,,,,,,,,,,,,,1400,,,,
LEOMOTION,Leom--1733,Leomotion,,,,1733,,,,190,,,,,,,,,,,,,,,1600,,,,
LEOMOTION,Leom--1750,Leomotion,,,,1750,,,,155,,,,,,,,,,,,,,,1200,,,,
LEOMOTION,Leom--1750,Leomotion,,,,1750,,,,175,,,,,,,,,,,,,,,1400,,,,
LEOMOTION,Leom--1750,Leomotion,,,,1750,,,,400,,,,,,,,,,,,,,,3000,,,,
LEOMOTION,Leom--1780,Leomotion,,,,1780,,,,2023-07-25 00:00:00,,,,,,,,,,,,,,,70,,,,
LEOMOTION,Leom--1800,Leomotion,,,,1800,,,,19,,,,,,,,,,,,,,,80,,,,
LEOMOTION,Leom--1800,Leomotion,,,,1800,,,,47,,,,,,,,,,,,,,,200,,,,
LEOMOTION,Leom--1800,Leomotion,,,,1800,,,,90,,,,,,,,,,,,,,,300,,,,
LEOMOTION,Leom--1814,Leomotion,,,,1814,,,,132,,,,,,,,,,,,,,,1000,,,,
LEOMOTION,Leom--1820,Leomotion,,,,1820,,,,132,,,,,,,,,,,,,,,1000,,,,
LEOMOTION,Leom--1820,Leomotion,,,,1820,,,,155,,,,,,,,,,,,,,,1200,,,,
LEOMOTION,Leom--1820,Leomotion,,,,1820,,,,196,,,,,,,,,,,,,,,1400,,,,
LEOMOTION,Leom--1820,Leomotion,,,,1820,,,,212,,,,,,,,,,,,,,,2000,,,,
LEOMOTION,Leom--1850,Leomotion,,,,1850,,,,258,,,,,,,,,,,,,,,1900,,,,
LEOMOTION,Leom--1850,Leomotion,,,,1850,,,,170,,,,,,,,,,,,,,,1500,,,,
LEOMOTION,Leom--1850,Leomotion,,,,1850,,,,280,,,,,,,,,,,,,,,2500,,,,
LEOMOTION,Leom--1850,Leomotion,,,,1850,,,,104,,,,,,,,,,,,,,,440,,,,
LEOMOTION,Leom--1867,Leomotion,,,,1867,,,,105,,,,,,,,,,,,,,,600,,,,
LEOMOTION,Leom--1900,Leomotion,,,,1900,,,,105,,,,,,,,,,,,,,,600,,,,
LEOMOTION,Leom--1900,Leomotion,,,,1900,,,,175,,,,,,,,,,,,,,,1400,,,,
LEOMOTION,Leom--1900,Leomotion,,,,1900,,,,400,,,,,,,,,,,,,,,3000,,,,
LEOMOTION,Leom--1900,Leomotion,,,,1900,,,,480,,,,,,,,,,,,,,,3500,,,,
LEOMOTION,Leom--1900,Leomotion,,,,1900,,,,89,,,,,,,,,,,,,,,320,,,,
LEOMOTION,Leom--1960,Leomotion,,,,1960,,,,20,,,,,,,,,,,,,,,80,,,,
LEOMOTION,Leom--2022,Leomotion,,,,2022,,,,105,,,,,,,,,,,,,,,600,,,,
LEOMOTION,Leom--2022,Leomotion,,,,2022,,,,132,,,,,,,,,,,,,,,1000,,,,
LEOMOTION,Leom--2022,Leomotion,,,,2022,,,,175,,,,,,,,,,,,,,,1400,,,,
LEOMOTION,Leom--2035,Leomotion,,,,2035,,,,130,,,,,,,,,,,,,,,600,,,,
LEOMOTION,Leom--2050,Leomotion,,,,2050,,,,105,,,,,,,,,,,,,,,600,,,,
LEOMOTION,Leom--2050,Leomotion,,,,2050,,,,258,,,,,,,,,,,,,,,1900,,,,
LEOMOTION,Leom--2050,Leomotion,,,,2050,,,,298,,,,,,,,,,,,,,,2200,,,,
LEOMOTION,Leom--2050,Leomotion,,,,2050,,,,280,,,,,,,,,,,,,,,2500,,,,
LEOMOTION,Leom--2050,Leomotion,,,,2050,,,,340,,,,,,,,,,,,,,,2700,,,,
LEOMOTION,Leom--2080,Leomotion,,,,2080,,,,155,,,,,,,,,,,,,,,1200,,,,
LEOMOTION,Leom--2100,Leomotion,,,,2100,,,,175,,,,,,,,,,,,,,,1400,,,,
LEOMOTION,Leom--2100,Leomotion,,,,2100,,,,190,,,,,,,,,,,,,,,1600,,,,
LEOMOTION,Leom--2100,Leomotion,,,,2100,,,,89,,,,,,,,,,,,,,,400,,,,
LEOMOTION,Leom--2150,Leomotion,,,,2150,,,,350,,,,,,,,,,,,,,,2500,,,,
LEOMOTION,Leom--2160,Leomotion,,,,2160,,,,2023-05-10 00:00:00,,,,,,,,,,,,,,,45,,,,
LEOMOTION,Leom--2200,Leomotion,,,,2200,,,,298,,,,,,,,,,,,,,,2200,,,,
LEOMOTION,Leom--2200,Leomotion,,,,2200,,,,170,,,,,,,,,,,,,,,1500,,,,
LEOMOTION,Leom--2200,Leomotion,,,,2200,,,,340,,,,,,,,,,,,,,,2700,,,,
LEOMOTION,Leom--2200,Leomotion,,,,2200,,,,44,,,,,,,,,,,,,,,210,,,,
LEOMOTION,Leom--2206,Leomotion,,,,2206,,,,105,,,,,,,,,,,,,,,600,,,,
LEOMOTION,Leom--2250,Leomotion,,,,2250,,,,132,,,,,,,,,,,,,,,1000,,,,
LEOMOTION,Leom--2250,Leomotion,,,,2250,,,,212,,,,,,,,,,,,,,,2000,,,,
LEOMOTION,Leom--2250,Leomotion,,,,2250,,,,16,,,,,,,,,,,,,,,45,,,,
LEOMOTION,Leom--2275,Leomotion,,,,2275,,,,205,,,,,,,,,,,,,,,1800,,,,
LEOMOTION,Leom--2300,Leomotion,,,,2300,,,,620,,,,,,,,,,,,,,,4500,,,,
LEOMOTION,Leom--2300,Leomotion,,,,2300,,,,23,,,,,,,,,,,,,,,95,,,,
LEOMOTION,Leom--2300,Leomotion,,,,2300,,,,27,,,,,,,,,,,,,,,130,,,,
LEOMOTION,Leom--2330,Leomotion,,,,2330,,,,7,,,,,,,,,,,,,,,25,,,,
LEOMOTION,Leom--2350,Leomotion,,,,2350,,,,155,,,,,,,,,,,,,,,1200,,,,
LEOMOTION,Leom--2350,Leomotion,,,,2350,,,,400,,,,,,,,,,,,,,,3000,,,,
LEOMOTION,Leom--2375,Leomotion,,,,2375,,,,132,,,,,,,,,,,,,,,1000,,,,
LEOMOTION,Leom--2400,Leomotion,,,,2400,,,,61,,,,,,,,,,,,,,,300,,,,
LEOMOTION,Leom--2400,Leomotion,,,,2400,,,,196,,,,,,,,,,,,,,,1400,,,,
LEOMOTION,Leom--2400,Leomotion,,,,2400,,,,212,,,,,,,,,,,,,,,2000,,,,
LEOMOTION,Leom--2427,Leomotion,,,,2427,,,,80,,,,,,,,,,,,,,,400,,,,
LEOMOTION,Leom--2427,Leomotion,,,,2427,,,,105,,,,,,,,,,,,,,,600,,,,
LEOMOTION,Leom--2427,Leomotion,,,,2427,,,,155,,,,,,,,,,,,,,,1200,,,,
LEOMOTION,Leom--2427,Leomotion,,,,2427,,,,175,,,,,,,,,,,,,,,1400,,,,
LEOMOTION,Leom--2450,Leomotion,,,,2450,,,,105,,,,,,,,,,,,,,,600,,,,
LEOMOTION,Leom--2550,Leomotion,,,,2550,,,,258,,,,,,,,,,,,,,,1900,,,,
LEOMOTION,Leom--2550,Leomotion,,,,2550,,,,170,,,,,,,,,,,,,,,1500,,,,
LEOMOTION,Leom--2550,Leomotion,,,,2550,,,,280,,,,,,,,,,,,,,,2500,,,,
LEOMOTION,Leom--2600,Leomotion,,,,2600,,,,80,,,,,,,,,,,,,,,400,,,,
LEOMOTION,Leom--2600,Leomotion,,,,2600,,,,132,,,,,,,,,,,,,,,1000,,,,
LEOMOTION,Leom--2600,Leomotion,,,,2600,,,,155,,,,,,,,,,,,,,,1200,,,,
LEOMOTION,Leom--2600,Leomotion,,,,2600,,,,175,,,,,,,,,,,,,,,1400,,,,
LEOMOTION,Leom--2600,Leomotion,,,,2600,,,,190,,,,,,,,,,,,,,,1600,,,,
LEOMOTION,Leom--2696,Leomotion,,,,2696,,,,105,,,,,,,,,,,,,,,600,,,,
LEOMOTION,Leom--2700,Leomotion,,,,2700,,,,298,,,,,,,,,,,,,,,2200,,,,
LEOMOTION,Leom--2700,Leomotion,,,,2700,,,,212,,,,,,,,,,,,,,,2000,,,,
LEOMOTION,Leom--2700,Leomotion,,,,2700,,,,340,,,,,,,,,,,,,,,2700,,,,
LEOMOTION,Leom--2750,Leomotion,,,,2750,,,,258,,,,,,,,,,,,,,,1900,,,,
LEOMOTION,Leom--2750,Leomotion,,,,2750,,,,280,,,,,,,,,,,,,,,2500,,,,
LEOMOTION,Leom--2760,Leomotion,,,,2760,,,,165,,,,,,,,,,,,,,,900,,,,
LEOMOTION,Leom--2760,Leomotion,,,,2760,,,,170,,,,,,,,,,,,,,,1500,,,,
LEOMOTION,Leom--2770,Leomotion,,,,2770,,,,43,,,,,,,,,,,,,,,210,,,,
LEOMOTION,Leom--2800,Leomotion,,,,2800,,,,80,,,,,,,,,,,,,,,400,,,,
LEOMOTION,Leom--2800,Leomotion,,,,2800,,,,132,,,,,,,,,,,,,,,1000,,,,
LEOMOTION,Leom--2800,Leomotion,,,,2800,,,,175,,,,,,,,,,,,,,,1400,,,,
LEOMOTION,Leom--2900,Leomotion,,,,2900,,,,170,,,,,,,,,,,,,,,1500,,,,
LEOMOTION,Leom--2900,Leomotion,,,,2900,,,,480,,,,,,,,,,,,,,,3500,,,,
LEOMOTION,Leom--2912,Leomotion,,,,2912,,,,155,,,,,,,,,,,,,,,1200,,,,
LEOMOTION,Leom--3025,Leomotion,,,,3025,,,,132,,,,,,,,,,,,,,,1000,,,,
LEOMOTION,Leom--3033,Leomotion,,,,3033,,,,80,,,,,,,,,,,,,,,400,,,,
LEOMOTION,Leom--3033,Leomotion,,,,3033,,,,105,,,,,,,,,,,,,,,600,,,,
LEOMOTION,Leom--3033,Leomotion,,,,3033,,,,132,,,,,,,,,,,,,,,1000,,,,
LEOMOTION,Leom--3033,Leomotion,,,,3033,,,,175,,,,,,,,,,,,,,,1400,,,,
LEOMOTION,Leom--3033,Leomotion,,,,3033,,,,205,,,,,,,,,,,,,,,1800,,,,
LEOMOTION,Leom--3050,Leomotion,,,,3050,,,,80,,,,,,,,,,,,,,,400,,,,
LEOMOTION,Leom--3100,Leomotion,,,,3100,,,,105,,,,,,,,,,,,,,,600,,,,
LEOMOTION,Leom--3125,Leomotion,,,,3125,,,,61,,,,,,,,,,,,,,,300,,,,
LEOMOTION,Leom--3250,Leomotion,,,,3250,,,,155,,,,,,,,,,,,,,,1200,,,,
LEOMOTION,Leom--3300,Leomotion,,,,3300,,,,80,,,,,,,,,,,,,,,400,,,,
LEOMOTION,Leom--3300,Leomotion,,,,3300,,,,258,,,,,,,,,,,,,,,1900,,,,
LEOMOTION,Leom--3300,Leomotion,,,,3300,,,,212,,,,,,,,,,,,,,,2000,,,,
LEOMOTION,Leom--3300,Leomotion,,,,3300,,,,280,,,,,,,,,,,,,,,2500,,,,
LEOMOTION,Leom--3309,Leomotion,,,,3309,,,,80,,,,,,,,,,,,,,,400,,,,
LEOMOTION,Leom--3350,Leomotion,,,,3350,,,,132,,,,,,,,,,,,,,,1000,,,,
LEOMOTION,Leom--3400,Leomotion,,,,3400,,,,170,,,,,,,,,,,,,,,1500,,,,
LEOMOTION,Leom--3467,Leomotion,,,,3467,,,,105,,,,,,,,,,,,,,,600,,,,
LEOMOTION,Leom--3500,Leomotion,,,,3500,,,,155,,,,,,,,,,,,,,,1200,,,,
LEOMOTION,Leom--3500,Leomotion,,,,3500,,,,175,,,,,,,,,,,,,,,1400,,,,
LEOMOTION,Leom--3500,Leomotion,,,,3500,,,,400,,,,,,,,,,,,,,,3000,,,,
LEOMOTION,Leom--3567,Leomotion,,,,3567,,,,190,,,,,,,,,,,,,,,1600,,,,
LEOMOTION,Leom--3600,Leomotion,,,,3600,,,,196,,,,,,,,,,,,,,,1400,,,,
LEOMOTION,Leom--3600,Leomotion,,,,3600,,,,212,,,,,,,,,,,,,,,2000,,,,
LEOMOTION,Leom--3640,Leomotion,,,,3640,,,,80,,,,,,,,,,,,,,,400,,,,
LEOMOTION,Leom--3640,Leomotion,,,,3640,,,,132,,,,,,,,,,,,,,,1000,,,,
LEOMOTION,Leom--3640,Leomotion,,,,3640,,,,155,,,,,,,,,,,,,,,1200,,,,
LEOMOTION,Leom--3700,Leomotion,,,,3700,,,,165,,,,,,,,,,,,,,,900,,,,
LEOMOTION,Leom--3700,Leomotion,,,,3700,,,,170,,,,,,,,,,,,,,,1500,,,,
LEOMOTION,Leom--3800,Leomotion,,,,3800,,,,80,,,,,,,,,,,,,,,400,,,,
LEOMOTION,Leom--3850,Leomotion,,,,3850,,,,105,,,,,,,,,,,,,,,600,,,,
LEOMOTION,Leom--3900,Leomotion,,,,3900,,,,132,,,,,,,,,,,,,,,1000,,,,
LEOMOTION,Leom--4044,Leomotion,,,,4044,,,,80,,,,,,,,,,,,,,,400,,,,
LEOMOTION,Leom--4044,Leomotion,,,,4044,,,,105,,,,,,,,,,,,,,,600,,,,
LEOMOTION,Leom--4044,Leomotion,,,,4044,,,,175,,,,,,,,,,,,,,,1400,,,,
LEOMOTION,Leom--4100,Leomotion,,,,4100,,,,105,,,,,,,,,,,,,,,600,,,,
LEOMOTION,Leom--4100,Leomotion,,,,4100,,,,298,,,,,,,,,,,,,,,2200,,,,
LEOMOTION,Leom--4100,Leomotion,,,,4100,,,,170,,,,,,,,,,,,,,,1500,,,,
LEOMOTION,Leom--4100,Leomotion,,,,4100,,,,340,,,,,,,,,,,,,,,2700,,,,
LEOMOTION,Leom--4200,Leomotion,,,,4200,,,,132,,,,,,,,,,,,,,,1000,,,,
LEOMOTION,Leom--4350,Leomotion,,,,4350,,,,155,,,,,,,,,,,,,,,1200,,,,
LEOMOTION,Leom--4500,Leomotion,,,,4500,,,,196,,,,,,,,,,,,,,,1400,,,,
LEOMOTION,Leom--4500,Leomotion,,,,4500,,,,212,,,,,,,,,,,,,,,2000,,,,
LEOMOTION,Leom--4550,Leomotion,,,,4550,,,,80,,,,,,,,,,,,,,,400,,,,
LEOMOTION,Leom--4550,Leomotion,,,,4550,,,,132,,,,,,,,,,,,,,,1000,,,,
LEOMOTION,Leom--4550,Leomotion,,,,4550,,,,132,,,,,,,,,,,,,,,1000,,,,
LEOMOTION,Leom--4550,Leomotion,,,,4550,,,,205,,,,,,,,,,,,,,,1800,,,,
LEOMOTION,Leom--4853,Leomotion,,,,4853,,,,105,,,,,,,,,,,,,,,600,,,,
LEOMOTION,Leom--4853,Leomotion,,,,4853,,,,155,,,,,,,,,,,,,,,1200,,,,
LEOMOTION,Leom--4875,Leomotion,,,,4875,,,,258,,,,,,,,,,,,,,,1900,,,,
LEOMOTION,Leom--4875,Leomotion,,,,4875,,,,280,,,,,,,,,,,,,,,2500,,,,
LEOMOTION,Leom--4900,Leomotion,,,,4900,,,,48,,,,,,,,,,,,,,,450,,,,
LEOMOTION,Leom--4900,Leomotion,,,,4900,,,,73,,,,,,,,,,,,,,,500,,,,
LEOMOTION,Leom--4900,Leomotion,,,,4900,,,,77,,,,,,,,,,,,,,,500,,,,
LEOMOTION,Leom--4900,Leomotion,,,,4900,,,,105,,,,,,,,,,,,,,,500,,,,
LEOMOTION,Leom--5000,Leomotion,,,,5000,,,,80,,,,,,,,,,,,,,,400,,,,
LEOMOTION,Leom--5200,Leomotion,,,,5200,,,,80,,,,,,,,,,,,,,,400,,,,
LEOMOTION,Leom--5200,Leomotion,,,,5200,,,,175,,,,,,,,,,,,,,,1400,,,,
LEOMOTION,Leom--5200,Leomotion,,,,5200,,,,170,,,,,,,,,,,,,,,1500,,,,
LEOMOTION,Leom--5500,Leomotion,,,,5500,,,,165,,,,,,,,,,,,,,,900,,,,
LEOMOTION,Leom--5500,Leomotion,,,,5500,,,,170,,,,,,,,,,,,,,,1500,,,,
LEOMOTION,Leom--5600,Leomotion,,,,5600,,,,132,,,,,,,,,,,,,,,1000,,,,
LEOMOTION,Leom--6000,Leomotion,,,,6000,,,,48,,,,,,,,,,,,,,,450,,,,
LEOMOTION,Leom--6000,Leomotion,,,,6000,,,,73,,,,,,,,,,,,,,,500,,,,
LEOMOTION,Leom--6000,Leomotion,,,,6000,,,,77,,,,,,,,,,,,,,,500,,,,
LEOMOTION,Leom--6000,Leomotion,,,,6000,,,,105,,,,,,,,,,,,,,,500,,,,
LEOMOTION,Leom--6067,Leomotion,,,,6067,,,,80,,,,,,,,,,,,,,,400,,,,
LEOMOTION,Leom--6067,Leomotion,,,,6067,,,,105,,,,,,,,,,,,,,,600,,,,
LEOMOTION,Leom--6067,Leomotion,,,,6067,,,,132,,,,,,,,,,,,,,,1000,,,,
LEOMOTION,Leom--6067,Leomotion,,,,6067,,,,175,,,,,,,,,,,,,,,1400,,,,
LEOMOTION,Leom--6150,Leomotion,,,,6150,,,,105,,,,,,,,,,,,,,,600,,,,
LEOMOTION,Leom--6500,Leomotion,,,,6500,,,,155,,,,,,,,,,,,,,,1200,,,,
LEOMOTION,Leom--6660,Leomotion,,,,6660,,,,80,,,,,,,,,,,,,,,400,,,,
LEOMOTION,Leom--6700,Leomotion,,,,6700,,,,196,,,,,,,,,,,,,,,1400,,,,
LEOMOTION,Leom--6700,Leomotion,,,,6700,,,,212,,,,,,,,,,,,,,,2000,,,,
LEOMOTION,Leom--6800,Leomotion,,,,6800,,,,165,,,,,,,,,,,,,,,900,,,,
LEOMOTION,Leom--6800,Leomotion,,,,6800,,,,170,,,,,,,,,,,,,,,1500,,,,
LEOMOTION,Leom--7280,Leomotion,,,,7280,,,,80,,,,,,,,,,,,,,,400,,,,
LEOMOTION,Leom--7280,Leomotion,,,,7280,,,,155,,,,,,,,,,,,,,,1200,,,,
LEOMOTION,Leom--8089,Leomotion,,,,8089,,,,105,,,,,,,,,,,,,,,600,,,,
LEOMOTION,Leom--8400,Leomotion,,,,8400,,,,132,,,,,,,,,,,,,,,1000,,,,
LEOMOTION,Leom--9100,Leomotion,,,,9100,,,,80,,,,,,,,,,,,,,,400,,,,
LEOMOTION,Leom--9100,Leomotion,,,,9100,,,,132,,,,,,,,,,,,,,,1000,,,,
LEOMOTION,Leom--9900,Leomotion,,,,9900,,,,165,,,,,,,,,,,,,,,900,,,,
LEOMOTION,Leom--10000,Leomotion,,,,10000,,,,80,,,,,,,,,,,,,,,400,,,,
LEOPARD,Leop--105,Leopard,,,,105,,,,563,,,,,,,,,,,,,,,600,,,,
LEOPARD,Leop--115,Leopard,,,,115,,,,563,,,,,,,,,,,,,,,600,,,,
LEOPARD,Leop--160,Leopard,,,,160,,,,1093,,,,,,,,,,,,,,,1125,,,,
LEOPARD,Leop--175,Leopard,,,,175,,,,1093,,,,,,,,,,,,,,,1350,,,,
LEOPARD,Leop--210,Leopard,,,,210,,,,563,,,,,,,,,,,,,,,1050,,,,
LEOPARD,Leop--220,Leopard,,,,220,,,,1093,,,,,,,,,,,,,,,1650,,,,
LEOPARD,Leop--245,Leopard,,,,245,,,,563,,,,,,,,,,,,,,,1050,,,,
LEOPARD,Leop--250,Leopard,,,,250,,,,1093,,,,,,,,,,,,,,,1800,,,,
LEOPARD,Leop--260,Leopard,,,,260,,,,270,,,,,,,,,,,,,,,450,,,,
LEOPARD,Leop--260,Leopard,,,,260,,,,270,,,,,,,,,,,,,,,450,,,,
LEOPARD,Leop--270,Leopard,,,,270,,,,563,,,,,,,,,,,,,,,1200,,,,
LEOPARD,Leop--300,Leopard,,,,300,,,,268,,,,,,,,,,,,,,,525,,,,
LEOPARD,Leop--300,Leopard,,,,300,,,,563,,,,,,,,,,,,,,,1200,,,,
LEOPARD,Leop--310,Leopard,,,,310,,,,268,,,,,,,,,,,,,,,525,,,,
LEOPARD,Leop--310,Leopard,,,,310,,,,563,,,,,,,,,,,,,,,1275,,,,
LEOPARD,Leop--330,Leopard,,,,330,,,,268,,,,,,,,,,,,,,,570,,,,
LEOPARD,Leop--330,Leopard,,,,330,,,,270,,,,,,,,,,,,,,,750,,,,
LEOPARD,Leop--330,Leopard,,,,330,,,,270,,,,,,,,,,,,,,,750,,,,
LEOPARD,Leop--330,Leopard,,,,330,,,,364,,,,,,,,,,,,,,,750,,,,
LEOPARD,Leop--330,Leopard,,,,330,,,,151,,,,,,,,,,,,,,,420,,,,
LEOPARD,Leop--330,Leopard,,,,330,,,,187,,,,,,,,,,,,,,,650,,,,
LEOPARD,Leop--330,Leopard,,,,330,,,,223,,,,,,,,,,,,,,,700,,,,
LEOPARD,Leop--340,Leopard,,,,340,,,,563,,,,,,,,,,,,,,,1275,,,,
LEOPARD,Leop--350,Leopard,,,,350,,,,268,,,,,,,,,,,,,,,570,,,,
LEOPARD,Leop--350,Leopard,,,,350,,,,364,,,,,,,,,,,,,,,750,,,,
LEOPARD,Leop--350,Leopard,,,,350,,,,563,,,,,,,,,,,,,,,1350,,,,
LEOPARD,Leop--360,Leopard,,,,360,,,,195,,,,,,,,,,,,,,,420,,,,
LEOPARD,Leop--360,Leopard,,,,360,,,,270,,,,,,,,,,,,,,,675,,,,
LEOPARD,Leop--370,Leopard,,,,370,,,,268,,,,,,,,,,,,,,,630,,,,
LEOPARD,Leop--370,Leopard,,,,370,,,,270,,,,,,,,,,,,,,,675,,,,
LEOPARD,Leop--370,Leopard,,,,370,,,,128,,,,,,,,,,,,,,,350,,,,
LEOPARD,Leop--370,Leopard,,,,370,,,,177,,,,,,,,,,,,,,,550,,,,
LEOPARD,Leop--380,Leopard,,,,380,,,,135,,,,,,,,,,,,,,,225,,,,
LEOPARD,Leop--380,Leopard,,,,380,,,,364,,,,,,,,,,,,,,,900,,,,
LEOPARD,Leop--380,Leopard,,,,380,,,,563,,,,,,,,,,,,,,,1350,,,,
LEOPARD,Leop--380,Leopard,,,,380,,,,151,,,,,,,,,,,,,,,420,,,,
LEOPARD,Leop--390,Leopard,,,,390,,,,268,,,,,,,,,,,,,,,630,,,,
LEOPARD,Leop--390,Leopard,,,,390,,,,270,,,,,,,,,,,,,,,825,,,,
LEOPARD,Leop--390,Leopard,,,,390,,,,364,,,,,,,,,,,,,,,900,,,,
LEOPARD,Leop--400,Leopard,,,,400,,,,165,,,,,,,,,,,,,,,800,,,,
LEOPARD,Leop--400,Leopard,,,,400,,,,201,,,,,,,,,,,,,,,1050,,,,
LEOPARD,Leop--400,Leopard,,,,400,,,,135,,,,,,,,,,,,,,,550,,,,
LEOPARD,Leop--410,Leopard,,,,410,,,,195,,,,,,,,,,,,,,,420,,,,
LEOPARD,Leop--410,Leopard,,,,410,,,,285,,,,,,,,,,,,,,,1400,,,,
LEOPARD,Leop--410,Leopard,,,,410,,,,223,,,,,,,,,,,,,,,780,,,,
LEOPARD,Leop--420,Leopard,,,,420,,,,135,,,,,,,,,,,,,,,270,,,,
LEOPARD,Leop--420,Leopard,,,,420,,,,268,,,,,,,,,,,,,,,675,,,,
LEOPARD,Leop--420,Leopard,,,,420,,,,270,,,,,,,,,,,,,,,825,,,,
LEOPARD,Leop--420,Leopard,,,,420,,,,187,,,,,,,,,,,,,,,740,,,,
LEOPARD,Leop--430,Leopard,,,,430,,,,270,,,,,,,,,,,,,,,930,,,,
LEOPARD,Leop--430,Leopard,,,,430,,,,364,,,,,,,,,,,,,,,1050,,,,
LEOPARD,Leop--430,Leopard,,,,430,,,,364,,,,,,,,,,,,,,,1050,,,,
LEOPARD,Leop--450,Leopard,,,,450,,,,135,,,,,,,,,,,,,,,300,,,,
LEOPARD,Leop--450,Leopard,,,,450,,,,94,,,,,,,,,,,,,,,330,,,,
LEOPARD,Leop--450,Leopard,,,,450,,,,177,,,,,,,,,,,,,,,650,,,,
LEOPARD,Leop--460,Leopard,,,,460,,,,1020,,,,,,,,,,,,,,,6500,,,,
LEOPARD,Leop--460,Leopard,,,,460,,,,268,,,,,,,,,,,,,,,675,,,,
LEOPARD,Leop--460,Leopard,,,,460,,,,270,,,,,,,,,,,,,,,930,,,,
LEOPARD,Leop--460,Leopard,,,,460,,,,433,,,,,,,,,,,,,,,5000,,,,
LEOPARD,Leop--470,Leopard,,,,470,,,,135,,,,,,,,,,,,,,,620,,,,
LEOPARD,Leop--470,Leopard,,,,470,,,,285,,,,,,,,,,,,,,,1550,,,,
LEOPARD,Leop--480,Leopard,,,,480,,,,195,,,,,,,,,,,,,,,420,,,,
LEOPARD,Leop--480,Leopard,,,,480,,,,268,,,,,,,,,,,,,,,750,,,,
LEOPARD,Leop--480,Leopard,,,,480,,,,270,,,,,,,,,,,,,,,1020,,,,
LEOPARD,Leop--500,Leopard,,,,500,,,,433,,,,,,,,,,,,,,,4800,,,,
LEOPARD,Leop--510,Leopard,,,,510,,,,201,,,,,,,,,,,,,,,1200,,,,
LEOPARD,Leop--520,Leopard,,,,520,,,,268,,,,,,,,,,,,,,,750,,,,
LEOPARD,Leop--520,Leopard,,,,520,,,,364,,,,,,,,,,,,,,,1125,,,,
LEOPARD,Leop--530,Leopard,,,,530,,,,270,,,,,,,,,,,,,,,1020,,,,
LEOPARD,Leop--540,Leopard,,,,540,,,,880,,,,,,,,,,,,,,,5500,,,,
LEOPARD,Leop--540,Leopard,,,,540,,,,563,,,,,,,,,,,,,,,1500,,,,
LEOPARD,Leop--550,Leopard,,,,550,,,,195,,,,,,,,,,,,,,,630,,,,
LEOPARD,Leop--550,Leopard,,,,550,,,,195,,,,,,,,,,,,,,,630,,,,
LEOPARD,Leop--550,Leopard,,,,550,,,,270,,,,,,,,,,,,,,,1080,,,,
LEOPARD,Leop--550,Leopard,,,,550,,,,364,,,,,,,,,,,,,,,1125,,,,
LEOPARD,Leop--550,Leopard,,,,550,,,,433,,,,,,,,,,,,,,,5000,,,,
LEOPARD,Leop--560,Leopard,,,,560,,,,95,,,,,,,,,,,,,,,270,,,,
LEOPARD,Leop--560,Leopard,,,,560,,,,135,,,,,,,,,,,,,,,375,,,,
LEOPARD,Leop--560,Leopard,,,,560,,,,563,,,,,,,,,,,,,,,1500,,,,
LEOPARD,Leop--570,Leopard,,,,570,,,,94,,,,,,,,,,,,,,,390,,,,
LEOPARD,Leop--570,Leopard,,,,570,,,,116,,,,,,,,,,,,,,,450,,,,
LEOPARD,Leop--580,Leopard,,,,580,,,,268,,,,,,,,,,,,,,,840,,,,
LEOPARD,Leop--600,Leopard,,,,600,,,,1020,,,,,,,,,,,,,,,6500,,,,
LEOPARD,Leop--600,Leopard,,,,600,,,,135,,,,,,,,,,,,,,,420,,,,
LEOPARD,Leop--600,Leopard,,,,600,,,,177,,,,,,,,,,,,,,,720,,,,
LEOPARD,Leop--620,Leopard,,,,620,,,,195,,,,,,,,,,,,,,,720,,,,
LEOPARD,Leop--620,Leopard,,,,620,,,,195,,,,,,,,,,,,,,,720,,,,
LEOPARD,Leop--620,Leopard,,,,620,,,,270,,,,,,,,,,,,,,,1080,,,,
LEOPARD,Leop--620,Leopard,,,,620,,,,135,,,,,,,,,,,,,,,700,,,,
LEOPARD,Leop--630,Leopard,,,,630,,,,268,,,,,,,,,,,,,,,840,,,,
LEOPARD,Leop--650,Leopard,,,,650,,,,270,,,,,,,,,,,,,,,1200,,,,
LEOPARD,Leop--650,Leopard,,,,650,,,,364,,,,,,,,,,,,,,,1200,,,,
LEOPARD,Leop--650,Leopard,,,,650,,,,128,,,,,,,,,,,,,,,500,,,,
LEOPARD,Leop--650,Leopard,,,,650,,,,165,,,,,,,,,,,,,,,920,,,,
LEOPARD,Leop--660,Leopard,,,,660,,,,95,,,,,,,,,,,,,,,330,,,,
LEOPARD,Leop--660,Leopard,,,,660,,,,364,,,,,,,,,,,,,,,1200,,,,
LEOPARD,Leop--680,Leopard,,,,680,,,,268,,,,,,,,,,,,,,,975,,,,
LEOPARD,Leop--690,Leopard,,,,690,,,,68,,,,,,,,,,,,,,,210,,,,
LEOPARD,Leop--690,Leopard,,,,690,,,,135,,,,,,,,,,,,,,,495,,,,
LEOPARD,Leop--700,Leopard,,,,700,,,,492,,,,,,,,,,,,,,,4200,,,,
LEOPARD,Leop--710,Leopard,,,,710,,,,195,,,,,,,,,,,,,,,825,,,,
LEOPARD,Leop--710,Leopard,,,,710,,,,109,,,,,,,,,,,,,,,350,,,,
LEOPARD,Leop--710,Leopard,,,,710,,,,128,,,,,,,,,,,,,,,550,,,,
LEOPARD,Leop--720,Leopard,,,,720,,,,195,,,,,,,,,,,,,,,825,,,,
LEOPARD,Leop--720,Leopard,,,,720,,,,268,,,,,,,,,,,,,,,1125,,,,
LEOPARD,Leop--720,Leopard,,,,720,,,,270,,,,,,,,,,,,,,,1200,,,,
LEOPARD,Leop--730,Leopard,,,,730,,,,880,,,,,,,,,,,,,,,5500,,,,
LEOPARD,Leop--730,Leopard,,,,730,,,,56,,,,,,,,,,,,,,,150,,,,
LEOPARD,Leop--770,Leopard,,,,770,,,,62,,,,,,,,,,,,,,,345,,,,
LEOPARD,Leop--780,Leopard,,,,780,,,,690,,,,,,,,,,,,,,,3800,,,,
LEOPARD,Leop--780,Leopard,,,,780,,,,95,,,,,,,,,,,,,,,375,,,,
LEOPARD,Leop--780,Leopard,,,,780,,,,135,,,,,,,,,,,,,,,540,,,,
LEOPARD,Leop--780,Leopard,,,,780,,,,268,,,,,,,,,,,,,,,1125,,,,
LEOPARD,Leop--780,Leopard,,,,780,,,,109,,,,,,,,,,,,,,,450,,,,
LEOPARD,Leop--780,Leopard,,,,780,,,,135,,,,,,,,,,,,,,,680,,,,
LEOPARD,Leop--800,Leopard,,,,800,,,,195,,,,,,,,,,,,,,,975,,,,
LEOPARD,Leop--800,Leopard,,,,800,,,,195,,,,,,,,,,,,,,,975,,,,
LEOPARD,Leop--800,Leopard,,,,800,,,,55,,,,,,,,,,,,,,,220,,,,
LEOPARD,Leop--800,Leopard,,,,800,,,,68,,,,,,,,,,,,,,,280,,,,
LEOPARD,Leop--800,Leopard,,,,800,,,,55,,,,,,,,,,,,,,,220,,,,
LEOPARD,Leop--800,Leopard,,,,800,,,,68,,,,,,,,,,,,,,,280,,,,
LEOPARD,Leop--830,Leopard,,,,830,,,,56,,,,,,,,,,,,,,,195,,,,
LEOPARD,Leop--830,Leopard,,,,830,,,,68,,,,,,,,,,,,,,,255,,,,
LEOPARD,Leop--835,Leopard,,,,835,,,,1020,,,,,,,,,,,,,,,6500,,,,
LEOPARD,Leop--850,Leopard,,,,850,,,,282,,,,,,,,,,,,,,,2000,,,,
LEOPARD,Leop--850,Leopard,,,,850,,,,195,,,,,,,,,,,,,,,1020,,,,
LEOPARD,Leop--860,Leopard,,,,860,,,,315,,,,,,,,,,,,,,,2400,,,,
LEOPARD,Leop--900,Leopard,,,,900,,,,68,,,,,,,,,,,,,,,300,,,,
LEOPARD,Leop--910,Leopard,,,,910,,,,758,,,,,,,,,,,,,,,4500,,,,
LEOPARD,Leop--910,Leopard,,,,910,,,,1020,,,,,,,,,,,,,,,6500,,,,
LEOPARD,Leop--920,Leopard,,,,920,,,,135,,,,,,,,,,,,,,,630,,,,
LEOPARD,Leop--920,Leopard,,,,920,,,,135,,,,,,,,,,,,,,,800,,,,
LEOPARD,Leop--930,Leopard,,,,930,,,,492,,,,,,,,,,,,,,,4200,,,,
LEOPARD,Leop--950,Leopard,,,,950,,,,282,,,,,,,,,,,,,,,2000,,,,
LEOPARD,Leop--960,Leopard,,,,960,,,,95,,,,,,,,,,,,,,,525,,,,
LEOPARD,Leop--960,Leopard,,,,960,,,,195,,,,,,,,,,,,,,,1125,,,,
LEOPARD,Leop--960,Leopard,,,,960,,,,195,,,,,,,,,,,,,,,1125,,,,
LEOPARD,Leop--960,Leopard,,,,960,,,,53,,,,,,,,,,,,,,,300,,,,
LEOPARD,Leop--970,Leopard,,,,970,,,,62,,,,,,,,,,,,,,,450,,,,
LEOPARD,Leop--980,Leopard,,,,980,,,,56,,,,,,,,,,,,,,,225,,,,
LEOPARD,Leop--980,Leopard,,,,980,,,,68,,,,,,,,,,,,,,,310,,,,
LEOPARD,Leop--980,Leopard,,,,980,,,,68,,,,,,,,,,,,,,,310,,,,
LEOPARD,Leop--1000,Leopard,,,,1000,,,,315,,,,,,,,,,,,,,,2400,,,,
LEOPARD,Leop--1000,Leopard,,,,1000,,,,485,,,,,,,,,,,,,,,3500,,,,
LEOPARD,Leop--1000,Leopard,,,,1000,,,,758,,,,,,,,,,,,,,,4500,,,,
LEOPARD,Leop--1000,Leopard,,,,1000,,,,880,,,,,,,,,,,,,,,5500,,,,
LEOPARD,Leop--1000,Leopard,,,,1000,,,,55,,,,,,,,,,,,,,,250,,,,
LEOPARD,Leop--1000,Leopard,,,,1000,,,,55,,,,,,,,,,,,,,,250,,,,
LEOPARD,Leop--1038,Leopard,,,,1038,,,,68,,,,,,,,,,,,,,,360,,,,
LEOPARD,Leop--1050,Leopard,,,,1050,,,,240,,,,,,,,,,,,,,,1700,,,,
LEOPARD,Leop--1050,Leopard,,,,1050,,,,282,,,,,,,,,,,,,,,2000,,,,
LEOPARD,Leop--1050,Leopard,,,,1050,,,,374,,,,,,,,,,,,,,,2600,,,,
LEOPARD,Leop--1050,Leopard,,,,1050,,,,492,,,,,,,,,,,,,,,4200,,,,
LEOPARD,Leop--1050,Leopard,,,,1050,,,,374,,,,,,,,,,,,,,,2600,,,,
LEOPARD,Leop--1050,Leopard,,,,1050,,,,690,,,,,,,,,,,,,,,3800,,,,
LEOPARD,Leop--1050,Leopard,,,,1050,,,,45,,,,,,,,,,,,,,,195,,,,
LEOPARD,Leop--1080,Leopard,,,,1080,,,,135,,,,,,,,,,,,,,,825,,,,
LEOPARD,Leop--1090,Leopard,,,,1090,,,,880,,,,,,,,,,,,,,,5500,,,,
LEOPARD,Leop--1100,Leopard,,,,1100,,,,176,,,,,,,,,,,,,,,1300,,,,
LEOPARD,Leop--1100,Leopard,,,,1100,,,,315,,,,,,,,,,,,,,,2400,,,,
LEOPARD,Leop--1100,Leopard,,,,1100,,,,1020,,,,,,,,,,,,,,,6500,,,,
LEOPARD,Leop--1100,Leopard,,,,1100,,,,95,,,,,,,,,,,,,,,630,,,,
LEOPARD,Leop--1150,Leopard,,,,1150,,,,240,,,,,,,,,,,,,,,1700,,,,
LEOPARD,Leop--1150,Leopard,,,,1150,,,,45,,,,,,,,,,,,,,,225,,,,
LEOPARD,Leop--1160,Leopard,,,,1160,,,,68,,,,,,,,,,,,,,,420,,,,
LEOPARD,Leop--1180,Leopard,,,,1180,,,,315,,,,,,,,,,,,,,,2400,,,,
LEOPARD,Leop--1180,Leopard,,,,1180,,,,345,,,,,,,,,,,,,,,2400,,,,
LEOPARD,Leop--1200,Leopard,,,,1200,,,,282,,,,,,,,,,,,,,,2000,,,,
LEOPARD,Leop--1200,Leopard,,,,1200,,,,315,,,,,,,,,,,,,,,2400,,,,
LEOPARD,Leop--1230,Leopard,,,,1230,,,,176,,,,,,,,,,,,,,,1300,,,,
LEOPARD,Leop--1230,Leopard,,,,1230,,,,185,,,,,,,,,,,,,,,1300,,,,
LEOPARD,Leop--1250,Leopard,,,,1250,,,,485,,,,,,,,,,,,,,,3500,,,,
LEOPARD,Leop--1250,Leopard,,,,1250,,,,45,,,,,,,,,,,,,,,240,,,,
LEOPARD,Leop--1250,Leopard,,,,1250,,,,55,,,,,,,,,,,,,,,300,,,,
LEOPARD,Leop--1250,Leopard,,,,1250,,,,55,,,,,,,,,,,,,,,300,,,,
LEOPARD,Leop--1260,Leopard,,,,1260,,,,53,,,,,,,,,,,,,,,420,,,,
LEOPARD,Leop--1270,Leopard,,,,1270,,,,95,,,,,,,,,,,,,,,720,,,,
LEOPARD,Leop--1280,Leopard,,,,1280,,,,240,,,,,,,,,,,,,,,1700,,,,
LEOPARD,Leop--1290,Leopard,,,,1290,,,,56,,,,,,,,,,,,,,,270,,,,
LEOPARD,Leop--1300,Leopard,,,,1300,,,,315,,,,,,,,,,,,,,,2400,,,,
LEOPARD,Leop--1300,Leopard,,,,1300,,,,492,,,,,,,,,,,,,,,4200,,,,
LEOPARD,Leop--1340,Leopard,,,,1340,,,,880,,,,,,,,,,,,,,,5500,,,,
LEOPARD,Leop--1350,Leopard,,,,1350,,,,185,,,,,,,,,,,,,,,1300,,,,
LEOPARD,Leop--1350,Leopard,,,,1350,,,,68,,,,,,,,,,,,,,,480,,,,
LEOPARD,Leop--1360,Leopard,,,,1360,,,,758,,,,,,,,,,,,,,,4500,,,,
LEOPARD,Leop--1380,Leopard,,,,1380,,,,176,,,,,,,,,,,,,,,1300,,,,
LEOPARD,Leop--1380,Leopard,,,,1380,,,,45,,,,,,,,,,,,,,,270,,,,
LEOPARD,Leop--1390,Leopard,,,,1390,,,,492,,,,,,,,,,,,,,,4200,,,,
LEOPARD,Leop--1400,Leopard,,,,1400,,,,315,,,,,,,,,,,,,,,2400,,,,
LEOPARD,Leop--1400,Leopard,,,,1400,,,,311,,,,,,,,,,,,,,,2000,,,,
LEOPARD,Leop--1400,Leopard,,,,1400,,,,374,,,,,,,,,,,,,,,2600,,,,
LEOPARD,Leop--1400,Leopard,,,,1400,,,,374,,,,,,,,,,,,,,,2600,,,,
LEOPARD,Leop--1420,Leopard,,,,1420,,,,282,,,,,,,,,,,,,,,2000,,,,
LEOPARD,Leop--1450,Leopard,,,,1450,,,,485,,,,,,,,,,,,,,,3500,,,,
LEOPARD,Leop--1450,Leopard,,,,1450,,,,420,,,,,,,,,,,,,,,1200,,,,
LEOPARD,Leop--1450,Leopard,,,,1450,,,,690,,,,,,,,,,,,,,,3800,,,,
LEOPARD,Leop--1450,Leopard,,,,1450,,,,175,,,,,,,,,,,,,,,1400,,,,
LEOPARD,Leop--1450,Leopard,,,,1450,,,,20,,,,,,,,,,,,,,,100,,,,
LEOPARD,Leop--1450,Leopard,,,,1450,,,,20,,,,,,,,,,,,,,,100,,,,
LEOPARD,Leop--1470,Leopard,,,,1470,,,,315,,,,,,,,,,,,,,,2400,,,,
LEOPARD,Leop--1480,Leopard,,,,1480,,,,185,,,,,,,,,,,,,,,1300,,,,
LEOPARD,Leop--1480,Leopard,,,,1480,,,,240,,,,,,,,,,,,,,,1700,,,,
LEOPARD,Leop--1480,Leopard,,,,1480,,,,492,,,,,,,,,,,,,,,4200,,,,
LEOPARD,Leop--1500,Leopard,,,,1500,,,,295,,,,,,,,,,,,,,,1700,,,,
LEOPARD,Leop--1520,Leopard,,,,1520,,,,95,,,,,,,,,,,,,,,825,,,,
LEOPARD,Leop--1550,Leopard,,,,1550,,,,690,,,,,,,,,,,,,,,3800,,,,
LEOPARD,Leop--1570,Leopard,,,,1570,,,,345,,,,,,,,,,,,,,,2400,,,,
LEOPARD,Leop--1580,Leopard,,,,1580,,,,176,,,,,,,,,,,,,,,1300,,,,
LEOPARD,Leop--1600,Leopard,,,,1600,,,,145,,,,,,,,,,,,,,,1000,,,,
LEOPARD,Leop--1600,Leopard,,,,1600,,,,282,,,,,,,,,,,,,,,2000,,,,
LEOPARD,Leop--1600,Leopard,,,,1600,,,,485,,,,,,,,,,,,,,,3500,,,,
LEOPARD,Leop--1600,Leopard,,,,1600,,,,68,,,,,,,,,,,,,,,525,,,,
LEOPARD,Leop--1650,Leopard,,,,1650,,,,185,,,,,,,,,,,,,,,1300,,,,
LEOPARD,Leop--1650,Leopard,,,,1650,,,,315,,,,,,,,,,,,,,,2400,,,,
LEOPARD,Leop--1670,Leopard,,,,1670,,,,758,,,,,,,,,,,,,,,4500,,,,
LEOPARD,Leop--1680,Leopard,,,,1680,,,,460,,,,,,,,,,,,,,,1500,,,,
LEOPARD,Leop--1690,Leopard,,,,1690,,,,176,,,,,,,,,,,,,,,1300,,,,
LEOPARD,Leop--1700,Leopard,,,,1700,,,,282,,,,,,,,,,,,,,,2000,,,,
LEOPARD,Leop--1700,Leopard,,,,1700,,,,315,,,,,,,,,,,,,,,2400,,,,
LEOPARD,Leop--1720,Leopard,,,,1720,,,,240,,,,,,,,,,,,,,,1700,,,,
LEOPARD,Leop--1720,Leopard,,,,1720,,,,175,,,,,,,,,,,,,,,1500,,,,
LEOPARD,Leop--1730,Leopard,,,,1730,,,,492,,,,,,,,,,,,,,,4200,,,,
LEOPARD,Leop--1750,Leopard,,,,1750,,,,290,,,,,,,,,,,,,,,900,,,,
LEOPARD,Leop--1780,Leopard,,,,1780,,,,125,,,,,,,,,,,,,,,800,,,,
LEOPARD,Leop--1780,Leopard,,,,1780,,,,282,,,,,,,,,,,,,,,2000,,,,
LEOPARD,Leop--1800,Leopard,,,,1800,,,,145,,,,,,,,,,,,,,,1000,,,,
LEOPARD,Leop--1800,Leopard,,,,1800,,,,311,,,,,,,,,,,,,,,2000,,,,
LEOPARD,Leop--1820,Leopard,,,,1820,,,,45,,,,,,,,,,,,,,,330,,,,
LEOPARD,Leop--1840,Leopard,,,,1840,,,,176,,,,,,,,,,,,,,,1300,,,,
LEOPARD,Leop--1840,Leopard,,,,1840,,,,185,,,,,,,,,,,,,,,1300,,,,
LEOPARD,Leop--1880,Leopard,,,,1880,,,,68,,,,,,,,,,,,,,,585,,,,
LEOPARD,Leop--1900,Leopard,,,,1900,,,,240,,,,,,,,,,,,,,,1700,,,,
LEOPARD,Leop--1900,Leopard,,,,1900,,,,315,,,,,,,,,,,,,,,2400,,,,
LEOPARD,Leop--1900,Leopard,,,,1900,,,,320,,,,,,,,,,,,,,,1275,,,,
LEOPARD,Leop--1900,Leopard,,,,1900,,,,295,,,,,,,,,,,,,,,1700,,,,
LEOPARD,Leop--1900,Leopard,,,,1900,,,,690,,,,,,,,,,,,,,,3800,,,,
LEOPARD,Leop--1900,Leopard,,,,1900,,,,68,,,,,,,,,,,,,,,440,,,,
LEOPARD,Leop--1980,Leopard,,,,1980,,,,125,,,,,,,,,,,,,,,800,,,,
LEOPARD,Leop--2000,Leopard,,,,2000,,,,290,,,,,,,,,,,,,,,1050,,,,
LEOPARD,Leop--2000,Leopard,,,,2000,,,,220,,,,,,,,,,,,,,,1200,,,,
LEOPARD,Leop--2000,Leopard,,,,2000,,,,374,,,,,,,,,,,,,,,2600,,,,
LEOPARD,Leop--2000,Leopard,,,,2000,,,,485,,,,,,,,,,,,,,,3500,,,,
LEOPARD,Leop--2000,Leopard,,,,2000,,,,374,,,,,,,,,,,,,,,2600,,,,
LEOPARD,Leop--2000,Leopard,,,,2000,,,,420,,,,,,,,,,,,,,,1500,,,,
LEOPARD,Leop--2000,Leopard,,,,2000,,,,460,,,,,,,,,,,,,,,1650,,,,
LEOPARD,Leop--2000,Leopard,,,,2000,,,,175,,,,,,,,,,,,,,,1500,,,,
LEOPARD,Leop--2020,Leopard,,,,2020,,,,282,,,,,,,,,,,,,,,2000,,,,
LEOPARD,Leop--2040,Leopard,,,,2040,,,,176,,,,,,,,,,,,,,,1300,,,,
LEOPARD,Leop--2050,Leopard,,,,2050,,,,240,,,,,,,,,,,,,,,1700,,,,
LEOPARD,Leop--2060,Leopard,,,,2060,,,,145,,,,,,,,,,,,,,,1000,,,,
LEOPARD,Leop--2090,Leopard,,,,2090,,,,185,,,,,,,,,,,,,,,1300,,,,
LEOPARD,Leop--2100,Leopard,,,,2100,,,,282,,,,,,,,,,,,,,,2000,,,,
LEOPARD,Leop--2120,Leopard,,,,2120,,,,240,,,,,,,,,,,,,,,1700,,,,
LEOPARD,Leop--2150,Leopard,,,,2150,,,,374,,,,,,,,,,,,,,,2600,,,,
LEOPARD,Leop--2150,Leopard,,,,2150,,,,374,,,,,,,,,,,,,,,2600,,,,
LEOPARD,Leop--2190,Leopard,,,,2190,,,,176,,,,,,,,,,,,,,,1300,,,,
LEOPARD,Leop--2200,Leopard,,,,2200,,,,315,,,,,,,,,,,,,,,2400,,,,
LEOPARD,Leop--2200,Leopard,,,,2200,,,,420,,,,,,,,,,,,,,,1800,,,,
LEOPARD,Leop--2200,Leopard,,,,2200,,,,460,,,,,,,,,,,,,,,1800,,,,
LEOPARD,Leop--2220,Leopard,,,,2220,,,,345,,,,,,,,,,,,,,,2400,,,,
LEOPARD,Leop--2230,Leopard,,,,2230,,,,125,,,,,,,,,,,,,,,800,,,,
LEOPARD,Leop--2230,Leopard,,,,2230,,,,145,,,,,,,,,,,,,,,1000,,,,
LEOPARD,Leop--2260,Leopard,,,,2260,,,,176,,,,,,,,,,,,,,,1300,,,,
LEOPARD,Leop--2260,Leopard,,,,2260,,,,226,,,,,,,,,,,,,,,1000,,,,
LEOPARD,Leop--2290,Leopard,,,,2290,,,,185,,,,,,,,,,,,,,,1300,,,,
LEOPARD,Leop--2300,Leopard,,,,2300,,,,282,,,,,,,,,,,,,,,2000,,,,
LEOPARD,Leop--2350,Leopard,,,,2350,,,,345,,,,,,,,,,,,,,,2400,,,,
LEOPARD,Leop--2350,Leopard,,,,2350,,,,20,,,,,,,,,,,,,,,110,,,,
LEOPARD,Leop--2350,Leopard,,,,2350,,,,20,,,,,,,,,,,,,,,110,,,,
LEOPARD,Leop--2380,Leopard,,,,2380,,,,240,,,,,,,,,,,,,,,1700,,,,
LEOPARD,Leop--2380,Leopard,,,,2380,,,,250,,,,,,,,,,,,,,,1200,,,,
LEOPARD,Leop--2400,Leopard,,,,2400,,,,290,,,,,,,,,,,,,,,1350,,,,
LEOPARD,Leop--2415,Leopard,,,,2415,,,,145,,,,,,,,,,,,,,,1000,,,,
LEOPARD,Leop--2430,Leopard,,,,2430,,,,145,,,,,,,,,,,,,,,1000,,,,
LEOPARD,Leop--2450,Leopard,,,,2450,,,,185,,,,,,,,,,,,,,,1300,,,,
LEOPARD,Leop--2450,Leopard,,,,2450,,,,175,,,,,,,,,,,,,,,1600,,,,
LEOPARD,Leop--2500,Leopard,,,,2500,,,,185,,,,,,,,,,,,,,,1300,,,,
LEOPARD,Leop--2550,Leopard,,,,2550,,,,125,,,,,,,,,,,,,,,800,,,,
LEOPARD,Leop--2550,Leopard,,,,2550,,,,176,,,,,,,,,,,,,,,1300,,,,
LEOPARD,Leop--2550,Leopard,,,,2550,,,,240,,,,,,,,,,,,,,,1700,,,,
LEOPARD,Leop--2600,Leopard,,,,2600,,,,209,,,,,,,,,,,,,,,1200,,,,
LEOPARD,Leop--2650,Leopard,,,,2650,,,,315,,,,,,,,,,,,,,,2400,,,,
LEOPARD,Leop--2650,Leopard,,,,2650,,,,320,,,,,,,,,,,,,,,1800,,,,
LEOPARD,Leop--2670,Leopard,,,,2670,,,,145,,,,,,,,,,,,,,,1000,,,,
LEOPARD,Leop--2680,Leopard,,,,2680,,,,282,,,,,,,,,,,,,,,2000,,,,
LEOPARD,Leop--2700,Leopard,,,,2700,,,,240,,,,,,,,,,,,,,,1700,,,,
LEOPARD,Leop--2700,Leopard,,,,2700,,,,220,,,,,,,,,,,,,,,1200,,,,
LEOPARD,Leop--2700,Leopard,,,,2700,,,,311,,,,,,,,,,,,,,,2000,,,,
LEOPARD,Leop--2730,Leopard,,,,2730,,,,176,,,,,,,,,,,,,,,1300,,,,
LEOPARD,Leop--2750,Leopard,,,,2750,,,,125,,,,,,,,,,,,,,,800,,,,
LEOPARD,Leop--2750,Leopard,,,,2750,,,,185,,,,,,,,,,,,,,,1300,,,,
LEOPARD,Leop--2870,Leopard,,,,2870,,,,145,,,,,,,,,,,,,,,1000,,,,
LEOPARD,Leop--2900,Leopard,,,,2900,,,,295,,,,,,,,,,,,,,,1700,,,,
LEOPARD,Leop--2910,Leopard,,,,2910,,,,176,,,,,,,,,,,,,,,1300,,,,
LEOPARD,Leop--2930,Leopard,,,,2930,,,,185,,,,,,,,,,,,,,,1300,,,,
LEOPARD,Leop--2950,Leopard,,,,2950,,,,145,,,,,,,,,,,,,,,1000,,,,
LEOPARD,Leop--2950,Leopard,,,,2950,,,,345,,,,,,,,,,,,,,,2400,,,,
LEOPARD,Leop--2960,Leopard,,,,2960,,,,125,,,,,,,,,,,,,,,800,,,,
LEOPARD,Leop--3000,Leopard,,,,3000,,,,125,,,,,,,,,,,,,,,800,,,,
LEOPARD,Leop--3000,Leopard,,,,3000,,,,226,,,,,,,,,,,,,,,1000,,,,
LEOPARD,Leop--3060,Leopard,,,,3060,,,,185,,,,,,,,,,,,,,,1300,,,,
LEOPARD,Leop--3060,Leopard,,,,3060,,,,190,,,,,,,,,,,,,,,1125,,,,
LEOPARD,Leop--3100,Leopard,,,,3100,,,,209,,,,,,,,,,,,,,,1500,,,,
LEOPARD,Leop--3180,Leopard,,,,3180,,,,240,,,,,,,,,,,,,,,1700,,,,
LEOPARD,Leop--3180,Leopard,,,,3180,,,,250,,,,,,,,,,,,,,,1500,,,,
LEOPARD,Leop--3190,Leopard,,,,3190,,,,282,,,,,,,,,,,,,,,2000,,,,
LEOPARD,Leop--3200,Leopard,,,,3200,,,,68,,,,,,,,,,,,,,,450,,,,
LEOPARD,Leop--3270,Leopard,,,,3270,,,,315,,,,,,,,,,,,,,,2400,,,,
LEOPARD,Leop--3300,Leopard,,,,3300,,,,125,,,,,,,,,,,,,,,800,,,,
LEOPARD,Leop--3330,Leopard,,,,3330,,,,145,,,,,,,,,,,,,,,1000,,,,
LEOPARD,Leop--3400,Leopard,,,,3400,,,,176,,,,,,,,,,,,,,,1300,,,,
LEOPARD,Leop--3400,Leopard,,,,3400,,,,37,,,,,,,,,,,,,,,220,,,,
LEOPARD,Leop--3430,Leopard,,,,3430,,,,185,,,,,,,,,,,,,,,1300,,,,
LEOPARD,Leop--3450,Leopard,,,,3450,,,,209,,,,,,,,,,,,,,,1200,,,,
LEOPARD,Leop--3500,Leopard,,,,3500,,,,68,,,,,,,,,,,,,,,460,,,,
LEOPARD,Leop--3540,Leopard,,,,3540,,,,125,,,,,,,,,,,,,,,800,,,,
LEOPARD,Leop--3580,Leopard,,,,3580,,,,145,,,,,,,,,,,,,,,1000,,,,
LEOPARD,Leop--3650,Leopard,,,,3650,,,,125,,,,,,,,,,,,,,,800,,,,
LEOPARD,Leop--3650,Leopard,,,,3650,,,,185,,,,,,,,,,,,,,,1300,,,,
LEOPARD,Leop--3790,Leopard,,,,3790,,,,145,,,,,,,,,,,,,,,1000,,,,
LEOPARD,Leop--3800,Leopard,,,,3800,,,,240,,,,,,,,,,,,,,,1700,,,,
LEOPARD,Leop--3800,Leopard,,,,3800,,,,209,,,,,,,,,,,,,,,1650,,,,
LEOPARD,Leop--3900,Leopard,,,,3900,,,,185,,,,,,,,,,,,,,,1300,,,,
LEOPARD,Leop--3900,Leopard,,,,3900,,,,190,,,,,,,,,,,,,,,1350,,,,
LEOPARD,Leop--3900,Leopard,,,,3900,,,,37,,,,,,,,,,,,,,,220,,,,
LEOPARD,Leop--3930,Leopard,,,,3930,,,,282,,,,,,,,,,,,,,,2000,,,,
LEOPARD,Leop--4000,Leopard,,,,4000,,,,220,,,,,,,,,,,,,,,1200,,,,
LEOPARD,Leop--4050,Leopard,,,,4050,,,,176,,,,,,,,,,,,,,,1300,,,,
LEOPARD,Leop--4110,Leopard,,,,4110,,,,125,,,,,,,,,,,,,,,800,,,,
LEOPARD,Leop--4390,Leopard,,,,4390,,,,345,,,,,,,,,,,,,,,2400,,,,
LEOPARD,Leop--4420,Leopard,,,,4420,,,,125,,,,,,,,,,,,,,,800,,,,
LEOPARD,Leop--4430,Leopard,,,,4430,,,,145,,,,,,,,,,,,,,,1000,,,,
LEOPARD,Leop--4500,Leopard,,,,4500,,,,226,,,,,,,,,,,,,,,1000,,,,
LEOPARD,Leop--4550,Leopard,,,,4550,,,,185,,,,,,,,,,,,,,,1300,,,,
LEOPARD,Leop--4550,Leopard,,,,4550,,,,209,,,,,,,,,,,,,,,1500,,,,
LEOPARD,Leop--4650,Leopard,,,,4650,,,,240,,,,,,,,,,,,,,,1700,,,,
LEOPARD,Leop--4700,Leopard,,,,4700,,,,125,,,,,,,,,,,,,,,800,,,,
LEOPARD,Leop--5050,Leopard,,,,5050,,,,176,,,,,,,,,,,,,,,1300,,,,
LEOPARD,Leop--5280,Leopard,,,,5280,,,,145,,,,,,,,,,,,,,,1000,,,,
LEOPARD,Leop--5400,Leopard,,,,5400,,,,185,,,,,,,,,,,,,,,1300,,,,
LEOPARD,Leop--5460,Leopard,,,,5460,,,,125,,,,,,,,,,,,,,,800,,,,
LEOPARD,Leop--5500,Leopard,,,,5500,,,,209,,,,,,,,,,,,,,,1650,,,,
LEOPARD,Leop--6550,Leopard,,,,6550,,,,125,,,,,,,,,,,,,,,800,,,,
LEOPARD,Leop--6560,Leopard,,,,6560,,,,145,,,,,,,,,,,,,,,1000,,,,
LEOPARD,Leop--8130,Leopard,,,,8130,,,,125,,,,,,,,,,,,,,,800,,,,
LIOMAX,Liom--250,Liomax,,,,250,,,,640,,,,,,,,,,,,,,,2450,,,,
LIOMAX,Liom--270,Liomax,,,,270,,,,430,,,,,,,,,,,,,,,2100,,,,
LIOMAX,Liom--320,Liomax,,,,320,,,,430,,,,,,,,,,,,,,,1885,,,,
LIOMAX,Liom--380,Liomax,,,,380,,,,430,,,,,,,,,,,,,,,1820,,,,
LIOMAX,Liom--400,Liomax,,,,400,,,,329,,,,,,,,,,,,,,,1560,,,,
LIOMAX,Liom--410,Liomax,,,,410,,,,430,,,,,,,,,,,,,,,1750,,,,
LIOMAX,Liom--500,Liomax,,,,500,,,,295,,,,,,,,,,,,,,,1420,,,,
LIOMAX,Liom--580,Liomax,,,,580,,,,329,,,,,,,,,,,,,,,1530,,,,
LIOMAX,Liom--600,Liomax,,,,600,,,,295,,,,,,,,,,,,,,,1360,,,,
LIOMAX,Liom--650,Liomax,,,,650,,,,230,,,,,,,,,,,,,,,1150,,,,
LIOMAX,Liom--750,Liomax,,,,750,,,,171,,,,,,,,,,,,,,,850,,,,
LIOMAX,Liom--750,Liomax,,,,750,,,,155,,,,,,,,,,,,,,,820,,,,
LIOMAX,Liom--850,Liomax,,,,850,,,,62,,,,,,,,,,,,,,,285,,,,
LIOMAX,Liom--900,Liomax,,,,900,,,,171,,,,,,,,,,,,,,,850,,,,
LIOMAX,Liom--950,Liomax,,,,950,,,,230,,,,,,,,,,,,,,,980,,,,
LIOMAX,Liom--1000,Liomax,,,,1000,,,,90,,,,,,,,,,,,,,,480,,,,
LIOMAX,Liom--1000,Liomax,,,,1000,,,,142,,,,,,,,,,,,,,,650,,,,
LIOMAX,Liom--1000,Liomax,,,,1000,,,,51,,,,,,,,,,,,,,,245,,,,
LIOMAX,Liom--1000,Liomax,,,,1000,,,,62,,,,,,,,,,,,,,,270,,,,
LIOMAX,Liom--1000,Liomax,,,,1000,,,,62,,,,,,,,,,,,,,,270,,,,
LIOMAX,Liom--1100,Liomax,,,,1100,,,,115,,,,,,,,,,,,,,,600,,,,
LIOMAX,Liom--1100,Liomax,,,,1100,,,,171,,,,,,,,,,,,,,,800,,,,
LIOMAX,Liom--1200,Liomax,,,,1200,,,,38,,,,,,,,,,,,,,,160,,,,
LIOMAX,Liom--1250,Liomax,,,,1250,,,,142,,,,,,,,,,,,,,,630,,,,
LIOMAX,Liom--1300,Liomax,,,,1300,,,,62,,,,,,,,,,,,,,,250,,,,
LIOMAX,Liom--1350,Liomax,,,,1350,,,,51,,,,,,,,,,,,,,,220,,,,
LIOMAX,Liom--1400,Liomax,,,,1400,,,,90,,,,,,,,,,,,,,,450,,,,
LIOMAX,Liom--1400,Liomax,,,,1400,,,,38,,,,,,,,,,,,,,,140,,,,
LIOMAX,Liom--1900,Liomax,,,,1900,,,,51,,,,,,,,,,,,,,,180,,,,
LIPOLICE,LiPo--155,LiPolice,,,,155,,,,995,,,,,,,,,,,,,,,2600,,,,
LIPOLICE,LiPo--165,LiPolice,,,,165,,,,823,,,,,,,,,,,,,,,2200,,,,
LIPOLICE,LiPo--185,LiPolice,,,,185,,,,591,,,,,,,,,,,,,,,1900,,,,
LIPOLICE,LiPo--185,LiPolice,,,,185,,,,995,,,,,,,,,,,,,,,3100,,,,
LIPOLICE,LiPo--195,LiPolice,,,,195,,,,823,,,,,,,,,,,,,,,2500,,,,
LIPOLICE,LiPo--210,LiPolice,,,,210,,,,580,,,,,,,,,,,,,,,1900,,,,
LIPOLICE,LiPo--225,LiPolice,,,,225,,,,442,,,,,,,,,,,,,,,1400,,,,
LIPOLICE,LiPo--230,LiPolice,,,,230,,,,523,,,,,,,,,,,,,,,2400,,,,
LIPOLICE,LiPo--235,LiPolice,,,,235,,,,591,,,,,,,,,,,,,,,2200,,,,
LIPOLICE,LiPo--235,LiPolice,,,,235,,,,591,,,,,,,,,,,,,,,2200,,,,
LIPOLICE,LiPo--255,LiPolice,,,,255,,,,442,,,,,,,,,,,,,,,1600,,,,
LIPOLICE,LiPo--265,LiPolice,,,,265,,,,591,,,,,,,,,,,,,,,2400,,,,
LIPOLICE,LiPo--265,LiPolice,,,,265,,,,591,,,,,,,,,,,,,,,2400,,,,
LIPOLICE,LiPo--310,LiPolice,,,,310,,,,445,,,,,,,,,,,,,,,1400,,,,
LIPOLICE,LiPo--325,LiPolice,,,,325,,,,335,,,,,,,,,,,,,,,1000,,,,
LIPOLICE,LiPo--375,LiPolice,,,,375,,,,445,,,,,,,,,,,,,,,1600,,,,
LIPOLICE,LiPo--385,LiPolice,,,,385,,,,335,,,,,,,,,,,,,,,1100,,,,
LIPOLICE,LiPo--510,LiPolice,,,,510,,,,335,,,,,,,,,,,,,,,1200,,,,
LIPOLICE,LiPo--550,LiPolice,,,,550,,,,298,,,,,,,,,,,,,,,800,,,,
LIPOLICE,LiPo--560,LiPolice,,,,560,,,,450,,,,,,,,,,,,,,,1740,,,,
LIPOLICE,LiPo--650,LiPolice,,,,650,,,,340,,,,,,,,,,,,,,,1380,,,,
LIPOLICE,LiPo--755,LiPolice,,,,755,,,,298,,,,,,,,,,,,,,,800,,,,
LIPOLICE,LiPo--770,LiPolice,,,,770,,,,181,,,,,,,,,,,,,,,500,,,,
LIPOLICE,LiPo--880,LiPolice,,,,880,,,,55,,,,,,,,,,,,,,,150,,,,
LIPOLICE,LiPo--890,LiPolice,,,,890,,,,181,,,,,,,,,,,,,,,550,,,,
LIPOLICE,LiPo--970,LiPolice,,,,970,,,,144,,,,,,,,,,,,,,,450,,,,
LIPOLICE,LiPo--972,LiPolice,,,,972,,,,111,,,,,,,,,,,,,,,350,,,,
LIPOLICE,LiPo--980,LiPolice,,,,980,,,,42,,,,,,,,,,,,,,,110,,,,
LIPOLICE,LiPo--980,LiPolice,,,,980,,,,55,,,,,,,,,,,,,,,170,,,,
LIPOLICE,LiPo--1080,LiPolice,,,,1080,,,,55,,,,,,,,,,,,,,,180,,,,
LIPOLICE,LiPo--1100,LiPolice,,,,1100,,,,76,,,,,,,,,,,,,,,230,,,,
LIPOLICE,LiPo--1132,LiPolice,,,,1132,,,,111,,,,,,,,,,,,,,,350,,,,
LIPOLICE,LiPo--1135,LiPolice,,,,1135,,,,144,,,,,,,,,,,,,,,450,,,,
LIPOLICE,LiPo--1180,LiPolice,,,,1180,,,,42,,,,,,,,,,,,,,,125,,,,
LIPOLICE,LiPo--1200,LiPolice,,,,1200,,,,55,,,,,,,,,,,,,,,200,,,,
LIPOLICE,LiPo--1240,LiPolice,,,,1240,,,,76,,,,,,,,,,,,,,,260,,,,
LIPOLICE,LiPo--1290,LiPolice,,,,1290,,,,181,,,,,,,,,,,,,,,600,,,,
LIPOLICE,LiPo--1300,LiPolice,,,,1300,,,,340,,,,,,,,,,,,,,,1380,,,,
LIPOLICE,LiPo--1580,LiPolice,,,,1580,,,,26,,,,,,,,,,,,,,,75,,,,
LIPOLICE,LiPo--1580,LiPolice,,,,1580,,,,76,,,,,,,,,,,,,,,320,,,,
LIPOLICE,LiPo--1600,LiPolice,,,,1600,,,,31,,,,,,,,,,,,,,,80,,,,
LIPOLICE,LiPo--1600,LiPolice,,,,1600,,,,31,,,,,,,,,,,,,,,80,,,,
LIPOLICE,LiPo--1800,LiPolice,,,,1800,,,,31,,,,,,,,,,,,,,,80,,,,
LIPOLICE,LiPo--1825,LiPolice,,,,1825,,,,2023-04-16 00:00:00,,,,,,,,,,,,,,,55,,,,
LIPOLICE,LiPo--1900,LiPolice,,,,1900,,,,150,,,,,,,,,,,,,,,1130,,,,
LIPOLICE,LiPo--2180,LiPolice,,,,2180,,,,26,,,,,,,,,,,,,,,75,,,,
LIPOLICE,LiPo--2275,LiPolice,,,,2275,,,,2023-04-16 00:00:00,,,,,,,,,,,,,,,55,,,,
LIPOLICE,LiPo--2600,LiPolice,,,,2600,,,,76,,,,,,,,,,,,,,,400,,,,
LIPOLICE,LiPo--4300,LiPolice,,,,4300,,,,76,,,,,,,,,,,,,,,475,,,,
LUMINIER,Lume--740,Lumenier,,,,740,,,,92,,,,,,,,,,,,,,,280,,,,
LUMINIER,Lume--900,Lumenier,,,,900,,,,75,,,,,,,,,,,,,,,200,,,,
LUMINIER,Lume--900,Lumenier,,,,900,,,,75,,,,,,,,,,,,,,,280,,,,
LUMINIER,Lume--1100,Lumenier,,,,1100,,,,75,,,,,,,,,,,,,,,260,,,,
LUMINIER,Lume--1700,Lumenier,,,,1700,,,,36,,,,,,,,,,,,,,,560,,,,
LUMINIER,Lume--2000,Lumenier,,,,2000,,,,32,,,,,,,,,,,,,,,144,,,,
LUMINIER,Lume--2000,Lumenier,,,,2000,,,,45,,,,,,,,,,,,,,,300,,,,
LUMINIER,Lume--2000,Lumenier,,,,2000,,,,2023-05-26 00:00:00,,,,,,,,,,,,,,,260,,,,
LUMINIER,Lume--2250,Lumenier,,,,2250,,,,36,,,,,,,,,,,,,,,560,,,,
LUMINIER,Lume--2300,Lumenier,,,,2300,,,,18,,,,,,,,,,,,,,,150,,,,
LUMINIER,Lume--2300,Lumenier,,,,2300,,,,22,,,,,,,,,,,,,,,165,,,,
LUMINIER,Lume--2350,Lumenier,,,,2350,,,,30,,,,,,,,,,,,,,,180,,,,
LUMINIER,Lume--2360,Lumenier,,,,2360,,,,2023-05-26 00:00:00,,,,,,,,,,,,,,,260,,,,
LUMINIER,Lume--2400,Lumenier,,,,2400,,,,24,,,,,,,,,,,,,,,290,,,,
LUMINIER,Lume--2450,Lumenier,,,,2450,,,,31,,,,,,,,,,,,,,,560,,,,
LUMINIER,Lume--2500,Lumenier,,,,2500,,,,22,,,,,,,,,,,,,,,190,,,,
LUMINIER,Lume--2500,Lumenier,,,,2500,,,,22,,,,,,,,,,,,,,,165,,,,
LUMINIER,Lume--2550,Lumenier,,,,2550,,,,36,,,,,,,,,,,,,,,560,,,,
LUMINIER,Lume--2750,Lumenier,,,,2750,,,,32,,,,,,,,,,,,,,,560,,,,
LUMINIER,Lume--3100,Lumenier,,,,3100,,,,11,,,,,,,,,,,,,,,120,,,,
MAD,MAD --43,MAD Components,,,,43,,,,3460,,,,,,,,,,,,,,,2880,,,,
MAD,MAD --80,MAD Components,,,,80,,,,500,,,,,,,,,,,,,,,1500,,,,
MAD,MAD --85,MAD Components,,,,85,,,,243,,,,,,,,,,,,,,,1175,,,,
MAD,MAD --85,MAD Components,,,,85,,,,280,,,,,,,,,,,,,,,1175,,,,
MAD,MAD --90,MAD Components,,,,90,,,,580,,,,,,,,,,,,,,,3000,,,,
MAD,MAD --90,MAD Components,,,,90,,,,812,,,,,,,,,,,,,,,5280,,,,
MAD,MAD --100,MAD Components,,,,100,,,,265,,,,,,,,,,,,,,,750,,,,
MAD,MAD --100,MAD Components,,,,100,,,,640,,,,,,,,,,,,,,,1020,,,,
MAD,MAD --100,MAD Components,,,,100,,,,812,,,,,,,,,,,,,,,7700,,,,
MAD,MAD --100,MAD Components,,,,100,,,,1630,,,,,,,,,,,,,,,2925,,,,
MAD,MAD --100,MAD Components,,,,100,,,,243,,,,,,,,,,,,,,,1360,,,,
MAD,MAD --100,MAD Components,,,,100,,,,280,,,,,,,,,,,,,,,1360,,,,
MAD,MAD --120,MAD Components,,,,120,,,,610,,,,,,,,,,,,,,,1800,,,,
MAD,MAD --140,MAD Components,,,,140,,,,190,,,,,,,,,,,,,,,930,,,,
MAD,MAD --140,MAD Components,,,,140,,,,178,,,,,,,,,,,,,,,1010,,,,
MAD,MAD --150,MAD Components,,,,150,,,,243,,,,,,,,,,,,,,,660,,,,
MAD,MAD --150,MAD Components,,,,150,,,,280,,,,,,,,,,,,,,,660,,,,
MAD,MAD --160,MAD Components,,,,160,,,,180,,,,,,,,,,,,,,,710,,,,
MAD,MAD --160,MAD Components,,,,160,,,,812,,,,,,,,,,,,,,,6630,,,,
MAD,MAD --170,MAD Components,,,,170,,,,130,,,,,,,,,,,,,,,620,,,,
MAD,MAD --170,MAD Components,,,,170,,,,265,,,,,,,,,,,,,,,1300,,,,
MAD,MAD --180,MAD Components,,,,180,,,,243,,,,,,,,,,,,,,,1100,,,,
MAD,MAD --180,MAD Components,,,,180,,,,280,,,,,,,,,,,,,,,1100,,,,
MAD,MAD --200,MAD Components,,,,200,,,,155,,,,,,,,,,,,,,,860,,,,
MAD,MAD --210,MAD Components,,,,210,,,,271,,,,,,,,,,,,,,,2845,,,,
MAD,MAD --220,MAD Components,,,,220,,,,178,,,,,,,,,,,,,,,930,,,,
MAD,MAD --240,MAD Components,,,,240,,,,130,,,,,,,,,,,,,,,640,,,,
MAD,MAD --240,MAD Components,,,,240,,,,155,,,,,,,,,,,,,,,730,,,,
MAD,MAD --280,MAD Components,,,,280,,,,110,,,,,,,,,,,,,,,500,,,,
MAD,MAD --280,MAD Components,,,,280,,,,250,,,,,,,,,,,,,,,1300,,,,
MAD,MAD --280,MAD Components,,,,280,,,,271,,,,,,,,,,,,,,,3780,,,,
MAD,MAD --300,MAD Components,,,,300,,,,130,,,,,,,,,,,,,,,520,,,,
MAD,MAD --310,MAD Components,,,,310,,,,155,,,,,,,,,,,,,,,680,,,,
MAD,MAD --320,MAD Components,,,,320,,,,190,,,,,,,,,,,,,,,820,,,,
MAD,MAD --320,MAD Components,,,,320,,,,178,,,,,,,,,,,,,,,1050,,,,
MAD,MAD --350,MAD Components,,,,350,,,,110,,,,,,,,,,,,,,,460,,,,
MAD,MAD --370,MAD Components,,,,370,,,,155,,,,,,,,,,,,,,,870,,,,
MAD,MAD --400,MAD Components,,,,400,,,,250,,,,,,,,,,,,,,,1300,,,,
MAD,MAD --440,MAD Components,,,,440,,,,110,,,,,,,,,,,,,,,600,,,,
MAD,MAD --480,MAD Components,,,,480,,,,238,,,,,,,,,,,,,,,1324,,,,
MAD,MAD --550,MAD Components,,,,550,,,,110,,,,,,,,,,,,,,,530,,,,
MAYTECH,Mayt--67,Maytech,,,,67,,,,1800,,,,,,,,,,,,,,,7860,,,,
MAYTECH,Mayt--90,Maytech,,,,90,,,,800,,,,,,,,,,,,,,,2500,,,,
MAYTECH,Mayt--90,Maytech,,,,90,,,,1800,,,,,,,,,,,,,,,7580,,,,
MAYTECH,Mayt--100,Maytech,,,,100,,,,250,,,,,,,,,,,,,,,805,,,,
MAYTECH,Mayt--130,Maytech,,,,130,,,,2800,,,,,,,,,,,,,,,10000,,,,
MAYTECH,Mayt--130,Maytech,,,,130,,,,1800,,,,,,,,,,,,,,,7100,,,,
MAYTECH,Mayt--130,Maytech,,,,130,,,,250,,,,,,,,,,,,,,,940,,,,
MAYTECH,Mayt--140,Maytech,,,,140,,,,2800,,,,,,,,,,,,,,,10750,,,,
MAYTECH,Mayt--150,Maytech,,,,150,,,,2800,,,,,,,,,,,,,,,11250,,,,
MAYTECH,Mayt--150,Maytech,,,,150,,,,1800,,,,,,,,,,,,,,,6240,,,,
MAYTECH,Mayt--160,Maytech,,,,160,,,,250,,,,,,,,,,,,,,,1300,,,,
MAYTECH,Mayt--165,Maytech,,,,165,,,,2800,,,,,,,,,,,,,,,12500,,,,
MAYTECH,Mayt--170,Maytech,,,,170,,,,800,,,,,,,,,,,,,,,2940,,,,
MAYTECH,Mayt--170,Maytech,,,,170,,,,1800,,,,,,,,,,,,,,,6150,,,,
MAYTECH,Mayt--180,Maytech,,,,180,,,,1800,,,,,,,,,,,,,,,6500,,,,
MAYTECH,Mayt--200,Maytech,,,,200,,,,364,,,,,,,,,,,,,,,1790,,,,
MAYTECH,Mayt--200,Maytech,,,,200,,,,668,,,,,,,,,,,,,,,3050,,,,
MAYTECH,Mayt--200,Maytech,,,,200,,,,800,,,,,,,,,,,,,,,3100,,,,
MAYTECH,Mayt--230,Maytech,,,,230,,,,522,,,,,,,,,,,,,,,3250,,,,
MAYTECH,Mayt--250,Maytech,,,,250,,,,522,,,,,,,,,,,,,,,3100,,,,
MAYTECH,Mayt--250,Maytech,,,,250,,,,1800,,,,,,,,,,,,,,,5820,,,,
MAYTECH,Mayt--270,Maytech,,,,270,,,,668,,,,,,,,,,,,,,,1870,,,,
MAYTECH,Mayt--330,Maytech,,,,330,,,,800,,,,,,,,,,,,,,,3200,,,,
MAYTECH,Mayt--350,Maytech,,,,350,,,,195,,,,,,,,,,,,,,,625,,,,
MAYTECH,Mayt--360,Maytech,,,,360,,,,150,,,,,,,,,,,,,,,323,,,,
MAYTECH,Mayt--370,Maytech,,,,370,,,,115,,,,,,,,,,,,,,,385,,,,
MAYTECH,Mayt--380,Maytech,,,,380,,,,364,,,,,,,,,,,,,,,1810,,,,
MAYTECH,Mayt--400,Maytech,,,,400,,,,160,,,,,,,,,,,,,,,405,,,,
MAYTECH,Mayt--400,Maytech,,,,400,,,,290,,,,,,,,,,,,,,,1760,,,,
MAYTECH,Mayt--450,Maytech,,,,450,,,,85,,,,,,,,,,,,,,,335,,,,
MAYTECH,Mayt--450,Maytech,,,,450,,,,85,,,,,,,,,,,,,,,450,,,,
MAYTECH,Mayt--470,Maytech,,,,470,,,,115,,,,,,,,,,,,,,,610,,,,
MAYTECH,Mayt--500,Maytech,,,,500,,,,265,,,,,,,,,,,,,,,1300,,,,
MAYTECH,Mayt--580,Maytech,,,,580,,,,115,,,,,,,,,,,,,,,825,,,,
MAYTECH,Mayt--580,Maytech,,,,580,,,,290,,,,,,,,,,,,,,,1770,,,,
MAYTECH,Mayt--600,Maytech,,,,600,,,,280,,,,,,,,,,,,,,,520,,,,
MAYTECH,Mayt--620,Maytech,,,,620,,,,85,,,,,,,,,,,,,,,710,,,,
MAYTECH,Mayt--650,Maytech,,,,650,,,,265,,,,,,,,,,,,,,,655,,,,
MAYTECH,Mayt--700,Maytech,,,,700,,,,100,,,,,,,,,,,,,,,555,,,,
MAYTECH,Mayt--700,Maytech,,,,700,,,,85,,,,,,,,,,,,,,,465,,,,
MAYTECH,Mayt--720,Maytech,,,,720,,,,115,,,,,,,,,,,,,,,685,,,,
MAYTECH,Mayt--740,Maytech,,,,740,,,,165,,,,,,,,,,,,,,,500,,,,
MAYTECH,Mayt--750,Maytech,,,,750,,,,55,,,,,,,,,,,,,,,185,,,,
MAYTECH,Mayt--750,Maytech,,,,750,,,,71,,,,,,,,,,,,,,,200,,,,
MAYTECH,Mayt--750,Maytech,,,,750,,,,100,,,,,,,,,,,,,,,350,,,,
MAYTECH,Mayt--750,Maytech,,,,750,,,,150,,,,,,,,,,,,,,,825,,,,
MAYTECH,Mayt--750,Maytech,,,,750,,,,280,,,,,,,,,,,,,,,1150,,,,
MAYTECH,Mayt--790,Maytech,,,,790,,,,156,,,,,,,,,,,,,,,715,,,,
MAYTECH,Mayt--800,Maytech,,,,800,,,,72,,,,,,,,,,,,,,,455,,,,
MAYTECH,Mayt--800,Maytech,,,,800,,,,100,,,,,,,,,,,,,,,750,,,,
MAYTECH,Mayt--830,Maytech,,,,830,,,,130,,,,,,,,,,,,,,,650,,,,
MAYTECH,Mayt--850,Maytech,,,,850,,,,55,,,,,,,,,,,,,,,165,,,,
MAYTECH,Mayt--850,Maytech,,,,850,,,,280,,,,,,,,,,,,,,,905,,,,
MAYTECH,Mayt--880,Maytech,,,,880,,,,60,,,,,,,,,,,,,,,180,,,,
MAYTECH,Mayt--880,Maytech,,,,880,,,,55,,,,,,,,,,,,,,,250,,,,
MAYTECH,Mayt--880,Maytech,,,,880,,,,73,,,,,,,,,,,,,,,240,,,,
MAYTECH,Mayt--900,Maytech,,,,900,,,,155,,,,,,,,,,,,,,,770,,,,
MAYTECH,Mayt--910,Maytech,,,,910,,,,100,,,,,,,,,,,,,,,370,,,,
MAYTECH,Mayt--930,Maytech,,,,930,,,,53,,,,,,,,,,,,,,,150,,,,
MAYTECH,Mayt--930,Maytech,,,,930,,,,72,,,,,,,,,,,,,,,425,,,,
MAYTECH,Mayt--1000,Maytech,,,,1000,,,,53,,,,,,,,,,,,,,,150,,,,
MAYTECH,Mayt--1000,Maytech,,,,1000,,,,55,,,,,,,,,,,,,,,215,,,,
MAYTECH,Mayt--1000,Maytech,,,,1000,,,,55,,,,,,,,,,,,,,,200,,,,
MAYTECH,Mayt--1000,Maytech,,,,1000,,,,102,,,,,,,,,,,,,,,430,,,,
MAYTECH,Mayt--1000,Maytech,,,,1000,,,,150,,,,,,,,,,,,,,,815,,,,
MAYTECH,Mayt--1020,Maytech,,,,1020,,,,60,,,,,,,,,,,,,,,150,,,,
MAYTECH,Mayt--1050,Maytech,,,,1050,,,,130,,,,,,,,,,,,,,,540,,,,
MAYTECH,Mayt--1100,Maytech,,,,1100,,,,45,,,,,,,,,,,,,,,350,,,,
MAYTECH,Mayt--1100,Maytech,,,,1100,,,,43,,,,,,,,,,,,,,,100,,,,
MAYTECH,Mayt--1100,Maytech,,,,1100,,,,74,,,,,,,,,,,,,,,310,,,,
MAYTECH,Mayt--1120,Maytech,,,,1120,,,,71,,,,,,,,,,,,,,,335,,,,
MAYTECH,Mayt--1150,Maytech,,,,1150,,,,157,,,,,,,,,,,,,,,910,,,,
MAYTECH,Mayt--1250,Maytech,,,,1250,,,,53,,,,,,,,,,,,,,,175,,,,
MAYTECH,Mayt--1250,Maytech,,,,1250,,,,99,,,,,,,,,,,,,,,495,,,,
MAYTECH,Mayt--1255,Maytech,,,,1255,,,,130,,,,,,,,,,,,,,,660,,,,
MAYTECH,Mayt--1300,Maytech,,,,1300,,,,55,,,,,,,,,,,,,,,240,,,,
MAYTECH,Mayt--1350,Maytech,,,,1350,,,,79,,,,,,,,,,,,,,,580,,,,
MAYTECH,Mayt--1350,Maytech,,,,1350,,,,79,,,,,,,,,,,,,,,640,,,,
MAYTECH,Mayt--1400,Maytech,,,,1400,,,,2023-05-18 00:00:00,,,,,,,,,,,,,,,100,,,,
MAYTECH,Mayt--1400,Maytech,,,,1400,,,,53,,,,,,,,,,,,,,,175,,,,
MAYTECH,Mayt--1400,Maytech,,,,1400,,,,74,,,,,,,,,,,,,,,445,,,,
MAYTECH,Mayt--1450,Maytech,,,,1450,,,,43,,,,,,,,,,,,,,,160,,,,
MAYTECH,Mayt--1450,Maytech,,,,1450,,,,102,,,,,,,,,,,,,,,655,,,,
MAYTECH,Mayt--1455,Maytech,,,,1455,,,,130,,,,,,,,,,,,,,,690,,,,
MAYTECH,Mayt--1500,Maytech,,,,1500,,,,2023-05-19 00:00:00,,,,,,,,,,,,,,,100,,,,
MAYTECH,Mayt--1500,Maytech,,,,1500,,,,2023-05-22 00:00:00,,,,,,,,,,,,,,,120,,,,
MAYTECH,Mayt--1500,Maytech,,,,1500,,,,45,,,,,,,,,,,,,,,380,,,,
MAYTECH,Mayt--1500,Maytech,,,,1500,,,,71,,,,,,,,,,,,,,,365,,,,
MAYTECH,Mayt--1700,Maytech,,,,1700,,,,79,,,,,,,,,,,,,,,550,,,,
MAYTECH,Mayt--1700,Maytech,,,,1700,,,,73,,,,,,,,,,,,,,,580,,,,
MAYTECH,Mayt--1800,Maytech,,,,1800,,,,43,,,,,,,,,,,,,,,180,,,,
MAYTECH,Mayt--2100,Maytech,,,,2100,,,,13,,,,,,,,,,,,,,,65,,,,
MAYTECH,Mayt--2200,Maytech,,,,2200,,,,43,,,,,,,,,,,,,,,220,,,,
MAYTECH,Mayt--2300,Maytech,,,,2300,,,,2023-05-18 00:00:00,,,,,,,,,,,,,,,100,,,,
MAYTECH,Mayt--2400,Maytech,,,,2400,,,,15,,,,,,,,,,,,,,,108,,,,
MAYTECH,Mayt--2500,Maytech,,,,2500,,,,45,,,,,,,,,,,,,,,220,,,,
MAYTECH,Mayt--2600,Maytech,,,,2600,,,,43,,,,,,,,,,,,,,,100,,,,
MAYTECH,Mayt--3000,Maytech,,,,3000,,,,13,,,,,,,,,,,,,,,59,,,,
MEGA MOTOR,Mega--460,Mega Motor,,,,460,,,,430,,,,,,,,,,,,,,,1050,,,,
MEGA MOTOR,Mega--500,Mega Motor,,,,500,,,,400,,,,,,,,,,,,,,,600,,,,
MEGA MOTOR,Mega--510,Mega Motor,,,,510,,,,400,,,,,,,,,,,,,,,600,,,,
MEGA MOTOR,Mega--520,Mega Motor,,,,520,,,,624,,,,,,,,,,,,,,,1500,,,,
MEGA MOTOR,Mega--620,Mega Motor,,,,620,,,,545,,,,,,,,,,,,,,,1500,,,,
MEGA MOTOR,Mega--640,Mega Motor,,,,640,,,,300,,,,,,,,,,,,,,,600,,,,
MEGA MOTOR,Mega--675,Mega Motor,,,,675,,,,430,,,,,,,,,,,,,,,1200,,,,
MEGA MOTOR,Mega--700,Mega Motor,,,,700,,,,545,,,,,,,,,,,,,,,1500,,,,
MEGA MOTOR,Mega--750,Mega Motor,,,,750,,,,245,,,,,,,,,,,,,,,975,,,,
MEGA MOTOR,Mega--795,Mega Motor,,,,795,,,,624,,,,,,,,,,,,,,,1500,,,,
MEGA MOTOR,Mega--814,Mega Motor,,,,814,,,,430,,,,,,,,,,,,,,,1500,,,,
MEGA MOTOR,Mega--840,Mega Motor,,,,840,,,,115,,,,,,,,,,,,,,,270,,,,
MEGA MOTOR,Mega--850,Mega Motor,,,,850,,,,340,,,,,,,,,,,,,,,1050,,,,
MEGA MOTOR,Mega--860,Mega Motor,,,,860,,,,300,,,,,,,,,,,,,,,600,,,,
MEGA MOTOR,Mega--900,Mega Motor,,,,900,,,,115,,,,,,,,,,,,,,,270,,,,
MEGA MOTOR,Mega--910,Mega Motor,,,,910,,,,545,,,,,,,,,,,,,,,1500,,,,
MEGA MOTOR,Mega--930,Mega Motor,,,,930,,,,220,,,,,,,,,,,,,,,600,,,,
MEGA MOTOR,Mega--935,Mega Motor,,,,935,,,,220,,,,,,,,,,,,,,,1050,,,,
MEGA MOTOR,Mega--950,Mega Motor,,,,950,,,,300,,,,,,,,,,,,,,,900,,,,
MEGA MOTOR,Mega--990,Mega Motor,,,,990,,,,430,,,,,,,,,,,,,,,1500,,,,
MEGA MOTOR,Mega--1000,Mega Motor,,,,1000,,,,115,,,,,,,,,,,,,,,300,,,,
MEGA MOTOR,Mega--1025,Mega Motor,,,,1025,,,,162,,,,,,,,,,,,,,,450,,,,
MEGA MOTOR,Mega--1040,Mega Motor,,,,1040,,,,48,,,,,,,,,,,,,,,75,,,,
MEGA MOTOR,Mega--1040,Mega Motor,,,,1040,,,,624,,,,,,,,,,,,,,,1800,,,,
MEGA MOTOR,Mega--1050,Mega Motor,,,,1050,,,,76,,,,,,,,,,,,,,,225,,,,
MEGA MOTOR,Mega--1070,Mega Motor,,,,1070,,,,340,,,,,,,,,,,,,,,1500,,,,
MEGA MOTOR,Mega--1120,Mega Motor,,,,1120,,,,340,,,,,,,,,,,,,,,1500,,,,
MEGA MOTOR,Mega--1125,Mega Motor,,,,1125,,,,245,,,,,,,,,,,,,,,1350,,,,
MEGA MOTOR,Mega--1130,Mega Motor,,,,1130,,,,165,,,,,,,,,,,,,,,825,,,,
MEGA MOTOR,Mega--1165,Mega Motor,,,,1165,,,,115,,,,,,,,,,,,,,,600,,,,
MEGA MOTOR,Mega--1225,Mega Motor,,,,1225,,,,76,,,,,,,,,,,,,,,240,,,,
MEGA MOTOR,Mega--1230,Mega Motor,,,,1230,,,,545,,,,,,,,,,,,,,,1800,,,,
MEGA MOTOR,Mega--1240,Mega Motor,,,,1240,,,,115,,,,,,,,,,,,,,,525,,,,
MEGA MOTOR,Mega--1250,Mega Motor,,,,1250,,,,76,,,,,,,,,,,,,,,225,,,,
MEGA MOTOR,Mega--1250,Mega Motor,,,,1250,,,,115,,,,,,,,,,,,,,,375,,,,
MEGA MOTOR,Mega--1250,Mega Motor,,,,1250,,,,300,,,,,,,,,,,,,,,900,,,,
MEGA MOTOR,Mega--1260,Mega Motor,,,,1260,,,,220,,,,,,,,,,,,,,,1050,,,,
MEGA MOTOR,Mega--1275,Mega Motor,,,,1275,,,,135,,,,,,,,,,,,,,,450,,,,
MEGA MOTOR,Mega--1300,Mega Motor,,,,1300,,,,76,,,,,,,,,,,,,,,240,,,,
MEGA MOTOR,Mega--1300,Mega Motor,,,,1300,,,,340,,,,,,,,,,,,,,,1500,,,,
MEGA MOTOR,Mega--1360,Mega Motor,,,,1360,,,,245,,,,,,,,,,,,,,,1350,,,,
MEGA MOTOR,Mega--1380,Mega Motor,,,,1380,,,,135,,,,,,,,,,,,,,,450,,,,
MEGA MOTOR,Mega--1385,Mega Motor,,,,1385,,,,430,,,,,,,,,,,,,,,1500,,,,
MEGA MOTOR,Mega--1410,Mega Motor,,,,1410,,,,165,,,,,,,,,,,,,,,1050,,,,
MEGA MOTOR,Mega--1420,Mega Motor,,,,1420,,,,76,,,,,,,,,,,,,,,270,,,,
MEGA MOTOR,Mega--1430,Mega Motor,,,,1430,,,,48,,,,,,,,,,,,,,,90,,,,
MEGA MOTOR,Mega--1430,Mega Motor,,,,1430,,,,300,,,,,,,,,,,,,,,1200,,,,
MEGA MOTOR,Mega--1460,Mega Motor,,,,1460,,,,165,,,,,,,,,,,,,,,750,,,,
MEGA MOTOR,Mega--1480,Mega Motor,,,,1480,,,,162,,,,,,,,,,,,,,,750,,,,
MEGA MOTOR,Mega--1480,Mega Motor,,,,1480,,,,165,,,,,,,,,,,,,,,750,,,,
MEGA MOTOR,Mega--1485,Mega Motor,,,,1485,,,,102,,,,,,,,,,,,,,,300,,,,
MEGA MOTOR,Mega--1486,Mega Motor,,,,1486,,,,76,,,,,,,,,,,,,,,300,,,,
MEGA MOTOR,Mega--1510,Mega Motor,,,,1510,,,,165,,,,,,,,,,,,,,,1050,,,,
MEGA MOTOR,Mega--1595,Mega Motor,,,,1595,,,,162,,,,,,,,,,,,,,,600,,,,
MEGA MOTOR,Mega--1640,Mega Motor,,,,1640,,,,115,,,,,,,,,,,,,,,600,,,,
MEGA MOTOR,Mega--1680,Mega Motor,,,,1680,,,,115,,,,,,,,,,,,,,,525,,,,
MEGA MOTOR,Mega--1680,Mega Motor,,,,1680,,,,245,,,,,,,,,,,,,,,1350,,,,
MEGA MOTOR,Mega--1700,Mega Motor,,,,1700,,,,76,,,,,,,,,,,,,,,300,,,,
MEGA MOTOR,Mega--1700,Mega Motor,,,,1700,,,,48,,,,,,,,,,,,,,,120,,,,
MEGA MOTOR,Mega--1800,Mega Motor,,,,1800,,,,76,,,,,,,,,,,,,,,300,,,,
MEGA MOTOR,Mega--1840,Mega Motor,,,,1840,,,,115,,,,,,,,,,,,,,,525,,,,
MEGA MOTOR,Mega--1840,Mega Motor,,,,1840,,,,115,,,,,,,,,,,,,,,600,,,,
MEGA MOTOR,Mega--1850,Mega Motor,,,,1850,,,,165,,,,,,,,,,,,,,,1050,,,,
MEGA MOTOR,Mega--1890,Mega Motor,,,,1890,,,,102,,,,,,,,,,,,,,,375,,,,
MEGA MOTOR,Mega--1915,Mega Motor,,,,1915,,,,162,,,,,,,,,,,,,,,900,,,,
MEGA MOTOR,Mega--1920,Mega Motor,,,,1920,,,,220,,,,,,,,,,,,,,,1050,,,,
MEGA MOTOR,Mega--1950,Mega Motor,,,,1950,,,,300,,,,,,,,,,,,,,,1500,,,,
MEGA MOTOR,Mega--1980,Mega Motor,,,,1980,,,,162,,,,,,,,,,,,,,,750,,,,
MEGA MOTOR,Mega--1980,Mega Motor,,,,1980,,,,102,,,,,,,,,,,,,,,525,,,,
MEGA MOTOR,Mega--2100,Mega Motor,,,,2100,,,,165,,,,,,,,,,,,,,,1050,,,,
MEGA MOTOR,Mega--2120,Mega Motor,,,,2120,,,,76,,,,,,,,,,,,,,,375,,,,
MEGA MOTOR,Mega--2125,Mega Motor,,,,2125,,,,48,,,,,,,,,,,,,,,225,,,,
MEGA MOTOR,Mega--2130,Mega Motor,,,,2130,,,,135,,,,,,,,,,,,,,,600,,,,
MEGA MOTOR,Mega--2200,Mega Motor,,,,2200,,,,76,,,,,,,,,,,,,,,375,,,,
MEGA MOTOR,Mega--2200,Mega Motor,,,,2200,,,,115,,,,,,,,,,,,,,,525,,,,
MEGA MOTOR,Mega--2200,Mega Motor,,,,2200,,,,115,,,,,,,,,,,,,,,900,,,,
MEGA MOTOR,Mega--2200,Mega Motor,,,,2200,,,,162,,,,,,,,,,,,,,,900,,,,
MEGA MOTOR,Mega--2260,Mega Motor,,,,2260,,,,102,,,,,,,,,,,,,,,525,,,,
MEGA MOTOR,Mega--2270,Mega Motor,,,,2270,,,,162,,,,,,,,,,,,,,,900,,,,
MEGA MOTOR,Mega--2300,Mega Motor,,,,2300,,,,115,,,,,,,,,,,,,,,600,,,,
MEGA MOTOR,Mega--2400,Mega Motor,,,,2400,,,,102,,,,,,,,,,,,,,,525,,,,
MEGA MOTOR,Mega--2450,Mega Motor,,,,2450,,,,48,,,,,,,,,,,,,,,240,,,,
MEGA MOTOR,Mega--2470,Mega Motor,,,,2470,,,,115,,,,,,,,,,,,,,,600,,,,
MEGA MOTOR,Mega--2470,Mega Motor,,,,2470,,,,160,,,,,,,,,,,,,,,600,,,,
MEGA MOTOR,Mega--2510,Mega Motor,,,,2510,,,,135,,,,,,,,,,,,,,,600,,,,
MEGA MOTOR,Mega--2570,Mega Motor,,,,2570,,,,300,,,,,,,,,,,,,,,1500,,,,
MEGA MOTOR,Mega--2650,Mega Motor,,,,2650,,,,115,,,,,,,,,,,,,,,525,,,,
MEGA MOTOR,Mega--2700,Mega Motor,,,,2700,,,,115,,,,,,,,,,,,,,,900,,,,
MEGA MOTOR,Mega--2800,Mega Motor,,,,2800,,,,76,,,,,,,,,,,,,,,525,,,,
MEGA MOTOR,Mega--2850,Mega Motor,,,,2850,,,,48,,,,,,,,,,,,,,,270,,,,
MEGA MOTOR,Mega--2875,Mega Motor,,,,2875,,,,165,,,,,,,,,,,,,,,1050,,,,
MEGA MOTOR,Mega--2880,Mega Motor,,,,2880,,,,102,,,,,,,,,,,,,,,525,,,,
MEGA MOTOR,Mega--2990,Mega Motor,,,,2990,,,,115,,,,,,,,,,,,,,,600,,,,
MEGA MOTOR,Mega--3100,Mega Motor,,,,3100,,,,105,,,,,,,,,,,,,,,600,,,,
MEGA MOTOR,Mega--3110,Mega Motor,,,,3110,,,,135,,,,,,,,,,,,,,,600,,,,
MEGA MOTOR,Mega--3150,Mega Motor,,,,3150,,,,162,,,,,,,,,,,,,,,1200,,,,
MEGA MOTOR,Mega--3270,Mega Motor,,,,3270,,,,115,,,,,,,,,,,,,,,1200,,,,
MEGA MOTOR,Mega--3300,Mega Motor,,,,3300,,,,66,,,,,,,,,,,,,,,525,,,,
MEGA MOTOR,Mega--3340,Mega Motor,,,,3340,,,,74,,,,,,,,,,,,,,,675,,,,
MEGA MOTOR,Mega--3370,Mega Motor,,,,3370,,,,76,,,,,,,,,,,,,,,600,,,,
MEGA MOTOR,Mega--3420,Mega Motor,,,,3420,,,,48,,,,,,,,,,,,,,,300,,,,
MEGA MOTOR,Mega--3450,Mega Motor,,,,3450,,,,48,,,,,,,,,,,,,,,300,,,,
MEGA MOTOR,Mega--3500,Mega Motor,,,,3500,,,,220,,,,,,,,,,,,,,,1050,,,,
MEGA MOTOR,Mega--3600,Mega Motor,,,,3600,,,,115,,,,,,,,,,,,,,,1200,,,,
MEGA MOTOR,Mega--3650,Mega Motor,,,,3650,,,,82,,,,,,,,,,,,,,,675,,,,
MEGA MOTOR,Mega--3700,Mega Motor,,,,3700,,,,70,,,,,,,,,,,,,,,675,,,,
MEGA MOTOR,Mega--3700,Mega Motor,,,,3700,,,,220,,,,,,,,,,,,,,,1350,,,,
MEGA MOTOR,Mega--3750,Mega Motor,,,,3750,,,,115,,,,,,,,,,,,,,,600,,,,
MEGA MOTOR,Mega--3960,Mega Motor,,,,3960,,,,102,,,,,,,,,,,,,,,525,,,,
MEGA MOTOR,Mega--4180,Mega Motor,,,,4180,,,,76,,,,,,,,,,,,,,,600,,,,
MEGA MOTOR,Mega--4200,Mega Motor,,,,4200,,,,135,,,,,,,,,,,,,,,1200,,,,
MEGA MOTOR,Mega--4270,Mega Motor,,,,4270,,,,165,,,,,,,,,,,,,,,1050,,,,
MEGA MOTOR,Mega--4420,Mega Motor,,,,4420,,,,48,,,,,,,,,,,,,,,375,,,,
MEGA MOTOR,Mega--4600,Mega Motor,,,,4600,,,,76,,,,,,,,,,,,,,,525,,,,
MEGA MOTOR,Mega--4650,Mega Motor,,,,4650,,,,115,,,,,,,,,,,,,,,1200,,,,
MEGA MOTOR,Mega--4900,Mega Motor,,,,4900,,,,115,,,,,,,,,,,,,,,1050,,,,
MEGA MOTOR,Mega--5500,Mega Motor,,,,5500,,,,165,,,,,,,,,,,,,,,1050,,,,
MEGA MOTOR,Mega--5580,Mega Motor,,,,5580,,,,48,,,,,,,,,,,,,,,450,,,,
MEGA MOTOR,Mega--8000,Mega Motor,,,,8000,,,,76,,,,,,,,,,,,,,,1200,,,,
MFLY,mfly--1235,mfly,,,,1235,,,,25,,,,,,,,,,,,,,,60,,,,
MFLY,mfly--1350,mfly,,,,1350,,,,20,,,,,,,,,,,,,,,50,,,,
MFLY,mfly--1420,mfly,,,,1420,,,,25,,,,,,,,,,,,,,,60,,,,
MFLY,mfly--1520,mfly,,,,1520,,,,20,,,,,,,,,,,,,,,50,,,,
MFLY,mfly--1680,mfly,,,,1680,,,,25,,,,,,,,,,,,,,,60,,,,
MFLY,mfly--1735,mfly,,,,1735,,,,20,,,,,,,,,,,,,,,50,,,,
MFLY,mfly--1900,mfly,,,,1900,,,,25,,,,,,,,,,,,,,,60,,,,
MFLY,mfly--2025,mfly,,,,2025,,,,20,,,,,,,,,,,,,,,50,,,,
MICRODAN,Micr--1885,MicroDAN,,,,1885,,,,34,,,,,,,,,,,,,,,375,,,,
MIKROKOPTER,Mikr--490,Mikrokopter,,,,490,,,,155,,,,,,,,,,,,,,,390,,,,
MIKROKOPTER,Mikr--760,Mikrokopter,,,,760,,,,125,,,,,,,,,,,,,,,350,,,,
MIKROKOPTER,Mikr--760,Mikrokopter,,,,760,,,,125,,,,,,,,,,,,,,,350,,,,
MINI AC,Mini--3000,Mini AC,,,,3000,,,,49,,,,,,,,,,,,,,,420,,,,
MINI AC,Mini--3800,Mini AC,,,,3800,,,,48,,,,,,,,,,,,,,,270,,,,
MINI AC,Mini--4750,Mini AC,,,,4750,,,,53,,,,,,,,,,,,,,,300,,,,
MINI AC,Mini--6370,Mini AC,,,,6370,,,,54,,,,,,,,,,,,,,,375,,,,
MINI AC,Mini--6370,Mini AC,,,,6370,,,,77,,,,,,,,,,,,,,,375,,,,
MOTROLFLY,Motr--639,MotrolFly,,,,639,,,,150,,,,,,,,,,,,,,,600,,,,
MOTROLFLY,Motr--655,MotrolFly,,,,655,,,,256,,,,,,,,,,,,,,,675,,,,
MOTROLFLY,Motr--732,MotrolFly,,,,732,,,,90,,,,,,,,,,,,,,,300,,,,
MOTROLFLY,Motr--798,MotrolFly,,,,798,,,,256,,,,,,,,,,,,,,,675,,,,
MOTROLFLY,Motr--850,MotrolFly,,,,850,,,,60,,,,,,,,,,,,,,,180,,,,
MOTROLFLY,Motr--863,MotrolFly,,,,863,,,,127,,,,,,,,,,,,,,,480,,,,
MOTROLFLY,Motr--950,MotrolFly,,,,950,,,,175,,,,,,,,,,,,,,,675,,,,
MOTROLFLY,Motr--966,MotrolFly,,,,966,,,,150,,,,,,,,,,,,,,,675,,,,
MOTROLFLY,Motr--993,MotrolFly,,,,993,,,,52,,,,,,,,,,,,,,,150,,,,
MOTROLFLY,Motr--1056,MotrolFly,,,,1056,,,,90,,,,,,,,,,,,,,,300,,,,
MOTROLFLY,Motr--1096,MotrolFly,,,,1096,,,,60,,,,,,,,,,,,,,,225,,,,
MOTROLFLY,Motr--1100,MotrolFly,,,,1100,,,,127,,,,,,,,,,,,,,,570,,,,
MOTROLFLY,Motr--1240,MotrolFly,,,,1240,,,,90,,,,,,,,,,,,,,,420,,,,
MOTROLFLY,Motr--1290,MotrolFly,,,,1290,,,,52,,,,,,,,,,,,,,,225,,,,
MOTROLFLY,Motr--1350,MotrolFly,,,,1350,,,,32,,,,,,,,,,,,,,,105,,,,
MOTROLFLY,Motr--1620,MotrolFly,,,,1620,,,,52,,,,,,,,,,,,,,,300,,,,
MOTROLFLY,Motr--1890,MotrolFly,,,,1890,,,,28,,,,,,,,,,,,,,,135,,,,
MOTROLFLY,Motr--2195,MotrolFly,,,,2195,,,,52,,,,,,,,,,,,,,,375,,,,
MOTROLFLY,Motr--3180,MotrolFly,,,,3180,,,,54,,,,,,,,,,,,,,,225,,,,
MOTROLFLY,Motr--3670,MotrolFly,,,,3670,,,,54,,,,,,,,,,,,,,,375,,,,
MP JET,MP J--950,MP Jet,,,,950,,,,170,,,,,,,,,,,,,,,600,,,,
MP JET,MP J--1600,MP Jet,,,,1600,,,,120,,,,,,,,,,,,,,,600,,,,
MULTISTAR,Mult--90,MultiStar,,,,90,,,,329,,,,,,,,,,,,,,,1200,,,,
MULTISTAR,Mult--100,MultiStar,,,,100,,,,598,,,,,,,,,,,,,,,2800,,,,
MULTISTAR,Mult--160,MultiStar,,,,160,,,,329,,,,,,,,,,,,,,,1200,,,,
MULTISTAR,Mult--230,MultiStar,,,,230,,,,322,,,,,,,,,,,,,,,1200,,,,
MULTISTAR,Mult--268,MultiStar,,,,268,,,,83,,,,,,,,,,,,,,,330,,,,
MULTISTAR,Mult--274,MultiStar,,,,274,,,,211,,,,,,,,,,,,,,,630,,,,
MULTISTAR,Mult--300,MultiStar,,,,300,,,,91,,,,,,,,,,,,,,,220,,,,
MULTISTAR,Mult--320,MultiStar,,,,320,,,,163,,,,,,,,,,,,,,,720,,,,
MULTISTAR,Mult--320,MultiStar,,,,320,,,,147,,,,,,,,,,,,,,,660,,,,
MULTISTAR,Mult--320,MultiStar,,,,320,,,,148,,,,,,,,,,,,,,,450,,,,
MULTISTAR,Mult--330,MultiStar,,,,330,,,,230,,,,,,,,,,,,,,,935,,,,
MULTISTAR,Mult--330,MultiStar,,,,330,,,,152,,,,,,,,,,,,,,,500,,,,
MULTISTAR,Mult--330,MultiStar,,,,330,,,,183,,,,,,,,,,,,,,,610,,,,
MULTISTAR,Mult--330,MultiStar,,,,330,,,,183,,,,,,,,,,,,,,,610,,,,
MULTISTAR,Mult--340,MultiStar,,,,340,,,,163,,,,,,,,,,,,,,,700,,,,
MULTISTAR,Mult--340,MultiStar,,,,340,,,,213,,,,,,,,,,,,,,,850,,,,
MULTISTAR,Mult--350,MultiStar,,,,350,,,,152,,,,,,,,,,,,,,,400,,,,
MULTISTAR,Mult--350,MultiStar,,,,350,,,,103,,,,,,,,,,,,,,,330,,,,
MULTISTAR,Mult--370,MultiStar,,,,370,,,,196,,,,,,,,,,,,,,,400,,,,
MULTISTAR,Mult--370,MultiStar,,,,370,,,,109,,,,,,,,,,,,,,,360,,,,
MULTISTAR,Mult--375,MultiStar,,,,375,,,,128,,,,,,,,,,,,,,,450,,,,
MULTISTAR,Mult--380,MultiStar,,,,380,,,,102,,,,,,,,,,,,,,,320,,,,
MULTISTAR,Mult--380,MultiStar,,,,380,,,,111,,,,,,,,,,,,,,,360,,,,
MULTISTAR,Mult--380,MultiStar,,,,380,,,,96,,,,,,,,,,,,,,,320,,,,
MULTISTAR,Mult--380,MultiStar,,,,380,,,,93,,,,,,,,,,,,,,,250,,,,
MULTISTAR,Mult--390,MultiStar,,,,390,,,,86,,,,,,,,,,,,,,,330,,,,
MULTISTAR,Mult--390,MultiStar,,,,390,,,,98,,,,,,,,,,,,,,,300,,,,
MULTISTAR,Mult--400,MultiStar,,,,400,,,,163,,,,,,,,,,,,,,,750,,,,
MULTISTAR,Mult--400,MultiStar,,,,400,,,,147,,,,,,,,,,,,,,,680,,,,
MULTISTAR,Mult--400,MultiStar,,,,400,,,,138,,,,,,,,,,,,,,,550,,,,
MULTISTAR,Mult--400,MultiStar,,,,400,,,,101,,,,,,,,,,,,,,,900,,,,
MULTISTAR,Mult--400,MultiStar,,,,400,,,,91,,,,,,,,,,,,,,,300,,,,
MULTISTAR,Mult--420,MultiStar,,,,420,,,,154,,,,,,,,,,,,,,,650,,,,
MULTISTAR,Mult--460,MultiStar,,,,460,,,,63,,,,,,,,,,,,,,,180,,,,
MULTISTAR,Mult--480,MultiStar,,,,480,,,,111,,,,,,,,,,,,,,,380,,,,
MULTISTAR,Mult--480,MultiStar,,,,480,,,,154,,,,,,,,,,,,,,,680,,,,
MULTISTAR,Mult--480,MultiStar,,,,480,,,,109,,,,,,,,,,,,,,,380,,,,
MULTISTAR,Mult--485,MultiStar,,,,485,,,,128,,,,,,,,,,,,,,,500,,,,
MULTISTAR,Mult--485,MultiStar,,,,485,,,,147,,,,,,,,,,,,,,,700,,,,
MULTISTAR,Mult--490,MultiStar,,,,490,,,,98,,,,,,,,,,,,,,,300,,,,
MULTISTAR,Mult--570,MultiStar,,,,570,,,,98,,,,,,,,,,,,,,,310,,,,
MULTISTAR,Mult--570,MultiStar,,,,570,,,,152,,,,,,,,,,,,,,,400,,,,
MULTISTAR,Mult--580,MultiStar,,,,580,,,,102,,,,,,,,,,,,,,,340,,,,
MULTISTAR,Mult--580,MultiStar,,,,580,,,,128,,,,,,,,,,,,,,,580,,,,
MULTISTAR,Mult--580,MultiStar,,,,580,,,,96,,,,,,,,,,,,,,,340,,,,
MULTISTAR,Mult--580,MultiStar,,,,580,,,,109,,,,,,,,,,,,,,,400,,,,
MULTISTAR,Mult--600,MultiStar,,,,600,,,,111,,,,,,,,,,,,,,,400,,,,
MULTISTAR,Mult--610,MultiStar,,,,610,,,,86,,,,,,,,,,,,,,,330,,,,
MULTISTAR,Mult--630,MultiStar,,,,630,,,,138,,,,,,,,,,,,,,,550,,,,
MULTISTAR,Mult--640,MultiStar,,,,640,,,,98,,,,,,,,,,,,,,,550,,,,
MULTISTAR,Mult--650,MultiStar,,,,650,,,,58,,,,,,,,,,,,,,,250,,,,
MULTISTAR,Mult--650,MultiStar,,,,650,,,,65,,,,,,,,,,,,,,,240,,,,
MULTISTAR,Mult--680,MultiStar,,,,680,,,,93,,,,,,,,,,,,,,,380,,,,
MULTISTAR,Mult--690,MultiStar,,,,690,,,,95,,,,,,,,,,,,,,,320,,,,
MULTISTAR,Mult--700,MultiStar,,,,700,,,,99,,,,,,,,,,,,,,,340,,,,
MULTISTAR,Mult--700,MultiStar,,,,700,,,,102,,,,,,,,,,,,,,,360,,,,
MULTISTAR,Mult--700,MultiStar,,,,700,,,,96,,,,,,,,,,,,,,,360,,,,
MULTISTAR,Mult--710,MultiStar,,,,710,,,,59,,,,,,,,,,,,,,,340,,,,
MULTISTAR,Mult--740,MultiStar,,,,740,,,,93,,,,,,,,,,,,,,,500,,,,
MULTISTAR,Mult--750,MultiStar,,,,750,,,,233,,,,,,,,,,,,,,,925,,,,
MULTISTAR,Mult--750,MultiStar,,,,750,,,,56,,,,,,,,,,,,,,,320,,,,
MULTISTAR,Mult--770,MultiStar,,,,770,,,,59,,,,,,,,,,,,,,,500,,,,
MULTISTAR,Mult--800,MultiStar,,,,800,,,,66,,,,,,,,,,,,,,,220,,,,
MULTISTAR,Mult--800,MultiStar,,,,800,,,,66,,,,,,,,,,,,,,,222,,,,
MULTISTAR,Mult--800,MultiStar,,,,800,,,,195,,,,,,,,,,,,,,,660,,,,
MULTISTAR,Mult--850,MultiStar,,,,850,,,,58,,,,,,,,,,,,,,,250,,,,
MULTISTAR,Mult--880,MultiStar,,,,880,,,,65,,,,,,,,,,,,,,,250,,,,
MULTISTAR,Mult--920,MultiStar,,,,920,,,,58,,,,,,,,,,,,,,,255,,,,
MULTISTAR,Mult--935,MultiStar,,,,935,,,,55,,,,,,,,,,,,,,,200,,,,
MULTISTAR,Mult--960,MultiStar,,,,960,,,,58,,,,,,,,,,,,,,,220,,,,
MULTISTAR,Mult--980,MultiStar,,,,980,,,,44,,,,,,,,,,,,,,,100,,,,
MULTISTAR,Mult--980,MultiStar,,,,980,,,,58,,,,,,,,,,,,,,,165,,,,
MULTISTAR,Mult--980,MultiStar,,,,980,,,,58,,,,,,,,,,,,,,,230,,,,
MULTISTAR,Mult--1300,MultiStar,,,,1300,,,,34,,,,,,,,,,,,,,,390,,,,
MULTISTAR,Mult--1400,MultiStar,,,,1400,,,,45,,,,,,,,,,,,,,,240,,,,
MULTISTAR,Mult--1900,MultiStar,,,,1900,,,,2023-05-13 00:00:00,,,,,,,,,,,,,,,50,,,,
MULTISTAR,Mult--1900,MultiStar,,,,1900,,,,2023-05-13 00:00:00,,,,,,,,,,,,,,,50,,,,
MULTISTAR,Mult--2150,MultiStar,,,,2150,,,,30,,,,,,,,,,,,,,,120,,,,
MULTISTAR,Mult--2150,MultiStar,,,,2150,,,,37.2,,,,,,,,,,,,,,,260,,,,
MULTISTAR,Mult--2300,MultiStar,,,,2300,,,,2023-05-13 00:00:00,,,,,,,,,,,,,,,60,,,,
MULTISTAR,Mult--2300,MultiStar,,,,2300,,,,24,,,,,,,,,,,,,,,126,,,,
MULTISTAR,Mult--2300,MultiStar,,,,2300,,,,24,,,,,,,,,,,,,,,126,,,,
MULTISTAR,Mult--2350,MultiStar,,,,2350,,,,2023-06-24 00:00:00,,,,,,,,,,,,,,,126,,,,
MULTISTAR,Mult--2350,MultiStar,,,,2350,,,,30,,,,,,,,,,,,,,,420,,,,
MULTISTAR,Mult--2350,MultiStar,,,,2350,,,,30,,,,,,,,,,,,,,,420,,,,
MULTISTAR,Mult--2400,MultiStar,,,,2400,,,,29,,,,,,,,,,,,,,,90,,,,
MULTISTAR,Mult--2600,MultiStar,,,,2600,,,,26,,,,,,,,,,,,,,,485,,,,
MULTISTAR,Mult--2600,MultiStar,,,,2600,,,,29,,,,,,,,,,,,,,,516,,,,
MULTISTAR,Mult--2600,MultiStar,,,,2600,,,,29,,,,,,,,,,,,,,,610,,,,
MULTISTAR,Mult--2600,MultiStar,,,,2600,,,,26,,,,,,,,,,,,,,,630,,,,
MULTISTAR,Mult--3100,MultiStar,,,,3100,,,,2023-09-16 00:00:00,,,,,,,,,,,,,,,80,,,,
MULTISTAR,Mult--3100,MultiStar,,,,3100,,,,10,,,,,,,,,,,,,,,60,,,,
MULTISTAR,Mult--3600,MultiStar,,,,3600,,,,15,,,,,,,,,,,,,,,40,,,,
MULTISTAR,Mult--3600,MultiStar,,,,3600,,,,8,,,,,,,,,,,,,,,40,,,,
MULTISTAR,Mult--4100,MultiStar,,,,4100,,,,2023-03-14 00:00:00,,,,,,,,,,,,,,,200,,,,
MVVS,MVVS--690,MVVS,,,,690,,,,270,,,,,,,,,,,,,,,700,,,,
MVVS,MVVS--840,MVVS,,,,840,,,,205,,,,,,,,,,,,,,,500,,,,
MVVS,MVVS--960,MVVS,,,,960,,,,168,,,,,,,,,,,,,,,500,,,,
MVVS,MVVS--960,MVVS,,,,960,,,,270,,,,,,,,,,,,,,,900,,,,
MVVS,MVVS--1120,MVVS,,,,1120,,,,87,,,,,,,,,,,,,,,250,,,,
MVVS,MVVS--1120,MVVS,,,,1120,,,,110,,,,,,,,,,,,,,,350,,,,
MVVS,MVVS--1120,MVVS,,,,1120,,,,205,,,,,,,,,,,,,,,500,,,,
MVVS,MVVS--1200,MVVS,,,,1200,,,,168,,,,,,,,,,,,,,,500,,,,
MVVS,MVVS--1350,MVVS,,,,1350,,,,110,,,,,,,,,,,,,,,350,,,,
MVVS,MVVS--1400,MVVS,,,,1400,,,,168,,,,,,,,,,,,,,,500,,,,
NEUMOTORS,NeuM--25,NeuMotors,,,,25,,,,3790,,,,,,,,,,,,,,,20000,,,,
NEUMOTORS,NeuM--29,NeuMotors,,,,29,,,,3790,,,,,,,,,,,,,,,20000,,,,
NEUMOTORS,NeuM--30,NeuMotors,,,,30,,,,3230,,,,,,,,,,,,,,,18000,,,,
NEUMOTORS,NeuM--31,NeuMotors,,,,31,,,,2560,,,,,,,,,,,,,,,30000,,,,
NEUMOTORS,NeuM--32,NeuMotors,,,,32,,,,2560,,,,,,,,,,,,,,,30000,,,,
NEUMOTORS,NeuM--33,NeuMotors,,,,33,,,,2560,,,,,,,,,,,,,,,30000,,,,
NEUMOTORS,NeuM--34,NeuMotors,,,,34,,,,3790,,,,,,,,,,,,,,,20000,,,,
NEUMOTORS,NeuM--35,NeuMotors,,,,35,,,,2560,,,,,,,,,,,,,,,30000,,,,
NEUMOTORS,NeuM--36,NeuMotors,,,,36,,,,2560,,,,,,,,,,,,,,,30000,,,,
NEUMOTORS,NeuM--38,NeuMotors,,,,38,,,,2560,,,,,,,,,,,,,,,30000,,,,
NEUMOTORS,NeuM--38,NeuMotors,,,,38,,,,3230,,,,,,,,,,,,,,,18000,,,,
NEUMOTORS,NeuM--39,NeuMotors,,,,39,,,,2560,,,,,,,,,,,,,,,30000,,,,
NEUMOTORS,NeuM--41,NeuMotors,,,,41,,,,2560,,,,,,,,,,,,,,,30000,,,,
NEUMOTORS,NeuM--43,NeuMotors,,,,43,,,,2560,,,,,,,,,,,,,,,30000,,,,
NEUMOTORS,NeuM--46,NeuMotors,,,,46,,,,2560,,,,,,,,,,,,,,,30000,,,,
NEUMOTORS,NeuM--46,NeuMotors,,,,46,,,,3230,,,,,,,,,,,,,,,18000,,,,
NEUMOTORS,NeuM--47,NeuMotors,,,,47,,,,2720,,,,,,,,,,,,,,,16000,,,,
NEUMOTORS,NeuM--48,NeuMotors,,,,48,,,,2560,,,,,,,,,,,,,,,30000,,,,
NEUMOTORS,NeuM--50,NeuMotors,,,,50,,,,3790,,,,,,,,,,,,,,,20000,,,,
NEUMOTORS,NeuM--51,NeuMotors,,,,51,,,,2560,,,,,,,,,,,,,,,30000,,,,
NEUMOTORS,NeuM--54,NeuMotors,,,,54,,,,2560,,,,,,,,,,,,,,,30000,,,,
NEUMOTORS,NeuM--55,NeuMotors,,,,55,,,,2720,,,,,,,,,,,,,,,16000,,,,
NEUMOTORS,NeuM--58,NeuMotors,,,,58,,,,2560,,,,,,,,,,,,,,,30000,,,,
NEUMOTORS,NeuM--60,NeuMotors,,,,60,,,,2270,,,,,,,,,,,,,,,15000,,,,
NEUMOTORS,NeuM--60,NeuMotors,,,,60,,,,3230,,,,,,,,,,,,,,,18000,,,,
NEUMOTORS,NeuM--62,NeuMotors,,,,62,,,,2560,,,,,,,,,,,,,,,30000,,,,
NEUMOTORS,NeuM--62,NeuMotors,,,,62,,,,2720,,,,,,,,,,,,,,,16000,,,,
NEUMOTORS,NeuM--67,NeuMotors,,,,67,,,,2560,,,,,,,,,,,,,,,30000,,,,
NEUMOTORS,NeuM--70,NeuMotors,,,,70,,,,3790,,,,,,,,,,,,,,,20000,,,,
NEUMOTORS,NeuM--72,NeuMotors,,,,72,,,,2560,,,,,,,,,,,,,,,30000,,,,
NEUMOTORS,NeuM--72,NeuMotors,,,,72,,,,2270,,,,,,,,,,,,,,,15000,,,,
NEUMOTORS,NeuM--75,NeuMotors,,,,75,,,,2660,,,,,,,,,,,,,,,30000,,,,
NEUMOTORS,NeuM--78,NeuMotors,,,,78,,,,1790,,,,,,,,,,,,,,,10000,,,,
NEUMOTORS,NeuM--79,NeuMotors,,,,79,,,,2560,,,,,,,,,,,,,,,30000,,,,
NEUMOTORS,NeuM--83,NeuMotors,,,,83,,,,2270,,,,,,,,,,,,,,,15000,,,,
NEUMOTORS,NeuM--85,NeuMotors,,,,85,,,,2720,,,,,,,,,,,,,,,16000,,,,
NEUMOTORS,NeuM--87,NeuMotors,,,,87,,,,2560,,,,,,,,,,,,,,,30000,,,,
NEUMOTORS,NeuM--94,NeuMotors,,,,94,,,,1790,,,,,,,,,,,,,,,10000,,,,
NEUMOTORS,NeuM--96,NeuMotors,,,,96,,,,2560,,,,,,,,,,,,,,,30000,,,,
NEUMOTORS,NeuM--97,NeuMotors,,,,97,,,,3230,,,,,,,,,,,,,,,18000,,,,
NEUMOTORS,NeuM--101,NeuMotors,,,,101,,,,1970,,,,,,,,,,,,,,,22000,,,,
NEUMOTORS,NeuM--101,NeuMotors,,,,101,,,,2660,,,,,,,,,,,,,,,30000,,,,
NEUMOTORS,NeuM--109,NeuMotors,,,,109,,,,2560,,,,,,,,,,,,,,,30000,,,,
NEUMOTORS,NeuM--112,NeuMotors,,,,112,,,,700,,,,,,,,,,,,,,,4000,,,,
NEUMOTORS,NeuM--119,NeuMotors,,,,119,,,,1790,,,,,,,,,,,,,,,10000,,,,
NEUMOTORS,NeuM--120,NeuMotors,,,,120,,,,2270,,,,,,,,,,,,,,,15000,,,,
NEUMOTORS,NeuM--124,NeuMotors,,,,124,,,,2560,,,,,,,,,,,,,,,30000,,,,
NEUMOTORS,NeuM--125,NeuMotors,,,,125,,,,2720,,,,,,,,,,,,,,,16000,,,,
NEUMOTORS,NeuM--127,NeuMotors,,,,127,,,,1305,,,,,,,,,,,,,,,14000,,,,
NEUMOTORS,NeuM--132,NeuMotors,,,,132,,,,700,,,,,,,,,,,,,,,4000,,,,
NEUMOTORS,NeuM--136,NeuMotors,,,,136,,,,625,,,,,,,,,,,,,,,6000,,,,
NEUMOTORS,NeuM--140,NeuMotors,,,,140,,,,3230,,,,,,,,,,,,,,,18000,,,,
NEUMOTORS,NeuM--142,NeuMotors,,,,142,,,,1970,,,,,,,,,,,,,,,22000,,,,
NEUMOTORS,NeuM--145,NeuMotors,,,,145,,,,2560,,,,,,,,,,,,,,,30000,,,,
NEUMOTORS,NeuM--145,NeuMotors,,,,145,,,,840,,,,,,,,,,,,,,,6000,,,,
NEUMOTORS,NeuM--150,NeuMotors,,,,150,,,,1230,,,,,,,,,,,,,,,15000,,,,
NEUMOTORS,NeuM--150,NeuMotors,,,,150,,,,1450,,,,,,,,,,,,,,,18000,,,,
NEUMOTORS,NeuM--160,NeuMotors,,,,160,,,,1790,,,,,,,,,,,,,,,10000,,,,
NEUMOTORS,NeuM--161,NeuMotors,,,,161,,,,743,,,,,,,,,,,,,,,7000,,,,
NEUMOTORS,NeuM--165,NeuMotors,,,,165,,,,625,,,,,,,,,,,,,,,6000,,,,
NEUMOTORS,NeuM--165,NeuMotors,,,,165,,,,700,,,,,,,,,,,,,,,4000,,,,
NEUMOTORS,NeuM--170,NeuMotors,,,,170,,,,510,,,,,,,,,,,,,,,5000,,,,
NEUMOTORS,NeuM--172,NeuMotors,,,,172,,,,840,,,,,,,,,,,,,,,6000,,,,
NEUMOTORS,NeuM--174,NeuMotors,,,,174,,,,2560,,,,,,,,,,,,,,,30000,,,,
NEUMOTORS,NeuM--176,NeuMotors,,,,176,,,,652,,,,,,,,,,,,,,,3000,,,,
NEUMOTORS,NeuM--177,NeuMotors,,,,177,,,,743,,,,,,,,,,,,,,,7000,,,,
NEUMOTORS,NeuM--180,NeuMotors,,,,180,,,,2270,,,,,,,,,,,,,,,15000,,,,
NEUMOTORS,NeuM--181,NeuMotors,,,,181,,,,969,,,,,,,,,,,,,,,8000,,,,
NEUMOTORS,NeuM--183,NeuMotors,,,,183,,,,1230,,,,,,,,,,,,,,,15000,,,,
NEUMOTORS,NeuM--195,NeuMotors,,,,195,,,,640,,,,,,,,,,,,,,,5000,,,,
NEUMOTORS,NeuM--195,NeuMotors,,,,195,,,,3230,,,,,,,,,,,,,,,18000,,,,
NEUMOTORS,NeuM--197,NeuMotors,,,,197,,,,743,,,,,,,,,,,,,,,7000,,,,
NEUMOTORS,NeuM--200,NeuMotors,,,,200,,,,462,,,,,,,,,,,,,,,4200,,,,
NEUMOTORS,NeuM--200,NeuMotors,,,,200,,,,510,,,,,,,,,,,,,,,5000,,,,
NEUMOTORS,NeuM--200,NeuMotors,,,,200,,,,625,,,,,,,,,,,,,,,6000,,,,
NEUMOTORS,NeuM--205,NeuMotors,,,,205,,,,590,,,,,,,,,,,,,,,6000,,,,
NEUMOTORS,NeuM--211,NeuMotors,,,,211,,,,579,,,,,,,,,,,,,,,6000,,,,
NEUMOTORS,NeuM--215,NeuMotors,,,,215,,,,840,,,,,,,,,,,,,,,6000,,,,
NEUMOTORS,NeuM--217,NeuMotors,,,,217,,,,2560,,,,,,,,,,,,,,,30000,,,,
NEUMOTORS,NeuM--220,NeuMotors,,,,220,,,,652,,,,,,,,,,,,,,,3000,,,,
NEUMOTORS,NeuM--220,NeuMotors,,,,220,,,,700,,,,,,,,,,,,,,,4000,,,,
NEUMOTORS,NeuM--221,NeuMotors,,,,221,,,,743,,,,,,,,,,,,,,,7000,,,,
NEUMOTORS,NeuM--225,NeuMotors,,,,225,,,,430,,,,,,,,,,,,,,,3600,,,,
NEUMOTORS,NeuM--225,NeuMotors,,,,225,,,,590,,,,,,,,,,,,,,,6000,,,,
NEUMOTORS,NeuM--230,NeuMotors,,,,230,,,,579,,,,,,,,,,,,,,,6000,,,,
NEUMOTORS,NeuM--235,NeuMotors,,,,235,,,,1790,,,,,,,,,,,,,,,10000,,,,
NEUMOTORS,NeuM--235,NeuMotors,,,,235,,,,2720,,,,,,,,,,,,,,,16000,,,,
NEUMOTORS,NeuM--240,NeuMotors,,,,240,,,,462,,,,,,,,,,,,,,,4200,,,,
NEUMOTORS,NeuM--240,NeuMotors,,,,240,,,,1360,,,,,,,,,,,,,,,10000,,,,
NEUMOTORS,NeuM--253,NeuMotors,,,,253,,,,579,,,,,,,,,,,,,,,6000,,,,
NEUMOTORS,NeuM--253,NeuMotors,,,,253,,,,743,,,,,,,,,,,,,,,7000,,,,
NEUMOTORS,NeuM--254,NeuMotors,,,,254,,,,895,,,,,,,,,,,,,,,7000,,,,
NEUMOTORS,NeuM--255,NeuMotors,,,,255,,,,510,,,,,,,,,,,,,,,5000,,,,
NEUMOTORS,NeuM--264,NeuMotors,,,,264,,,,600,,,,,,,,,,,,,,,2000,,,,
NEUMOTORS,NeuM--265,NeuMotors,,,,265,,,,895,,,,,,,,,,,,,,,7000,,,,
NEUMOTORS,NeuM--270,NeuMotors,,,,270,,,,350,,,,,,,,,,,,,,,3000,,,,
NEUMOTORS,NeuM--270,NeuMotors,,,,270,,,,430,,,,,,,,,,,,,,,3600,,,,
NEUMOTORS,NeuM--275,NeuMotors,,,,275,,,,825,,,,,,,,,,,,,,,6500,,,,
NEUMOTORS,NeuM--275,NeuMotors,,,,275,,,,625,,,,,,,,,,,,,,,6000,,,,
NEUMOTORS,NeuM--277,NeuMotors,,,,277,,,,895,,,,,,,,,,,,,,,7000,,,,
NEUMOTORS,NeuM--281,NeuMotors,,,,281,,,,579,,,,,,,,,,,,,,,6000,,,,
NEUMOTORS,NeuM--282,NeuMotors,,,,282,,,,895,,,,,,,,,,,,,,,7000,,,,
NEUMOTORS,NeuM--287,NeuMotors,,,,287,,,,825,,,,,,,,,,,,,,,6500,,,,
NEUMOTORS,NeuM--289,NeuMotors,,,,289,,,,445,,,,,,,,,,,,,,,3000,,,,
NEUMOTORS,NeuM--290,NeuMotors,,,,290,,,,895,,,,,,,,,,,,,,,7000,,,,
NEUMOTORS,NeuM--290,NeuMotors,,,,290,,,,640,,,,,,,,,,,,,,,5000,,,,
NEUMOTORS,NeuM--290,NeuMotors,,,,290,,,,840,,,,,,,,,,,,,,,6000,,,,
NEUMOTORS,NeuM--290,NeuMotors,,,,290,,,,1360,,,,,,,,,,,,,,,10000,,,,
NEUMOTORS,NeuM--293,NeuMotors,,,,293,,,,652,,,,,,,,,,,,,,,3000,,,,
NEUMOTORS,NeuM--300,NeuMotors,,,,300,,,,775,,,,,,,,,,,,,,,6000,,,,
NEUMOTORS,NeuM--300,NeuMotors,,,,300,,,,825,,,,,,,,,,,,,,,6500,,,,
NEUMOTORS,NeuM--300,NeuMotors,,,,300,,,,462,,,,,,,,,,,,,,,4200,,,,
NEUMOTORS,NeuM--305,NeuMotors,,,,305,,,,895,,,,,,,,,,,,,,,7000,,,,
NEUMOTORS,NeuM--306,NeuMotors,,,,306,,,,825,,,,,,,,,,,,,,,6500,,,,
NEUMOTORS,NeuM--308,NeuMotors,,,,308,,,,895,,,,,,,,,,,,,,,7000,,,,
NEUMOTORS,NeuM--313,NeuMotors,,,,313,,,,775,,,,,,,,,,,,,,,6000,,,,
NEUMOTORS,NeuM--314,NeuMotors,,,,314,,,,825,,,,,,,,,,,,,,,6500,,,,
NEUMOTORS,NeuM--315,NeuMotors,,,,315,,,,1135,,,,,,,,,,,,,,,8400,,,,
NEUMOTORS,NeuM--316,NeuMotors,,,,316,,,,579,,,,,,,,,,,,,,,6000,,,,
NEUMOTORS,NeuM--321,NeuMotors,,,,321,,,,895,,,,,,,,,,,,,,,7000,,,,
NEUMOTORS,NeuM--324,NeuMotors,,,,324,,,,350,,,,,,,,,,,,,,,3000,,,,
NEUMOTORS,NeuM--327,NeuMotors,,,,327,,,,775,,,,,,,,,,,,,,,6000,,,,
NEUMOTORS,NeuM--330,NeuMotors,,,,330,,,,685,,,,,,,,,,,,,,,5500,,,,
NEUMOTORS,NeuM--330,NeuMotors,,,,330,,,,825,,,,,,,,,,,,,,,6500,,,,
NEUMOTORS,NeuM--330,NeuMotors,,,,330,,,,600,,,,,,,,,,,,,,,2000,,,,
NEUMOTORS,NeuM--330,NeuMotors,,,,330,,,,700,,,,,,,,,,,,,,,4000,,,,
NEUMOTORS,NeuM--333,NeuMotors,,,,333,,,,775,,,,,,,,,,,,,,,6000,,,,
NEUMOTORS,NeuM--333,NeuMotors,,,,333,,,,825,,,,,,,,,,,,,,,6500,,,,
NEUMOTORS,NeuM--338,NeuMotors,,,,338,,,,895,,,,,,,,,,,,,,,7000,,,,
NEUMOTORS,NeuM--338,NeuMotors,,,,338,,,,895,,,,,,,,,,,,,,,7000,,,,
NEUMOTORS,NeuM--340,NeuMotors,,,,340,,,,510,,,,,,,,,,,,,,,5000,,,,
NEUMOTORS,NeuM--340,NeuMotors,,,,340,,,,390,,,,,,,,,,,,,,,2750,,,,
NEUMOTORS,NeuM--343,NeuMotors,,,,343,,,,775,,,,,,,,,,,,,,,6000,,,,
NEUMOTORS,NeuM--344,NeuMotors,,,,344,,,,685,,,,,,,,,,,,,,,5500,,,,
NEUMOTORS,NeuM--347,NeuMotors,,,,347,,,,825,,,,,,,,,,,,,,,6500,,,,
NEUMOTORS,NeuM--358,NeuMotors,,,,358,,,,895,,,,,,,,,,,,,,,7000,,,,
NEUMOTORS,NeuM--360,NeuMotors,,,,360,,,,685,,,,,,,,,,,,,,,5000,,,,
NEUMOTORS,NeuM--360,NeuMotors,,,,360,,,,685,,,,,,,,,,,,,,,5500,,,,
NEUMOTORS,NeuM--360,NeuMotors,,,,360,,,,775,,,,,,,,,,,,,,,6000,,,,
NEUMOTORS,NeuM--360,NeuMotors,,,,360,,,,290,,,,,,,,,,,,,,,2400,,,,
NEUMOTORS,NeuM--360,NeuMotors,,,,360,,,,430,,,,,,,,,,,,,,,3600,,,,
NEUMOTORS,NeuM--360,NeuMotors,,,,360,,,,965,,,,,,,,,,,,,,,6400,,,,
NEUMOTORS,NeuM--360,NeuMotors,,,,360,,,,2270,,,,,,,,,,,,,,,15000,,,,
NEUMOTORS,NeuM--362,NeuMotors,,,,362,,,,579,,,,,,,,,,,,,,,6000,,,,
NEUMOTORS,NeuM--364,NeuMotors,,,,364,,,,775,,,,,,,,,,,,,,,6000,,,,
NEUMOTORS,NeuM--365,NeuMotors,,,,365,,,,1360,,,,,,,,,,,,,,,10000,,,,
NEUMOTORS,NeuM--367,NeuMotors,,,,367,,,,616,,,,,,,,,,,,,,,5000,,,,
NEUMOTORS,NeuM--367,NeuMotors,,,,367,,,,685,,,,,,,,,,,,,,,5500,,,,
NEUMOTORS,NeuM--367,NeuMotors,,,,367,,,,825,,,,,,,,,,,,,,,6500,,,,
NEUMOTORS,NeuM--367,NeuMotors,,,,367,,,,825,,,,,,,,,,,,,,,6500,,,,
NEUMOTORS,NeuM--376,NeuMotors,,,,376,,,,895,,,,,,,,,,,,,,,7000,,,,
NEUMOTORS,NeuM--377,NeuMotors,,,,377,,,,685,,,,,,,,,,,,,,,5500,,,,
NEUMOTORS,NeuM--379,NeuMotors,,,,379,,,,775,,,,,,,,,,,,,,,6000,,,,
NEUMOTORS,NeuM--381,NeuMotors,,,,381,,,,895,,,,,,,,,,,,,,,7000,,,,
NEUMOTORS,NeuM--383,NeuMotors,,,,383,,,,616,,,,,,,,,,,,,,,5000,,,,
NEUMOTORS,NeuM--385,NeuMotors,,,,385,,,,640,,,,,,,,,,,,,,,5000,,,,
NEUMOTORS,NeuM--385,NeuMotors,,,,385,,,,1135,,,,,,,,,,,,,,,8400,,,,
NEUMOTORS,NeuM--388,NeuMotors,,,,388,,,,825,,,,,,,,,,,,,,,6500,,,,
NEUMOTORS,NeuM--395,NeuMotors,,,,395,,,,95,,,,,,,,,,,,,,,400,,,,
NEUMOTORS,NeuM--395,NeuMotors,,,,395,,,,260,,,,,,,,,,,,,,,1600,,,,
NEUMOTORS,NeuM--396,NeuMotors,,,,396,,,,685,,,,,,,,,,,,,,,5500,,,,
NEUMOTORS,NeuM--400,NeuMotors,,,,400,,,,616,,,,,,,,,,,,,,,5000,,,,
NEUMOTORS,NeuM--400,NeuMotors,,,,400,,,,685,,,,,,,,,,,,,,,5500,,,,
NEUMOTORS,NeuM--400,NeuMotors,,,,400,,,,775,,,,,,,,,,,,,,,6000,,,,
NEUMOTORS,NeuM--400,NeuMotors,,,,400,,,,775,,,,,,,,,,,,,,,6000,,,,
NEUMOTORS,NeuM--400,NeuMotors,,,,400,,,,462,,,,,,,,,,,,,,,4200,,,,
NEUMOTORS,NeuM--400,NeuMotors,,,,400,,,,625,,,,,,,,,,,,,,,6000,,,,
NEUMOTORS,NeuM--400,NeuMotors,,,,400,,,,368,,,,,,,,,,,,,,,1800,,,,
NEUMOTORS,NeuM--405,NeuMotors,,,,405,,,,350,,,,,,,,,,,,,,,3000,,,,
NEUMOTORS,NeuM--405,NeuMotors,,,,405,,,,445,,,,,,,,,,,,,,,3000,,,,
NEUMOTORS,NeuM--406,NeuMotors,,,,406,,,,895,,,,,,,,,,,,,,,7000,,,,
NEUMOTORS,NeuM--407,NeuMotors,,,,407,,,,616,,,,,,,,,,,,,,,5000,,,,
NEUMOTORS,NeuM--407,NeuMotors,,,,407,,,,825,,,,,,,,,,,,,,,6500,,,,
NEUMOTORS,NeuM--413,NeuMotors,,,,413,,,,549,,,,,,,,,,,,,,,4000,,,,
NEUMOTORS,NeuM--413,NeuMotors,,,,413,,,,825,,,,,,,,,,,,,,,6500,,,,
NEUMOTORS,NeuM--417,NeuMotors,,,,417,,,,685,,,,,,,,,,,,,,,5500,,,,
NEUMOTORS,NeuM--419,NeuMotors,,,,419,,,,616,,,,,,,,,,,,,,,5000,,,,
NEUMOTORS,NeuM--423,NeuMotors,,,,423,,,,895,,,,,,,,,,,,,,,7000,,,,
NEUMOTORS,NeuM--424,NeuMotors,,,,424,,,,775,,,,,,,,,,,,,,,6000,,,,
NEUMOTORS,NeuM--425,NeuMotors,,,,425,,,,820,,,,,,,,,,,,,,,5600,,,,
NEUMOTORS,NeuM--430,NeuMotors,,,,430,,,,549,,,,,,,,,,,,,,,4000,,,,
NEUMOTORS,NeuM--430,NeuMotors,,,,430,,,,965,,,,,,,,,,,,,,,6400,,,,
NEUMOTORS,NeuM--430,NeuMotors,,,,430,,,,840,,,,,,,,,,,,,,,6000,,,,
NEUMOTORS,NeuM--432,NeuMotors,,,,432,,,,290,,,,,,,,,,,,,,,2400,,,,
NEUMOTORS,NeuM--435,NeuMotors,,,,435,,,,895,,,,,,,,,,,,,,,7000,,,,
NEUMOTORS,NeuM--440,NeuMotors,,,,440,,,,616,,,,,,,,,,,,,,,5000,,,,
NEUMOTORS,NeuM--440,NeuMotors,,,,440,,,,685,,,,,,,,,,,,,,,5000,,,,
NEUMOTORS,NeuM--440,NeuMotors,,,,440,,,,685,,,,,,,,,,,,,,,5500,,,,
NEUMOTORS,NeuM--440,NeuMotors,,,,440,,,,685,,,,,,,,,,,,,,,5500,,,,
NEUMOTORS,NeuM--440,NeuMotors,,,,440,,,,825,,,,,,,,,,,,,,,6500,,,,
NEUMOTORS,NeuM--440,NeuMotors,,,,440,,,,600,,,,,,,,,,,,,,,2000,,,,
NEUMOTORS,NeuM--440,NeuMotors,,,,440,,,,652,,,,,,,,,,,,,,,3000,,,,
NEUMOTORS,NeuM--444,NeuMotors,,,,444,,,,616,,,,,,,,,,,,,,,5000,,,,
NEUMOTORS,NeuM--444,NeuMotors,,,,444,,,,775,,,,,,,,,,,,,,,6000,,,,
NEUMOTORS,NeuM--447,NeuMotors,,,,447,,,,368,,,,,,,,,,,,,,,1800,,,,
NEUMOTORS,NeuM--450,NeuMotors,,,,450,,,,549,,,,,,,,,,,,,,,4000,,,,
NEUMOTORS,NeuM--450,NeuMotors,,,,450,,,,775,,,,,,,,,,,,,,,6000,,,,
NEUMOTORS,NeuM--450,NeuMotors,,,,450,,,,430,,,,,,,,,,,,,,,3600,,,,
NEUMOTORS,NeuM--458,NeuMotors,,,,458,,,,549,,,,,,,,,,,,,,,4000,,,,
NEUMOTORS,NeuM--458,NeuMotors,,,,458,,,,825,,,,,,,,,,,,,,,6500,,,,
NEUMOTORS,NeuM--460,NeuMotors,,,,460,,,,550,,,,,,,,,,,,,,,3700,,,,
NEUMOTORS,NeuM--463,NeuMotors,,,,463,,,,616,,,,,,,,,,,,,,,5000,,,,
NEUMOTORS,NeuM--466,NeuMotors,,,,466,,,,685,,,,,,,,,,,,,,,5500,,,,
NEUMOTORS,NeuM--469,NeuMotors,,,,469,,,,895,,,,,,,,,,,,,,,7000,,,,
NEUMOTORS,NeuM--470,NeuMotors,,,,470,,,,1790,,,,,,,,,,,,,,,10000,,,,
NEUMOTORS,NeuM--471,NeuMotors,,,,471,,,,478,,,,,,,,,,,,,,,3500,,,,
NEUMOTORS,NeuM--471,NeuMotors,,,,471,,,,549,,,,,,,,,,,,,,,4000,,,,
NEUMOTORS,NeuM--471,NeuMotors,,,,471,,,,825,,,,,,,,,,,,,,,6500,,,,
NEUMOTORS,NeuM--476,NeuMotors,,,,476,,,,390,,,,,,,,,,,,,,,2750,,,,
NEUMOTORS,NeuM--480,NeuMotors,,,,480,,,,775,,,,,,,,,,,,,,,6000,,,,
NEUMOTORS,NeuM--480,NeuMotors,,,,480,,,,240,,,,,,,,,,,,,,,1800,,,,
NEUMOTORS,NeuM--480,NeuMotors,,,,480,,,,708,,,,,,,,,,,,,,,5000,,,,
NEUMOTORS,NeuM--480,NeuMotors,,,,480,,,,1135,,,,,,,,,,,,,,,8400,,,,
NEUMOTORS,NeuM--484,NeuMotors,,,,484,,,,895,,,,,,,,,,,,,,,7000,,,,
NEUMOTORS,NeuM--485,NeuMotors,,,,485,,,,95,,,,,,,,,,,,,,,400,,,,
NEUMOTORS,NeuM--485,NeuMotors,,,,485,,,,1360,,,,,,,,,,,,,,,10000,,,,
NEUMOTORS,NeuM--485,NeuMotors,,,,485,,,,130,,,,,,,,,,,,,,,1200,,,,
NEUMOTORS,NeuM--489,NeuMotors,,,,489,,,,616,,,,,,,,,,,,,,,5000,,,,
NEUMOTORS,NeuM--489,NeuMotors,,,,489,,,,616,,,,,,,,,,,,,,,5000,,,,
NEUMOTORS,NeuM--489,NeuMotors,,,,489,,,,685,,,,,,,,,,,,,,,5500,,,,
NEUMOTORS,NeuM--492,NeuMotors,,,,492,,,,478,,,,,,,,,,,,,,,3500,,,,
NEUMOTORS,NeuM--495,NeuMotors,,,,495,,,,549,,,,,,,,,,,,,,,4000,,,,
NEUMOTORS,NeuM--495,NeuMotors,,,,495,,,,685,,,,,,,,,,,,,,,5500,,,,
NEUMOTORS,NeuM--495,NeuMotors,,,,495,,,,272,,,,,,,,,,,,,,,1550,,,,
NEUMOTORS,NeuM--500,NeuMotors,,,,500,,,,549,,,,,,,,,,,,,,,4000,,,,
NEUMOTORS,NeuM--500,NeuMotors,,,,500,,,,620,,,,,,,,,,,,,,,4500,,,,
NEUMOTORS,NeuM--500,NeuMotors,,,,500,,,,775,,,,,,,,,,,,,,,6000,,,,
NEUMOTORS,NeuM--506,NeuMotors,,,,506,,,,468,,,,,,,,,,,,,,,5000,,,,
NEUMOTORS,NeuM--508,NeuMotors,,,,508,,,,825,,,,,,,,,,,,,,,6500,,,,
NEUMOTORS,NeuM--508,NeuMotors,,,,508,,,,895,,,,,,,,,,,,,,,7000,,,,
NEUMOTORS,NeuM--510,NeuMotors,,,,510,,,,510,,,,,,,,,,,,,,,5000,,,,
NEUMOTORS,NeuM--510,NeuMotors,,,,510,,,,820,,,,,,,,,,,,,,,5600,,,,
NEUMOTORS,NeuM--514,NeuMotors,,,,514,,,,478,,,,,,,,,,,,,,,3500,,,,
NEUMOTORS,NeuM--514,NeuMotors,,,,514,,,,775,,,,,,,,,,,,,,,6000,,,,
NEUMOTORS,NeuM--518,NeuMotors,,,,518,,,,616,,,,,,,,,,,,,,,5000,,,,
NEUMOTORS,NeuM--520,NeuMotors,,,,520,,,,290,,,,,,,,,,,,,,,2400,,,,
NEUMOTORS,NeuM--521,NeuMotors,,,,521,,,,549,,,,,,,,,,,,,,,4000,,,,
NEUMOTORS,NeuM--524,NeuMotors,,,,524,,,,478,,,,,,,,,,,,,,,3500,,,,
NEUMOTORS,NeuM--524,NeuMotors,,,,524,,,,825,,,,,,,,,,,,,,,6500,,,,
NEUMOTORS,NeuM--525,NeuMotors,,,,525,,,,480,,,,,,,,,,,,,,,3500,,,,
NEUMOTORS,NeuM--528,NeuMotors,,,,528,,,,685,,,,,,,,,,,,,,,5500,,,,
NEUMOTORS,NeuM--532,NeuMotors,,,,532,,,,350,,,,,,,,,,,,,,,3000,,,,
NEUMOTORS,NeuM--539,NeuMotors,,,,539,,,,478,,,,,,,,,,,,,,,3500,,,,
NEUMOTORS,NeuM--540,NeuMotors,,,,540,,,,368,,,,,,,,,,,,,,,1800,,,,
NEUMOTORS,NeuM--543,NeuMotors,,,,543,,,,616,,,,,,,,,,,,,,,5000,,,,
NEUMOTORS,NeuM--545,NeuMotors,,,,545,,,,201,,,,,,,,,,,,,,,1400,,,,
NEUMOTORS,NeuM--550,NeuMotors,,,,550,,,,35,,,,,,,,,,,,,,,250,,,,
NEUMOTORS,NeuM--550,NeuMotors,,,,550,,,,410,,,,,,,,,,,,,,,3000,,,,
NEUMOTORS,NeuM--550,NeuMotors,,,,550,,,,550,,,,,,,,,,,,,,,3700,,,,
NEUMOTORS,NeuM--550,NeuMotors,,,,550,,,,549,,,,,,,,,,,,,,,4000,,,,
NEUMOTORS,NeuM--550,NeuMotors,,,,550,,,,549,,,,,,,,,,,,,,,4000,,,,
NEUMOTORS,NeuM--550,NeuMotors,,,,550,,,,616,,,,,,,,,,,,,,,5000,,,,
NEUMOTORS,NeuM--550,NeuMotors,,,,550,,,,685,,,,,,,,,,,,,,,5000,,,,
NEUMOTORS,NeuM--550,NeuMotors,,,,550,,,,685,,,,,,,,,,,,,,,5500,,,,
NEUMOTORS,NeuM--550,NeuMotors,,,,550,,,,825,,,,,,,,,,,,,,,6500,,,,
NEUMOTORS,NeuM--550,NeuMotors,,,,550,,,,965,,,,,,,,,,,,,,,6400,,,,
NEUMOTORS,NeuM--554,NeuMotors,,,,554,,,,775,,,,,,,,,,,,,,,6000,,,,
NEUMOTORS,NeuM--555,NeuMotors,,,,555,,,,895,,,,,,,,,,,,,,,7000,,,,
NEUMOTORS,NeuM--564,NeuMotors,,,,564,,,,895,,,,,,,,,,,,,,,7000,,,,
NEUMOTORS,NeuM--566,NeuMotors,,,,566,,,,478,,,,,,,,,,,,,,,3500,,,,
NEUMOTORS,NeuM--566,NeuMotors,,,,566,,,,685,,,,,,,,,,,,,,,5500,,,,
NEUMOTORS,NeuM--571,NeuMotors,,,,571,,,,478,,,,,,,,,,,,,,,3500,,,,
NEUMOTORS,NeuM--571,NeuMotors,,,,571,,,,775,,,,,,,,,,,,,,,6000,,,,
NEUMOTORS,NeuM--574,NeuMotors,,,,574,,,,410,,,,,,,,,,,,,,,3000,,,,
NEUMOTORS,NeuM--575,NeuMotors,,,,575,,,,640,,,,,,,,,,,,,,,5000,,,,
NEUMOTORS,NeuM--575,NeuMotors,,,,575,,,,209,,,,,,,,,,,,,,,1300,,,,
NEUMOTORS,NeuM--580,NeuMotors,,,,580,,,,685,,,,,,,,,,,,,,,5000,,,,
NEUMOTORS,NeuM--580,NeuMotors,,,,580,,,,240,,,,,,,,,,,,,,,1800,,,,
NEUMOTORS,NeuM--582,NeuMotors,,,,582,,,,549,,,,,,,,,,,,,,,4000,,,,
NEUMOTORS,NeuM--587,NeuMotors,,,,587,,,,616,,,,,,,,,,,,,,,5000,,,,
NEUMOTORS,NeuM--590,NeuMotors,,,,590,,,,462,,,,,,,,,,,,,,,4200,,,,
NEUMOTORS,NeuM--595,NeuMotors,,,,595,,,,478,,,,,,,,,,,,,,,3500,,,,
NEUMOTORS,NeuM--600,NeuMotors,,,,600,,,,410,,,,,,,,,,,,,,,3000,,,,
NEUMOTORS,NeuM--600,NeuMotors,,,,600,,,,775,,,,,,,,,,,,,,,6000,,,,
NEUMOTORS,NeuM--600,NeuMotors,,,,600,,,,825,,,,,,,,,,,,,,,6500,,,,
NEUMOTORS,NeuM--600,NeuMotors,,,,600,,,,708,,,,,,,,,,,,,,,5000,,,,
NEUMOTORS,NeuM--609,NeuMotors,,,,609,,,,685,,,,,,,,,,,,,,,5500,,,,
NEUMOTORS,NeuM--609,NeuMotors,,,,609,,,,895,,,,,,,,,,,,,,,7000,,,,
NEUMOTORS,NeuM--611,NeuMotors,,,,611,,,,410,,,,,,,,,,,,,,,3000,,,,
NEUMOTORS,NeuM--611,NeuMotors,,,,611,,,,549,,,,,,,,,,,,,,,4000,,,,
NEUMOTORS,NeuM--611,NeuMotors,,,,611,,,,616,,,,,,,,,,,,,,,5000,,,,
NEUMOTORS,NeuM--611,NeuMotors,,,,611,,,,825,,,,,,,,,,,,,,,6500,,,,
NEUMOTORS,NeuM--619,NeuMotors,,,,619,,,,549,,,,,,,,,,,,,,,4000,,,,
NEUMOTORS,NeuM--625,NeuMotors,,,,625,,,,35,,,,,,,,,,,,,,,250,,,,
NEUMOTORS,NeuM--625,NeuMotors,,,,625,,,,620,,,,,,,,,,,,,,,4500,,,,
NEUMOTORS,NeuM--629,NeuMotors,,,,629,,,,410,,,,,,,,,,,,,,,3000,,,,
NEUMOTORS,NeuM--629,NeuMotors,,,,629,,,,478,,,,,,,,,,,,,,,3500,,,,
NEUMOTORS,NeuM--629,NeuMotors,,,,629,,,,478,,,,,,,,,,,,,,,3500,,,,
NEUMOTORS,NeuM--629,NeuMotors,,,,629,,,,616,,,,,,,,,,,,,,,5000,,,,
NEUMOTORS,NeuM--629,NeuMotors,,,,629,,,,685,,,,,,,,,,,,,,,5500,,,,
NEUMOTORS,NeuM--630,NeuMotors,,,,630,,,,420,,,,,,,,,,,,,,,3000,,,,
NEUMOTORS,NeuM--630,NeuMotors,,,,630,,,,480,,,,,,,,,,,,,,,3500,,,,
NEUMOTORS,NeuM--640,NeuMotors,,,,640,,,,820,,,,,,,,,,,,,,,5600,,,,
NEUMOTORS,NeuM--640,NeuMotors,,,,640,,,,1135,,,,,,,,,,,,,,,8400,,,,
NEUMOTORS,NeuM--655,NeuMotors,,,,655,,,,775,,,,,,,,,,,,,,,6000,,,,
NEUMOTORS,NeuM--660,NeuMotors,,,,660,,,,340,,,,,,,,,,,,,,,2700,,,,
NEUMOTORS,NeuM--660,NeuMotors,,,,660,,,,410,,,,,,,,,,,,,,,3000,,,,
NEUMOTORS,NeuM--660,NeuMotors,,,,660,,,,549,,,,,,,,,,,,,,,4000,,,,
NEUMOTORS,NeuM--660,NeuMotors,,,,660,,,,620,,,,,,,,,,,,,,,4500,,,,
NEUMOTORS,NeuM--660,NeuMotors,,,,660,,,,685,,,,,,,,,,,,,,,5500,,,,
NEUMOTORS,NeuM--660,NeuMotors,,,,660,,,,825,,,,,,,,,,,,,,,6500,,,,
NEUMOTORS,NeuM--660,NeuMotors,,,,660,,,,600,,,,,,,,,,,,,,,2000,,,,
NEUMOTORS,NeuM--660,NeuMotors,,,,660,,,,272,,,,,,,,,,,,,,,1550,,,,
NEUMOTORS,NeuM--666,NeuMotors,,,,666,,,,478,,,,,,,,,,,,,,,3500,,,,
NEUMOTORS,NeuM--667,NeuMotors,,,,667,,,,410,,,,,,,,,,,,,,,3000,,,,
NEUMOTORS,NeuM--667,NeuMotors,,,,667,,,,775,,,,,,,,,,,,,,,6000,,,,
NEUMOTORS,NeuM--670,NeuMotors,,,,670,,,,685,,,,,,,,,,,,,,,5000,,,,
NEUMOTORS,NeuM--675,NeuMotors,,,,675,,,,240,,,,,,,,,,,,,,,1800,,,,
NEUMOTORS,NeuM--677,NeuMotors,,,,677,,,,616,,,,,,,,,,,,,,,5000,,,,
NEUMOTORS,NeuM--677,NeuMotors,,,,677,,,,895,,,,,,,,,,,,,,,7000,,,,
NEUMOTORS,NeuM--677,NeuMotors,,,,677,,,,895,,,,,,,,,,,,,,,7000,,,,
NEUMOTORS,NeuM--680,NeuMotors,,,,680,,,,290,,,,,,,,,,,,,,,2400,,,,
NEUMOTORS,NeuM--683,NeuMotors,,,,683,,,,220,,,,,,,,,,,,,,,1800,,,,
NEUMOTORS,NeuM--684,NeuMotors,,,,684,,,,430,,,,,,,,,,,,,,,3600,,,,
NEUMOTORS,NeuM--688,NeuMotors,,,,688,,,,549,,,,,,,,,,,,,,,4000,,,,
NEUMOTORS,NeuM--689,NeuMotors,,,,689,,,,340,,,,,,,,,,,,,,,2700,,,,
NEUMOTORS,NeuM--690,NeuMotors,,,,690,,,,550,,,,,,,,,,,,,,,3700,,,,
NEUMOTORS,NeuM--695,NeuMotors,,,,695,,,,410,,,,,,,,,,,,,,,3000,,,,
NEUMOTORS,NeuM--698,NeuMotors,,,,698,,,,478,,,,,,,,,,,,,,,3500,,,,
NEUMOTORS,NeuM--698,NeuMotors,,,,698,,,,616,,,,,,,,,,,,,,,5000,,,,
NEUMOTORS,NeuM--700,NeuMotors,,,,700,,,,95,,,,,,,,,,,,,,,400,,,,
NEUMOTORS,NeuM--705,NeuMotors,,,,705,,,,164,,,,,,,,,,,,,,,1200,,,,
NEUMOTORS,NeuM--707,NeuMotors,,,,707,,,,478,,,,,,,,,,,,,,,3500,,,,
NEUMOTORS,NeuM--707,NeuMotors,,,,707,,,,549,,,,,,,,,,,,,,,4000,,,,
NEUMOTORS,NeuM--712,NeuMotors,,,,712,,,,220,,,,,,,,,,,,,,,1800,,,,
NEUMOTORS,NeuM--720,NeuMotors,,,,720,,,,340,,,,,,,,,,,,,,,2700,,,,
NEUMOTORS,NeuM--720,NeuMotors,,,,720,,,,685,,,,,,,,,,,,,,,5500,,,,
NEUMOTORS,NeuM--720,NeuMotors,,,,720,,,,775,,,,,,,,,,,,,,,6000,,,,
NEUMOTORS,NeuM--720,NeuMotors,,,,720,,,,185,,,,,,,,,,,,,,,1200,,,,
NEUMOTORS,NeuM--720,NeuMotors,,,,720,,,,209,,,,,,,,,,,,,,,1300,,,,
NEUMOTORS,NeuM--725,NeuMotors,,,,725,,,,340,,,,,,,,,,,,,,,2700,,,,
NEUMOTORS,NeuM--725,NeuMotors,,,,725,,,,550,,,,,,,,,,,,,,,3700,,,,
NEUMOTORS,NeuM--725,NeuMotors,,,,725,,,,965,,,,,,,,,,,,,,,6400,,,,
NEUMOTORS,NeuM--725,NeuMotors,,,,725,,,,1360,,,,,,,,,,,,,,,10000,,,,
NEUMOTORS,NeuM--730,NeuMotors,,,,730,,,,685,,,,,,,,,,,,,,,5000,,,,
NEUMOTORS,NeuM--733,NeuMotors,,,,733,,,,340,,,,,,,,,,,,,,,2700,,,,
NEUMOTORS,NeuM--733,NeuMotors,,,,733,,,,410,,,,,,,,,,,,,,,3000,,,,
NEUMOTORS,NeuM--733,NeuMotors,,,,733,,,,410,,,,,,,,,,,,,,,3000,,,,
NEUMOTORS,NeuM--733,NeuMotors,,,,733,,,,616,,,,,,,,,,,,,,,5000,,,,
NEUMOTORS,NeuM--733,NeuMotors,,,,733,,,,685,,,,,,,,,,,,,,,5500,,,,
NEUMOTORS,NeuM--733,NeuMotors,,,,733,,,,825,,,,,,,,,,,,,,,6500,,,,
NEUMOTORS,NeuM--733,NeuMotors,,,,733,,,,825,,,,,,,,,,,,,,,6500,,,,
NEUMOTORS,NeuM--745,NeuMotors,,,,745,,,,220,,,,,,,,,,,,,,,1800,,,,
NEUMOTORS,NeuM--750,NeuMotors,,,,750,,,,708,,,,,,,,,,,,,,,5000,,,,
NEUMOTORS,NeuM--750,NeuMotors,,,,750,,,,94,,,,,,,,,,,,,,,1000,,,,
NEUMOTORS,NeuM--754,NeuMotors,,,,754,,,,340,,,,,,,,,,,,,,,2700,,,,
NEUMOTORS,NeuM--754,NeuMotors,,,,754,,,,478,,,,,,,,,,,,,,,3500,,,,
NEUMOTORS,NeuM--758,NeuMotors,,,,758,,,,220,,,,,,,,,,,,,,,1800,,,,
NEUMOTORS,NeuM--760,NeuMotors,,,,760,,,,420,,,,,,,,,,,,,,,3000,,,,
NEUMOTORS,NeuM--760,NeuMotors,,,,760,,,,220,,,,,,,,,,,,,,,1800,,,,
NEUMOTORS,NeuM--762,NeuMotors,,,,762,,,,549,,,,,,,,,,,,,,,4000,,,,
NEUMOTORS,NeuM--762,NeuMotors,,,,762,,,,895,,,,,,,,,,,,,,,7000,,,,
NEUMOTORS,NeuM--770,NeuMotors,,,,770,,,,620,,,,,,,,,,,,,,,4500,,,,
NEUMOTORS,NeuM--770,NeuMotors,,,,770,,,,620,,,,,,,,,,,,,,,4500,,,,
NEUMOTORS,NeuM--776,NeuMotors,,,,776,,,,410,,,,,,,,,,,,,,,3000,,,,
NEUMOTORS,NeuM--780,NeuMotors,,,,780,,,,194,,,,,,,,,,,,,,,1600,,,,
NEUMOTORS,NeuM--780,NeuMotors,,,,780,,,,220,,,,,,,,,,,,,,,1800,,,,
NEUMOTORS,NeuM--780,NeuMotors,,,,780,,,,480,,,,,,,,,,,,,,,3500,,,,
NEUMOTORS,NeuM--786,NeuMotors,,,,786,,,,478,,,,,,,,,,,,,,,3500,,,,
NEUMOTORS,NeuM--786,NeuMotors,,,,786,,,,549,,,,,,,,,,,,,,,4000,,,,
NEUMOTORS,NeuM--792,NeuMotors,,,,792,,,,340,,,,,,,,,,,,,,,2700,,,,
NEUMOTORS,NeuM--792,NeuMotors,,,,792,,,,685,,,,,,,,,,,,,,,5500,,,,
NEUMOTORS,NeuM--800,NeuMotors,,,,800,,,,340,,,,,,,,,,,,,,,2700,,,,
NEUMOTORS,NeuM--800,NeuMotors,,,,800,,,,616,,,,,,,,,,,,,,,5000,,,,
NEUMOTORS,NeuM--800,NeuMotors,,,,800,,,,775,,,,,,,,,,,,,,,6000,,,,
NEUMOTORS,NeuM--800,NeuMotors,,,,800,,,,775,,,,,,,,,,,,,,,6000,,,,
NEUMOTORS,NeuM--808,NeuMotors,,,,808,,,,478,,,,,,,,,,,,,,,3500,,,,
NEUMOTORS,NeuM--814,NeuMotors,,,,814,,,,194,,,,,,,,,,,,,,,1600,,,,
NEUMOTORS,NeuM--815,NeuMotors,,,,815,,,,410,,,,,,,,,,,,,,,3000,,,,
NEUMOTORS,NeuM--815,NeuMotors,,,,815,,,,616,,,,,,,,,,,,,,,5000,,,,
NEUMOTORS,NeuM--815,NeuMotors,,,,815,,,,685,,,,,,,,,,,,,,,5000,,,,
NEUMOTORS,NeuM--819,NeuMotors,,,,819,,,,220,,,,,,,,,,,,,,,1800,,,,
NEUMOTORS,NeuM--822,NeuMotors,,,,822,,,,35,,,,,,,,,,,,,,,250,,,,
NEUMOTORS,NeuM--825,NeuMotors,,,,825,,,,280,,,,,,,,,,,,,,,2500,,,,
NEUMOTORS,NeuM--825,NeuMotors,,,,825,,,,410,,,,,,,,,,,,,,,3000,,,,
NEUMOTORS,NeuM--825,NeuMotors,,,,825,,,,549,,,,,,,,,,,,,,,4000,,,,
NEUMOTORS,NeuM--825,NeuMotors,,,,825,,,,620,,,,,,,,,,,,,,,4500,,,,
NEUMOTORS,NeuM--825,NeuMotors,,,,825,,,,825,,,,,,,,,,,,,,,6500,,,,
NEUMOTORS,NeuM--825,NeuMotors,,,,825,,,,350,,,,,,,,,,,,,,,3000,,,,
NEUMOTORS,NeuM--827,NeuMotors,,,,827,,,,220,,,,,,,,,,,,,,,1800,,,,
NEUMOTORS,NeuM--834,NeuMotors,,,,834,,,,340,,,,,,,,,,,,,,,2700,,,,
NEUMOTORS,NeuM--846,NeuMotors,,,,846,,,,895,,,,,,,,,,,,,,,7000,,,,
NEUMOTORS,NeuM--850,NeuMotors,,,,850,,,,165,,,,,,,,,,,,,,,1400,,,,
NEUMOTORS,NeuM--850,NeuMotors,,,,850,,,,340,,,,,,,,,,,,,,,2700,,,,
NEUMOTORS,NeuM--850,NeuMotors,,,,850,,,,550,,,,,,,,,,,,,,,3700,,,,
NEUMOTORS,NeuM--850,NeuMotors,,,,850,,,,190,,,,,,,,,,,,,,,1500,,,,
NEUMOTORS,NeuM--850,NeuMotors,,,,850,,,,820,,,,,,,,,,,,,,,5600,,,,
NEUMOTORS,NeuM--850,NeuMotors,,,,850,,,,94,,,,,,,,,,,,,,,1000,,,,
NEUMOTORS,NeuM--851,NeuMotors,,,,851,,,,194,,,,,,,,,,,,,,,1600,,,,
NEUMOTORS,NeuM--861,NeuMotors,,,,861,,,,280,,,,,,,,,,,,,,,2500,,,,
NEUMOTORS,NeuM--862,NeuMotors,,,,862,,,,220,,,,,,,,,,,,,,,1800,,,,
NEUMOTORS,NeuM--865,NeuMotors,,,,865,,,,185,,,,,,,,,,,,,,,1200,,,,
NEUMOTORS,NeuM--867,NeuMotors,,,,867,,,,194,,,,,,,,,,,,,,,1600,,,,
NEUMOTORS,NeuM--870,NeuMotors,,,,870,,,,478,,,,,,,,,,,,,,,3500,,,,
NEUMOTORS,NeuM--870,NeuMotors,,,,870,,,,895,,,,,,,,,,,,,,,7000,,,,
NEUMOTORS,NeuM--880,NeuMotors,,,,880,,,,340,,,,,,,,,,,,,,,2700,,,,
NEUMOTORS,NeuM--880,NeuMotors,,,,880,,,,340,,,,,,,,,,,,,,,2700,,,,
NEUMOTORS,NeuM--880,NeuMotors,,,,880,,,,410,,,,,,,,,,,,,,,3000,,,,
NEUMOTORS,NeuM--880,NeuMotors,,,,880,,,,616,,,,,,,,,,,,,,,5000,,,,
NEUMOTORS,NeuM--880,NeuMotors,,,,880,,,,685,,,,,,,,,,,,,,,5500,,,,
NEUMOTORS,NeuM--880,NeuMotors,,,,880,,,,685,,,,,,,,,,,,,,,5500,,,,
NEUMOTORS,NeuM--891,NeuMotors,,,,891,,,,194,,,,,,,,,,,,,,,1600,,,,
NEUMOTORS,NeuM--898,NeuMotors,,,,898,,,,478,,,,,,,,,,,,,,,3500,,,,
NEUMOTORS,NeuM--900,NeuMotors,,,,900,,,,280,,,,,,,,,,,,,,,2500,,,,
NEUMOTORS,NeuM--900,NeuMotors,,,,900,,,,549,,,,,,,,,,,,,,,4000,,,,
NEUMOTORS,NeuM--900,NeuMotors,,,,900,,,,775,,,,,,,,,,,,,,,6000,,,,
NEUMOTORS,NeuM--910,NeuMotors,,,,910,,,,164,,,,,,,,,,,,,,,1400,,,,
NEUMOTORS,NeuM--910,NeuMotors,,,,910,,,,220,,,,,,,,,,,,,,,1800,,,,
NEUMOTORS,NeuM--910,NeuMotors,,,,910,,,,220,,,,,,,,,,,,,,,1800,,,,
NEUMOTORS,NeuM--915,NeuMotors,,,,915,,,,240,,,,,,,,,,,,,,,1800,,,,
NEUMOTORS,NeuM--917,NeuMotors,,,,917,,,,280,,,,,,,,,,,,,,,2500,,,,
NEUMOTORS,NeuM--917,NeuMotors,,,,917,,,,410,,,,,,,,,,,,,,,3000,,,,
NEUMOTORS,NeuM--917,NeuMotors,,,,917,,,,549,,,,,,,,,,,,,,,4000,,,,
NEUMOTORS,NeuM--917,NeuMotors,,,,917,,,,825,,,,,,,,,,,,,,,6500,,,,
NEUMOTORS,NeuM--920,NeuMotors,,,,920,,,,280,,,,,,,,,,,,,,,2500,,,,
NEUMOTORS,NeuM--920,NeuMotors,,,,920,,,,550,,,,,,,,,,,,,,,3700,,,,
NEUMOTORS,NeuM--925,NeuMotors,,,,925,,,,25,,,,,,,,,,,,,,,175,,,,
NEUMOTORS,NeuM--925,NeuMotors,,,,925,,,,620,,,,,,,,,,,,,,,4500,,,,
NEUMOTORS,NeuM--932,NeuMotors,,,,932,,,,340,,,,,,,,,,,,,,,2700,,,,
NEUMOTORS,NeuM--936,NeuMotors,,,,936,,,,194,,,,,,,,,,,,,,,1600,,,,
NEUMOTORS,NeuM--943,NeuMotors,,,,943,,,,280,,,,,,,,,,,,,,,2500,,,,
NEUMOTORS,NeuM--943,NeuMotors,,,,943,,,,410,,,,,,,,,,,,,,,3000,,,,
NEUMOTORS,NeuM--943,NeuMotors,,,,943,,,,478,,,,,,,,,,,,,,,3500,,,,
NEUMOTORS,NeuM--943,NeuMotors,,,,943,,,,825,,,,,,,,,,,,,,,6500,,,,
NEUMOTORS,NeuM--945,NeuMotors,,,,945,,,,194,,,,,,,,,,,,,,,1600,,,,
NEUMOTORS,NeuM--950,NeuMotors,,,,950,,,,165,,,,,,,,,,,,,,,1400,,,,
NEUMOTORS,NeuM--950,NeuMotors,,,,950,,,,164,,,,,,,,,,,,,,,1400,,,,
NEUMOTORS,NeuM--950,NeuMotors,,,,950,,,,165,,,,,,,,,,,,,,,1400,,,,
NEUMOTORS,NeuM--950,NeuMotors,,,,950,,,,420,,,,,,,,,,,,,,,3000,,,,
NEUMOTORS,NeuM--950,NeuMotors,,,,950,,,,190,,,,,,,,,,,,,,,1500,,,,
NEUMOTORS,NeuM--950,NeuMotors,,,,950,,,,132,,,,,,,,,,,,,,,1000,,,,
NEUMOTORS,NeuM--960,NeuMotors,,,,960,,,,1135,,,,,,,,,,,,,,,8400,,,,
NEUMOTORS,NeuM--964,NeuMotors,,,,964,,,,220,,,,,,,,,,,,,,,1800,,,,
NEUMOTORS,NeuM--978,NeuMotors,,,,978,,,,340,,,,,,,,,,,,,,,2700,,,,
NEUMOTORS,NeuM--978,NeuMotors,,,,978,,,,616,,,,,,,,,,,,,,,5000,,,,
NEUMOTORS,NeuM--978,NeuMotors,,,,978,,,,616,,,,,,,,,,,,,,,5000,,,,
NEUMOTORS,NeuM--985,NeuMotors,,,,985,,,,194,,,,,,,,,,,,,,,1600,,,,
NEUMOTORS,NeuM--987,NeuMotors,,,,987,,,,35,,,,,,,,,,,,,,,250,,,,
NEUMOTORS,NeuM--990,NeuMotors,,,,990,,,,280,,,,,,,,,,,,,,,2500,,,,
NEUMOTORS,NeuM--990,NeuMotors,,,,990,,,,340,,,,,,,,,,,,,,,2700,,,,
NEUMOTORS,NeuM--990,NeuMotors,,,,990,,,,549,,,,,,,,,,,,,,,4000,,,,
NEUMOTORS,NeuM--990,NeuMotors,,,,990,,,,685,,,,,,,,,,,,,,,5500,,,,
NEUMOTORS,NeuM--993,NeuMotors,,,,993,,,,164,,,,,,,,,,,,,,,1400,,,,
NEUMOTORS,NeuM--1000,NeuMotors,,,,1000,,,,280,,,,,,,,,,,,,,,2500,,,,
NEUMOTORS,NeuM--1000,NeuMotors,,,,1000,,,,420,,,,,,,,,,,,,,,3000,,,,
NEUMOTORS,NeuM--1000,NeuMotors,,,,1000,,,,775,,,,,,,,,,,,,,,6000,,,,
NEUMOTORS,NeuM--1000,NeuMotors,,,,1000,,,,130,,,,,,,,,,,,,,,600,,,,
NEUMOTORS,NeuM--1010,NeuMotors,,,,1010,,,,685,,,,,,,,,,,,,,,5000,,,,
NEUMOTORS,NeuM--1011,NeuMotors,,,,1011,,,,164,,,,,,,,,,,,,,,1400,,,,
NEUMOTORS,NeuM--1011,NeuMotors,,,,1011,,,,220,,,,,,,,,,,,,,,1800,,,,
NEUMOTORS,NeuM--1015,NeuMotors,,,,1015,,,,410,,,,,,,,,,,,,,,3000,,,,
NEUMOTORS,NeuM--1015,NeuMotors,,,,1015,,,,895,,,,,,,,,,,,,,,7000,,,,
NEUMOTORS,NeuM--1020,NeuMotors,,,,1020,,,,708,,,,,,,,,,,,,,,5000,,,,
NEUMOTORS,NeuM--1024,NeuMotors,,,,1024,,,,220,,,,,,,,,,,,,,,1800,,,,
NEUMOTORS,NeuM--1025,NeuMotors,,,,1025,,,,550,,,,,,,,,,,,,,,3700,,,,
NEUMOTORS,NeuM--1025,NeuMotors,,,,1025,,,,185,,,,,,,,,,,,,,,1200,,,,
NEUMOTORS,NeuM--1029,NeuMotors,,,,1029,,,,478,,,,,,,,,,,,,,,3500,,,,
NEUMOTORS,NeuM--1029,NeuMotors,,,,1029,,,,775,,,,,,,,,,,,,,,6000,,,,
NEUMOTORS,NeuM--1040,NeuMotors,,,,1040,,,,164,,,,,,,,,,,,,,,1400,,,,
NEUMOTORS,NeuM--1040,NeuMotors,,,,1040,,,,194,,,,,,,,,,,,,,,1600,,,,
NEUMOTORS,NeuM--1040,NeuMotors,,,,1040,,,,194,,,,,,,,,,,,,,,1600,,,,
NEUMOTORS,NeuM--1042,NeuMotors,,,,1042,,,,280,,,,,,,,,,,,,,,2500,,,,
NEUMOTORS,NeuM--1048,NeuMotors,,,,1048,,,,410,,,,,,,,,,,,,,,3000,,,,
NEUMOTORS,NeuM--1048,NeuMotors,,,,1048,,,,478,,,,,,,,,,,,,,,3500,,,,
NEUMOTORS,NeuM--1050,NeuMotors,,,,1050,,,,165,,,,,,,,,,,,,,,1400,,,,
NEUMOTORS,NeuM--1050,NeuMotors,,,,1050,,,,25,,,,,,,,,,,,,,,175,,,,
NEUMOTORS,NeuM--1050,NeuMotors,,,,1050,,,,480,,,,,,,,,,,,,,,3500,,,,
NEUMOTORS,NeuM--1050,NeuMotors,,,,1050,,,,290,,,,,,,,,,,,,,,2400,,,,
NEUMOTORS,NeuM--1056,NeuMotors,,,,1056,,,,340,,,,,,,,,,,,,,,2700,,,,
NEUMOTORS,NeuM--1092,NeuMotors,,,,1092,,,,133,,,,,,,,,,,,,,,1200,,,,
NEUMOTORS,NeuM--1092,NeuMotors,,,,1092,,,,164,,,,,,,,,,,,,,,1400,,,,
NEUMOTORS,NeuM--1092,NeuMotors,,,,1092,,,,220,,,,,,,,,,,,,,,1800,,,,
NEUMOTORS,NeuM--1100,NeuMotors,,,,1100,,,,140,,,,,,,,,,,,,,,1200,,,,
NEUMOTORS,NeuM--1100,NeuMotors,,,,1100,,,,20,,,,,,,,,,,,,,,150,,,,
NEUMOTORS,NeuM--1100,NeuMotors,,,,1100,,,,300,,,,,,,,,,,,,,,2200,,,,
NEUMOTORS,NeuM--1100,NeuMotors,,,,1100,,,,212,,,,,,,,,,,,,,,2000,,,,
NEUMOTORS,NeuM--1100,NeuMotors,,,,1100,,,,212,,,,,,,,,,,,,,,2000,,,,
NEUMOTORS,NeuM--1100,NeuMotors,,,,1100,,,,280,,,,,,,,,,,,,,,2500,,,,
NEUMOTORS,NeuM--1100,NeuMotors,,,,1100,,,,280,,,,,,,,,,,,,,,2500,,,,
NEUMOTORS,NeuM--1100,NeuMotors,,,,1100,,,,280,,,,,,,,,,,,,,,2500,,,,
NEUMOTORS,NeuM--1100,NeuMotors,,,,1100,,,,340,,,,,,,,,,,,,,,2700,,,,
NEUMOTORS,NeuM--1100,NeuMotors,,,,1100,,,,340,,,,,,,,,,,,,,,2700,,,,
NEUMOTORS,NeuM--1100,NeuMotors,,,,1100,,,,410,,,,,,,,,,,,,,,3000,,,,
NEUMOTORS,NeuM--1100,NeuMotors,,,,1100,,,,549,,,,,,,,,,,,,,,4000,,,,
NEUMOTORS,NeuM--1100,NeuMotors,,,,1100,,,,549,,,,,,,,,,,,,,,4000,,,,
NEUMOTORS,NeuM--1100,NeuMotors,,,,1100,,,,616,,,,,,,,,,,,,,,5000,,,,
NEUMOTORS,NeuM--1100,NeuMotors,,,,1100,,,,685,,,,,,,,,,,,,,,5000,,,,
NEUMOTORS,NeuM--1100,NeuMotors,,,,1100,,,,685,,,,,,,,,,,,,,,5500,,,,
NEUMOTORS,NeuM--1100,NeuMotors,,,,1100,,,,825,,,,,,,,,,,,,,,6500,,,,
NEUMOTORS,NeuM--1101,NeuMotors,,,,1101,,,,194,,,,,,,,,,,,,,,1600,,,,
NEUMOTORS,NeuM--1103,NeuMotors,,,,1103,,,,164,,,,,,,,,,,,,,,1400,,,,
NEUMOTORS,NeuM--1125,NeuMotors,,,,1125,,,,165,,,,,,,,,,,,,,,1400,,,,
NEUMOTORS,NeuM--1128,NeuMotors,,,,1128,,,,895,,,,,,,,,,,,,,,7000,,,,
NEUMOTORS,NeuM--1131,NeuMotors,,,,1131,,,,340,,,,,,,,,,,,,,,2700,,,,
NEUMOTORS,NeuM--1131,NeuMotors,,,,1131,,,,478,,,,,,,,,,,,,,,3500,,,,
NEUMOTORS,NeuM--1131,NeuMotors,,,,1131,,,,685,,,,,,,,,,,,,,,5500,,,,
NEUMOTORS,NeuM--1138,NeuMotors,,,,1138,,,,220,,,,,,,,,,,,,,,1800,,,,
NEUMOTORS,NeuM--1139,NeuMotors,,,,1139,,,,133,,,,,,,,,,,,,,,1200,,,,
NEUMOTORS,NeuM--1140,NeuMotors,,,,1140,,,,220,,,,,,,,,,,,,,,1800,,,,
NEUMOTORS,NeuM--1148,NeuMotors,,,,1148,,,,212,,,,,,,,,,,,,,,2000,,,,
NEUMOTORS,NeuM--1149,NeuMotors,,,,1149,,,,164,,,,,,,,,,,,,,,1400,,,,
NEUMOTORS,NeuM--1150,NeuMotors,,,,1150,,,,620,,,,,,,,,,,,,,,4500,,,,
NEUMOTORS,NeuM--1156,NeuMotors,,,,1156,,,,194,,,,,,,,,,,,,,,1600,,,,
NEUMOTORS,NeuM--1165,NeuMotors,,,,1165,,,,280,,,,,,,,,,,,,,,2500,,,,
NEUMOTORS,NeuM--1167,NeuMotors,,,,1167,,,,420,,,,,,,,,,,,,,,3000,,,,
NEUMOTORS,NeuM--1170,NeuMotors,,,,1170,,,,194,,,,,,,,,,,,,,,1600,,,,
NEUMOTORS,NeuM--1170,NeuMotors,,,,1170,,,,220,,,,,,,,,,,,,,,1800,,,,
NEUMOTORS,NeuM--1175,NeuMotors,,,,1175,,,,140,,,,,,,,,,,,,,,1200,,,,
NEUMOTORS,NeuM--1175,NeuMotors,,,,1175,,,,130,,,,,,,,,,,,,,,600,,,,
NEUMOTORS,NeuM--1190,NeuMotors,,,,1190,,,,965,,,,,,,,,,,,,,,6400,,,,
NEUMOTORS,NeuM--1191,NeuMotors,,,,1191,,,,133,,,,,,,,,,,,,,,1200,,,,
NEUMOTORS,NeuM--1200,NeuMotors,,,,1200,,,,140,,,,,,,,,,,,,,,1200,,,,
NEUMOTORS,NeuM--1200,NeuMotors,,,,1200,,,,140,,,,,,,,,,,,,,,1200,,,,
NEUMOTORS,NeuM--1200,NeuMotors,,,,1200,,,,212,,,,,,,,,,,,,,,2000,,,,
NEUMOTORS,NeuM--1200,NeuMotors,,,,1200,,,,212,,,,,,,,,,,,,,,2000,,,,
NEUMOTORS,NeuM--1200,NeuMotors,,,,1200,,,,340,,,,,,,,,,,,,,,2700,,,,
NEUMOTORS,NeuM--1200,NeuMotors,,,,1200,,,,410,,,,,,,,,,,,,,,3000,,,,
NEUMOTORS,NeuM--1200,NeuMotors,,,,1200,,,,480,,,,,,,,,,,,,,,3500,,,,
NEUMOTORS,NeuM--1200,NeuMotors,,,,1200,,,,775,,,,,,,,,,,,,,,6000,,,,
NEUMOTORS,NeuM--1213,NeuMotors,,,,1213,,,,133,,,,,,,,,,,,,,,1200,,,,
NEUMOTORS,NeuM--1213,NeuMotors,,,,1213,,,,164,,,,,,,,,,,,,,,1400,,,,
NEUMOTORS,NeuM--1213,NeuMotors,,,,1213,,,,164,,,,,,,,,,,,,,,1400,,,,
NEUMOTORS,NeuM--1218,NeuMotors,,,,1218,,,,340,,,,,,,,,,,,,,,2700,,,,
NEUMOTORS,NeuM--1218,NeuMotors,,,,1218,,,,895,,,,,,,,,,,,,,,7000,,,,
NEUMOTORS,NeuM--1222,NeuMotors,,,,1222,,,,212,,,,,,,,,,,,,,,2000,,,,
NEUMOTORS,NeuM--1222,NeuMotors,,,,1222,,,,280,,,,,,,,,,,,,,,2500,,,,
NEUMOTORS,NeuM--1222,NeuMotors,,,,1222,,,,410,,,,,,,,,,,,,,,3000,,,,
NEUMOTORS,NeuM--1222,NeuMotors,,,,1222,,,,616,,,,,,,,,,,,,,,5000,,,,
NEUMOTORS,NeuM--1222,NeuMotors,,,,1222,,,,825,,,,,,,,,,,,,,,6500,,,,
NEUMOTORS,NeuM--1233,NeuMotors,,,,1233,,,,25,,,,,,,,,,,,,,,175,,,,
NEUMOTORS,NeuM--1238,NeuMotors,,,,1238,,,,280,,,,,,,,,,,,,,,2500,,,,
NEUMOTORS,NeuM--1238,NeuMotors,,,,1238,,,,549,,,,,,,,,,,,,,,4000,,,,
NEUMOTORS,NeuM--1248,NeuMotors,,,,1248,,,,133,,,,,,,,,,,,,,,1200,,,,
NEUMOTORS,NeuM--1248,NeuMotors,,,,1248,,,,194,,,,,,,,,,,,,,,1600,,,,
NEUMOTORS,NeuM--1250,NeuMotors,,,,1250,,,,165,,,,,,,,,,,,,,,1400,,,,
NEUMOTORS,NeuM--1250,NeuMotors,,,,1250,,,,20,,,,,,,,,,,,,,,150,,,,
NEUMOTORS,NeuM--1250,NeuMotors,,,,1250,,,,420,,,,,,,,,,,,,,,3000,,,,
NEUMOTORS,NeuM--1250,NeuMotors,,,,1250,,,,620,,,,,,,,,,,,,,,4500,,,,
NEUMOTORS,NeuM--1255,NeuMotors,,,,1255,,,,161,,,,,,,,,,,,,,,1200,,,,
NEUMOTORS,NeuM--1255,NeuMotors,,,,1255,,,,161,,,,,,,,,,,,,,,1200,,,,
NEUMOTORS,NeuM--1257,NeuMotors,,,,1257,,,,212,,,,,,,,,,,,,,,2000,,,,
NEUMOTORS,NeuM--1257,NeuMotors,,,,1257,,,,340,,,,,,,,,,,,,,,2700,,,,
NEUMOTORS,NeuM--1257,NeuMotors,,,,1257,,,,478,,,,,,,,,,,,,,,3500,,,,
NEUMOTORS,NeuM--1257,NeuMotors,,,,1257,,,,478,,,,,,,,,,,,,,,3500,,,,
NEUMOTORS,NeuM--1257,NeuMotors,,,,1257,,,,616,,,,,,,,,,,,,,,5000,,,,
NEUMOTORS,NeuM--1260,NeuMotors,,,,1260,,,,220,,,,,,,,,,,,,,,1800,,,,
NEUMOTORS,NeuM--1270,NeuMotors,,,,1270,,,,550,,,,,,,,,,,,,,,3700,,,,
NEUMOTORS,NeuM--1275,NeuMotors,,,,1275,,,,136,,,,,,,,,,,,,,,1000,,,,
NEUMOTORS,NeuM--1275,NeuMotors,,,,1275,,,,190,,,,,,,,,,,,,,,1500,,,,
NEUMOTORS,NeuM--1275,NeuMotors,,,,1275,,,,820,,,,,,,,,,,,,,,5600,,,,
NEUMOTORS,NeuM--1285,NeuMotors,,,,1285,,,,164,,,,,,,,,,,,,,,1400,,,,
NEUMOTORS,NeuM--1300,NeuMotors,,,,1300,,,,140,,,,,,,,,,,,,,,1200,,,,
NEUMOTORS,NeuM--1300,NeuMotors,,,,1300,,,,194,,,,,,,,,,,,,,,1600,,,,
NEUMOTORS,NeuM--1300,NeuMotors,,,,1300,,,,220,,,,,,,,,,,,,,,1800,,,,
NEUMOTORS,NeuM--1310,NeuMotors,,,,1310,,,,133,,,,,,,,,,,,,,,1200,,,,
NEUMOTORS,NeuM--1320,NeuMotors,,,,1320,,,,212,,,,,,,,,,,,,,,2000,,,,
NEUMOTORS,NeuM--1320,NeuMotors,,,,1320,,,,280,,,,,,,,,,,,,,,2500,,,,
NEUMOTORS,NeuM--1320,NeuMotors,,,,1320,,,,340,,,,,,,,,,,,,,,2700,,,,
NEUMOTORS,NeuM--1320,NeuMotors,,,,1320,,,,410,,,,,,,,,,,,,,,3000,,,,
NEUMOTORS,NeuM--1320,NeuMotors,,,,1320,,,,685,,,,,,,,,,,,,,,5500,,,,
NEUMOTORS,NeuM--1320,NeuMotors,,,,1320,,,,825,,,,,,,,,,,,,,,6500,,,,
NEUMOTORS,NeuM--1324,NeuMotors,,,,1324,,,,133,,,,,,,,,,,,,,,1200,,,,
NEUMOTORS,NeuM--1333,NeuMotors,,,,1333,,,,212,,,,,,,,,,,,,,,2000,,,,
NEUMOTORS,NeuM--1333,NeuMotors,,,,1333,,,,775,,,,,,,,,,,,,,,6000,,,,
NEUMOTORS,NeuM--1337,NeuMotors,,,,1337,,,,194,,,,,,,,,,,,,,,1600,,,,
NEUMOTORS,NeuM--1348,NeuMotors,,,,1348,,,,164,,,,,,,,,,,,,,,1400,,,,
NEUMOTORS,NeuM--1350,NeuMotors,,,,1350,,,,280,,,,,,,,,,,,,,,2500,,,,
NEUMOTORS,NeuM--1350,NeuMotors,,,,1350,,,,130,,,,,,,,,,,,,,,600,,,,
NEUMOTORS,NeuM--1350,NeuMotors,,,,1350,,,,185,,,,,,,,,,,,,,,1200,,,,
NEUMOTORS,NeuM--1355,NeuMotors,,,,1355,,,,685,,,,,,,,,,,,,,,5000,,,,
NEUMOTORS,NeuM--1355,NeuMotors,,,,1355,,,,105,,,,,,,,,,,,,,,800,,,,
NEUMOTORS,NeuM--1360,NeuMotors,,,,1360,,,,340,,,,,,,,,,,,,,,2700,,,,
NEUMOTORS,NeuM--1365,NeuMotors,,,,1365,,,,115,,,,,,,,,,,,,,,1000,,,,
NEUMOTORS,NeuM--1365,NeuMotors,,,,1365,,,,164,,,,,,,,,,,,,,,1400,,,,
NEUMOTORS,NeuM--1365,NeuMotors,,,,1365,,,,220,,,,,,,,,,,,,,,1800,,,,
NEUMOTORS,NeuM--1375,NeuMotors,,,,1375,,,,280,,,,,,,,,,,,,,,2500,,,,
NEUMOTORS,NeuM--1375,NeuMotors,,,,1375,,,,549,,,,,,,,,,,,,,,4000,,,,
NEUMOTORS,NeuM--1379,NeuMotors,,,,1379,,,,133,,,,,,,,,,,,,,,1200,,,,
NEUMOTORS,NeuM--1380,NeuMotors,,,,1380,,,,270,,,,,,,,,,,,,,,1900,,,,
NEUMOTORS,NeuM--1380,NeuMotors,,,,1380,,,,280,,,,,,,,,,,,,,,2500,,,,
NEUMOTORS,NeuM--1380,NeuMotors,,,,1380,,,,280,,,,,,,,,,,,,,,2500,,,,
NEUMOTORS,NeuM--1380,NeuMotors,,,,1380,,,,550,,,,,,,,,,,,,,,3700,,,,
NEUMOTORS,NeuM--1389,NeuMotors,,,,1389,,,,212,,,,,,,,,,,,,,,2000,,,,
NEUMOTORS,NeuM--1400,NeuMotors,,,,1400,,,,120,,,,,,,,,,,,,,,1000,,,,
NEUMOTORS,NeuM--1400,NeuMotors,,,,1400,,,,140,,,,,,,,,,,,,,,1200,,,,
NEUMOTORS,NeuM--1400,NeuMotors,,,,1400,,,,165,,,,,,,,,,,,,,,1400,,,,
NEUMOTORS,NeuM--1400,NeuMotors,,,,1400,,,,20,,,,,,,,,,,,,,,150,,,,
NEUMOTORS,NeuM--1400,NeuMotors,,,,1400,,,,420,,,,,,,,,,,,,,,3000,,,,
NEUMOTORS,NeuM--1400,NeuMotors,,,,1400,,,,240,,,,,,,,,,,,,,,1800,,,,
NEUMOTORS,NeuM--1414,NeuMotors,,,,1414,,,,280,,,,,,,,,,,,,,,2500,,,,
NEUMOTORS,NeuM--1414,NeuMotors,,,,1414,,,,478,,,,,,,,,,,,,,,3500,,,,
NEUMOTORS,NeuM--1414,NeuMotors,,,,1414,,,,549,,,,,,,,,,,,,,,4000,,,,
NEUMOTORS,NeuM--1424,NeuMotors,,,,1424,,,,115,,,,,,,,,,,,,,,1000,,,,
NEUMOTORS,NeuM--1425,NeuMotors,,,,1425,,,,480,,,,,,,,,,,,,,,3500,,,,
NEUMOTORS,NeuM--1425,NeuMotors,,,,1425,,,,190,,,,,,,,,,,,,,,1500,,,,
NEUMOTORS,NeuM--1440,NeuMotors,,,,1440,,,,194,,,,,,,,,,,,,,,1600,,,,
NEUMOTORS,NeuM--1440,NeuMotors,,,,1440,,,,340,,,,,,,,,,,,,,,2700,,,,
NEUMOTORS,NeuM--1440,NeuMotors,,,,1440,,,,775,,,,,,,,,,,,,,,6000,,,,
NEUMOTORS,NeuM--1440,NeuMotors,,,,1440,,,,708,,,,,,,,,,,,,,,5000,,,,
NEUMOTORS,NeuM--1450,NeuMotors,,,,1450,,,,212,,,,,,,,,,,,,,,2000,,,,
NEUMOTORS,NeuM--1450,NeuMotors,,,,1450,,,,212,,,,,,,,,,,,,,,2000,,,,
NEUMOTORS,NeuM--1456,NeuMotors,,,,1456,,,,133,,,,,,,,,,,,,,,1200,,,,
NEUMOTORS,NeuM--1456,NeuMotors,,,,1456,,,,133,,,,,,,,,,,,,,,1200,,,,
NEUMOTORS,NeuM--1456,NeuMotors,,,,1456,,,,164,,,,,,,,,,,,,,,1400,,,,
NEUMOTORS,NeuM--1460,NeuMotors,,,,1460,,,,620,,,,,,,,,,,,,,,4500,,,,
NEUMOTORS,NeuM--1467,NeuMotors,,,,1467,,,,212,,,,,,,,,,,,,,,2000,,,,
NEUMOTORS,NeuM--1467,NeuMotors,,,,1467,,,,212,,,,,,,,,,,,,,,2000,,,,
NEUMOTORS,NeuM--1467,NeuMotors,,,,1467,,,,340,,,,,,,,,,,,,,,2700,,,,
NEUMOTORS,NeuM--1467,NeuMotors,,,,1467,,,,410,,,,,,,,,,,,,,,3000,,,,
NEUMOTORS,NeuM--1467,NeuMotors,,,,1467,,,,410,,,,,,,,,,,,,,,3000,,,,
NEUMOTORS,NeuM--1467,NeuMotors,,,,1467,,,,616,,,,,,,,,,,,,,,5000,,,,
NEUMOTORS,NeuM--1467,NeuMotors,,,,1467,,,,685,,,,,,,,,,,,,,,5500,,,,
NEUMOTORS,NeuM--1475,NeuMotors,,,,1475,,,,280,,,,,,,,,,,,,,,2500,,,,
NEUMOTORS,NeuM--1475,NeuMotors,,,,1475,,,,136,,,,,,,,,,,,,,,1000,,,,
NEUMOTORS,NeuM--1480,NeuMotors,,,,1480,,,,14,,,,,,,,,,,,,,,125,,,,
NEUMOTORS,NeuM--1480,NeuMotors,,,,1480,,,,25,,,,,,,,,,,,,,,175,,,,
NEUMOTORS,NeuM--1486,NeuMotors,,,,1486,,,,194,,,,,,,,,,,,,,,1600,,,,
NEUMOTORS,NeuM--1489,NeuMotors,,,,1489,,,,115,,,,,,,,,,,,,,,1000,,,,
NEUMOTORS,NeuM--1489,NeuMotors,,,,1489,,,,220,,,,,,,,,,,,,,,1800,,,,
NEUMOTORS,NeuM--1500,NeuMotors,,,,1500,,,,300,,,,,,,,,,,,,,,2200,,,,
NEUMOTORS,NeuM--1500,NeuMotors,,,,1500,,,,340,,,,,,,,,,,,,,,2700,,,,
NEUMOTORS,NeuM--1500,NeuMotors,,,,1500,,,,620,,,,,,,,,,,,,,,4500,,,,
NEUMOTORS,NeuM--1512,NeuMotors,,,,1512,,,,120,,,,,,,,,,,,,,,1000,,,,
NEUMOTORS,NeuM--1517,NeuMotors,,,,1517,,,,115,,,,,,,,,,,,,,,1000,,,,
NEUMOTORS,NeuM--1517,NeuMotors,,,,1517,,,,164,,,,,,,,,,,,,,,1400,,,,
NEUMOTORS,NeuM--1517,NeuMotors,,,,1517,,,,220,,,,,,,,,,,,,,,1800,,,,
NEUMOTORS,NeuM--1523,NeuMotors,,,,1523,,,,280,,,,,,,,,,,,,,,2500,,,,
NEUMOTORS,NeuM--1523,NeuMotors,,,,1523,,,,895,,,,,,,,,,,,,,,7000,,,,
NEUMOTORS,NeuM--1542,NeuMotors,,,,1542,,,,133,,,,,,,,,,,,,,,1200,,,,
NEUMOTORS,NeuM--1550,NeuMotors,,,,1550,,,,120,,,,,,,,,,,,,,,1000,,,,
NEUMOTORS,NeuM--1550,NeuMotors,,,,1550,,,,120,,,,,,,,,,,,,,,1000,,,,
NEUMOTORS,NeuM--1550,NeuMotors,,,,1550,,,,140,,,,,,,,,,,,,,,1200,,,,
NEUMOTORS,NeuM--1550,NeuMotors,,,,1550,,,,165,,,,,,,,,,,,,,,1400,,,,
NEUMOTORS,NeuM--1550,NeuMotors,,,,1550,,,,165,,,,,,,,,,,,,,,1400,,,,
NEUMOTORS,NeuM--1553,NeuMotors,,,,1553,,,,212,,,,,,,,,,,,,,,2000,,,,
NEUMOTORS,NeuM--1560,NeuMotors,,,,1560,,,,115,,,,,,,,,,,,,,,1000,,,,
NEUMOTORS,NeuM--1560,NeuMotors,,,,1560,,,,164,,,,,,,,,,,,,,,1400,,,,
NEUMOTORS,NeuM--1560,NeuMotors,,,,1560,,,,194,,,,,,,,,,,,,,,1600,,,,
NEUMOTORS,NeuM--1571,NeuMotors,,,,1571,,,,280,,,,,,,,,,,,,,,2500,,,,
NEUMOTORS,NeuM--1571,NeuMotors,,,,1571,,,,478,,,,,,,,,,,,,,,3500,,,,
NEUMOTORS,NeuM--1577,NeuMotors,,,,1577,,,,480,,,,,,,,,,,,,,,3500,,,,
NEUMOTORS,NeuM--1584,NeuMotors,,,,1584,,,,340,,,,,,,,,,,,,,,2700,,,,
NEUMOTORS,NeuM--1584,NeuMotors,,,,1584,,,,685,,,,,,,,,,,,,,,5500,,,,
NEUMOTORS,NeuM--1616,NeuMotors,,,,1616,,,,478,,,,,,,,,,,,,,,3500,,,,
NEUMOTORS,NeuM--1618,NeuMotors,,,,1618,,,,133,,,,,,,,,,,,,,,1200,,,,
NEUMOTORS,NeuM--1630,NeuMotors,,,,1630,,,,212,,,,,,,,,,,,,,,2000,,,,
NEUMOTORS,NeuM--1630,NeuMotors,,,,1630,,,,616,,,,,,,,,,,,,,,5000,,,,
NEUMOTORS,NeuM--1638,NeuMotors,,,,1638,,,,115,,,,,,,,,,,,,,,1000,,,,
NEUMOTORS,NeuM--1638,NeuMotors,,,,1638,,,,133,,,,,,,,,,,,,,,1200,,,,
NEUMOTORS,NeuM--1638,NeuMotors,,,,1638,,,,220,,,,,,,,,,,,,,,1800,,,,
NEUMOTORS,NeuM--1650,NeuMotors,,,,1650,,,,170,,,,,,,,,,,,,,,1500,,,,
NEUMOTORS,NeuM--1650,NeuMotors,,,,1650,,,,212,,,,,,,,,,,,,,,2000,,,,
NEUMOTORS,NeuM--1650,NeuMotors,,,,1650,,,,280,,,,,,,,,,,,,,,2500,,,,
NEUMOTORS,NeuM--1650,NeuMotors,,,,1650,,,,340,,,,,,,,,,,,,,,2700,,,,
NEUMOTORS,NeuM--1650,NeuMotors,,,,1650,,,,410,,,,,,,,,,,,,,,3000,,,,
NEUMOTORS,NeuM--1650,NeuMotors,,,,1650,,,,549,,,,,,,,,,,,,,,4000,,,,
NEUMOTORS,NeuM--1650,NeuMotors,,,,1650,,,,825,,,,,,,,,,,,,,,6500,,,,
NEUMOTORS,NeuM--1650,NeuMotors,,,,1650,,,,130,,,,,,,,,,,,,,,600,,,,
NEUMOTORS,NeuM--1655,NeuMotors,,,,1655,,,,115,,,,,,,,,,,,,,,1000,,,,
NEUMOTORS,NeuM--1665,NeuMotors,,,,1665,,,,14,,,,,,,,,,,,,,,125,,,,
NEUMOTORS,NeuM--1665,NeuMotors,,,,1665,,,,14,,,,,,,,,,,,,,,125,,,,
NEUMOTORS,NeuM--1675,NeuMotors,,,,1675,,,,120,,,,,,,,,,,,,,,1000,,,,
NEUMOTORS,NeuM--1680,NeuMotors,,,,1680,,,,164,,,,,,,,,,,,,,,1400,,,,
NEUMOTORS,NeuM--1692,NeuMotors,,,,1692,,,,895,,,,,,,,,,,,,,,7000,,,,
NEUMOTORS,NeuM--1700,NeuMotors,,,,1700,,,,170,,,,,,,,,,,,,,,1500,,,,
NEUMOTORS,NeuM--1700,NeuMotors,,,,1700,,,,280,,,,,,,,,,,,,,,2500,,,,
NEUMOTORS,NeuM--1700,NeuMotors,,,,1700,,,,550,,,,,,,,,,,,,,,3700,,,,
NEUMOTORS,NeuM--1700,NeuMotors,,,,1700,,,,136,,,,,,,,,,,,,,,1000,,,,
NEUMOTORS,NeuM--1702,NeuMotors,,,,1702,,,,194,,,,,,,,,,,,,,,1600,,,,
NEUMOTORS,NeuM--1722,NeuMotors,,,,1722,,,,170,,,,,,,,,,,,,,,1500,,,,
NEUMOTORS,NeuM--1724,NeuMotors,,,,1724,,,,115,,,,,,,,,,,,,,,1000,,,,
NEUMOTORS,NeuM--1733,NeuMotors,,,,1733,,,,164,,,,,,,,,,,,,,,1400,,,,
NEUMOTORS,NeuM--1733,NeuMotors,,,,1733,,,,194,,,,,,,,,,,,,,,1600,,,,
NEUMOTORS,NeuM--1747,NeuMotors,,,,1747,,,,133,,,,,,,,,,,,,,,1200,,,,
NEUMOTORS,NeuM--1750,NeuMotors,,,,1750,,,,140,,,,,,,,,,,,,,,1200,,,,
NEUMOTORS,NeuM--1750,NeuMotors,,,,1750,,,,165,,,,,,,,,,,,,,,1400,,,,
NEUMOTORS,NeuM--1750,NeuMotors,,,,1750,,,,420,,,,,,,,,,,,,,,3000,,,,
NEUMOTORS,NeuM--1760,NeuMotors,,,,1760,,,,212,,,,,,,,,,,,,,,2000,,,,
NEUMOTORS,NeuM--1760,NeuMotors,,,,1760,,,,340,,,,,,,,,,,,,,,2700,,,,
NEUMOTORS,NeuM--1760,NeuMotors,,,,1760,,,,340,,,,,,,,,,,,,,,2700,,,,
NEUMOTORS,NeuM--1760,NeuMotors,,,,1760,,,,616,,,,,,,,,,,,,,,5000,,,,
NEUMOTORS,NeuM--1800,NeuMotors,,,,1800,,,,170,,,,,,,,,,,,,,,1500,,,,
NEUMOTORS,NeuM--1800,NeuMotors,,,,1800,,,,280,,,,,,,,,,,,,,,2500,,,,
NEUMOTORS,NeuM--1800,NeuMotors,,,,1800,,,,775,,,,,,,,,,,,,,,6000,,,,
NEUMOTORS,NeuM--1814,NeuMotors,,,,1814,,,,120,,,,,,,,,,,,,,,1000,,,,
NEUMOTORS,NeuM--1820,NeuMotors,,,,1820,,,,90,,,,,,,,,,,,,,,600,,,,
NEUMOTORS,NeuM--1820,NeuMotors,,,,1820,,,,115,,,,,,,,,,,,,,,1000,,,,
NEUMOTORS,NeuM--1820,NeuMotors,,,,1820,,,,115,,,,,,,,,,,,,,,1000,,,,
NEUMOTORS,NeuM--1820,NeuMotors,,,,1820,,,,133,,,,,,,,,,,,,,,1200,,,,
NEUMOTORS,NeuM--1820,NeuMotors,,,,1820,,,,164,,,,,,,,,,,,,,,1400,,,,
NEUMOTORS,NeuM--1820,NeuMotors,,,,1820,,,,220,,,,,,,,,,,,,,,1800,,,,
NEUMOTORS,NeuM--1820,NeuMotors,,,,1820,,,,220,,,,,,,,,,,,,,,1800,,,,
NEUMOTORS,NeuM--1820,NeuMotors,,,,1820,,,,196,,,,,,,,,,,,,,,1400,,,,
NEUMOTORS,NeuM--1820,NeuMotors,,,,1820,,,,212,,,,,,,,,,,,,,,2000,,,,
NEUMOTORS,NeuM--1833,NeuMotors,,,,1833,,,,170,,,,,,,,,,,,,,,1500,,,,
NEUMOTORS,NeuM--1833,NeuMotors,,,,1833,,,,212,,,,,,,,,,,,,,,2000,,,,
NEUMOTORS,NeuM--1833,NeuMotors,,,,1833,,,,280,,,,,,,,,,,,,,,2500,,,,
NEUMOTORS,NeuM--1833,NeuMotors,,,,1833,,,,410,,,,,,,,,,,,,,,3000,,,,
NEUMOTORS,NeuM--1833,NeuMotors,,,,1833,,,,549,,,,,,,,,,,,,,,4000,,,,
NEUMOTORS,NeuM--1833,NeuMotors,,,,1833,,,,825,,,,,,,,,,,,,,,6500,,,,
NEUMOTORS,NeuM--1850,NeuMotors,,,,1850,,,,14,,,,,,,,,,,,,,,125,,,,
NEUMOTORS,NeuM--1850,NeuMotors,,,,1850,,,,205,,,,,,,,,,,,,,,2000,,,,
NEUMOTORS,NeuM--1850,NeuMotors,,,,1850,,,,270,,,,,,,,,,,,,,,1900,,,,
NEUMOTORS,NeuM--1850,NeuMotors,,,,1850,,,,170,,,,,,,,,,,,,,,1500,,,,
NEUMOTORS,NeuM--1850,NeuMotors,,,,1850,,,,280,,,,,,,,,,,,,,,2500,,,,
NEUMOTORS,NeuM--1872,NeuMotors,,,,1872,,,,133,,,,,,,,,,,,,,,1200,,,,
NEUMOTORS,NeuM--1872,NeuMotors,,,,1872,,,,194,,,,,,,,,,,,,,,1600,,,,
NEUMOTORS,NeuM--1886,NeuMotors,,,,1886,,,,170,,,,,,,,,,,,,,,1500,,,,
NEUMOTORS,NeuM--1886,NeuMotors,,,,1886,,,,212,,,,,,,,,,,,,,,2000,,,,
NEUMOTORS,NeuM--1886,NeuMotors,,,,1886,,,,410,,,,,,,,,,,,,,,3000,,,,
NEUMOTORS,NeuM--1886,NeuMotors,,,,1886,,,,478,,,,,,,,,,,,,,,3500,,,,
NEUMOTORS,NeuM--1899,NeuMotors,,,,1899,,,,90,,,,,,,,,,,,,,,600,,,,
NEUMOTORS,NeuM--1900,NeuMotors,,,,1900,,,,95,,,,,,,,,,,,,,,600,,,,
NEUMOTORS,NeuM--1900,NeuMotors,,,,1900,,,,165,,,,,,,,,,,,,,,1400,,,,
NEUMOTORS,NeuM--1900,NeuMotors,,,,1900,,,,165,,,,,,,,,,,,,,,1400,,,,
NEUMOTORS,NeuM--1900,NeuMotors,,,,1900,,,,420,,,,,,,,,,,,,,,3000,,,,
NEUMOTORS,NeuM--1900,NeuMotors,,,,1900,,,,480,,,,,,,,,,,,,,,3500,,,,
NEUMOTORS,NeuM--1900,NeuMotors,,,,1900,,,,161,,,,,,,,,,,,,,,1200,,,,
NEUMOTORS,NeuM--1927,NeuMotors,,,,1927,,,,115,,,,,,,,,,,,,,,1000,,,,
NEUMOTORS,NeuM--1950,NeuMotors,,,,1950,,,,140,,,,,,,,,,,,,,,1200,,,,
NEUMOTORS,NeuM--1950,NeuMotors,,,,1950,,,,140,,,,,,,,,,,,,,,1200,,,,
NEUMOTORS,NeuM--1950,NeuMotors,,,,1950,,,,136,,,,,,,,,,,,,,,1000,,,,
NEUMOTORS,NeuM--1950,NeuMotors,,,,1950,,,,161,,,,,,,,,,,,,,,1200,,,,
NEUMOTORS,NeuM--1980,NeuMotors,,,,1980,,,,170,,,,,,,,,,,,,,,1500,,,,
NEUMOTORS,NeuM--1980,NeuMotors,,,,1980,,,,280,,,,,,,,,,,,,,,2500,,,,
NEUMOTORS,NeuM--1980,NeuMotors,,,,1980,,,,340,,,,,,,,,,,,,,,2700,,,,
NEUMOTORS,NeuM--1980,NeuMotors,,,,1980,,,,549,,,,,,,,,,,,,,,4000,,,,
NEUMOTORS,NeuM--1980,NeuMotors,,,,1980,,,,685,,,,,,,,,,,,,,,5500,,,,
NEUMOTORS,NeuM--1985,NeuMotors,,,,1985,,,,90,,,,,,,,,,,,,,,600,,,,
NEUMOTORS,NeuM--1985,NeuMotors,,,,1985,,,,164,,,,,,,,,,,,,,,1400,,,,
NEUMOTORS,NeuM--2000,NeuMotors,,,,2000,,,,120,,,,,,,,,,,,,,,1000,,,,
NEUMOTORS,NeuM--2000,NeuMotors,,,,2000,,,,120,,,,,,,,,,,,,,,1000,,,,
NEUMOTORS,NeuM--2000,NeuMotors,,,,2000,,,,120,,,,,,,,,,,,,,,1000,,,,
NEUMOTORS,NeuM--2000,NeuMotors,,,,2000,,,,170,,,,,,,,,,,,,,,1500,,,,
NEUMOTORS,NeuM--2000,NeuMotors,,,,2000,,,,775,,,,,,,,,,,,,,,6000,,,,
NEUMOTORS,NeuM--2016,NeuMotors,,,,2016,,,,133,,,,,,,,,,,,,,,1200,,,,
NEUMOTORS,NeuM--2022,NeuMotors,,,,2022,,,,90,,,,,,,,,,,,,,,600,,,,
NEUMOTORS,NeuM--2022,NeuMotors,,,,2022,,,,115,,,,,,,,,,,,,,,1000,,,,
NEUMOTORS,NeuM--2022,NeuMotors,,,,2022,,,,164,,,,,,,,,,,,,,,1400,,,,
NEUMOTORS,NeuM--2031,NeuMotors,,,,2031,,,,212,,,,,,,,,,,,,,,2000,,,,
NEUMOTORS,NeuM--2031,NeuMotors,,,,2031,,,,895,,,,,,,,,,,,,,,7000,,,,
NEUMOTORS,NeuM--2035,NeuMotors,,,,2035,,,,685,,,,,,,,,,,,,,,5000,,,,
NEUMOTORS,NeuM--2035,NeuMotors,,,,2035,,,,130,,,,,,,,,,,,,,,600,,,,
NEUMOTORS,NeuM--2048,NeuMotors,,,,2048,,,,115,,,,,,,,,,,,,,,1000,,,,
NEUMOTORS,NeuM--2048,NeuMotors,,,,2048,,,,220,,,,,,,,,,,,,,,1800,,,,
NEUMOTORS,NeuM--2050,NeuMotors,,,,2050,,,,95,,,,,,,,,,,,,,,600,,,,
NEUMOTORS,NeuM--2050,NeuMotors,,,,2050,,,,280,,,,,,,,,,,,,,,2500,,,,
NEUMOTORS,NeuM--2050,NeuMotors,,,,2050,,,,340,,,,,,,,,,,,,,,2700,,,,
NEUMOTORS,NeuM--2060,NeuMotors,,,,2060,,,,185,,,,,,,,,,,,,,,1200,,,,
NEUMOTORS,NeuM--2080,NeuMotors,,,,2080,,,,90,,,,,,,,,,,,,,,600,,,,
NEUMOTORS,NeuM--2080,NeuMotors,,,,2080,,,,133,,,,,,,,,,,,,,,1200,,,,
NEUMOTORS,NeuM--2080,NeuMotors,,,,2080,,,,194,,,,,,,,,,,,,,,1600,,,,
NEUMOTORS,NeuM--2080,NeuMotors,,,,2080,,,,194,,,,,,,,,,,,,,,1600,,,,
NEUMOTORS,NeuM--2084,NeuMotors,,,,2084,,,,170,,,,,,,,,,,,,,,1500,,,,
NEUMOTORS,NeuM--2095,NeuMotors,,,,2095,,,,212,,,,,,,,,,,,,,,2000,,,,
NEUMOTORS,NeuM--2095,NeuMotors,,,,2095,,,,478,,,,,,,,,,,,,,,3500,,,,
NEUMOTORS,NeuM--2100,NeuMotors,,,,2100,,,,95,,,,,,,,,,,,,,,600,,,,
NEUMOTORS,NeuM--2100,NeuMotors,,,,2100,,,,95,,,,,,,,,,,,,,,600,,,,
NEUMOTORS,NeuM--2100,NeuMotors,,,,2100,,,,165,,,,,,,,,,,,,,,1400,,,,
NEUMOTORS,NeuM--2100,NeuMotors,,,,2100,,,,165,,,,,,,,,,,,,,,1400,,,,
NEUMOTORS,NeuM--2100,NeuMotors,,,,2100,,,,165,,,,,,,,,,,,,,,1400,,,,
NEUMOTORS,NeuM--2100,NeuMotors,,,,2100,,,,165,,,,,,,,,,,,,,,1400,,,,
NEUMOTORS,NeuM--2100,NeuMotors,,,,2100,,,,14,,,,,,,,,,,,,,,125,,,,
NEUMOTORS,NeuM--2184,NeuMotors,,,,2184,,,,90,,,,,,,,,,,,,,,600,,,,
NEUMOTORS,NeuM--2184,NeuMotors,,,,2184,,,,115,,,,,,,,,,,,,,,1000,,,,
NEUMOTORS,NeuM--2184,NeuMotors,,,,2184,,,,133,,,,,,,,,,,,,,,1200,,,,
NEUMOTORS,NeuM--2184,NeuMotors,,,,2184,,,,164,,,,,,,,,,,,,,,1400,,,,
NEUMOTORS,NeuM--2200,NeuMotors,,,,2200,,,,300,,,,,,,,,,,,,,,2200,,,,
NEUMOTORS,NeuM--2200,NeuMotors,,,,2200,,,,170,,,,,,,,,,,,,,,1500,,,,
NEUMOTORS,NeuM--2200,NeuMotors,,,,2200,,,,170,,,,,,,,,,,,,,,1500,,,,
NEUMOTORS,NeuM--2200,NeuMotors,,,,2200,,,,170,,,,,,,,,,,,,,,1500,,,,
NEUMOTORS,NeuM--2200,NeuMotors,,,,2200,,,,212,,,,,,,,,,,,,,,2000,,,,
NEUMOTORS,NeuM--2200,NeuMotors,,,,2200,,,,280,,,,,,,,,,,,,,,2500,,,,
NEUMOTORS,NeuM--2200,NeuMotors,,,,2200,,,,280,,,,,,,,,,,,,,,2500,,,,
NEUMOTORS,NeuM--2200,NeuMotors,,,,2200,,,,340,,,,,,,,,,,,,,,2700,,,,
NEUMOTORS,NeuM--2200,NeuMotors,,,,2200,,,,340,,,,,,,,,,,,,,,2700,,,,
NEUMOTORS,NeuM--2200,NeuMotors,,,,2200,,,,410,,,,,,,,,,,,,,,3000,,,,
NEUMOTORS,NeuM--2200,NeuMotors,,,,2200,,,,616,,,,,,,,,,,,,,,5000,,,,
NEUMOTORS,NeuM--2200,NeuMotors,,,,2200,,,,685,,,,,,,,,,,,,,,5500,,,,
NEUMOTORS,NeuM--2200,NeuMotors,,,,2200,,,,825,,,,,,,,,,,,,,,6500,,,,
NEUMOTORS,NeuM--2206,NeuMotors,,,,2206,,,,90,,,,,,,,,,,,,,,600,,,,
NEUMOTORS,NeuM--2250,NeuMotors,,,,2250,,,,95,,,,,,,,,,,,,,,600,,,,
NEUMOTORS,NeuM--2250,NeuMotors,,,,2250,,,,95,,,,,,,,,,,,,,,600,,,,
NEUMOTORS,NeuM--2250,NeuMotors,,,,2250,,,,120,,,,,,,,,,,,,,,1000,,,,
NEUMOTORS,NeuM--2250,NeuMotors,,,,2250,,,,212,,,,,,,,,,,,,,,2000,,,,
NEUMOTORS,NeuM--2263,NeuMotors,,,,2263,,,,340,,,,,,,,,,,,,,,2700,,,,
NEUMOTORS,NeuM--2263,NeuMotors,,,,2263,,,,478,,,,,,,,,,,,,,,3500,,,,
NEUMOTORS,NeuM--2275,NeuMotors,,,,2275,,,,115,,,,,,,,,,,,,,,1000,,,,
NEUMOTORS,NeuM--2275,NeuMotors,,,,2275,,,,220,,,,,,,,,,,,,,,1800,,,,
NEUMOTORS,NeuM--2299,NeuMotors,,,,2299,,,,90,,,,,,,,,,,,,,,600,,,,
NEUMOTORS,NeuM--2300,NeuMotors,,,,2300,,,,165,,,,,,,,,,,,,,,1400,,,,
NEUMOTORS,NeuM--2300,NeuMotors,,,,2300,,,,165,,,,,,,,,,,,,,,1400,,,,
NEUMOTORS,NeuM--2300,NeuMotors,,,,2300,,,,620,,,,,,,,,,,,,,,4500,,,,
NEUMOTORS,NeuM--2329,NeuMotors,,,,2329,,,,170,,,,,,,,,,,,,,,1500,,,,
NEUMOTORS,NeuM--2340,NeuMotors,,,,2340,,,,115,,,,,,,,,,,,,,,1000,,,,
NEUMOTORS,NeuM--2340,NeuMotors,,,,2340,,,,194,,,,,,,,,,,,,,,1600,,,,
NEUMOTORS,NeuM--2340,NeuMotors,,,,2340,,,,220,,,,,,,,,,,,,,,1800,,,,
NEUMOTORS,NeuM--2340,NeuMotors,,,,2340,,,,420,,,,,,,,,,,,,,,3000,,,,
NEUMOTORS,NeuM--2350,NeuMotors,,,,2350,,,,140,,,,,,,,,,,,,,,1200,,,,
NEUMOTORS,NeuM--2383,NeuMotors,,,,2383,,,,133,,,,,,,,,,,,,,,1200,,,,
NEUMOTORS,NeuM--2400,NeuMotors,,,,2400,,,,140,,,,,,,,,,,,,,,1200,,,,
NEUMOTORS,NeuM--2400,NeuMotors,,,,2400,,,,196,,,,,,,,,,,,,,,1400,,,,
NEUMOTORS,NeuM--2400,NeuMotors,,,,2400,,,,212,,,,,,,,,,,,,,,2000,,,,
NEUMOTORS,NeuM--2400,NeuMotors,,,,2400,,,,212,,,,,,,,,,,,,,,2000,,,,
NEUMOTORS,NeuM--2400,NeuMotors,,,,2400,,,,775,,,,,,,,,,,,,,,6000,,,,
NEUMOTORS,NeuM--2400,NeuMotors,,,,2400,,,,61,,,,,,,,,,,,,,,300,,,,
NEUMOTORS,NeuM--2400,NeuMotors,,,,2400,,,,200,,,,,,,,,,,,,,,1200,,,,
NEUMOTORS,NeuM--2427,NeuMotors,,,,2427,,,,90,,,,,,,,,,,,,,,600,,,,
NEUMOTORS,NeuM--2427,NeuMotors,,,,2427,,,,90,,,,,,,,,,,,,,,600,,,,
NEUMOTORS,NeuM--2427,NeuMotors,,,,2427,,,,133,,,,,,,,,,,,,,,1200,,,,
NEUMOTORS,NeuM--2427,NeuMotors,,,,2427,,,,164,,,,,,,,,,,,,,,1400,,,,
NEUMOTORS,NeuM--2427,NeuMotors,,,,2427,,,,164,,,,,,,,,,,,,,,1400,,,,
NEUMOTORS,NeuM--2444,NeuMotors,,,,2444,,,,170,,,,,,,,,,,,,,,1500,,,,
NEUMOTORS,NeuM--2444,NeuMotors,,,,2444,,,,212,,,,,,,,,,,,,,,2000,,,,
NEUMOTORS,NeuM--2444,NeuMotors,,,,2444,,,,410,,,,,,,,,,,,,,,3000,,,,
NEUMOTORS,NeuM--2444,NeuMotors,,,,2444,,,,616,,,,,,,,,,,,,,,5000,,,,
NEUMOTORS,NeuM--2450,NeuMotors,,,,2450,,,,95,,,,,,,,,,,,,,,600,,,,
NEUMOTORS,NeuM--2475,NeuMotors,,,,2475,,,,170,,,,,,,,,,,,,,,1500,,,,
NEUMOTORS,NeuM--2475,NeuMotors,,,,2475,,,,280,,,,,,,,,,,,,,,2500,,,,
NEUMOTORS,NeuM--2475,NeuMotors,,,,2475,,,,549,,,,,,,,,,,,,,,4000,,,,
NEUMOTORS,NeuM--2500,NeuMotors,,,,2500,,,,70,,,,,,,,,,,,,,,400,,,,
NEUMOTORS,NeuM--2500,NeuMotors,,,,2500,,,,120,,,,,,,,,,,,,,,1000,,,,
NEUMOTORS,NeuM--2500,NeuMotors,,,,2500,,,,120,,,,,,,,,,,,,,,1000,,,,
NEUMOTORS,NeuM--2500,NeuMotors,,,,2500,,,,120,,,,,,,,,,,,,,,1000,,,,
NEUMOTORS,NeuM--2520,NeuMotors,,,,2520,,,,115,,,,,,,,,,,,,,,1000,,,,
NEUMOTORS,NeuM--2550,NeuMotors,,,,2550,,,,170,,,,,,,,,,,,,,,1500,,,,
NEUMOTORS,NeuM--2550,NeuMotors,,,,2550,,,,170,,,,,,,,,,,,,,,1500,,,,
NEUMOTORS,NeuM--2550,NeuMotors,,,,2550,,,,280,,,,,,,,,,,,,,,2500,,,,
NEUMOTORS,NeuM--2550,NeuMotors,,,,2550,,,,550,,,,,,,,,,,,,,,3700,,,,
NEUMOTORS,NeuM--2569,NeuMotors,,,,2569,,,,90,,,,,,,,,,,,,,,600,,,,
NEUMOTORS,NeuM--2600,NeuMotors,,,,2600,,,,115,,,,,,,,,,,,,,,1000,,,,
NEUMOTORS,NeuM--2600,NeuMotors,,,,2600,,,,140,,,,,,,,,,,,,,,1200,,,,
NEUMOTORS,NeuM--2600,NeuMotors,,,,2600,,,,140,,,,,,,,,,,,,,,1200,,,,
NEUMOTORS,NeuM--2600,NeuMotors,,,,2600,,,,140,,,,,,,,,,,,,,,1200,,,,
NEUMOTORS,NeuM--2600,NeuMotors,,,,2600,,,,140,,,,,,,,,,,,,,,1200,,,,
NEUMOTORS,NeuM--2600,NeuMotors,,,,2600,,,,165,,,,,,,,,,,,,,,1400,,,,
NEUMOTORS,NeuM--2600,NeuMotors,,,,2600,,,,194,,,,,,,,,,,,,,,1600,,,,
NEUMOTORS,NeuM--2621,NeuMotors,,,,2621,,,,133,,,,,,,,,,,,,,,1200,,,,
NEUMOTORS,NeuM--2640,NeuMotors,,,,2640,,,,170,,,,,,,,,,,,,,,1500,,,,
NEUMOTORS,NeuM--2640,NeuMotors,,,,2640,,,,212,,,,,,,,,,,,,,,2000,,,,
NEUMOTORS,NeuM--2640,NeuMotors,,,,2640,,,,340,,,,,,,,,,,,,,,2700,,,,
NEUMOTORS,NeuM--2640,NeuMotors,,,,2640,,,,410,,,,,,,,,,,,,,,3000,,,,
NEUMOTORS,NeuM--2640,NeuMotors,,,,2640,,,,685,,,,,,,,,,,,,,,5500,,,,
NEUMOTORS,NeuM--2674,NeuMotors,,,,2674,,,,194,,,,,,,,,,,,,,,1600,,,,
NEUMOTORS,NeuM--2696,NeuMotors,,,,2696,,,,90,,,,,,,,,,,,,,,600,,,,
NEUMOTORS,NeuM--2700,NeuMotors,,,,2700,,,,300,,,,,,,,,,,,,,,2200,,,,
NEUMOTORS,NeuM--2700,NeuMotors,,,,2700,,,,212,,,,,,,,,,,,,,,2000,,,,
NEUMOTORS,NeuM--2700,NeuMotors,,,,2700,,,,340,,,,,,,,,,,,,,,2700,,,,
NEUMOTORS,NeuM--2730,NeuMotors,,,,2730,,,,65,,,,,,,,,,,,,,,400,,,,
NEUMOTORS,NeuM--2730,NeuMotors,,,,2730,,,,90,,,,,,,,,,,,,,,600,,,,
NEUMOTORS,NeuM--2730,NeuMotors,,,,2730,,,,115,,,,,,,,,,,,,,,1000,,,,
NEUMOTORS,NeuM--2730,NeuMotors,,,,2730,,,,164,,,,,,,,,,,,,,,1400,,,,
NEUMOTORS,NeuM--2730,NeuMotors,,,,2730,,,,220,,,,,,,,,,,,,,,1800,,,,
NEUMOTORS,NeuM--2750,NeuMotors,,,,2750,,,,95,,,,,,,,,,,,,,,600,,,,
NEUMOTORS,NeuM--2750,NeuMotors,,,,2750,,,,95,,,,,,,,,,,,,,,600,,,,
NEUMOTORS,NeuM--2750,NeuMotors,,,,2750,,,,95,,,,,,,,,,,,,,,600,,,,
NEUMOTORS,NeuM--2750,NeuMotors,,,,2750,,,,270,,,,,,,,,,,,,,,1900,,,,
NEUMOTORS,NeuM--2750,NeuMotors,,,,2750,,,,170,,,,,,,,,,,,,,,1500,,,,
NEUMOTORS,NeuM--2750,NeuMotors,,,,2750,,,,280,,,,,,,,,,,,,,,2500,,,,
NEUMOTORS,NeuM--2750,NeuMotors,,,,2750,,,,280,,,,,,,,,,,,,,,2500,,,,
NEUMOTORS,NeuM--2750,NeuMotors,,,,2750,,,,549,,,,,,,,,,,,,,,4000,,,,
NEUMOTORS,NeuM--2760,NeuMotors,,,,2760,,,,165,,,,,,,,,,,,,,,900,,,,
NEUMOTORS,NeuM--2760,NeuMotors,,,,2760,,,,170,,,,,,,,,,,,,,,1500,,,,
NEUMOTORS,NeuM--2760,NeuMotors,,,,2760,,,,170,,,,,,,,,,,,,,,1500,,,,
NEUMOTORS,NeuM--2800,NeuMotors,,,,2800,,,,120,,,,,,,,,,,,,,,1000,,,,
NEUMOTORS,NeuM--2800,NeuMotors,,,,2800,,,,165,,,,,,,,,,,,,,,1400,,,,
NEUMOTORS,NeuM--2800,NeuMotors,,,,2800,,,,130,,,,,,,,,,,,,,,600,,,,
NEUMOTORS,NeuM--2829,NeuMotors,,,,2829,,,,170,,,,,,,,,,,,,,,1500,,,,
NEUMOTORS,NeuM--2829,NeuMotors,,,,2829,,,,280,,,,,,,,,,,,,,,2500,,,,
NEUMOTORS,NeuM--2829,NeuMotors,,,,2829,,,,478,,,,,,,,,,,,,,,3500,,,,
NEUMOTORS,NeuM--2849,NeuMotors,,,,2849,,,,65,,,,,,,,,,,,,,,400,,,,
NEUMOTORS,NeuM--2900,NeuMotors,,,,2900,,,,140,,,,,,,,,,,,,,,1200,,,,
NEUMOTORS,NeuM--2900,NeuMotors,,,,2900,,,,140,,,,,,,,,,,,,,,1200,,,,
NEUMOTORS,NeuM--2900,NeuMotors,,,,2900,,,,165,,,,,,,,,,,,,,,1400,,,,
NEUMOTORS,NeuM--2900,NeuMotors,,,,2900,,,,165,,,,,,,,,,,,,,,1400,,,,
NEUMOTORS,NeuM--2900,NeuMotors,,,,2900,,,,170,,,,,,,,,,,,,,,1500,,,,
NEUMOTORS,NeuM--2900,NeuMotors,,,,2900,,,,480,,,,,,,,,,,,,,,3500,,,,
NEUMOTORS,NeuM--2912,NeuMotors,,,,2912,,,,90,,,,,,,,,,,,,,,600,,,,
NEUMOTORS,NeuM--2912,NeuMotors,,,,2912,,,,133,,,,,,,,,,,,,,,1200,,,,
NEUMOTORS,NeuM--2912,NeuMotors,,,,2912,,,,133,,,,,,,,,,,,,,,1200,,,,
NEUMOTORS,NeuM--2933,NeuMotors,,,,2933,,,,212,,,,,,,,,,,,,,,2000,,,,
NEUMOTORS,NeuM--2933,NeuMotors,,,,2933,,,,212,,,,,,,,,,,,,,,2000,,,,
NEUMOTORS,NeuM--2933,NeuMotors,,,,2933,,,,340,,,,,,,,,,,,,,,2700,,,,
NEUMOTORS,NeuM--2933,NeuMotors,,,,2933,,,,616,,,,,,,,,,,,,,,5000,,,,
NEUMOTORS,NeuM--2950,NeuMotors,,,,2950,,,,39,,,,,,,,,,,,,,,300,,,,
NEUMOTORS,NeuM--2978,NeuMotors,,,,2978,,,,65,,,,,,,,,,,,,,,400,,,,
NEUMOTORS,NeuM--2978,NeuMotors,,,,2978,,,,115,,,,,,,,,,,,,,,1000,,,,
NEUMOTORS,NeuM--3000,NeuMotors,,,,3000,,,,70,,,,,,,,,,,,,,,400,,,,
NEUMOTORS,NeuM--3025,NeuMotors,,,,3025,,,,120,,,,,,,,,,,,,,,1000,,,,
NEUMOTORS,NeuM--3033,NeuMotors,,,,3033,,,,65,,,,,,,,,,,,,,,400,,,,
NEUMOTORS,NeuM--3033,NeuMotors,,,,3033,,,,90,,,,,,,,,,,,,,,600,,,,
NEUMOTORS,NeuM--3033,NeuMotors,,,,3033,,,,115,,,,,,,,,,,,,,,1000,,,,
NEUMOTORS,NeuM--3033,NeuMotors,,,,3033,,,,164,,,,,,,,,,,,,,,1400,,,,
NEUMOTORS,NeuM--3033,NeuMotors,,,,3033,,,,220,,,,,,,,,,,,,,,1800,,,,
NEUMOTORS,NeuM--3046,NeuMotors,,,,3046,,,,170,,,,,,,,,,,,,,,1500,,,,
NEUMOTORS,NeuM--3046,NeuMotors,,,,3046,,,,895,,,,,,,,,,,,,,,7000,,,,
NEUMOTORS,NeuM--3050,NeuMotors,,,,3050,,,,70,,,,,,,,,,,,,,,400,,,,
NEUMOTORS,NeuM--3100,NeuMotors,,,,3100,,,,95,,,,,,,,,,,,,,,600,,,,
NEUMOTORS,NeuM--3100,NeuMotors,,,,3100,,,,120,,,,,,,,,,,,,,,1000,,,,
NEUMOTORS,NeuM--3100,NeuMotors,,,,3100,,,,120,,,,,,,,,,,,,,,1000,,,,
NEUMOTORS,NeuM--3100,NeuMotors,,,,3100,,,,165,,,,,,,,,,,,,,,1400,,,,
NEUMOTORS,NeuM--3100,NeuMotors,,,,3100,,,,165,,,,,,,,,,,,,,,1400,,,,
NEUMOTORS,NeuM--3120,NeuMotors,,,,3120,,,,65,,,,,,,,,,,,,,,400,,,,
NEUMOTORS,NeuM--3120,NeuMotors,,,,3120,,,,90,,,,,,,,,,,,,,,600,,,,
NEUMOTORS,NeuM--3120,NeuMotors,,,,3120,,,,164,,,,,,,,,,,,,,,1400,,,,
NEUMOTORS,NeuM--3120,NeuMotors,,,,3120,,,,194,,,,,,,,,,,,,,,1600,,,,
NEUMOTORS,NeuM--3125,NeuMotors,,,,3125,,,,39,,,,,,,,,,,,,,,300,,,,
NEUMOTORS,NeuM--3125,NeuMotors,,,,3125,,,,61,,,,,,,,,,,,,,,300,,,,
NEUMOTORS,NeuM--3143,NeuMotors,,,,3143,,,,170,,,,,,,,,,,,,,,1500,,,,
NEUMOTORS,NeuM--3143,NeuMotors,,,,3143,,,,478,,,,,,,,,,,,,,,3500,,,,
NEUMOTORS,NeuM--3168,NeuMotors,,,,3168,,,,340,,,,,,,,,,,,,,,2700,,,,
NEUMOTORS,NeuM--3200,NeuMotors,,,,3200,,,,15,,,,,,,,,,,,,,,100,,,,
NEUMOTORS,NeuM--3200,NeuMotors,,,,3200,,,,28,,,,,,,,,,,,,,,200,,,,
NEUMOTORS,NeuM--3250,NeuMotors,,,,3250,,,,70,,,,,,,,,,,,,,,400,,,,
NEUMOTORS,NeuM--3250,NeuMotors,,,,3250,,,,70,,,,,,,,,,,,,,,400,,,,
NEUMOTORS,NeuM--3250,NeuMotors,,,,3250,,,,140,,,,,,,,,,,,,,,1200,,,,
NEUMOTORS,NeuM--3276,NeuMotors,,,,3276,,,,65,,,,,,,,,,,,,,,400,,,,
NEUMOTORS,NeuM--3276,NeuMotors,,,,3276,,,,115,,,,,,,,,,,,,,,1000,,,,
NEUMOTORS,NeuM--3276,NeuMotors,,,,3276,,,,133,,,,,,,,,,,,,,,1200,,,,
NEUMOTORS,NeuM--3276,NeuMotors,,,,3276,,,,220,,,,,,,,,,,,,,,1800,,,,
NEUMOTORS,NeuM--3300,NeuMotors,,,,3300,,,,70,,,,,,,,,,,,,,,400,,,,
NEUMOTORS,NeuM--3300,NeuMotors,,,,3300,,,,95,,,,,,,,,,,,,,,600,,,,
NEUMOTORS,NeuM--3300,NeuMotors,,,,3300,,,,95,,,,,,,,,,,,,,,600,,,,
NEUMOTORS,NeuM--3300,NeuMotors,,,,3300,,,,95,,,,,,,,,,,,,,,600,,,,
NEUMOTORS,NeuM--3300,NeuMotors,,,,3300,,,,270,,,,,,,,,,,,,,,1900,,,,
NEUMOTORS,NeuM--3300,NeuMotors,,,,3300,,,,170,,,,,,,,,,,,,,,1500,,,,
NEUMOTORS,NeuM--3300,NeuMotors,,,,3300,,,,212,,,,,,,,,,,,,,,2000,,,,
NEUMOTORS,NeuM--3300,NeuMotors,,,,3300,,,,212,,,,,,,,,,,,,,,2000,,,,
NEUMOTORS,NeuM--3300,NeuMotors,,,,3300,,,,280,,,,,,,,,,,,,,,2500,,,,
NEUMOTORS,NeuM--3300,NeuMotors,,,,3300,,,,280,,,,,,,,,,,,,,,2500,,,,
NEUMOTORS,NeuM--3300,NeuMotors,,,,3300,,,,410,,,,,,,,,,,,,,,3000,,,,
NEUMOTORS,NeuM--3300,NeuMotors,,,,3300,,,,549,,,,,,,,,,,,,,,4000,,,,
NEUMOTORS,NeuM--3300,NeuMotors,,,,3300,,,,825,,,,,,,,,,,,,,,6500,,,,
NEUMOTORS,NeuM--3309,NeuMotors,,,,3309,,,,65,,,,,,,,,,,,,,,400,,,,
NEUMOTORS,NeuM--3350,NeuMotors,,,,3350,,,,120,,,,,,,,,,,,,,,1000,,,,
NEUMOTORS,NeuM--3350,NeuMotors,,,,3350,,,,120,,,,,,,,,,,,,,,1000,,,,
NEUMOTORS,NeuM--3350,NeuMotors,,,,3350,,,,120,,,,,,,,,,,,,,,1000,,,,
NEUMOTORS,NeuM--3350,NeuMotors,,,,3350,,,,120,,,,,,,,,,,,,,,1000,,,,
NEUMOTORS,NeuM--3360,NeuMotors,,,,3360,,,,90,,,,,,,,,,,,,,,600,,,,
NEUMOTORS,NeuM--3385,NeuMotors,,,,3385,,,,895,,,,,,,,,,,,,,,7000,,,,
NEUMOTORS,NeuM--3400,NeuMotors,,,,3400,,,,170,,,,,,,,,,,,,,,1500,,,,
NEUMOTORS,NeuM--3448,NeuMotors,,,,3448,,,,65,,,,,,,,,,,,,,,400,,,,
NEUMOTORS,NeuM--3467,NeuMotors,,,,3467,,,,90,,,,,,,,,,,,,,,600,,,,
NEUMOTORS,NeuM--3467,NeuMotors,,,,3467,,,,194,,,,,,,,,,,,,,,1600,,,,
NEUMOTORS,NeuM--3500,NeuMotors,,,,3500,,,,70,,,,,,,,,,,,,,,400,,,,
NEUMOTORS,NeuM--3500,NeuMotors,,,,3500,,,,70,,,,,,,,,,,,,,,400,,,,
NEUMOTORS,NeuM--3500,NeuMotors,,,,3500,,,,140,,,,,,,,,,,,,,,1200,,,,
NEUMOTORS,NeuM--3500,NeuMotors,,,,3500,,,,165,,,,,,,,,,,,,,,1400,,,,
NEUMOTORS,NeuM--3500,NeuMotors,,,,3500,,,,420,,,,,,,,,,,,,,,3000,,,,
NEUMOTORS,NeuM--3600,NeuMotors,,,,3600,,,,140,,,,,,,,,,,,,,,1200,,,,
NEUMOTORS,NeuM--3600,NeuMotors,,,,3600,,,,140,,,,,,,,,,,,,,,1200,,,,
NEUMOTORS,NeuM--3600,NeuMotors,,,,3600,,,,196,,,,,,,,,,,,,,,1400,,,,
NEUMOTORS,NeuM--3600,NeuMotors,,,,3600,,,,170,,,,,,,,,,,,,,,1500,,,,
NEUMOTORS,NeuM--3600,NeuMotors,,,,3600,,,,212,,,,,,,,,,,,,,,2000,,,,
NEUMOTORS,NeuM--3600,NeuMotors,,,,3600,,,,775,,,,,,,,,,,,,,,6000,,,,
NEUMOTORS,NeuM--3640,NeuMotors,,,,3640,,,,65,,,,,,,,,,,,,,,400,,,,
NEUMOTORS,NeuM--3640,NeuMotors,,,,3640,,,,65,,,,,,,,,,,,,,,400,,,,
NEUMOTORS,NeuM--3640,NeuMotors,,,,3640,,,,90,,,,,,,,,,,,,,,600,,,,
NEUMOTORS,NeuM--3640,NeuMotors,,,,3640,,,,115,,,,,,,,,,,,,,,1000,,,,
NEUMOTORS,NeuM--3640,NeuMotors,,,,3640,,,,115,,,,,,,,,,,,,,,1000,,,,
NEUMOTORS,NeuM--3640,NeuMotors,,,,3640,,,,133,,,,,,,,,,,,,,,1200,,,,
NEUMOTORS,NeuM--3640,NeuMotors,,,,3640,,,,164,,,,,,,,,,,,,,,1400,,,,
NEUMOTORS,NeuM--3667,NeuMotors,,,,3667,,,,170,,,,,,,,,,,,,,,1500,,,,
NEUMOTORS,NeuM--3667,NeuMotors,,,,3667,,,,212,,,,,,,,,,,,,,,2000,,,,
NEUMOTORS,NeuM--3667,NeuMotors,,,,3667,,,,280,,,,,,,,,,,,,,,2500,,,,
NEUMOTORS,NeuM--3667,NeuMotors,,,,3667,,,,410,,,,,,,,,,,,,,,3000,,,,
NEUMOTORS,NeuM--3667,NeuMotors,,,,3667,,,,825,,,,,,,,,,,,,,,6500,,,,
NEUMOTORS,NeuM--3700,NeuMotors,,,,3700,,,,120,,,,,,,,,,,,,,,1000,,,,
NEUMOTORS,NeuM--3700,NeuMotors,,,,3700,,,,120,,,,,,,,,,,,,,,1000,,,,
NEUMOTORS,NeuM--3700,NeuMotors,,,,3700,,,,120,,,,,,,,,,,,,,,1000,,,,
NEUMOTORS,NeuM--3700,NeuMotors,,,,3700,,,,165,,,,,,,,,,,,,,,900,,,,
NEUMOTORS,NeuM--3700,NeuMotors,,,,3700,,,,170,,,,,,,,,,,,,,,1500,,,,
NEUMOTORS,NeuM--3700,NeuMotors,,,,3700,,,,28,,,,,,,,,,,,,,,200,,,,
NEUMOTORS,NeuM--3744,NeuMotors,,,,3744,,,,133,,,,,,,,,,,,,,,1200,,,,
NEUMOTORS,NeuM--3744,NeuMotors,,,,3744,,,,194,,,,,,,,,,,,,,,1600,,,,
NEUMOTORS,NeuM--3750,NeuMotors,,,,3750,,,,39,,,,,,,,,,,,,,,300,,,,
NEUMOTORS,NeuM--3771,NeuMotors,,,,3771,,,,212,,,,,,,,,,,,,,,2000,,,,
NEUMOTORS,NeuM--3771,NeuMotors,,,,3771,,,,478,,,,,,,,,,,,,,,3500,,,,
NEUMOTORS,NeuM--3800,NeuMotors,,,,3800,,,,70,,,,,,,,,,,,,,,400,,,,
NEUMOTORS,NeuM--3850,NeuMotors,,,,3850,,,,95,,,,,,,,,,,,,,,600,,,,
NEUMOTORS,NeuM--3850,NeuMotors,,,,3850,,,,95,,,,,,,,,,,,,,,600,,,,
NEUMOTORS,NeuM--3850,NeuMotors,,,,3850,,,,165,,,,,,,,,,,,,,,1400,,,,
NEUMOTORS,NeuM--3850,NeuMotors,,,,3850,,,,165,,,,,,,,,,,,,,,1400,,,,
NEUMOTORS,NeuM--3850,NeuMotors,,,,3850,,,,39,,,,,,,,,,,,,,,200,,,,
NEUMOTORS,NeuM--3854,NeuMotors,,,,3854,,,,65,,,,,,,,,,,,,,,400,,,,
NEUMOTORS,NeuM--3900,NeuMotors,,,,3900,,,,120,,,,,,,,,,,,,,,1000,,,,
NEUMOTORS,NeuM--3900,NeuMotors,,,,3900,,,,120,,,,,,,,,,,,,,,1000,,,,
NEUMOTORS,NeuM--3900,NeuMotors,,,,3900,,,,140,,,,,,,,,,,,,,,1200,,,,
NEUMOTORS,NeuM--3900,NeuMotors,,,,3900,,,,140,,,,,,,,,,,,,,,120,,,,
NEUMOTORS,NeuM--3960,NeuMotors,,,,3960,,,,170,,,,,,,,,,,,,,,1500,,,,
NEUMOTORS,NeuM--3960,NeuMotors,,,,3960,,,,280,,,,,,,,,,,,,,,2500,,,,
NEUMOTORS,NeuM--3960,NeuMotors,,,,3960,,,,340,,,,,,,,,,,,,,,2700,,,,
NEUMOTORS,NeuM--3960,NeuMotors,,,,3960,,,,685,,,,,,,,,,,,,,,5500,,,,
NEUMOTORS,NeuM--3971,NeuMotors,,,,3971,,,,90,,,,,,,,,,,,,,,600,,,,
NEUMOTORS,NeuM--4000,NeuMotors,,,,4000,,,,70,,,,,,,,,,,,,,,400,,,,
NEUMOTORS,NeuM--4000,NeuMotors,,,,4000,,,,70,,,,,,,,,,,,,,,400,,,,
NEUMOTORS,NeuM--4000,NeuMotors,,,,4000,,,,775,,,,,,,,,,,,,,,6000,,,,
NEUMOTORS,NeuM--4000,NeuMotors,,,,4000,,,,15,,,,,,,,,,,,,,,100,,,,
NEUMOTORS,NeuM--4044,NeuMotors,,,,4044,,,,65,,,,,,,,,,,,,,,400,,,,
NEUMOTORS,NeuM--4044,NeuMotors,,,,4044,,,,90,,,,,,,,,,,,,,,600,,,,
NEUMOTORS,NeuM--4044,NeuMotors,,,,4044,,,,164,,,,,,,,,,,,,,,1400,,,,
NEUMOTORS,NeuM--4095,NeuMotors,,,,4095,,,,65,,,,,,,,,,,,,,,400,,,,
NEUMOTORS,NeuM--4095,NeuMotors,,,,4095,,,,115,,,,,,,,,,,,,,,1000,,,,
NEUMOTORS,NeuM--4095,NeuMotors,,,,4095,,,,220,,,,,,,,,,,,,,,1800,,,,
NEUMOTORS,NeuM--4100,NeuMotors,,,,4100,,,,95,,,,,,,,,,,,,,,600,,,,
NEUMOTORS,NeuM--4100,NeuMotors,,,,4100,,,,300,,,,,,,,,,,,,,,2200,,,,
NEUMOTORS,NeuM--4100,NeuMotors,,,,4100,,,,170,,,,,,,,,,,,,,,1500,,,,
NEUMOTORS,NeuM--4100,NeuMotors,,,,4100,,,,340,,,,,,,,,,,,,,,2700,,,,
NEUMOTORS,NeuM--4100,NeuMotors,,,,4100,,,,39,,,,,,,,,,,,,,,300,,,,
NEUMOTORS,NeuM--4200,NeuMotors,,,,4200,,,,120,,,,,,,,,,,,,,,1000,,,,
NEUMOTORS,NeuM--4200,NeuMotors,,,,4200,,,,28,,,,,,,,,,,,,,,200,,,,
NEUMOTORS,NeuM--4300,NeuMotors,,,,4300,,,,70,,,,,,,,,,,,,,,400,,,,
NEUMOTORS,NeuM--4300,NeuMotors,,,,4300,,,,340,,,,,,,,,,,,,,,2700,,,,
NEUMOTORS,NeuM--4350,NeuMotors,,,,4350,,,,140,,,,,,,,,,,,,,,1200,,,,
NEUMOTORS,NeuM--4368,NeuMotors,,,,4368,,,,65,,,,,,,,,,,,,,,400,,,,
NEUMOTORS,NeuM--4368,NeuMotors,,,,4368,,,,90,,,,,,,,,,,,,,,600,,,,
NEUMOTORS,NeuM--4368,NeuMotors,,,,4368,,,,133,,,,,,,,,,,,,,,1200,,,,
NEUMOTORS,NeuM--4368,NeuMotors,,,,4368,,,,164,,,,,,,,,,,,,,,1400,,,,
NEUMOTORS,NeuM--4400,NeuMotors,,,,4400,,,,95,,,,,,,,,,,,,,,600,,,,
NEUMOTORS,NeuM--4400,NeuMotors,,,,4400,,,,95,,,,,,,,,,,,,,,600,,,,
NEUMOTORS,NeuM--4400,NeuMotors,,,,4400,,,,170,,,,,,,,,,,,,,,1500,,,,
NEUMOTORS,NeuM--4400,NeuMotors,,,,4400,,,,170,,,,,,,,,,,,,,,1500,,,,
NEUMOTORS,NeuM--4400,NeuMotors,,,,4400,,,,212,,,,,,,,,,,,,,,2000,,,,
NEUMOTORS,NeuM--4400,NeuMotors,,,,4400,,,,340,,,,,,,,,,,,,,,2700,,,,
NEUMOTORS,NeuM--4400,NeuMotors,,,,4400,,,,410,,,,,,,,,,,,,,,3000,,,,
NEUMOTORS,NeuM--4400,NeuMotors,,,,4400,,,,616,,,,,,,,,,,,,,,5000,,,,
NEUMOTORS,NeuM--4400,NeuMotors,,,,4400,,,,685,,,,,,,,,,,,,,,5500,,,,
NEUMOTORS,NeuM--4500,NeuMotors,,,,4500,,,,196,,,,,,,,,,,,,,,1400,,,,
NEUMOTORS,NeuM--4500,NeuMotors,,,,4500,,,,212,,,,,,,,,,,,,,,2000,,,,
NEUMOTORS,NeuM--4550,NeuMotors,,,,4550,,,,65,,,,,,,,,,,,,,,400,,,,
NEUMOTORS,NeuM--4550,NeuMotors,,,,4550,,,,115,,,,,,,,,,,,,,,1000,,,,
NEUMOTORS,NeuM--4550,NeuMotors,,,,4550,,,,120,,,,,,,,,,,,,,,1000,,,,
NEUMOTORS,NeuM--4550,NeuMotors,,,,4550,,,,220,,,,,,,,,,,,,,,1800,,,,
NEUMOTORS,NeuM--4650,NeuMotors,,,,4650,,,,120,,,,,,,,,,,,,,,1000,,,,
NEUMOTORS,NeuM--4650,NeuMotors,,,,4650,,,,120,,,,,,,,,,,,,,,1000,,,,
NEUMOTORS,NeuM--4680,NeuMotors,,,,4680,,,,65,,,,,,,,,,,,,,,400,,,,
NEUMOTORS,NeuM--4680,NeuMotors,,,,4680,,,,115,,,,,,,,,,,,,,,1000,,,,
NEUMOTORS,NeuM--4680,NeuMotors,,,,4680,,,,194,,,,,,,,,,,,,,,1600,,,,
NEUMOTORS,NeuM--4800,NeuMotors,,,,4800,,,,140,,,,,,,,,,,,,,,1200,,,,
NEUMOTORS,NeuM--4800,NeuMotors,,,,4800,,,,140,,,,,,,,,,,,,,,1200,,,,
NEUMOTORS,NeuM--4800,NeuMotors,,,,4800,,,,39,,,,,,,,,,,,,,,300,,,,
NEUMOTORS,NeuM--4853,NeuMotors,,,,4853,,,,90,,,,,,,,,,,,,,,600,,,,
NEUMOTORS,NeuM--4853,NeuMotors,,,,4853,,,,90,,,,,,,,,,,,,,,600,,,,
NEUMOTORS,NeuM--4853,NeuMotors,,,,4853,,,,133,,,,,,,,,,,,,,,1200,,,,
NEUMOTORS,NeuM--4875,NeuMotors,,,,4875,,,,270,,,,,,,,,,,,,,,1900,,,,
NEUMOTORS,NeuM--4875,NeuMotors,,,,4875,,,,280,,,,,,,,,,,,,,,2500,,,,
NEUMOTORS,NeuM--4889,NeuMotors,,,,4889,,,,212,,,,,,,,,,,,,,,2000,,,,
NEUMOTORS,NeuM--4889,NeuMotors,,,,4889,,,,616,,,,,,,,,,,,,,,5000,,,,
NEUMOTORS,NeuM--4900,NeuMotors,,,,4900,,,,48,,,,,,,,,,,,,,,450,,,,
NEUMOTORS,NeuM--4900,NeuMotors,,,,4900,,,,105,,,,,,,,,,,,,,,500,,,,
NEUMOTORS,NeuM--4900,NeuMotors,,,,4900,,,,28,,,,,,,,,,,,,,,200,,,,
NEUMOTORS,NeuM--4950,NeuMotors,,,,4950,,,,170,,,,,,,,,,,,,,,1500,,,,
NEUMOTORS,NeuM--4950,NeuMotors,,,,4950,,,,280,,,,,,,,,,,,,,,2500,,,,
NEUMOTORS,NeuM--4950,NeuMotors,,,,4950,,,,549,,,,,,,,,,,,,,,4000,,,,
NEUMOTORS,NeuM--5000,NeuMotors,,,,5000,,,,70,,,,,,,,,,,,,,,400,,,,
NEUMOTORS,NeuM--5000,NeuMotors,,,,5000,,,,120,,,,,,,,,,,,,,,1000,,,,
NEUMOTORS,NeuM--5000,NeuMotors,,,,5000,,,,120,,,,,,,,,,,,,,,1000,,,,
NEUMOTORS,NeuM--5040,NeuMotors,,,,5040,,,,65,,,,,,,,,,,,,,,400,,,,
NEUMOTORS,NeuM--5200,NeuMotors,,,,5200,,,,40,,,,,,,,,,,,,,,500,,,,
NEUMOTORS,NeuM--5200,NeuMotors,,,,5200,,,,65,,,,,,,,,,,,,,,400,,,,
NEUMOTORS,NeuM--5200,NeuMotors,,,,5200,,,,165,,,,,,,,,,,,,,,1400,,,,
NEUMOTORS,NeuM--5200,NeuMotors,,,,5200,,,,194,,,,,,,,,,,,,,,1600,,,,
NEUMOTORS,NeuM--5200,NeuMotors,,,,5200,,,,170,,,,,,,,,,,,,,,1500,,,,
NEUMOTORS,NeuM--5242,NeuMotors,,,,5242,,,,133,,,,,,,,,,,,,,,1200,,,,
NEUMOTORS,NeuM--5250,NeuMotors,,,,5250,,,,70,,,,,,,,,,,,,,,400,,,,
NEUMOTORS,NeuM--5250,NeuMotors,,,,5250,,,,70,,,,,,,,,,,,,,,400,,,,
NEUMOTORS,NeuM--5280,NeuMotors,,,,5280,,,,212,,,,,,,,,,,,,,,2000,,,,
NEUMOTORS,NeuM--5280,NeuMotors,,,,5280,,,,340,,,,,,,,,,,,,,,2700,,,,
NEUMOTORS,NeuM--5300,NeuMotors,,,,5300,,,,15,,,,,,,,,,,,,,,100,,,,
NEUMOTORS,NeuM--5460,NeuMotors,,,,5460,,,,40,,,,,,,,,,,,,,,350,,,,
NEUMOTORS,NeuM--5460,NeuMotors,,,,5460,,,,65,,,,,,,,,,,,,,,400,,,,
NEUMOTORS,NeuM--5460,NeuMotors,,,,5460,,,,90,,,,,,,,,,,,,,,600,,,,
NEUMOTORS,NeuM--5460,NeuMotors,,,,5460,,,,115,,,,,,,,,,,,,,,1000,,,,
NEUMOTORS,NeuM--5460,NeuMotors,,,,5460,,,,164,,,,,,,,,,,,,,,1400,,,,
NEUMOTORS,NeuM--5460,NeuMotors,,,,5460,,,,220,,,,,,,,,,,,,,,1800,,,,
NEUMOTORS,NeuM--5500,NeuMotors,,,,5500,,,,165,,,,,,,,,,,,,,,900,,,,
NEUMOTORS,NeuM--5500,NeuMotors,,,,5500,,,,170,,,,,,,,,,,,,,,1500,,,,
NEUMOTORS,NeuM--5500,NeuMotors,,,,5500,,,,170,,,,,,,,,,,,,,,1500,,,,
NEUMOTORS,NeuM--5500,NeuMotors,,,,5500,,,,280,,,,,,,,,,,,,,,2500,,,,
NEUMOTORS,NeuM--5500,NeuMotors,,,,5500,,,,549,,,,,,,,,,,,,,,4000,,,,
NEUMOTORS,NeuM--5600,NeuMotors,,,,5600,,,,120,,,,,,,,,,,,,,,1000,,,,
NEUMOTORS,NeuM--5657,NeuMotors,,,,5657,,,,170,,,,,,,,,,,,,,,1500,,,,
NEUMOTORS,NeuM--5657,NeuMotors,,,,5657,,,,478,,,,,,,,,,,,,,,3500,,,,
NEUMOTORS,NeuM--5697,NeuMotors,,,,5697,,,,40,,,,,,,,,,,,,,,350,,,,
NEUMOTORS,NeuM--5800,NeuMotors,,,,5800,,,,165,,,,,,,,,,,,,,,1400,,,,
NEUMOTORS,NeuM--5800,NeuMotors,,,,5800,,,,165,,,,,,,,,,,,,,,1400,,,,
NEUMOTORS,NeuM--5956,NeuMotors,,,,5956,,,,40,,,,,,,,,,,,,,,350,,,,
NEUMOTORS,NeuM--5956,NeuMotors,,,,5956,,,,65,,,,,,,,,,,,,,,400,,,,
NEUMOTORS,NeuM--6000,NeuMotors,,,,6000,,,,48,,,,,,,,,,,,,,,450,,,,
NEUMOTORS,NeuM--6000,NeuMotors,,,,6000,,,,105,,,,,,,,,,,,,,,500,,,,
NEUMOTORS,NeuM--6067,NeuMotors,,,,6067,,,,40,,,,,,,,,,,,,,,350,,,,
NEUMOTORS,NeuM--6067,NeuMotors,,,,6067,,,,40,,,,,,,,,,,,,,,500,,,,
NEUMOTORS,NeuM--6067,NeuMotors,,,,6067,,,,65,,,,,,,,,,,,,,,400,,,,
NEUMOTORS,NeuM--6067,NeuMotors,,,,6067,,,,90,,,,,,,,,,,,,,,600,,,,
NEUMOTORS,NeuM--6067,NeuMotors,,,,6067,,,,115,,,,,,,,,,,,,,,1000,,,,
NEUMOTORS,NeuM--6067,NeuMotors,,,,6067,,,,164,,,,,,,,,,,,,,,1400,,,,
NEUMOTORS,NeuM--6092,NeuMotors,,,,6092,,,,895,,,,,,,,,,,,,,,7000,,,,
NEUMOTORS,NeuM--6150,NeuMotors,,,,6150,,,,95,,,,,,,,,,,,,,,600,,,,
NEUMOTORS,NeuM--6200,NeuMotors,,,,6200,,,,120,,,,,,,,,,,,,,,1000,,,,
NEUMOTORS,NeuM--6200,NeuMotors,,,,6200,,,,120,,,,,,,,,,,,,,,1000,,,,
NEUMOTORS,NeuM--6200,NeuMotors,,,,6200,,,,165,,,,,,,,,,,,,,,1400,,,,
NEUMOTORS,NeuM--6240,NeuMotors,,,,6240,,,,40,,,,,,,,,,,,,,,350,,,,
NEUMOTORS,NeuM--6240,NeuMotors,,,,6240,,,,90,,,,,,,,,,,,,,,600,,,,
NEUMOTORS,NeuM--6240,NeuMotors,,,,6240,,,,194,,,,,,,,,,,,,,,1600,,,,
NEUMOTORS,NeuM--6286,NeuMotors,,,,6286,,,,478,,,,,,,,,,,,,,,3500,,,,
NEUMOTORS,NeuM--6300,NeuMotors,,,,6300,,,,95,,,,,,,,,,,,,,,600,,,,
NEUMOTORS,NeuM--6500,NeuMotors,,,,6500,,,,140,,,,,,,,,,,,,,,1200,,,,
NEUMOTORS,NeuM--6552,NeuMotors,,,,6552,,,,40,,,,,,,,,,,,,,,350,,,,
NEUMOTORS,NeuM--6552,NeuMotors,,,,6552,,,,65,,,,,,,,,,,,,,,400,,,,
NEUMOTORS,NeuM--6552,NeuMotors,,,,6552,,,,115,,,,,,,,,,,,,,,1000,,,,
NEUMOTORS,NeuM--6552,NeuMotors,,,,6552,,,,133,,,,,,,,,,,,,,,1200,,,,
NEUMOTORS,NeuM--6600,NeuMotors,,,,6600,,,,170,,,,,,,,,,,,,,,1500,,,,
NEUMOTORS,NeuM--6600,NeuMotors,,,,6600,,,,212,,,,,,,,,,,,,,,2000,,,,
NEUMOTORS,NeuM--6600,NeuMotors,,,,6600,,,,280,,,,,,,,,,,,,,,2500,,,,
NEUMOTORS,NeuM--6600,NeuMotors,,,,6600,,,,410,,,,,,,,,,,,,,,3000,,,,
NEUMOTORS,NeuM--6600,NeuMotors,,,,6600,,,,825,,,,,,,,,,,,,,,6500,,,,
NEUMOTORS,NeuM--6618,NeuMotors,,,,6618,,,,40,,,,,,,,,,,,,,,350,,,,
NEUMOTORS,NeuM--6660,NeuMotors,,,,6660,,,,70,,,,,,,,,,,,,,,400,,,,
NEUMOTORS,NeuM--6700,NeuMotors,,,,6700,,,,196,,,,,,,,,,,,,,,1400,,,,
NEUMOTORS,NeuM--6700,NeuMotors,,,,6700,,,,212,,,,,,,,,,,,,,,2000,,,,
NEUMOTORS,NeuM--6800,NeuMotors,,,,6800,,,,95,,,,,,,,,,,,,,,600,,,,
NEUMOTORS,NeuM--6800,NeuMotors,,,,6800,,,,95,,,,,,,,,,,,,,,600,,,,
NEUMOTORS,NeuM--6800,NeuMotors,,,,6800,,,,165,,,,,,,,,,,,,,,900,,,,
NEUMOTORS,NeuM--6800,NeuMotors,,,,6800,,,,170,,,,,,,,,,,,,,,1500,,,,
NEUMOTORS,NeuM--6897,NeuMotors,,,,6897,,,,40,,,,,,,,,,,,,,,350,,,,
NEUMOTORS,NeuM--7000,NeuMotors,,,,7000,,,,70,,,,,,,,,,,,,,,400,,,,
NEUMOTORS,NeuM--7000,NeuMotors,,,,7000,,,,70,,,,,,,,,,,,,,,400,,,,
NEUMOTORS,NeuM--7200,NeuMotors,,,,7200,,,,140,,,,,,,,,,,,,,,1200,,,,
NEUMOTORS,NeuM--7200,NeuMotors,,,,7200,,,,140,,,,,,,,,,,,,,,1200,,,,
NEUMOTORS,NeuM--7200,NeuMotors,,,,7200,,,,775,,,,,,,,,,,,,,,6000,,,,
NEUMOTORS,NeuM--7200,NeuMotors,,,,7200,,,,39,,,,,,,,,,,,,,,300,,,,
NEUMOTORS,NeuM--7280,NeuMotors,,,,7280,,,,40,,,,,,,,,,,,,,,350,,,,
NEUMOTORS,NeuM--7280,NeuMotors,,,,7280,,,,40,,,,,,,,,,,,,,,350,,,,
NEUMOTORS,NeuM--7280,NeuMotors,,,,7280,,,,65,,,,,,,,,,,,,,,400,,,,
NEUMOTORS,NeuM--7280,NeuMotors,,,,7280,,,,65,,,,,,,,,,,,,,,400,,,,
NEUMOTORS,NeuM--7280,NeuMotors,,,,7280,,,,90,,,,,,,,,,,,,,,600,,,,
NEUMOTORS,NeuM--7280,NeuMotors,,,,7280,,,,133,,,,,,,,,,,,,,,1200,,,,
NEUMOTORS,NeuM--7280,NeuMotors,,,,7280,,,,164,,,,,,,,,,,,,,,1400,,,,
NEUMOTORS,NeuM--7300,NeuMotors,,,,7300,,,,15,,,,,,,,,,,,,,,100,,,,
NEUMOTORS,NeuM--7333,NeuMotors,,,,7333,,,,170,,,,,,,,,,,,,,,1500,,,,
NEUMOTORS,NeuM--7333,NeuMotors,,,,7333,,,,212,,,,,,,,,,,,,,,2000,,,,
NEUMOTORS,NeuM--7333,NeuMotors,,,,7333,,,,410,,,,,,,,,,,,,,,3000,,,,
NEUMOTORS,NeuM--7400,NeuMotors,,,,7400,,,,28,,,,,,,,,,,,,,,200,,,,
NEUMOTORS,NeuM--7700,NeuMotors,,,,7700,,,,70,,,,,,,,,,,,,,,400,,,,
NEUMOTORS,NeuM--7708,NeuMotors,,,,7708,,,,40,,,,,,,,,,,,,,,350,,,,
NEUMOTORS,NeuM--7800,NeuMotors,,,,7800,,,,140,,,,,,,,,,,,,,,1200,,,,
NEUMOTORS,NeuM--7920,NeuMotors,,,,7920,,,,170,,,,,,,,,,,,,,,1500,,,,
NEUMOTORS,NeuM--7920,NeuMotors,,,,7920,,,,340,,,,,,,,,,,,,,,2700,,,,
NEUMOTORS,NeuM--7920,NeuMotors,,,,7920,,,,685,,,,,,,,,,,,,,,5500,,,,
NEUMOTORS,NeuM--8089,NeuMotors,,,,8089,,,,40,,,,,,,,,,,,,,,350,,,,
NEUMOTORS,NeuM--8089,NeuMotors,,,,8089,,,,90,,,,,,,,,,,,,,,600,,,,
NEUMOTORS,NeuM--8190,NeuMotors,,,,8190,,,,40,,,,,,,,,,,,,,,350,,,,
NEUMOTORS,NeuM--8190,NeuMotors,,,,8190,,,,65,,,,,,,,,,,,,,,400,,,,
NEUMOTORS,NeuM--8190,NeuMotors,,,,8190,,,,115,,,,,,,,,,,,,,,1000,,,,
NEUMOTORS,NeuM--8190,NeuMotors,,,,8190,,,,220,,,,,,,,,,,,,,,1800,,,,
NEUMOTORS,NeuM--8300,NeuMotors,,,,8300,,,,15,,,,,,,,,,,,,,,100,,,,
NEUMOTORS,NeuM--8400,NeuMotors,,,,8400,,,,120,,,,,,,,,,,,,,,1000,,,,
NEUMOTORS,NeuM--8736,NeuMotors,,,,8736,,,,40,,,,,,,,,,,,,,,350,,,,
NEUMOTORS,NeuM--8736,NeuMotors,,,,8736,,,,90,,,,,,,,,,,,,,,600,,,,
NEUMOTORS,NeuM--8736,NeuMotors,,,,8736,,,,133,,,,,,,,,,,,,,,1200,,,,
NEUMOTORS,NeuM--8800,NeuMotors,,,,8800,,,,212,,,,,,,,,,,,,,,2000,,,,
NEUMOTORS,NeuM--8800,NeuMotors,,,,8800,,,,340,,,,,,,,,,,,,,,2700,,,,
NEUMOTORS,NeuM--8800,NeuMotors,,,,8800,,,,616,,,,,,,,,,,,,,,5000,,,,
NEUMOTORS,NeuM--9100,NeuMotors,,,,9100,,,,40,,,,,,,,,,,,,,,350,,,,
NEUMOTORS,NeuM--9100,NeuMotors,,,,9100,,,,65,,,,,,,,,,,,,,,400,,,,
NEUMOTORS,NeuM--9100,NeuMotors,,,,9100,,,,115,,,,,,,,,,,,,,,1000,,,,
NEUMOTORS,NeuM--9100,NeuMotors,,,,9100,,,,220,,,,,,,,,,,,,,,1800,,,,
NEUMOTORS,NeuM--9200,NeuMotors,,,,9200,,,,120,,,,,,,,,,,,,,,1000,,,,
NEUMOTORS,NeuM--9200,NeuMotors,,,,9200,,,,120,,,,,,,,,,,,,,,1000,,,,
NEUMOTORS,NeuM--9360,NeuMotors,,,,9360,,,,40,,,,,,,,,,,,,,,350,,,,
NEUMOTORS,NeuM--9360,NeuMotors,,,,9360,,,,65,,,,,,,,,,,,,,,400,,,,
NEUMOTORS,NeuM--9360,NeuMotors,,,,9360,,,,194,,,,,,,,,,,,,,,1600,,,,
NEUMOTORS,NeuM--9600,NeuMotors,,,,9600,,,,39,,,,,,,,,,,,,,,300,,,,
NEUMOTORS,NeuM--9700,NeuMotors,,,,9700,,,,70,,,,,,,,,,,,,,,400,,,,
NEUMOTORS,NeuM--9800,NeuMotors,,,,9800,,,,28,,,,,,,,,,,,,,,200,,,,
NEUMOTORS,NeuM--9900,NeuMotors,,,,9900,,,,165,,,,,,,,,,,,,,,900,,,,
NEUMOTORS,NeuM--9900,NeuMotors,,,,9900,,,,170,,,,,,,,,,,,,,,1500,,,,
NEUMOTORS,NeuM--9900,NeuMotors,,,,9900,,,,170,,,,,,,,,,,,,,,1500,,,,
NEUMOTORS,NeuM--9900,NeuMotors,,,,9900,,,,280,,,,,,,,,,,,,,,2500,,,,
NEUMOTORS,NeuM--9900,NeuMotors,,,,9900,,,,549,,,,,,,,,,,,,,,4000,,,,
NEUMOTORS,NeuM--10000,NeuMotors,,,,10000,,,,70,,,,,,,,,,,,,,,400,,,,
NEUMOTORS,NeuM--10080,NeuMotors,,,,10080,,,,40,,,,,,,,,,,,,,,350,,,,
NEUMOTORS,NeuM--10400,NeuMotors,,,,10400,,,,40,,,,,,,,,,,,,,,350,,,,
NEUMOTORS,NeuM--10400,NeuMotors,,,,10400,,,,194,,,,,,,,,,,,,,,1600,,,,
NEUMOTORS,NeuM--10500,NeuMotors,,,,10500,,,,70,,,,,,,,,,,,,,,400,,,,
NEUMOTORS,NeuM--10920,NeuMotors,,,,10920,,,,40,,,,,,,,,,,,,,,350,,,,
NEUMOTORS,NeuM--10920,NeuMotors,,,,10920,,,,65,,,,,,,,,,,,,,,400,,,,
NEUMOTORS,NeuM--10920,NeuMotors,,,,10920,,,,90,,,,,,,,,,,,,,,600,,,,
NEUMOTORS,NeuM--10920,NeuMotors,,,,10920,,,,115,,,,,,,,,,,,,,,1000,,,,
NEUMOTORS,NeuM--10920,NeuMotors,,,,10920,,,,164,,,,,,,,,,,,,,,1400,,,,
NEUMOTORS,NeuM--11000,NeuMotors,,,,11000,,,,170,,,,,,,,,,,,,,,1500,,,,
NEUMOTORS,NeuM--11000,NeuMotors,,,,11000,,,,280,,,,,,,,,,,,,,,2500,,,,
NEUMOTORS,NeuM--11000,NeuMotors,,,,11000,,,,15,,,,,,,,,,,,,,,100,,,,
NEUMOTORS,NeuM--11314,NeuMotors,,,,11314,,,,478,,,,,,,,,,,,,,,3500,,,,
NEUMOTORS,NeuM--11913,NeuMotors,,,,11913,,,,40,,,,,,,,,,,,,,,350,,,,
NEUMOTORS,NeuM--12133,NeuMotors,,,,12133,,,,40,,,,,,,,,,,,,,,350,,,,
NEUMOTORS,NeuM--12133,NeuMotors,,,,12133,,,,65,,,,,,,,,,,,,,,400,,,,
NEUMOTORS,NeuM--12133,NeuMotors,,,,12133,,,,90,,,,,,,,,,,,,,,600,,,,
NEUMOTORS,NeuM--12133,NeuMotors,,,,12133,,,,164,,,,,,,,,,,,,,,1400,,,,
NEUMOTORS,NeuM--13104,NeuMotors,,,,13104,,,,40,,,,,,,,,,,,,,,350,,,,
NEUMOTORS,NeuM--13104,NeuMotors,,,,13104,,,,65,,,,,,,,,,,,,,,400,,,,
NEUMOTORS,NeuM--13104,NeuMotors,,,,13104,,,,133,,,,,,,,,,,,,,,1200,,,,
NEUMOTORS,NeuM--13200,NeuMotors,,,,13200,,,,170,,,,,,,,,,,,,,,1500,,,,
NEUMOTORS,NeuM--13200,NeuMotors,,,,13200,,,,212,,,,,,,,,,,,,,,2000,,,,
NEUMOTORS,NeuM--13200,NeuMotors,,,,13200,,,,410,,,,,,,,,,,,,,,3000,,,,
NEUMOTORS,NeuM--14560,NeuMotors,,,,14560,,,,40,,,,,,,,,,,,,,,350,,,,
NEUMOTORS,NeuM--14560,NeuMotors,,,,14560,,,,40,,,,,,,,,,,,,,,350,,,,
NEUMOTORS,NeuM--14560,NeuMotors,,,,14560,,,,90,,,,,,,,,,,,,,,600,,,,
NEUMOTORS,NeuM--14560,NeuMotors,,,,14560,,,,133,,,,,,,,,,,,,,,1200,,,,
NEUMOTORS,NeuM--14667,NeuMotors,,,,14667,,,,212,,,,,,,,,,,,,,,2000,,,,
NEUMOTORS,NeuM--15840,NeuMotors,,,,15840,,,,340,,,,,,,,,,,,,,,2700,,,,
NEUMOTORS,NeuM--16380,NeuMotors,,,,16380,,,,40,,,,,,,,,,,,,,,350,,,,
NEUMOTORS,NeuM--16380,NeuMotors,,,,16380,,,,65,,,,,,,,,,,,,,,400,,,,
NEUMOTORS,NeuM--16380,NeuMotors,,,,16380,,,,115,,,,,,,,,,,,,,,1000,,,,
NEUMOTORS,NeuM--16380,NeuMotors,,,,16380,,,,220,,,,,,,,,,,,,,,1800,,,,
NEUMOTORS,NeuM--18200,NeuMotors,,,,18200,,,,40,,,,,,,,,,,,,,,350,,,,
NEUMOTORS,NeuM--18200,NeuMotors,,,,18200,,,,65,,,,,,,,,,,,,,,400,,,,
NEUMOTORS,NeuM--18200,NeuMotors,,,,18200,,,,115,,,,,,,,,,,,,,,1000,,,,
NEUMOTORS,NeuM--18720,NeuMotors,,,,18720,,,,40,,,,,,,,,,,,,,,350,,,,
NEUMOTORS,NeuM--18720,NeuMotors,,,,18720,,,,194,,,,,,,,,,,,,,,1600,,,,
NEUMOTORS,NeuM--19800,NeuMotors,,,,19800,,,,170,,,,,,,,,,,,,,,1500,,,,
NEUMOTORS,NeuM--19800,NeuMotors,,,,19800,,,,280,,,,,,,,,,,,,,,2500,,,,
NEUMOTORS,NeuM--21840,NeuMotors,,,,21840,,,,40,,,,,,,,,,,,,,,350,,,,
NEUMOTORS,NeuM--21840,NeuMotors,,,,21840,,,,65,,,,,,,,,,,,,,,400,,,,
NEUMOTORS,NeuM--21840,NeuMotors,,,,21840,,,,90,,,,,,,,,,,,,,,600,,,,
NEUMOTORS,NeuM--21840,NeuMotors,,,,21840,,,,164,,,,,,,,,,,,,,,1400,,,,
NEUMOTORS,NeuM--22000,NeuMotors,,,,22000,,,,170,,,,,,,,,,,,,,,1500,,,,
NEUMOTORS,NeuM--24267,NeuMotors,,,,24267,,,,40,,,,,,,,,,,,,,,350,,,,
NEUMOTORS,NeuM--24267,NeuMotors,,,,24267,,,,90,,,,,,,,,,,,,,,600,,,,
NEUMOTORS,NeuM--26208,NeuMotors,,,,26208,,,,40,,,,,,,,,,,,,,,350,,,,
NEUMOTORS,NeuM--26208,NeuMotors,,,,26208,,,,133,,,,,,,,,,,,,,,1200,,,,
NEUMOTORS,NeuM--26400,NeuMotors,,,,26400,,,,212,,,,,,,,,,,,,,,2000,,,,
NEUMOTORS,NeuM--32760,NeuMotors,,,,32760,,,,40,,,,,,,,,,,,,,,350,,,,
NEUMOTORS,NeuM--32760,NeuMotors,,,,32760,,,,65,,,,,,,,,,,,,,,400,,,,
NEUMOTORS,NeuM--32760,NeuMotors,,,,32760,,,,115,,,,,,,,,,,,,,,1000,,,,
NEUMOTORS,NeuM--36400,NeuMotors,,,,36400,,,,40,,,,,,,,,,,,,,,350,,,,
NEUMOTORS,NeuM--36400,NeuMotors,,,,36400,,,,65,,,,,,,,,,,,,,,400,,,,
NEUMOTORS,NeuM--39600,NeuMotors,,,,39600,,,,170,,,,,,,,,,,,,,,1500,,,,
NEUMOTORS,NeuM--43680,NeuMotors,,,,43680,,,,40,,,,,,,,,,,,,,,350,,,,
NEUMOTORS,NeuM--43680,NeuMotors,,,,43680,,,,90,,,,,,,,,,,,,,,600,,,,
NEUMOTORS,NeuM--65520,NeuMotors,,,,65520,,,,40,,,,,,,,,,,,,,,350,,,,
NEUMOTORS,NeuM--65520,NeuMotors,,,,65520,,,,65,,,,,,,,,,,,,,,400,,,,
NEUMOTORS,NeuM--72800,NeuMotors,,,,72800,,,,40,,,,,,,,,,,,,,,350,,,,
O.S.MOTOR,O.S.--375,O.S.Motor,,,,375,,,,406,,,,,,,,,,,,,,,1550,,,,
O.S.MOTOR,O.S.--490,O.S.Motor,,,,490,,,,350,,,,,,,,,,,,,,,1110,,,,
O.S.MOTOR,O.S.--490,O.S.Motor,,,,490,,,,600,,,,,,,,,,,,,,,2250,,,,
O.S.MOTOR,O.S.--520,O.S.Motor,,,,520,,,,525,,,,,,,,,,,,,,,2250,,,,
O.S.MOTOR,O.S.--560,O.S.Motor,,,,560,,,,372,,,,,,,,,,,,,,,1875,,,,
O.S.MOTOR,O.S.--750,O.S.Motor,,,,750,,,,190,,,,,,,,,,,,,,,590,,,,
O.S.MOTOR,O.S.--810,O.S.Motor,,,,810,,,,234,,,,,,,,,,,,,,,700,,,,
O.S.MOTOR,O.S.--900,O.S.Motor,,,,900,,,,80,,,,,,,,,,,,,,,450,,,,
O.S.MOTOR,O.S.--960,O.S.Motor,,,,960,,,,155,,,,,,,,,,,,,,,450,,,,
O.S.MOTOR,O.S.--1000,O.S.Motor,,,,1000,,,,130,,,,,,,,,,,,,,,388,,,,
O.S.MOTOR,O.S.--1050,O.S.Motor,,,,1050,,,,102,,,,,,,,,,,,,,,333,,,,
O.S.MOTOR,O.S.--1100,O.S.Motor,,,,1100,,,,66,,,,,,,,,,,,,,,375,,,,
O.S.MOTOR,O.S.--1200,O.S.Motor,,,,1200,,,,76,,,,,,,,,,,,,,,250,,,,
O.S.MOTOR,O.S.--1200,O.S.Motor,,,,1200,,,,155,,,,,,,,,,,,,,,440,,,,
O.S.MOTOR,O.S.--1250,O.S.Motor,,,,1250,,,,51,,,,,,,,,,,,,,,300,,,,
O.S.MOTOR,O.S.--1260,O.S.Motor,,,,1260,,,,344,,,,,,,,,,,,,,,2250,,,,
PEGGY PEPPER,Pegg--900,Peggy Pepper,,,,900,,,,320,,,,,,,,,,,,,,,1400,,,,
PEGGY PEPPER,Pegg--900,Peggy Pepper,,,,900,,,,320,,,,,,,,,,,,,,,1400,,,,
PEGGY PEPPER,Pegg--900,Peggy Pepper,,,,900,,,,320,,,,,,,,,,,,,,,1400,,,,
PEGGY PEPPER,Pegg--1400,Peggy Pepper,,,,1400,,,,438,,,,,,,,,,,,,,,2000,,,,
PEGGY PEPPER,Pegg--1400,Peggy Pepper,,,,1400,,,,438,,,,,,,,,,,,,,,2000,,,,
PEGGY PEPPER,Pegg--1400,Peggy Pepper,,,,1400,,,,320,,,,,,,,,,,,,,,1550,,,,
PEGGY PEPPER,Pegg--1400,Peggy Pepper,,,,1400,,,,320,,,,,,,,,,,,,,,1550,,,,
PEGGY PEPPER,Pegg--1400,Peggy Pepper,,,,1400,,,,320,,,,,,,,,,,,,,,1550,,,,
PEGGY PEPPER,Pegg--1600,Peggy Pepper,,,,1600,,,,438,,,,,,,,,,,,,,,2000,,,,
PEGGY PEPPER,Pegg--1600,Peggy Pepper,,,,1600,,,,438,,,,,,,,,,,,,,,2000,,,,
PEGGY PEPPER,Pegg--1600,Peggy Pepper,,,,1600,,,,320,,,,,,,,,,,,,,,1750,,,,
PEGGY PEPPER,Pegg--1600,Peggy Pepper,,,,1600,,,,320,,,,,,,,,,,,,,,1750,,,,
PEGGY PEPPER,Pegg--1600,Peggy Pepper,,,,1600,,,,320,,,,,,,,,,,,,,,1750,,,,
PEGGY PEPPER,Pegg--1750,Peggy Pepper,,,,1750,,,,320,,,,,,,,,,,,,,,1800,,,,
PEGGY PEPPER,Pegg--1750,Peggy Pepper,,,,1750,,,,320,,,,,,,,,,,,,,,1800,,,,
PEGGY PEPPER,Pegg--1750,Peggy Pepper,,,,1750,,,,320,,,,,,,,,,,,,,,1800,,,,
PEGGY PEPPER,Pegg--1950,Peggy Pepper,,,,1950,,,,113,,,,,,,,,,,,,,,800,,,,
PEGGY PEPPER,Pegg--2010,Peggy Pepper,,,,2010,,,,104,,,,,,,,,,,,,,,500,,,,
PEGGY PEPPER,Pegg--2410,Peggy Pepper,,,,2410,,,,113,,,,,,,,,,,,,,,800,,,,
PEGGY PEPPER,Pegg--2580,Peggy Pepper,,,,2580,,,,104,,,,,,,,,,,,,,,580,,,,
PEGGY PEPPER,Pegg--2800,Peggy Pepper,,,,2800,,,,104,,,,,,,,,,,,,,,550,,,,
PEGGY PEPPER,Pegg--2800,Peggy Pepper,,,,2800,,,,113,,,,,,,,,,,,,,,800,,,,
PEGGY PEPPER,Pegg--2950,Peggy Pepper,,,,2950,,,,113,,,,,,,,,,,,,,,800,,,,
PEGGY PEPPER,Pegg--3000,Peggy Pepper,,,,3000,,,,104,,,,,,,,,,,,,,,440,,,,
PEGGY PEPPER,Pegg--3350,Peggy Pepper,,,,3350,,,,113,,,,,,,,,,,,,,,800,,,,
PEGGY PEPPER,Pegg--3600,Peggy Pepper,,,,3600,,,,104,,,,,,,,,,,,,,,475,,,,
PEGGY PEPPER,Pegg--3700,Peggy Pepper,,,,3700,,,,113,,,,,,,,,,,,,,,800,,,,
PEGGY PEPPER,Pegg--3900,Peggy Pepper,,,,3900,,,,104,,,,,,,,,,,,,,,500,,,,
PEGGY PEPPER,Pegg--4400,Peggy Pepper,,,,4400,,,,104,,,,,,,,,,,,,,,525,,,,
PEGGY PEPPER,Pegg--5000,Peggy Pepper,,,,5000,,,,104,,,,,,,,,,,,,,,1200,,,,
PEGGY PEPPER,Pegg--6000,Peggy Pepper,,,,6000,,,,104,,,,,,,,,,,,,,,1500,,,,
PICHLER,Pich--195,Pichler,,,,195,,,,1035,,,,,,,,,,,,,,,1800,,,,
PICHLER,Pich--200,Pichler,,,,200,,,,755,,,,,,,,,,,,,,,1425,,,,
PICHLER,Pich--220,Pichler,,,,220,,,,660,,,,,,,,,,,,,,,1275,,,,
PICHLER,Pich--250,Pichler,,,,250,,,,565,,,,,,,,,,,,,,,1125,,,,
PICHLER,Pich--280,Pichler,,,,280,,,,455,,,,,,,,,,,,,,,975,,,,
PICHLER,Pich--320,Pichler,,,,320,,,,395,,,,,,,,,,,,,,,900,,,,
PICHLER,Pich--490,Pichler,,,,490,,,,345,,,,,,,,,,,,,,,825,,,,
PICHLER,Pich--610,Pichler,,,,610,,,,295,,,,,,,,,,,,,,,825,,,,
PICHLER,Pich--700,Pichler,,,,700,,,,185,,,,,,,,,,,,,,,675,,,,
PICHLER,Pich--900,Pichler,,,,900,,,,180,,,,,,,,,,,,,,,650,,,,
PICHLER,Pich--920,Pichler,,,,920,,,,113,,,,,,,,,,,,,,,375,,,,
PICHLER,Pich--950,Pichler,,,,950,,,,190,,,,,,,,,,,,,,,675,,,,
PICHLER,Pich--1000,Pichler,,,,1000,,,,59,,,,,,,,,,,,,,,180,,,,
PICHLER,Pich--1050,Pichler,,,,1050,,,,76,,,,,,,,,,,,,,,330,,,,
PICHLER,Pich--1050,Pichler,,,,1050,,,,173,,,,,,,,,,,,,,,600,,,,
PICHLER,Pich--1130,Pichler,,,,1130,,,,163,,,,,,,,,,,,,,,600,,,,
PICHLER,Pich--1190,Pichler,,,,1190,,,,83,,,,,,,,,,,,,,,375,,,,
PICHLER,Pich--1400,Pichler,,,,1400,,,,49,,,,,,,,,,,,,,,150,,,,
PICHLER,Pich--1400,Pichler,,,,1400,,,,24,,,,,,,,,,,,,,,135,,,,
PICHLER,Pich--1400,Pichler,,,,1400,,,,24,,,,,,,,,,,,,,,270,,,,
PICHLER,Pich--1650,Pichler,,,,1650,,,,21,,,,,,,,,,,,,,,45,,,,
PICHLER,Pich--1800,Pichler,,,,1800,,,,24,,,,,,,,,,,,,,,180,,,,
PICHLER,Pich--2000,Pichler,,,,2000,,,,21,,,,,,,,,,,,,,,45,,,,
PICHLER,Pich--2100,Pichler,,,,2100,,,,76,,,,,,,,,,,,,,,375,,,,
PICHLER,Pich--2200,Pichler,,,,2200,,,,24,,,,,,,,,,,,,,,270,,,,
PICHLER,Pich--2300,Pichler,,,,2300,,,,24,,,,,,,,,,,,,,,345,,,,
PICHLER,Pich--2500,Pichler,,,,2500,,,,21,,,,,,,,,,,,,,,45,,,,
PICHLER,Pich--3000,Pichler,,,,3000,,,,76,,,,,,,,,,,,,,,525,,,,
PLANET-HOBBY,Plan--205,Planet-Hobby,,,,205,,,,640,,,,,,,,,,,,,,,3400,,,,
PLANET-HOBBY,Plan--210,Planet-Hobby,,,,210,,,,630,,,,,,,,,,,,,,,2400,,,,
PLANET-HOBBY,Plan--225,Planet-Hobby,,,,225,,,,640,,,,,,,,,,,,,,,3600,,,,
PLANET-HOBBY,Plan--280,Planet-Hobby,,,,280,,,,640,,,,,,,,,,,,,,,3200,,,,
PLANET-HOBBY,Plan--290,Planet-Hobby,,,,290,,,,380,,,,,,,,,,,,,,,2080,,,,
PLANET-HOBBY,Plan--295,Planet-Hobby,,,,295,,,,630,,,,,,,,,,,,,,,2400,,,,
PLANET-HOBBY,Plan--300,Planet-Hobby,,,,300,,,,510,,,,,,,,,,,,,,,2560,,,,
PLANET-HOBBY,Plan--305,Planet-Hobby,,,,305,,,,377,,,,,,,,,,,,,,,1650,,,,
PLANET-HOBBY,Plan--345,Planet-Hobby,,,,345,,,,377,,,,,,,,,,,,,,,1650,,,,
PLANET-HOBBY,Plan--350,Planet-Hobby,,,,350,,,,280,,,,,,,,,,,,,,,1500,,,,
PLANET-HOBBY,Plan--350,Planet-Hobby,,,,350,,,,285,,,,,,,,,,,,,,,1250,,,,
PLANET-HOBBY,Plan--370,Planet-Hobby,,,,370,,,,470,,,,,,,,,,,,,,,2000,,,,
PLANET-HOBBY,Plan--375,Planet-Hobby,,,,375,,,,380,,,,,,,,,,,,,,,1920,,,,
PLANET-HOBBY,Plan--377,Planet-Hobby,,,,377,,,,377,,,,,,,,,,,,,,,1650,,,,
PLANET-HOBBY,Plan--380,Planet-Hobby,,,,380,,,,510,,,,,,,,,,,,,,,2160,,,,
PLANET-HOBBY,Plan--430,Planet-Hobby,,,,430,,,,280,,,,,,,,,,,,,,,1320,,,,
PLANET-HOBBY,Plan--430,Planet-Hobby,,,,430,,,,510,,,,,,,,,,,,,,,2400,,,,
PLANET-HOBBY,Plan--450,Planet-Hobby,,,,450,,,,285,,,,,,,,,,,,,,,1250,,,,
PLANET-HOBBY,Plan--470,Planet-Hobby,,,,470,,,,380,,,,,,,,,,,,,,,1800,,,,
PLANET-HOBBY,Plan--500,Planet-Hobby,,,,500,,,,280,,,,,,,,,,,,,,,1440,,,,
PLANET-HOBBY,Plan--500,Planet-Hobby,,,,500,,,,285,,,,,,,,,,,,,,,1250,,,,
PLANET-HOBBY,Plan--500,Planet-Hobby,,,,500,,,,377,,,,,,,,,,,,,,,1650,,,,
PLANET-HOBBY,Plan--510,Planet-Hobby,,,,510,,,,200,,,,,,,,,,,,,,,900,,,,
PLANET-HOBBY,Plan--510,Planet-Hobby,,,,510,,,,210,,,,,,,,,,,,,,,1150,,,,
PLANET-HOBBY,Plan--560,Planet-Hobby,,,,560,,,,280,,,,,,,,,,,,,,,1400,,,,
PLANET-HOBBY,Plan--566,Planet-Hobby,,,,566,,,,283,,,,,,,,,,,,,,,1100,,,,
PLANET-HOBBY,Plan--575,Planet-Hobby,,,,575,,,,285,,,,,,,,,,,,,,,1250,,,,
PLANET-HOBBY,Plan--680,Planet-Hobby,,,,680,,,,210,,,,,,,,,,,,,,,1100,,,,
PLANET-HOBBY,Plan--680,Planet-Hobby,,,,680,,,,283,,,,,,,,,,,,,,,1100,,,,
PLANET-HOBBY,Plan--720,Planet-Hobby,,,,720,,,,167,,,,,,,,,,,,,,,750,,,,
PLANET-HOBBY,Plan--720,Planet-Hobby,,,,720,,,,165,,,,,,,,,,,,,,,650,,,,
PLANET-HOBBY,Plan--720,Planet-Hobby,,,,720,,,,200,,,,,,,,,,,,,,,900,,,,
PLANET-HOBBY,Plan--730,Planet-Hobby,,,,730,,,,127,,,,,,,,,,,,,,,450,,,,
PLANET-HOBBY,Plan--750,Planet-Hobby,,,,750,,,,285,,,,,,,,,,,,,,,1250,,,,
PLANET-HOBBY,Plan--760,Planet-Hobby,,,,760,,,,58,,,,,,,,,,,,,,,256,,,,
PLANET-HOBBY,Plan--800,Planet-Hobby,,,,800,,,,138,,,,,,,,,,,,,,,540,,,,
PLANET-HOBBY,Plan--800,Planet-Hobby,,,,800,,,,137,,,,,,,,,,,,,,,450,,,,
PLANET-HOBBY,Plan--820,Planet-Hobby,,,,820,,,,210,,,,,,,,,,,,,,,1040,,,,
PLANET-HOBBY,Plan--830,Planet-Hobby,,,,830,,,,55,,,,,,,,,,,,,,,200,,,,
PLANET-HOBBY,Plan--840,Planet-Hobby,,,,840,,,,200,,,,,,,,,,,,,,,900,,,,
PLANET-HOBBY,Plan--840,Planet-Hobby,,,,840,,,,283,,,,,,,,,,,,,,,1100,,,,
PLANET-HOBBY,Plan--850,Planet-Hobby,,,,850,,,,167,,,,,,,,,,,,,,,720,,,,
PLANET-HOBBY,Plan--850,Planet-Hobby,,,,850,,,,165,,,,,,,,,,,,,,,650,,,,
PLANET-HOBBY,Plan--850,Planet-Hobby,,,,850,,,,127,,,,,,,,,,,,,,,450,,,,
PLANET-HOBBY,Plan--860,Planet-Hobby,,,,860,,,,105,,,,,,,,,,,,,,,480,,,,
PLANET-HOBBY,Plan--870,Planet-Hobby,,,,870,,,,70,,,,,,,,,,,,,,,260,,,,
PLANET-HOBBY,Plan--880,Planet-Hobby,,,,880,,,,58,,,,,,,,,,,,,,,304,,,,
PLANET-HOBBY,Plan--880,Planet-Hobby,,,,880,,,,72,,,,,,,,,,,,,,,368,,,,
PLANET-HOBBY,Plan--890,Planet-Hobby,,,,890,,,,103,,,,,,,,,,,,,,,350,,,,
PLANET-HOBBY,Plan--920,Planet-Hobby,,,,920,,,,74,,,,,,,,,,,,,,,250,,,,
PLANET-HOBBY,Plan--940,Planet-Hobby,,,,940,,,,138,,,,,,,,,,,,,,,480,,,,
PLANET-HOBBY,Plan--940,Planet-Hobby,,,,940,,,,137,,,,,,,,,,,,,,,450,,,,
PLANET-HOBBY,Plan--960,Planet-Hobby,,,,960,,,,58,,,,,,,,,,,,,,,258,,,,
PLANET-HOBBY,Plan--970,Planet-Hobby,,,,970,,,,105,,,,,,,,,,,,,,,400,,,,
PLANET-HOBBY,Plan--980,Planet-Hobby,,,,980,,,,47,,,,,,,,,,,,,,,204,,,,
PLANET-HOBBY,Plan--980,Planet-Hobby,,,,980,,,,44,,,,,,,,,,,,,,,150,,,,
PLANET-HOBBY,Plan--980,Planet-Hobby,,,,980,,,,55,,,,,,,,,,,,,,,200,,,,
PLANET-HOBBY,Plan--980,Planet-Hobby,,,,980,,,,72,,,,,,,,,,,,,,,300,,,,
PLANET-HOBBY,Plan--980,Planet-Hobby,,,,980,,,,70,,,,,,,,,,,,,,,260,,,,
PLANET-HOBBY,Plan--990,Planet-Hobby,,,,990,,,,103,,,,,,,,,,,,,,,350,,,,
PLANET-HOBBY,Plan--1000,Planet-Hobby,,,,1000,,,,75,,,,,,,,,,,,,,,300,,,,
PLANET-HOBBY,Plan--1000,Planet-Hobby,,,,1000,,,,74,,,,,,,,,,,,,,,250,,,,
PLANET-HOBBY,Plan--1020,Planet-Hobby,,,,1020,,,,127,,,,,,,,,,,,,,,450,,,,
PLANET-HOBBY,Plan--1020,Planet-Hobby,,,,1020,,,,210,,,,,,,,,,,,,,,960,,,,
PLANET-HOBBY,Plan--1020,Planet-Hobby,,,,1020,,,,200,,,,,,,,,,,,,,,900,,,,
PLANET-HOBBY,Plan--1080,Planet-Hobby,,,,1080,,,,165,,,,,,,,,,,,,,,650,,,,
PLANET-HOBBY,Plan--1120,Planet-Hobby,,,,1120,,,,105,,,,,,,,,,,,,,,432,,,,
PLANET-HOBBY,Plan--1120,Planet-Hobby,,,,1120,,,,138,,,,,,,,,,,,,,,540,,,,
PLANET-HOBBY,Plan--1120,Planet-Hobby,,,,1120,,,,137,,,,,,,,,,,,,,,450,,,,
PLANET-HOBBY,Plan--1120,Planet-Hobby,,,,1120,,,,167,,,,,,,,,,,,,,,660,,,,
PLANET-HOBBY,Plan--1150,Planet-Hobby,,,,1150,,,,58,,,,,,,,,,,,,,,276,,,,
PLANET-HOBBY,Plan--1180,Planet-Hobby,,,,1180,,,,47,,,,,,,,,,,,,,,240,,,,
PLANET-HOBBY,Plan--1180,Planet-Hobby,,,,1180,,,,55,,,,,,,,,,,,,,,200,,,,
PLANET-HOBBY,Plan--1200,Planet-Hobby,,,,1200,,,,44,,,,,,,,,,,,,,,150,,,,
PLANET-HOBBY,Plan--1200,Planet-Hobby,,,,1200,,,,75,,,,,,,,,,,,,,,336,,,,
PLANET-HOBBY,Plan--1200,Planet-Hobby,,,,1200,,,,74,,,,,,,,,,,,,,,250,,,,
PLANET-HOBBY,Plan--1200,Planet-Hobby,,,,1200,,,,103,,,,,,,,,,,,,,,350,,,,
PLANET-HOBBY,Plan--1250,Planet-Hobby,,,,1250,,,,72,,,,,,,,,,,,,,,360,,,,
PLANET-HOBBY,Plan--1250,Planet-Hobby,,,,1250,,,,70,,,,,,,,,,,,,,,260,,,,
PLANET-HOBBY,Plan--1330,Planet-Hobby,,,,1330,,,,105,,,,,,,,,,,,,,,480,,,,
PLANET-HOBBY,Plan--1330,Planet-Hobby,,,,1330,,,,103,,,,,,,,,,,,,,,350,,,,
PLANET-HOBBY,Plan--1430,Planet-Hobby,,,,1430,,,,74,,,,,,,,,,,,,,,250,,,,
PLANET-HOBBY,Plan--1430,Planet-Hobby,,,,1430,,,,75,,,,,,,,,,,,,,,260,,,,
PLANET-HOBBY,Plan--1450,Planet-Hobby,,,,1450,,,,22,,,,,,,,,,,,,,,95,,,,
PLANET-HOBBY,Plan--1450,Planet-Hobby,,,,1450,,,,30,,,,,,,,,,,,,,,100,,,,
PLANET-HOBBY,Plan--1450,Planet-Hobby,,,,1450,,,,44,,,,,,,,,,,,,,,210,,,,
PLANET-HOBBY,Plan--1460,Planet-Hobby,,,,1460,,,,70,,,,,,,,,,,,,,,260,,,,
PLANET-HOBBY,Plan--1470,Planet-Hobby,,,,1470,,,,19,,,,,,,,,,,,,,,80,,,,
PLANET-HOBBY,Plan--1470,Planet-Hobby,,,,1470,,,,19,,,,,,,,,,,,,,,96,,,,
PLANET-HOBBY,Plan--1480,Planet-Hobby,,,,1480,,,,55,,,,,,,,,,,,,,,200,,,,
PLANET-HOBBY,Plan--1500,Planet-Hobby,,,,1500,,,,47,,,,,,,,,,,,,,,184,,,,
PLANET-HOBBY,Plan--1500,Planet-Hobby,,,,1500,,,,58,,,,,,,,,,,,,,,208,,,,
PLANET-HOBBY,Plan--1500,Planet-Hobby,,,,1500,,,,72,,,,,,,,,,,,,,,264,,,,
PLANET-HOBBY,Plan--1770,Planet-Hobby,,,,1770,,,,44,,,,,,,,,,,,,,,210,,,,
PLANET-HOBBY,Plan--1780,Planet-Hobby,,,,1780,,,,19,,,,,,,,,,,,,,,80,,,,
PLANET-HOBBY,Plan--1800,Planet-Hobby,,,,1800,,,,22,,,,,,,,,,,,,,,95,,,,
PLANET-HOBBY,Plan--1800,Planet-Hobby,,,,1800,,,,19,,,,,,,,,,,,,,,80,,,,
PLANET-HOBBY,Plan--1800,Planet-Hobby,,,,1800,,,,47,,,,,,,,,,,,,,,200,,,,
PLANET-HOBBY,Plan--1800,Planet-Hobby,,,,1800,,,,30,,,,,,,,,,,,,,,100,,,,
PLANET-HOBBY,Plan--1850,Planet-Hobby,,,,1850,,,,23,,,,,,,,,,,,,,,96,,,,
PLANET-HOBBY,Plan--2000,Planet-Hobby,,,,2000,,,,19,,,,,,,,,,,,,,,92,,,,
PLANET-HOBBY,Plan--2300,Planet-Hobby,,,,2300,,,,23,,,,,,,,,,,,,,,120,,,,
PLETTENBERG,Plet--100,Plettenberg,,,,100,,,,1665,,,,,,,,,,,,,,,9800,,,,
PLETTENBERG,Plet--122,Plettenberg,,,,122,,,,1465,,,,,,,,,,,,,,,9000,,,,
PLETTENBERG,Plet--126,Plettenberg,,,,126,,,,1665,,,,,,,,,,,,,,,9800,,,,
PLETTENBERG,Plet--148,Plettenberg,,,,148,,,,1465,,,,,,,,,,,,,,,9000,,,,
PLETTENBERG,Plet--166,Plettenberg,,,,166,,,,1665,,,,,,,,,,,,,,,9800,,,,
PLETTENBERG,Plet--185,Plettenberg,,,,185,,,,1400,,,,,,,,,,,,,,,5900,,,,
PLETTENBERG,Plet--204,Plettenberg,,,,204,,,,1465,,,,,,,,,,,,,,,9000,,,,
PLETTENBERG,Plet--215,Plettenberg,,,,215,,,,920,,,,,,,,,,,,,,,4400,,,,
PLETTENBERG,Plet--215,Plettenberg,,,,215,,,,570,,,,,,,,,,,,,,,3500,,,,
PLETTENBERG,Plet--230,Plettenberg,,,,230,,,,450,,,,,,,,,,,,,,,1700,,,,
PLETTENBERG,Plet--250,Plettenberg,,,,250,,,,450,,,,,,,,,,,,,,,1800,,,,
PLETTENBERG,Plet--265,Plettenberg,,,,265,,,,450,,,,,,,,,,,,,,,1900,,,,
PLETTENBERG,Plet--520,Plettenberg,,,,520,,,,250,,,,,,,,,,,,,,,1450,,,,
PLETTENBERG,Plet--550,Plettenberg,,,,550,,,,305,,,,,,,,,,,,,,,1550,,,,
PLETTENBERG,Plet--590,Plettenberg,,,,590,,,,250,,,,,,,,,,,,,,,1450,,,,
PLETTENBERG,Plet--640,Plettenberg,,,,640,,,,215,,,,,,,,,,,,,,,1250,,,,
PLETTENBERG,Plet--650,Plettenberg,,,,650,,,,305,,,,,,,,,,,,,,,1550,,,,
PLETTENBERG,Plet--670,Plettenberg,,,,670,,,,250,,,,,,,,,,,,,,,1450,,,,
PLETTENBERG,Plet--720,Plettenberg,,,,720,,,,215,,,,,,,,,,,,,,,1250,,,,
PLETTENBERG,Plet--770,Plettenberg,,,,770,,,,250,,,,,,,,,,,,,,,1450,,,,
PLETTENBERG,Plet--780,Plettenberg,,,,780,,,,305,,,,,,,,,,,,,,,1550,,,,
PLETTENBERG,Plet--810,Plettenberg,,,,810,,,,215,,,,,,,,,,,,,,,1250,,,,
PLETTENBERG,Plet--840,Plettenberg,,,,840,,,,170,,,,,,,,,,,,,,,950,,,,
PLETTENBERG,Plet--930,Plettenberg,,,,930,,,,250,,,,,,,,,,,,,,,1450,,,,
PLETTENBERG,Plet--950,Plettenberg,,,,950,,,,215,,,,,,,,,,,,,,,1250,,,,
PLETTENBERG,Plet--960,Plettenberg,,,,960,,,,170,,,,,,,,,,,,,,,950,,,,
PLETTENBERG,Plet--1050,Plettenberg,,,,1050,,,,135,,,,,,,,,,,,,,,525,,,,
PLETTENBERG,Plet--1080,Plettenberg,,,,1080,,,,170,,,,,,,,,,,,,,,850,,,,
PLETTENBERG,Plet--1130,Plettenberg,,,,1130,,,,215,,,,,,,,,,,,,,,1250,,,,
PLETTENBERG,Plet--1280,Plettenberg,,,,1280,,,,135,,,,,,,,,,,,,,,525,,,,
PLETTENBERG,Plet--1290,Plettenberg,,,,1290,,,,170,,,,,,,,,,,,,,,850,,,,
PLETTENBERG,Plet--1410,Plettenberg,,,,1410,,,,135,,,,,,,,,,,,,,,525,,,,
PLETTENBERG,Plet--1560,Plettenberg,,,,1560,,,,300,,,,,,,,,,,,,,,1000,,,,
PLETTENBERG,Plet--1772,Plettenberg,,,,1772,,,,111,,,,,,,,,,,,,,,400,,,,
PLETTENBERG,Plet--1772,Plettenberg,,,,1772,,,,155,,,,,,,,,,,,,,,500,,,,
PLETTENBERG,Plet--2000,Plettenberg,,,,2000,,,,275,,,,,,,,,,,,,,,1000,,,,
PLETTENBERG,Plet--2230,Plettenberg,,,,2230,,,,240,,,,,,,,,,,,,,,800,,,,
PLETTENBERG,Plet--2388,Plettenberg,,,,2388,,,,111,,,,,,,,,,,,,,,400,,,,
PLETTENBERG,Plet--2388,Plettenberg,,,,2388,,,,155,,,,,,,,,,,,,,,500,,,,
PLETTENBERG,Plet--2400,Plettenberg,,,,2400,,,,250,,,,,,,,,,,,,,,800,,,,
PLETTENBERG,Plet--3528,Plettenberg,,,,3528,,,,111,,,,,,,,,,,,,,,400,,,,
PLETTENBERG,Plet--3528,Plettenberg,,,,3528,,,,155,,,,,,,,,,,,,,,500,,,,
PLETTENBERG,Plet--4400,Plettenberg,,,,4400,,,,225,,,,,,,,,,,,,,,700,,,,
PLETTENBERG,Plet--4400,Plettenberg,,,,4400,,,,225,,,,,,,,,,,,,,,700,,,,
POLY-TEC,Poly--240,Poly-Tec,,,,240,,,,405,,,,,,,,,,,,,,,2150,,,,
POLY-TEC,Poly--300,Poly-Tec,,,,300,,,,405,,,,,,,,,,,,,,,1420,,,,
POLY-TEC,Poly--380,Poly-Tec,,,,380,,,,405,,,,,,,,,,,,,,,1400,,,,
POLY-TEC,Poly--420,Poly-Tec,,,,420,,,,296,,,,,,,,,,,,,,,1650,,,,
POLY-TEC,Poly--520,Poly-Tec,,,,520,,,,296,,,,,,,,,,,,,,,1700,,,,
POLY-TEC,Poly--600,Poly-Tec,,,,600,,,,296,,,,,,,,,,,,,,,850,,,,
POLY-TEC,Poly--700,Poly-Tec,,,,700,,,,296,,,,,,,,,,,,,,,781,,,,
POLY-TEC,Poly--750,Poly-Tec,,,,750,,,,67,,,,,,,,,,,,,,,300,,,,
POLY-TEC,Poly--870,Poly-Tec,,,,870,,,,172,,,,,,,,,,,,,,,1000,,,,
POLY-TEC,Poly--880,Poly-Tec,,,,880,,,,67,,,,,,,,,,,,,,,340,,,,
POLY-TEC,Poly--910,Poly-Tec,,,,910,,,,57,,,,,,,,,,,,,,,260,,,,
POLY-TEC,Poly--950,Poly-Tec,,,,950,,,,78,,,,,,,,,,,,,,,310,,,,
POLY-TEC,Poly--950,Poly-Tec,,,,950,,,,109,,,,,,,,,,,,,,,315,,,,
POLY-TEC,Poly--1120,Poly-Tec,,,,1120,,,,67,,,,,,,,,,,,,,,380,,,,
POLY-TEC,Poly--1150,Poly-Tec,,,,1150,,,,172,,,,,,,,,,,,,,,556,,,,
POLY-TEC,Poly--1250,Poly-Tec,,,,1250,,,,109,,,,,,,,,,,,,,,680,,,,
POLY-TEC,Poly--1280,Poly-Tec,,,,1280,,,,57,,,,,,,,,,,,,,,300,,,,
POLY-TEC,Poly--1300,Poly-Tec,,,,1300,,,,67,,,,,,,,,,,,,,,370,,,,
POLY-TEC,Poly--1350,Poly-Tec,,,,1350,,,,109,,,,,,,,,,,,,,,750,,,,
POLY-TEC,Poly--1800,Poly-Tec,,,,1800,,,,375,,,,,,,,,,,,,,,1500,,,,
POLY-TEC,Poly--1900,Poly-Tec,,,,1900,,,,92,,,,,,,,,,,,,,,250,,,,
POLY-TEC,Poly--2100,Poly-Tec,,,,2100,,,,375,,,,,,,,,,,,,,,1330,,,,
POLY-TEC,Poly--2200,Poly-Tec,,,,2200,,,,329,,,,,,,,,,,,,,,1250,,,,
POLY-TEC,Poly--2250,Poly-Tec,,,,2250,,,,234,,,,,,,,,,,,,,,1100,,,,
POLY-TEC,Poly--2300,Poly-Tec,,,,2300,,,,180,,,,,,,,,,,,,,,870,,,,
POLY-TEC,Poly--2400,Poly-Tec,,,,2400,,,,375,,,,,,,,,,,,,,,1550,,,,
POLY-TEC,Poly--2400,Poly-Tec,,,,2400,,,,115,,,,,,,,,,,,,,,230,,,,
POLY-TEC,Poly--2600,Poly-Tec,,,,2600,,,,180,,,,,,,,,,,,,,,780,,,,
POLY-TEC,Poly--2600,Poly-Tec,,,,2600,,,,115,,,,,,,,,,,,,,,210,,,,
POLY-TEC,Poly--2650,Poly-Tec,,,,2650,,,,98,,,,,,,,,,,,,,,620,,,,
POLY-TEC,Poly--2850,Poly-Tec,,,,2850,,,,234,,,,,,,,,,,,,,,1120,,,,
POLY-TEC,Poly--3000,Poly-Tec,,,,3000,,,,329,,,,,,,,,,,,,,,1280,,,,
POLY-TEC,Poly--3200,Poly-Tec,,,,3200,,,,180,,,,,,,,,,,,,,,900,,,,
POLY-TEC,Poly--3200,Poly-Tec,,,,3200,,,,140,,,,,,,,,,,,,,,450,,,,
POLY-TEC,Poly--3250,Poly-Tec,,,,3250,,,,110,,,,,,,,,,,,,,,315,,,,
POLY-TEC,Poly--3300,Poly-Tec,,,,3300,,,,234,,,,,,,,,,,,,,,1130,,,,
POLY-TEC,Poly--3300,Poly-Tec,,,,3300,,,,375,,,,,,,,,,,,,,,1280,,,,
POLY-TEC,Poly--3500,Poly-Tec,,,,3500,,,,180,,,,,,,,,,,,,,,810,,,,
POLY-TEC,Poly--3600,Poly-Tec,,,,3600,,,,150,,,,,,,,,,,,,,,1100,,,,
POLY-TEC,Poly--3600,Poly-Tec,,,,3600,,,,110,,,,,,,,,,,,,,,850,,,,
POLY-TEC,Poly--3850,Poly-Tec,,,,3850,,,,234,,,,,,,,,,,,,,,1150,,,,
POLY-TEC,Poly--4200,Poly-Tec,,,,4200,,,,180,,,,,,,,,,,,,,,1200,,,,
POWERHD,Powe--250,PowerHD,,,,250,,,,650,,,,,,,,,,,,,,,2000,,,,
POWERHD,Powe--310,PowerHD,,,,310,,,,650,,,,,,,,,,,,,,,2000,,,,
POWERHD,Powe--560,PowerHD,,,,560,,,,270,,,,,,,,,,,,,,,1100,,,,
POWERHD,Powe--710,PowerHD,,,,710,,,,195,,,,,,,,,,,,,,,560,,,,
POWERHD,Powe--720,PowerHD,,,,720,,,,270,,,,,,,,,,,,,,,960,,,,
POWERHD,Powe--730,PowerHD,,,,730,,,,135,,,,,,,,,,,,,,,620,,,,
POWERHD,Powe--890,PowerHD,,,,890,,,,170,,,,,,,,,,,,,,,640,,,,
POWERHD,Powe--920,PowerHD,,,,920,,,,135,,,,,,,,,,,,,,,620,,,,
POWERHD,Powe--980,PowerHD,,,,980,,,,56,,,,,,,,,,,,,,,130,,,,
POWERHD,Powe--1038,PowerHD,,,,1038,,,,68,,,,,,,,,,,,,,,290,,,,
POWERHD,Powe--1270,PowerHD,,,,1270,,,,95,,,,,,,,,,,,,,,470,,,,
POWERHD,Powe--1290,PowerHD,,,,1290,,,,56,,,,,,,,,,,,,,,170,,,,
POWERHD,Powe--1360,PowerHD,,,,1360,,,,29,,,,,,,,,,,,,,,50,,,,
POWERHD,Powe--1380,PowerHD,,,,1380,,,,45,,,,,,,,,,,,,,,120,,,,
POWERHD,Powe--1380,PowerHD,,,,1380,,,,72,,,,,,,,,,,,,,,320,,,,
POWERHD,Powe--1450,PowerHD,,,,1450,,,,29,,,,,,,,,,,,,,,60,,,,
POWERHD,Powe--1520,PowerHD,,,,1520,,,,95,,,,,,,,,,,,,,,420,,,,
POWERHD,Powe--1820,PowerHD,,,,1820,,,,45,,,,,,,,,,,,,,,90,,,,
POWERHD,Powe--1880,PowerHD,,,,1880,,,,68,,,,,,,,,,,,,,,250,,,,
PROTRONIK,ProT--200,ProTronik,,,,200,,,,700,,,,,,,,,,,,,,,2000,,,,
PROTRONIK,ProT--260,ProTronik,,,,260,,,,700,,,,,,,,,,,,,,,2000,,,,
PROTRONIK,ProT--340,ProTronik,,,,340,,,,470,,,,,,,,,,,,,,,1400,,,,
PROTRONIK,ProT--400,ProTronik,,,,400,,,,344,,,,,,,,,,,,,,,1100,,,,
PROTRONIK,ProT--430,ProTronik,,,,430,,,,470,,,,,,,,,,,,,,,1400,,,,
PROTRONIK,ProT--450,ProTronik,,,,450,,,,296,,,,,,,,,,,,,,,950,,,,
PROTRONIK,ProT--470,ProTronik,,,,470,,,,345,,,,,,,,,,,,,,,1150,,,,
PROTRONIK,ProT--500,ProTronik,,,,500,,,,257,,,,,,,,,,,,,,,800,,,,
PROTRONIK,ProT--650,ProTronik,,,,650,,,,150,,,,,,,,,,,,,,,400,,,,
PROTRONIK,ProT--650,ProTronik,,,,650,,,,175,,,,,,,,,,,,,,,500,,,,
PROTRONIK,ProT--650,ProTronik,,,,650,,,,257,,,,,,,,,,,,,,,750,,,,
PROTRONIK,ProT--650,ProTronik,,,,650,,,,293,,,,,,,,,,,,,,,950,,,,
PROTRONIK,ProT--660,ProTronik,,,,660,,,,208,,,,,,,,,,,,,,,700,,,,
PROTRONIK,ProT--750,ProTronik,,,,750,,,,58,,,,,,,,,,,,,,,130,,,,
PROTRONIK,ProT--750,ProTronik,,,,750,,,,171,,,,,,,,,,,,,,,500,,,,
PROTRONIK,ProT--780,ProTronik,,,,780,,,,208,,,,,,,,,,,,,,,700,,,,
PROTRONIK,ProT--800,ProTronik,,,,800,,,,88,,,,,,,,,,,,,,,200,,,,
PROTRONIK,ProT--800,ProTronik,,,,800,,,,257,,,,,,,,,,,,,,,750,,,,
PROTRONIK,ProT--850,ProTronik,,,,850,,,,120,,,,,,,,,,,,,,,320,,,,
PROTRONIK,ProT--900,ProTronik,,,,900,,,,78,,,,,,,,,,,,,,,240,,,,
PROTRONIK,ProT--900,ProTronik,,,,900,,,,153,,,,,,,,,,,,,,,450,,,,
PROTRONIK,ProT--950,ProTronik,,,,950,,,,58,,,,,,,,,,,,,,,140,,,,
PROTRONIK,ProT--950,ProTronik,,,,950,,,,120,,,,,,,,,,,,,,,330,,,,
PROTRONIK,ProT--950,ProTronik,,,,950,,,,150,,,,,,,,,,,,,,,450,,,,
PROTRONIK,ProT--950,ProTronik,,,,950,,,,175,,,,,,,,,,,,,,,500,,,,
PROTRONIK,ProT--983,ProTronik,,,,983,,,,120,,,,,,,,,,,,,,,330,,,,
PROTRONIK,ProT--1000,ProTronik,,,,1000,,,,78,,,,,,,,,,,,,,,230,,,,
PROTRONIK,ProT--1000,ProTronik,,,,1000,,,,88,,,,,,,,,,,,,,,230,,,,
PROTRONIK,ProT--1050,ProTronik,,,,1050,,,,98,,,,,,,,,,,,,,,250,,,,
PROTRONIK,ProT--1050,ProTronik,,,,1050,,,,138,,,,,,,,,,,,,,,400,,,,
PROTRONIK,ProT--1100,ProTronik,,,,1100,,,,43,,,,,,,,,,,,,,,110,,,,
PROTRONIK,ProT--1100,ProTronik,,,,1100,,,,78,,,,,,,,,,,,,,,230,,,,
PROTRONIK,ProT--1100,ProTronik,,,,1100,,,,120,,,,,,,,,,,,,,,350,,,,
PROTRONIK,ProT--1150,ProTronik,,,,1150,,,,58,,,,,,,,,,,,,,,160,,,,
PROTRONIK,ProT--1150,ProTronik,,,,1150,,,,71,,,,,,,,,,,,,,,200,,,,
PROTRONIK,ProT--1200,ProTronik,,,,1200,,,,28,,,,,,,,,,,,,,,80,,,,
PROTRONIK,ProT--1200,ProTronik,,,,1200,,,,78,,,,,,,,,,,,,,,240,,,,
PROTRONIK,ProT--1200,ProTronik,,,,1200,,,,125,,,,,,,,,,,,,,,360,,,,
PROTRONIK,ProT--1200,ProTronik,,,,1200,,,,88,,,,,,,,,,,,,,,230,,,,
PROTRONIK,ProT--1390,ProTronik,,,,1390,,,,98,,,,,,,,,,,,,,,250,,,,
PROTRONIK,ProT--1400,ProTronik,,,,1400,,,,43,,,,,,,,,,,,,,,120,,,,
PROTRONIK,ProT--1500,ProTronik,,,,1500,,,,71,,,,,,,,,,,,,,,200,,,,
PROTRONIK,ProT--1600,ProTronik,,,,1600,,,,27,,,,,,,,,,,,,,,90,,,,
PROTRONIK,ProT--1677,ProTronik,,,,1677,,,,2023-04-16 00:00:00,,,,,,,,,,,,,,,50,,,,
PROTRONIK,ProT--1700,ProTronik,,,,1700,,,,43,,,,,,,,,,,,,,,140,,,,
PROTRONIK,ProT--1750,ProTronik,,,,1750,,,,2023-03-19 00:00:00,,,,,,,,,,,,,,,55,,,,
PROTRONIK,ProT--1800,ProTronik,,,,1800,,,,28,,,,,,,,,,,,,,,90,,,,
PROTRONIK,ProT--2143,ProTronik,,,,2143,,,,27,,,,,,,,,,,,,,,90,,,,
PROTRONIK,ProT--2165,ProTronik,,,,2165,,,,2023-04-16 00:00:00,,,,,,,,,,,,,,,50,,,,
PROTRONIK,ProT--3100,ProTronik,,,,3100,,,,53,,,,,,,,,,,,,,,200,,,,
PROTRONIK,ProT--3500,ProTronik,,,,3500,,,,53,,,,,,,,,,,,,,,220,,,,
PULSO,Puls--250,Pulso,,,,250,,,,67,,,,,,,,,,,,,,,93,,,,
PULSO,Puls--270,Pulso,,,,270,,,,57,,,,,,,,,,,,,,,83,,,,
PULSO,Puls--300,Pulso,,,,300,,,,67,,,,,,,,,,,,,,,120,,,,
PULSO,Puls--300,Pulso,,,,300,,,,57,,,,,,,,,,,,,,,90,,,,
PULSO,Puls--305,Pulso,,,,305,,,,385,,,,,,,,,,,,,,,825,,,,
PULSO,Puls--350,Pulso,,,,350,,,,139,,,,,,,,,,,,,,,390,,,,
PULSO,Puls--395,Pulso,,,,395,,,,385,,,,,,,,,,,,,,,900,,,,
PULSO,Puls--450,Pulso,,,,450,,,,57,,,,,,,,,,,,,,,105,,,,
PULSO,Puls--460,Pulso,,,,460,,,,285,,,,,,,,,,,,,,,780,,,,
PULSO,Puls--515,Pulso,,,,515,,,,285,,,,,,,,,,,,,,,780,,,,
PULSO,Puls--680,Pulso,,,,680,,,,285,,,,,,,,,,,,,,,825,,,,
PULSO,Puls--710,Pulso,,,,710,,,,58,,,,,,,,,,,,,,,150,,,,
PULSO,Puls--740,Pulso,,,,740,,,,74,,,,,,,,,,,,,,,270,,,,
PULSO,Puls--740,Pulso,,,,740,,,,139,,,,,,,,,,,,,,,495,,,,
PULSO,Puls--760,Pulso,,,,760,,,,100,,,,,,,,,,,,,,,345,,,,
PULSO,Puls--760,Pulso,,,,760,,,,167,,,,,,,,,,,,,,,555,,,,
PULSO,Puls--760,Pulso,,,,760,,,,109,,,,,,,,,,,,,,,345,,,,
PULSO,Puls--840,Pulso,,,,840,,,,69,,,,,,,,,,,,,,,270,,,,
PULSO,Puls--840,Pulso,,,,840,,,,100,,,,,,,,,,,,,,,375,,,,
PULSO,Puls--860,Pulso,,,,860,,,,140,,,,,,,,,,,,,,,540,,,,
PULSO,Puls--870,Pulso,,,,870,,,,74,,,,,,,,,,,,,,,300,,,,
PULSO,Puls--920,Pulso,,,,920,,,,58,,,,,,,,,,,,,,,180,,,,
PULSO,Puls--920,Pulso,,,,920,,,,167,,,,,,,,,,,,,,,630,,,,
PULSO,Puls--990,Pulso,,,,990,,,,140,,,,,,,,,,,,,,,555,,,,
PULSO,Puls--1030,Pulso,,,,1030,,,,58,,,,,,,,,,,,,,,195,,,,
PULSO,Puls--1035,Pulso,,,,1035,,,,100,,,,,,,,,,,,,,,450,,,,
PULSO,Puls--1050,Pulso,,,,1050,,,,69,,,,,,,,,,,,,,,330,,,,
PULSO,Puls--1100,Pulso,,,,1100,,,,46,,,,,,,,,,,,,,,120,,,,
PULSO,Puls--1130,Pulso,,,,1130,,,,167,,,,,,,,,,,,,,,825,,,,
PULSO,Puls--1190,Pulso,,,,1190,,,,72,,,,,,,,,,,,,,,330,,,,
PULSO,Puls--1200,Pulso,,,,1200,,,,140,,,,,,,,,,,,,,,630,,,,
PULSO,Puls--1280,Pulso,,,,1280,,,,58,,,,,,,,,,,,,,,240,,,,
PULSO,Puls--1380,Pulso,,,,1380,,,,69,,,,,,,,,,,,,,,450,,,,
PULSO,Puls--1390,Pulso,,,,1390,,,,100,,,,,,,,,,,,,,,525,,,,
PULSO,Puls--1400,Pulso,,,,1400,,,,24,,,,,,,,,,,,,,,113,,,,
PULSO,Puls--1420,Pulso,,,,1420,,,,46,,,,,,,,,,,,,,,165,,,,
PULSO,Puls--1490,Pulso,,,,1490,,,,72,,,,,,,,,,,,,,,330,,,,
PULSO,Puls--1500,Pulso,,,,1500,,,,140,,,,,,,,,,,,,,,825,,,,
PULSO,Puls--1525,Pulso,,,,1525,,,,18,,,,,,,,,,,,,,,105,,,,
PULSO,Puls--1640,Pulso,,,,1640,,,,100,,,,,,,,,,,,,,,675,,,,
PULSO,Puls--1720,Pulso,,,,1720,,,,2023-04-18 00:00:00,,,,,,,,,,,,,,,128,,,,
PULSO,Puls--1820,Pulso,,,,1820,,,,72,,,,,,,,,,,,,,,375,,,,
PULSO,Puls--1840,Pulso,,,,1840,,,,46,,,,,,,,,,,,,,,240,,,,
PULSO,Puls--1950,Pulso,,,,1950,,,,58,,,,,,,,,,,,,,,420,,,,
PULSO,Puls--2300,Pulso,,,,2300,,,,2023-04-18 00:00:00,,,,,,,,,,,,,,,138,,,,
PULSO,Puls--3000,Pulso,,,,3000,,,,69,,,,,,,,,,,,,,,510,,,,
PULSO,Puls--3900,Pulso,,,,3900,,,,69,,,,,,,,,,,,,,,510,,,,
QUANTUM,Quan--450,Quantum,,,,450,,,,556,,,,,,,,,,,,,,,5000,,,,
QUANTUM,Quan--500,Quantum,,,,500,,,,556,,,,,,,,,,,,,,,5000,,,,
QUANTUM,Quan--530,Quantum,,,,530,,,,440,,,,,,,,,,,,,,,3500,,,,
QUANTUM,Quan--1200,Quantum,,,,1200,,,,240,,,,,,,,,,,,,,,2000,,,,
QUANTUM,Quan--1200,Quantum,,,,1200,,,,290,,,,,,,,,,,,,,,2200,,,,
QUANTUM,Quan--320,Quanum,,,,320,,,,162,,,,,,,,,,,,,,,384,,,,
QUANTUM,Quan--335,Quanum,,,,335,,,,189,,,,,,,,,,,,,,,355,,,,
QUANTUM,Quan--335,Quanum,,,,335,,,,192,,,,,,,,,,,,,,,623,,,,
QUANTUM,Quan--340,Quanum,,,,340,,,,144,,,,,,,,,,,,,,,333,,,,
QUANTUM,Quan--340,Quanum,,,,340,,,,148,,,,,,,,,,,,,,,560,,,,
QUANTUM,Quan--360,Quanum,,,,360,,,,100,,,,,,,,,,,,,,,568,,,,
QUANTUM,Quan--360,Quanum,,,,360,,,,192,,,,,,,,,,,,,,,675,,,,
QUANTUM,Quan--370,Quanum,,,,370,,,,127,,,,,,,,,,,,,,,194,,,,
QUANTUM,Quan--370,Quanum,,,,370,,,,108,,,,,,,,,,,,,,,355,,,,
QUANTUM,Quan--400,Quanum,,,,400,,,,144,,,,,,,,,,,,,,,350,,,,
QUANTUM,Quan--470,Quanum,,,,470,,,,83,,,,,,,,,,,,,,,386,,,,
QUANTUM,Quan--475,Quanum,,,,475,,,,127,,,,,,,,,,,,,,,581,,,,
QUANTUM,Quan--475,Quanum,,,,475,,,,108,,,,,,,,,,,,,,,490,,,,
QUANTUM,Quan--480,Quanum,,,,480,,,,144,,,,,,,,,,,,,,,364,,,,
QUANTUM,Quan--580,Quanum,,,,580,,,,127,,,,,,,,,,,,,,,548,,,,
QUANTUM,Quan--580,Quanum,,,,580,,,,92,,,,,,,,,,,,,,,444,,,,
QUANTUM,Quan--580,Quanum,,,,580,,,,108,,,,,,,,,,,,,,,608,,,,
QUANTUM,Quan--630,Quanum,,,,630,,,,100,,,,,,,,,,,,,,,568,,,,
QUANTUM,Quan--700,Quanum,,,,700,,,,100,,,,,,,,,,,,,,,672,,,,
QUANTUM,Quan--700,Quanum,,,,700,,,,108,,,,,,,,,,,,,,,560,,,,
QUANTUM,Quan--700,Quanum,,,,700,,,,92,,,,,,,,,,,,,,,546,,,,
QUANTUM,Quan--800,Quanum,,,,800,,,,68,,,,,,,,,,,,,,,285,,,,
QUANTUM,Quan--880,Quanum,,,,880,,,,100,,,,,,,,,,,,,,,440,,,,
QUANTUM,Quan--1000,Quanum,,,,1000,,,,40,,,,,,,,,,,,,,,138,,,,
QUANTUM,Quan--1800,Quanum,,,,1800,,,,40,,,,,,,,,,,,,,,138,,,,
QUANTUM,Quan--2000,Quanum,,,,2000,,,,33,,,,,,,,,,,,,,,85,,,,
QUANTUM,Quan--2300,Quanum,,,,2300,,,,20,,,,,,,,,,,,,,,85,,,,
QUANTUM,Quan--2300,Quanum,,,,2300,,,,26,,,,,,,,,,,,,,,70,,,,
RACERSTAR,Race--1200,RaceStar,,,,1200,,,,46,,,,,,,,,,,,,,,802,,,,
RACERSTAR,Race--1498,RaceStar,,,,1498,,,,71,,,,,,,,,,,,,,,1139,,,,
RCINPOWER,RCin--280,RCinPower,,,,280,,,,215,,,,,,,,,,,,,,,1200,,,,
RCINPOWER,RCin--340,RCinPower,,,,340,,,,135,,,,,,,,,,,,,,,450,,,,
RCINPOWER,RCin--340,RCinPower,,,,340,,,,215,,,,,,,,,,,,,,,1200,,,,
RCINPOWER,RCin--400,RCinPower,,,,400,,,,138,,,,,,,,,,,,,,,510,,,,
RCINPOWER,RCin--400,RCinPower,,,,400,,,,215,,,,,,,,,,,,,,,1200,,,,
RCINPOWER,RCin--1350,RCinPower,,,,1350,,,,33,,,,,,,,,,,,,,,600,,,,
RCINPOWER,RCin--1350,RCinPower,,,,1350,,,,47,,,,,,,,,,,,,,,960,,,,
RCINPOWER,RCin--1750,RCinPower,,,,1750,,,,47,,,,,,,,,,,,,,,1200,,,,
RCINPOWER,RCin--1800,RCinPower,,,,1800,,,,16,,,,,,,,,,,,,,,530,,,,
RCINPOWER,RCin--1800,RCinPower,,,,1800,,,,29,,,,,,,,,,,,,,,1000,,,,
RCINPOWER,RCin--1850,RCinPower,,,,1850,,,,20,,,,,,,,,,,,,,,395,,,,
RCINPOWER,RCin--1860,RCinPower,,,,1860,,,,32,,,,,,,,,,,,,,,1000,,,,
RCINPOWER,RCin--1880,RCinPower,,,,1880,,,,33,,,,,,,,,,,,,,,900,,,,
RCINPOWER,RCin--1900,RCinPower,,,,1900,,,,29,,,,,,,,,,,,,,,270,,,,
RCINPOWER,RCin--1980,RCinPower,,,,1980,,,,29,,,,,,,,,,,,,,,935,,,,
RCINPOWER,RCin--2000,RCinPower,,,,2000,,,,29,,,,,,,,,,,,,,,370,,,,
RCINPOWER,RCin--2080,RCinPower,,,,2080,,,,29,,,,,,,,,,,,,,,1040,,,,
RCINPOWER,RCin--2200,RCinPower,,,,2200,,,,32,,,,,,,,,,,,,,,490,,,,
RCINPOWER,RCin--2200,RCinPower,,,,2200,,,,29,,,,,,,,,,,,,,,370,,,,
RCINPOWER,RCin--2280,RCinPower,,,,2280,,,,33,,,,,,,,,,,,,,,850,,,,
RCINPOWER,RCin--2300,RCinPower,,,,2300,,,,30,,,,,,,,,,,,,,,340,,,,
RCINPOWER,RCin--2300,RCinPower,,,,2300,,,,30,,,,,,,,,,,,,,,595,,,,
RCINPOWER,RCin--2300,RCinPower,,,,2300,,,,28,,,,,,,,,,,,,,,270,,,,
RCINPOWER,RCin--2300,RCinPower,,,,2300,,,,20,,,,,,,,,,,,,,,135,,,,
RCINPOWER,RCin--2300,RCinPower,,,,2300,,,,28,,,,,,,,,,,,,,,148,,,,
RCINPOWER,RCin--2300,RCinPower,,,,2300,,,,28,,,,,,,,,,,,,,,270,,,,
RCINPOWER,RCin--2350,RCinPower,,,,2350,,,,30,,,,,,,,,,,,,,,520,,,,
RCINPOWER,RCin--2350,RCinPower,,,,2350,,,,27,,,,,,,,,,,,,,,520,,,,
RCINPOWER,RCin--2480,RCinPower,,,,2480,,,,29,,,,,,,,,,,,,,,975,,,,
RCINPOWER,RCin--2500,RCinPower,,,,2500,,,,32,,,,,,,,,,,,,,,1000,,,,
RCINPOWER,RCin--2500,RCinPower,,,,2500,,,,29,,,,,,,,,,,,,,,1100,,,,
RCINPOWER,RCin--2550,RCinPower,,,,2550,,,,30,,,,,,,,,,,,,,,595,,,,
RCINPOWER,RCin--2550,RCinPower,,,,2550,,,,29,,,,,,,,,,,,,,,950,,,,
RCINPOWER,RCin--2580,RCinPower,,,,2580,,,,33,,,,,,,,,,,,,,,1100,,,,
RCINPOWER,RCin--2680,RCinPower,,,,2680,,,,17,,,,,,,,,,,,,,,420,,,,
RCINPOWER,RCin--2750,RCinPower,,,,2750,,,,32,,,,,,,,,,,,,,,1000,,,,
RCINPOWER,RCin--2750,RCinPower,,,,2750,,,,29,,,,,,,,,,,,,,,800,,,,
RCINPOWER,RCin--2750,RCinPower,,,,2750,,,,29,,,,,,,,,,,,,,,900,,,,
RCINPOWER,RCin--2950,RCinPower,,,,2950,,,,20,,,,,,,,,,,,,,,620,,,,
RCINPOWER,RCin--3000,RCinPower,,,,3000,,,,16,,,,,,,,,,,,,,,450,,,,
RCINPOWER,RCin--3000,RCinPower,,,,3000,,,,16,,,,,,,,,,,,,,,580,,,,
RCINPOWER,RCin--3100,RCinPower,,,,3100,,,,12,,,,,,,,,,,,,,,145,,,,
RCINPOWER,RCin--3600,RCinPower,,,,3600,,,,20,,,,,,,,,,,,,,,580,,,,
RCINPOWER,RCin--3800,RCinPower,,,,3800,,,,17,,,,,,,,,,,,,,,430,,,,
RCINPOWER,RCin--4000,RCinPower,,,,4000,,,,2023-05-05 00:00:00,,,,,,,,,,,,,,,50,,,,
RCINPOWER,RCin--4000,RCinPower,,,,4000,,,,2023-05-05 00:00:00,,,,,,,,,,,,,,,50,,,,
RCINPOWER,RCin--4200,RCinPower,,,,4200,,,,17,,,,,,,,,,,,,,,450,,,,
RCINPOWER,RCin--4300,RCinPower,,,,4300,,,,16,,,,,,,,,,,,,,,400,,,,
RCINPOWER,RCin--5000,RCinPower,,,,5000,,,,2023-04-06 00:00:00,,,,,,,,,,,,,,,250,,,,
RCINPOWER,RCin--6000,RCinPower,,,,6000,,,,2023-04-06 00:00:00,,,,,,,,,,,,,,,285,,,,
RCINPOWER,RCin--7500,RCinPower,,,,7500,,,,2023-04-06 00:00:00,,,,,,,,,,,,,,,250,,,,
RCINPOWER,RCin--14000,RCinPower,,,,14000,,,,2023-05-02 00:00:00,,,,,,,,,,,,,,,67,,,,
RCINPOWER,RCin--19000,RCinPower,,,,19000,,,,2023-05-02 00:00:00,,,,,,,,,,,,,,,44,,,,
RCINPOWER,RCin--22000,RCinPower,,,,22000,,,,2023-05-02 00:00:00,,,,,,,,,,,,,,,52,,,,
RCTIMER,RCTi--100,RCTimer,,,,100,,,,240,,,,,,,,,,,,,,,750,,,,
RCTIMER,RCTi--135,RCTimer,,,,135,,,,240,,,,,,,,,,,,,,,750,,,,
RCTIMER,RCTi--170,RCTimer,,,,170,,,,240,,,,,,,,,,,,,,,750,,,,
RCTIMER,RCTi--240,RCTimer,,,,240,,,,80,,,,,,,,,,,,,,,250,,,,
RCTIMER,RCTi--260,RCTimer,,,,260,,,,100,,,,,,,,,,,,,,,450,,,,
RCTIMER,RCTi--330,RCTimer,,,,330,,,,240,,,,,,,,,,,,,,,700,,,,
RCTIMER,RCTi--350,RCTimer,,,,350,,,,113,,,,,,,,,,,,,,,330,,,,
RCTIMER,RCTi--350,RCTimer,,,,350,,,,150,,,,,,,,,,,,,,,300,,,,
RCTIMER,RCTi--360,RCTimer,,,,360,,,,80,,,,,,,,,,,,,,,370,,,,
RCTIMER,RCTi--380,RCTimer,,,,380,,,,200,,,,,,,,,,,,,,,625,,,,
RCTIMER,RCTi--400,RCTimer,,,,400,,,,340,,,,,,,,,,,,,,,1420,,,,
RCTIMER,RCTi--400,RCTimer,,,,400,,,,150,,,,,,,,,,,,,,,950,,,,
RCTIMER,RCTi--400,RCTimer,,,,400,,,,145,,,,,,,,,,,,,,,880,,,,
RCTIMER,RCTi--400,RCTimer,,,,400,,,,240,,,,,,,,,,,,,,,800,,,,
RCTIMER,RCTi--470,RCTimer,,,,470,,,,120,,,,,,,,,,,,,,,450,,,,
RCTIMER,RCTi--530,RCTimer,,,,530,,,,80,,,,,,,,,,,,,,,530,,,,
RCTIMER,RCTi--580,RCTimer,,,,580,,,,340,,,,,,,,,,,,,,,1500,,,,
RCTIMER,RCTi--620,RCTimer,,,,620,,,,80,,,,,,,,,,,,,,,670,,,,
RCTIMER,RCTi--630,RCTimer,,,,630,,,,80,,,,,,,,,,,,,,,500,,,,
RCTIMER,RCTi--650,RCTimer,,,,650,,,,73,,,,,,,,,,,,,,,230,,,,
RCTIMER,RCTi--700,RCTimer,,,,700,,,,240,,,,,,,,,,,,,,,900,,,,
RCTIMER,RCTi--710,RCTimer,,,,710,,,,100,,,,,,,,,,,,,,,795,,,,
RCTIMER,RCTi--710,RCTimer,,,,710,,,,120,,,,,,,,,,,,,,,440,,,,
RCTIMER,RCTi--710,RCTimer,,,,710,,,,102,,,,,,,,,,,,,,,550,,,,
RCTIMER,RCTi--750,RCTimer,,,,750,,,,52,,,,,,,,,,,,,,,185,,,,
RCTIMER,RCTi--750,RCTimer,,,,750,,,,70,,,,,,,,,,,,,,,100,,,,
RCTIMER,RCTi--750,RCTimer,,,,750,,,,52,,,,,,,,,,,,,,,185,,,,
RCTIMER,RCTi--750,RCTimer,,,,750,,,,70,,,,,,,,,,,,,,,100,,,,
RCTIMER,RCTi--750,RCTimer,,,,750,,,,102,,,,,,,,,,,,,,,350,,,,
RCTIMER,RCTi--790,RCTimer,,,,790,,,,156,,,,,,,,,,,,,,,760,,,,
RCTIMER,RCTi--790,RCTimer,,,,790,,,,156,,,,,,,,,,,,,,,760,,,,
RCTIMER,RCTi--810,RCTimer,,,,810,,,,100,,,,,,,,,,,,,,,410,,,,
RCTIMER,RCTi--850,RCTimer,,,,850,,,,52,,,,,,,,,,,,,,,200,,,,
RCTIMER,RCTi--850,RCTimer,,,,850,,,,52,,,,,,,,,,,,,,,187,,,,
RCTIMER,RCTi--850,RCTimer,,,,850,,,,52,,,,,,,,,,,,,,,185,,,,
RCTIMER,RCTi--880,RCTimer,,,,880,,,,70,,,,,,,,,,,,,,,160,,,,
RCTIMER,RCTi--880,RCTimer,,,,880,,,,70,,,,,,,,,,,,,,,160,,,,
RCTIMER,RCTi--900,RCTimer,,,,900,,,,156,,,,,,,,,,,,,,,770,,,,
RCTIMER,RCTi--900,RCTimer,,,,900,,,,156,,,,,,,,,,,,,,,770,,,,
RCTIMER,RCTi--910,RCTimer,,,,910,,,,102,,,,,,,,,,,,,,,470,,,,
RCTIMER,RCTi--910,RCTimer,,,,910,,,,102,,,,,,,,,,,,,,,470,,,,
RCTIMER,RCTi--920,RCTimer,,,,920,,,,54,,,,,,,,,,,,,,,450,,,,
RCTIMER,RCTi--920,RCTimer,,,,920,,,,55,,,,,,,,,,,,,,,420,,,,
RCTIMER,RCTi--920,RCTimer,,,,920,,,,54,,,,,,,,,,,,,,,450,,,,
RCTIMER,RCTi--920,RCTimer,,,,920,,,,48,,,,,,,,,,,,,,,400,,,,
RCTIMER,RCTi--930,RCTimer,,,,930,,,,50,,,,,,,,,,,,,,,100,,,,
RCTIMER,RCTi--930,RCTimer,,,,930,,,,50,,,,,,,,,,,,,,,100,,,,
RCTIMER,RCTi--930,RCTimer,,,,930,,,,70,,,,,,,,,,,,,,,230,,,,
RCTIMER,RCTi--950,RCTimer,,,,950,,,,240,,,,,,,,,,,,,,,1000,,,,
RCTIMER,RCTi--980,RCTimer,,,,980,,,,100,,,,,,,,,,,,,,,500,,,,
RCTIMER,RCTi--1000,RCTimer,,,,1000,,,,50,,,,,,,,,,,,,,,160,,,,
RCTIMER,RCTi--1000,RCTimer,,,,1000,,,,52,,,,,,,,,,,,,,,210,,,,
RCTIMER,RCTi--1000,RCTimer,,,,1000,,,,102,,,,,,,,,,,,,,,480,,,,
RCTIMER,RCTi--1000,RCTimer,,,,1000,,,,130,,,,,,,,,,,,,,,555,,,,
RCTIMER,RCTi--1000,RCTimer,,,,1000,,,,50,,,,,,,,,,,,,,,160,,,,
RCTIMER,RCTi--1000,RCTimer,,,,1000,,,,52,,,,,,,,,,,,,,,210,,,,
RCTIMER,RCTi--1000,RCTimer,,,,1000,,,,102,,,,,,,,,,,,,,,480,,,,
RCTIMER,RCTi--1000,RCTimer,,,,1000,,,,52,,,,,,,,,,,,,,,210,,,,
RCTIMER,RCTi--1100,RCTimer,,,,1100,,,,38,,,,,,,,,,,,,,,80,,,,
RCTIMER,RCTi--1100,RCTimer,,,,1100,,,,74,,,,,,,,,,,,,,,315,,,,
RCTIMER,RCTi--1100,RCTimer,,,,1100,,,,156,,,,,,,,,,,,,,,780,,,,
RCTIMER,RCTi--1100,RCTimer,,,,1100,,,,74,,,,,,,,,,,,,,,315,,,,
RCTIMER,RCTi--1100,RCTimer,,,,1100,,,,156,,,,,,,,,,,,,,,910,,,,
RCTIMER,RCTi--1120,RCTimer,,,,1120,,,,70,,,,,,,,,,,,,,,220,,,,
RCTIMER,RCTi--1120,RCTimer,,,,1120,,,,70,,,,,,,,,,,,,,,220,,,,
RCTIMER,RCTi--1200,RCTimer,,,,1200,,,,50,,,,,,,,,,,,,,,300,,,,
RCTIMER,RCTi--1250,RCTimer,,,,1250,,,,102,,,,,,,,,,,,,,,500,,,,
RCTIMER,RCTi--1250,RCTimer,,,,1250,,,,130,,,,,,,,,,,,,,,580,,,,
RCTIMER,RCTi--1250,RCTimer,,,,1250,,,,102,,,,,,,,,,,,,,,500,,,,
RCTIMER,RCTi--1250,RCTimer,,,,1250,,,,130,,,,,,,,,,,,,,,580,,,,
RCTIMER,RCTi--1250,RCTimer,,,,1250,,,,130,,,,,,,,,,,,,,,555,,,,
RCTIMER,RCTi--1300,RCTimer,,,,1300,,,,52,,,,,,,,,,,,,,,220,,,,
RCTIMER,RCTi--1400,RCTimer,,,,1400,,,,22,,,,,,,,,,,,,,,60,,,,
RCTIMER,RCTi--1400,RCTimer,,,,1400,,,,50,,,,,,,,,,,,,,,250,,,,
RCTIMER,RCTi--1400,RCTimer,,,,1400,,,,74,,,,,,,,,,,,,,,430,,,,
RCTIMER,RCTi--1400,RCTimer,,,,1400,,,,50,,,,,,,,,,,,,,,250,,,,
RCTIMER,RCTi--1400,RCTimer,,,,1400,,,,74,,,,,,,,,,,,,,,430,,,,
RCTIMER,RCTi--1450,RCTimer,,,,1450,,,,38,,,,,,,,,,,,,,,100,,,,
RCTIMER,RCTi--1450,RCTimer,,,,1450,,,,102,,,,,,,,,,,,,,,655,,,,
RCTIMER,RCTi--1450,RCTimer,,,,1450,,,,130,,,,,,,,,,,,,,,595,,,,
RCTIMER,RCTi--1450,RCTimer,,,,1450,,,,102,,,,,,,,,,,,,,,655,,,,
RCTIMER,RCTi--1450,RCTimer,,,,1450,,,,130,,,,,,,,,,,,,,,595,,,,
RCTIMER,RCTi--1500,RCTimer,,,,1500,,,,70,,,,,,,,,,,,,,,250,,,,
RCTIMER,RCTi--1500,RCTimer,,,,1500,,,,70,,,,,,,,,,,,,,,250,,,,
RCTIMER,RCTi--1534,RCTimer,,,,1534,,,,50,,,,,,,,,,,,,,,260,,,,
RCTIMER,RCTi--1600,RCTimer,,,,1600,,,,32,,,,,,,,,,,,,,,90,,,,
RCTIMER,RCTi--1700,RCTimer,,,,1700,,,,74,,,,,,,,,,,,,,,460,,,,
RCTIMER,RCTi--1700,RCTimer,,,,1700,,,,74,,,,,,,,,,,,,,,460,,,,
RCTIMER,RCTi--1800,RCTimer,,,,1800,,,,38,,,,,,,,,,,,,,,150,,,,
RCTIMER,RCTi--2000,RCTimer,,,,2000,,,,32,,,,,,,,,,,,,,,120,,,,
RCTIMER,RCTi--2000,RCTimer,,,,2000,,,,39,,,,,,,,,,,,,,,420,,,,
RCTIMER,RCTi--2000,RCTimer,,,,2000,,,,30,,,,,,,,,,,,,,,165,,,,
RCTIMER,RCTi--2100,RCTimer,,,,2100,,,,34,,,,,,,,,,,,,,,380,,,,
RCTIMER,RCTi--2100,RCTimer,,,,2100,,,,29,,,,,,,,,,,,,,,240,,,,
RCTIMER,RCTi--2100,RCTimer,,,,2100,,,,36,,,,,,,,,,,,,,,400,,,,
RCTIMER,RCTi--2200,RCTimer,,,,2200,,,,50,,,,,,,,,,,,,,,300,,,,
RCTIMER,RCTi--2200,RCTimer,,,,2200,,,,50,,,,,,,,,,,,,,,300,,,,
RCTIMER,RCTi--2300,RCTimer,,,,2300,,,,20,,,,,,,,,,,,,,,165,,,,
RCTIMER,RCTi--2300,RCTimer,,,,2300,,,,29,,,,,,,,,,,,,,,360,,,,
RCTIMER,RCTi--2300,RCTimer,,,,2300,,,,34,,,,,,,,,,,,,,,430,,,,
RCTIMER,RCTi--2300,RCTimer,,,,2300,,,,25,,,,,,,,,,,,,,,240,,,,
RCTIMER,RCTi--2300,RCTimer,,,,2300,,,,36,,,,,,,,,,,,,,,500,,,,
RCTIMER,RCTi--2300,RCTimer,,,,2300,,,,39,,,,,,,,,,,,,,,480,,,,
RCTIMER,RCTi--2300,RCTimer,,,,2300,,,,58,,,,,,,,,,,,,,,250,,,,
RCTIMER,RCTi--2300,RCTimer,,,,2300,,,,23,,,,,,,,,,,,,,,70,,,,
RCTIMER,RCTi--2300,RCTimer,,,,2300,,,,29,,,,,,,,,,,,,,,360,,,,
RCTIMER,RCTi--2400,RCTimer,,,,2400,,,,24,,,,,,,,,,,,,,,300,,,,
RCTIMER,RCTi--2400,RCTimer,,,,2400,,,,37,,,,,,,,,,,,,,,480,,,,
RCTIMER,RCTi--2550,RCTimer,,,,2550,,,,29,,,,,,,,,,,,,,,450,,,,
RCTIMER,RCTi--2600,RCTimer,,,,2600,,,,38,,,,,,,,,,,,,,,200,,,,
RCTIMER,RCTi--2600,RCTimer,,,,2600,,,,38,,,,,,,,,,,,,,,260,,,,
RCTIMER,RCTi--2600,RCTimer,,,,2600,,,,20,,,,,,,,,,,,,,,180,,,,
RCTIMER,RCTi--2650,RCTimer,,,,2650,,,,36,,,,,,,,,,,,,,,500,,,,
RCTIMER,RCTi--2840,RCTimer,,,,2840,,,,32,,,,,,,,,,,,,,,160,,,,
RCTIMER,RCTi--2900,RCTimer,,,,2900,,,,20,,,,,,,,,,,,,,,300,,,,
RCTIMER,RCTi--2900,RCTimer,,,,2900,,,,22,,,,,,,,,,,,,,,380,,,,
RCTIMER,RCTi--4000,RCTimer,,,,4000,,,,5,,,,,,,,,,,,,,,65,,,,
RCTIMER,RCTi--4100,RCTimer,,,,4100,,,,17,,,,,,,,,,,,,,,300,,,,
RCX,RCX--650,RCX,,,,650,,,,83,,,,,,,,,,,,,,,235,,,,
RCX,RCX--650,RCX,,,,650,,,,83,,,,,,,,,,,,,,,235,,,,
RCX,RCX--950,RCX,,,,950,,,,65,,,,,,,,,,,,,,,220,,,,
RCX,RCX--1100,RCX,,,,1100,,,,40,,,,,,,,,,,,,,,160,,,,
RCX,RCX--1600,RCX,,,,1600,,,,32,,,,,,,,,,,,,,,270,,,,
RCX,RCX--1800,RCX,,,,1800,,,,40,,,,,,,,,,,,,,,410,,,,
RCX,RCX--1850,RCX,,,,1850,,,,25,,,,,,,,,,,,,,,220,,,,
RCX,RCX--1850,RCX,,,,1850,,,,25,,,,,,,,,,,,,,,220,,,,
RCX,RCX--1950,RCX,,,,1950,,,,32,,,,,,,,,,,,,,,325,,,,
RCX,RCX--2000,RCX,,,,2000,,,,40,,,,,,,,,,,,,,,500,,,,
RCX,RCX--2050,RCX,,,,2050,,,,40,,,,,,,,,,,,,,,545,,,,
RCX,RCX--2250,RCX,,,,2250,,,,32,,,,,,,,,,,,,,,400,,,,
RCX,RCX--2300,RCX,,,,2300,,,,20,,,,,,,,,,,,,,,85,,,,
RCX,RCX--2300,RCX,,,,2300,,,,14,,,,,,,,,,,,,,,70,,,,
RCX,RCX--2300,RCX,,,,2300,,,,40,,,,,,,,,,,,,,,560,,,,
RCX,RCX--2350,RCX,,,,2350,,,,25,,,,,,,,,,,,,,,280,,,,
RCX,RCX--2350,RCX,,,,2350,,,,25,,,,,,,,,,,,,,,280,,,,
RCX,RCX--2400,RCX,,,,2400,,,,20,,,,,,,,,,,,,,,130,,,,
RCX,RCX--2600,RCX,,,,2600,,,,40,,,,,,,,,,,,,,,560,,,,
RCX,RCX--2633,RCX,,,,2633,,,,25,,,,,,,,,,,,,,,300,,,,
RCX,RCX--2633,RCX,,,,2633,,,,25,,,,,,,,,,,,,,,300,,,,
RCX,RCX--2950,RCX,,,,2950,,,,25,,,,,,,,,,,,,,,300,,,,
RCX,RCX--3100,RCX,,,,3100,,,,14,,,,,,,,,,,,,,,50,,,,
RCX,RCX--3100,RCX,,,,3100,,,,14,,,,,,,,,,,,,,,90,,,,
RCX,RCX--3200,RCX,,,,3200,,,,14,,,,,,,,,,,,,,,110,,,,
RCX,RCX--4000,RCX,,,,4000,,,,6,,,,,,,,,,,,,,,50,,,,
REDROCK,RedR--170,RedRock,,,,170,,,,770,,,,,,,,,,,,,,,3250,,,,
REDROCK,RedR--200,RedRock,,,,200,,,,558,,,,,,,,,,,,,,,2650,,,,
REDROCK,RedR--200,RedRock,,,,200,,,,770,,,,,,,,,,,,,,,3250,,,,
REDROCK,RedR--230,RedRock,,,,230,,,,705,,,,,,,,,,,,,,,3050,,,,
REDROCK,RedR--250,RedRock,,,,250,,,,558,,,,,,,,,,,,,,,2650,,,,
REDROCK,RedR--270,RedRock,,,,270,,,,430,,,,,,,,,,,,,,,1820,,,,
REDROCK,RedR--270,RedRock,,,,270,,,,705,,,,,,,,,,,,,,,3150,,,,
REDROCK,RedR--320,RedRock,,,,320,,,,430,,,,,,,,,,,,,,,1820,,,,
REDROCK,RedR--380,RedRock,,,,380,,,,430,,,,,,,,,,,,,,,2100,,,,
REDROCK,RedR--400,RedRock,,,,400,,,,329,,,,,,,,,,,,,,,1500,,,,
REDROCK,RedR--400,RedRock,,,,400,,,,240,,,,,,,,,,,,,,,1000,,,,
REDROCK,RedR--410,RedRock,,,,410,,,,430,,,,,,,,,,,,,,,2100,,,,
REDROCK,RedR--500,RedRock,,,,500,,,,295,,,,,,,,,,,,,,,1475,,,,
REDROCK,RedR--580,RedRock,,,,580,,,,329,,,,,,,,,,,,,,,1560,,,,
REDROCK,RedR--600,RedRock,,,,600,,,,155,,,,,,,,,,,,,,,750,,,,
REDROCK,RedR--600,RedRock,,,,600,,,,295,,,,,,,,,,,,,,,1525,,,,
REDROCK,RedR--600,RedRock,,,,600,,,,230,,,,,,,,,,,,,,,1285,,,,
REDROCK,RedR--650,RedRock,,,,650,,,,230,,,,,,,,,,,,,,,1150,,,,
REDROCK,RedR--700,RedRock,,,,700,,,,329,,,,,,,,,,,,,,,1580,,,,
REDROCK,RedR--720,RedRock,,,,720,,,,155,,,,,,,,,,,,,,,850,,,,
REDROCK,RedR--750,RedRock,,,,750,,,,62,,,,,,,,,,,,,,,245,,,,
REDROCK,RedR--750,RedRock,,,,750,,,,76,,,,,,,,,,,,,,,260,,,,
REDROCK,RedR--790,RedRock,,,,790,,,,171,,,,,,,,,,,,,,,800,,,,
REDROCK,RedR--800,RedRock,,,,800,,,,230,,,,,,,,,,,,,,,1350,,,,
REDROCK,RedR--850,RedRock,,,,850,,,,62,,,,,,,,,,,,,,,250,,,,
REDROCK,RedR--880,RedRock,,,,880,,,,76,,,,,,,,,,,,,,,305,,,,
REDROCK,RedR--900,RedRock,,,,900,,,,171,,,,,,,,,,,,,,,840,,,,
REDROCK,RedR--910,RedRock,,,,910,,,,115,,,,,,,,,,,,,,,470,,,,
REDROCK,RedR--950,RedRock,,,,950,,,,230,,,,,,,,,,,,,,,1100,,,,
REDROCK,RedR--1000,RedRock,,,,1000,,,,51,,,,,,,,,,,,,,,240,,,,
REDROCK,RedR--1000,RedRock,,,,1000,,,,62,,,,,,,,,,,,,,,275,,,,
REDROCK,RedR--1000,RedRock,,,,1000,,,,142,,,,,,,,,,,,,,,605,,,,
REDROCK,RedR--1100,RedRock,,,,1100,,,,90,,,,,,,,,,,,,,,345,,,,
REDROCK,RedR--1100,RedRock,,,,1100,,,,115,,,,,,,,,,,,,,,525,,,,
REDROCK,RedR--1100,RedRock,,,,1100,,,,171,,,,,,,,,,,,,,,850,,,,
REDROCK,RedR--1120,RedRock,,,,1120,,,,76,,,,,,,,,,,,,,,310,,,,
REDROCK,RedR--1200,RedRock,,,,1200,,,,38,,,,,,,,,,,,,,,150,,,,
REDROCK,RedR--1200,RedRock,,,,1200,,,,51,,,,,,,,,,,,,,,235,,,,
REDROCK,RedR--1250,RedRock,,,,1250,,,,142,,,,,,,,,,,,,,,630,,,,
REDROCK,RedR--1300,RedRock,,,,1300,,,,62,,,,,,,,,,,,,,,305,,,,
REDROCK,RedR--1350,RedRock,,,,1350,,,,51,,,,,,,,,,,,,,,260,,,,
REDROCK,RedR--1400,RedRock,,,,1400,,,,22,,,,,,,,,,,,,,,100,,,,
REDROCK,RedR--1400,RedRock,,,,1400,,,,38,,,,,,,,,,,,,,,175,,,,
REDROCK,RedR--1400,RedRock,,,,1400,,,,90,,,,,,,,,,,,,,,470,,,,
REDROCK,RedR--1400,RedRock,,,,1400,,,,115,,,,,,,,,,,,,,,550,,,,
REDROCK,RedR--1450,RedRock,,,,1450,,,,142,,,,,,,,,,,,,,,645,,,,
REDROCK,RedR--1600,RedRock,,,,1600,,,,17,,,,,,,,,,,,,,,80,,,,
REDROCK,RedR--1700,RedRock,,,,1700,,,,90,,,,,,,,,,,,,,,500,,,,
REDROCK,RedR--1700,RedRock,,,,1700,,,,115,,,,,,,,,,,,,,,705,,,,
REDROCK,RedR--1780,RedRock,,,,1780,,,,27,,,,,,,,,,,,,,,125,,,,
REDROCK,RedR--1800,RedRock,,,,1800,,,,18,,,,,,,,,,,,,,,55,,,,
REDROCK,RedR--1800,RedRock,,,,1800,,,,21,,,,,,,,,,,,,,,80,,,,
REDROCK,RedR--1900,RedRock,,,,1900,,,,51,,,,,,,,,,,,,,,280,,,,
REDROCK,RedR--2100,RedRock,,,,2100,,,,14,,,,,,,,,,,,,,,60,,,,
REDROCK,RedR--2250,RedRock,,,,2250,,,,27,,,,,,,,,,,,,,,105,,,,
REDROCK,RedR--2280,RedRock,,,,2280,,,,15,,,,,,,,,,,,,,,55,,,,
REDROCK,RedR--2300,RedRock,,,,2300,,,,22,,,,,,,,,,,,,,,110,,,,
REDROCK,RedR--2400,RedRock,,,,2400,,,,17,,,,,,,,,,,,,,,90,,,,
REDROCK,RedR--2500,RedRock,,,,2500,,,,11,,,,,,,,,,,,,,,60,,,,
REDROCK,RedR--2570,RedRock,,,,2570,,,,21,,,,,,,,,,,,,,,115,,,,
REDROCK,RedR--2600,RedRock,,,,2600,,,,7,,,,,,,,,,,,,,,30,,,,
REDROCK,RedR--2700,RedRock,,,,2700,,,,14,,,,,,,,,,,,,,,70,,,,
REDROCK,RedR--2800,RedRock,,,,2800,,,,18,,,,,,,,,,,,,,,65,,,,
REDROCK,RedR--2850,RedRock,,,,2850,,,,15,,,,,,,,,,,,,,,60,,,,
REDROCK,RedR--3000,RedRock,,,,3000,,,,10,,,,,,,,,,,,,,,35,,,,
REDROCK,RedR--3200,RedRock,,,,3200,,,,7,,,,,,,,,,,,,,,28,,,,
REDROCK,RedR--3200,RedRock,,,,3200,,,,10,,,,,,,,,,,,,,,35,,,,
REDROCK,RedR--3500,RedRock,,,,3500,,,,9,,,,,,,,,,,,,,,40,,,,
REDROCK,RedR--3500,RedRock,,,,3500,,,,11,,,,,,,,,,,,,,,70,,,,
REDROCK,RedR--4000,RedRock,,,,4000,,,,5,,,,,,,,,,,,,,,20,,,,
REDROCK,RedR--4500,RedRock,,,,4500,,,,7,,,,,,,,,,,,,,,25,,,,
REDROCK,RedR--4500,RedRock,,,,4500,,,,9,,,,,,,,,,,,,,,60,,,,
REDROCK,RedR--4600,RedRock,,,,4600,,,,5,,,,,,,,,,,,,,,25,,,,
REDROCK,RedR--6000,RedRock,,,,6000,,,,7,,,,,,,,,,,,,,,25,,,,
RIPMAX,Ripm--410,Ripmax,,,,410,,,,420,,,,,,,,,,,,,,,1560,,,,
RIPMAX,Ripm--700,Ripmax,,,,700,,,,346,,,,,,,,,,,,,,,1350,,,,
RIPMAX,Ripm--800,Ripmax,,,,800,,,,210,,,,,,,,,,,,,,,1010,,,,
RIPMAX,Ripm--900,Ripmax,,,,900,,,,170,,,,,,,,,,,,,,,770,,,,
RIPMAX,Ripm--1000,Ripmax,,,,1000,,,,140,,,,,,,,,,,,,,,540,,,,
RIPMAX,Ripm--1100,Ripmax,,,,1100,,,,80,,,,,,,,,,,,,,,410,,,,
RIPMAX,Ripm--1250,Ripmax,,,,1250,,,,140,,,,,,,,,,,,,,,580,,,,
RIPMAX,Ripm--1300,Ripmax,,,,1300,,,,110,,,,,,,,,,,,,,,500,,,,
ROBBE,Robb--200,Robbe,,,,200,,,,810,,,,,,,,,,,,,,,960,,,,
ROBBE,Robb--280,Robbe,,,,280,,,,738,,,,,,,,,,,,,,,1200,,,,
ROBBE,Robb--305,Robbe,,,,305,,,,395,,,,,,,,,,,,,,,780,,,,
ROBBE,Robb--310,Robbe,,,,310,,,,422,,,,,,,,,,,,,,,750,,,,
ROBBE,Robb--350,Robbe,,,,350,,,,568,,,,,,,,,,,,,,,1050,,,,
ROBBE,Robb--370,Robbe,,,,370,,,,490,,,,,,,,,,,,,,,1125,,,,
ROBBE,Robb--395,Robbe,,,,395,,,,395,,,,,,,,,,,,,,,825,,,,
ROBBE,Robb--410,Robbe,,,,410,,,,295,,,,,,,,,,,,,,,675,,,,
ROBBE,Robb--410,Robbe,,,,410,,,,444,,,,,,,,,,,,,,,1050,,,,
ROBBE,Robb--479,Robbe,,,,479,,,,103,,,,,,,,,,,,,,,330,,,,
ROBBE,Robb--570,Robbe,,,,570,,,,275,,,,,,,,,,,,,,,780,,,,
ROBBE,Robb--570,Robbe,,,,570,,,,265,,,,,,,,,,,,,,,780,,,,
ROBBE,Robb--613,Robbe,,,,613,,,,293,,,,,,,,,,,,,,,750,,,,
ROBBE,Robb--650,Robbe,,,,650,,,,175,,,,,,,,,,,,,,,600,,,,
ROBBE,Robb--660,Robbe,,,,660,,,,273,,,,,,,,,,,,,,,1125,,,,
ROBBE,Robb--760,Robbe,,,,760,,,,174,,,,,,,,,,,,,,,630,,,,
ROBBE,Robb--800,Robbe,,,,800,,,,201,,,,,,,,,,,,,,,720,,,,
ROBBE,Robb--850,Robbe,,,,850,,,,72,,,,,,,,,,,,,,,285,,,,
ROBBE,Robb--870,Robbe,,,,870,,,,191,,,,,,,,,,,,,,,600,,,,
ROBBE,Robb--910,Robbe,,,,910,,,,173,,,,,,,,,,,,,,,675,,,,
ROBBE,Robb--1000,Robbe,,,,1000,,,,169,,,,,,,,,,,,,,,645,,,,
ROBBE,Robb--1000,Robbe,,,,1000,,,,178,,,,,,,,,,,,,,,735,,,,
ROBBE,Robb--1000,Robbe,,,,1000,,,,201,,,,,,,,,,,,,,,675,,,,
ROBBE,Robb--1130,Robbe,,,,1130,,,,73,,,,,,,,,,,,,,,330,,,,
ROBBE,Robb--1200,Robbe,,,,1200,,,,105,,,,,,,,,,,,,,,495,,,,
ROBBE,Robb--1200,Robbe,,,,1200,,,,133,,,,,,,,,,,,,,,555,,,,
ROBBE,Robb--1259,Robbe,,,,1259,,,,88,,,,,,,,,,,,,,,405,,,,
ROBBE,Robb--1300,Robbe,,,,1300,,,,60,,,,,,,,,,,,,,,300,,,,
ROBBE,Robb--1420,Robbe,,,,1420,,,,89,,,,,,,,,,,,,,,570,,,,
ROBBE,Robb--1530,Robbe,,,,1530,,,,2023-05-15 00:00:00,,,,,,,,,,,,,,,90,,,,
ROBBE,Robb--1580,Robbe,,,,1580,,,,89,,,,,,,,,,,,,,,495,,,,
ROBBE,Robb--1720,Robbe,,,,1720,,,,2023-03-19 00:00:00,,,,,,,,,,,,,,,120,,,,
ROBBE,Robb--1730,Robbe,,,,1730,,,,2023-09-02 00:00:00,,,,,,,,,,,,,,,150,,,,
ROBBE,Robb--2250,Robbe,,,,2250,,,,2023-05-20 00:00:00,,,,,,,,,,,,,,,180,,,,
ROBBE,Robb--2450,Robbe,,,,2450,,,,2023-07-20 00:00:00,,,,,,,,,,,,,,,195,,,,
ROBBE,Robb--2750,Robbe,,,,2750,,,,2023-08-20 00:00:00,,,,,,,,,,,,,,,225,,,,
ROBBE,Robb--3750,Robbe,,,,3750,,,,32,,,,,,,,,,,,,,,270,,,,
ROCKAMP,Rock--925,RockAmp,,,,925,,,,129,,,,,,,,,,,,,,,575,,,,
ROCKAMP,Rock--2150,RockAmp,,,,2150,,,,20,,,,,,,,,,,,,,,100,,,,
ROCKAMP,Rock--3900,RockAmp,,,,3900,,,,79,,,,,,,,,,,,,,,500,,,,
ROTON,Roto--330,Roton,,,,330,,,,330,,,,,,,,,,,,,,,525,,,,
ROTON,Roto--465,Roton,,,,465,,,,328,,,,,,,,,,,,,,,675,,,,
ROTON,Roto--500,Roton,,,,500,,,,250,,,,,,,,,,,,,,,525,,,,
ROTON,Roto--605,Roton,,,,605,,,,324,,,,,,,,,,,,,,,825,,,,
ROTON,Roto--650,Roton,,,,650,,,,247,,,,,,,,,,,,,,,675,,,,
ROTON,Roto--765,Roton,,,,765,,,,182,,,,,,,,,,,,,,,600,,,,
ROTON,Roto--825,Roton,,,,825,,,,244,,,,,,,,,,,,,,,825,,,,
ROTON,Roto--985,Roton,,,,985,,,,179,,,,,,,,,,,,,,,750,,,,
ROTON,Roto--1150,Roton,,,,1150,,,,156,,,,,,,,,,,,,,,600,,,,
ROTON,Roto--1240,Roton,,,,1240,,,,88,,,,,,,,,,,,,,,330,,,,
ROTON,Roto--1500,Roton,,,,1500,,,,56,,,,,,,,,,,,,,,225,,,,
ROTON,Roto--1500,Roton,,,,1500,,,,70,,,,,,,,,,,,,,,300,,,,
ROXXY,ROXX--200,ROXXY,,,,200,,,,695,,,,,,,,,,,,,,,2850,,,,
ROXXY,ROXX--220,ROXXY,,,,220,,,,645,,,,,,,,,,,,,,,3800,,,,
ROXXY,ROXX--230,ROXXY,,,,230,,,,695,,,,,,,,,,,,,,,2950,,,,
ROXXY,ROXX--250,ROXXY,,,,250,,,,662,,,,,,,,,,,,,,,2600,,,,
ROXXY,ROXX--290,ROXXY,,,,290,,,,405,,,,,,,,,,,,,,,2050,,,,
ROXXY,ROXX--320,ROXXY,,,,320,,,,662,,,,,,,,,,,,,,,2850,,,,
ROXXY,ROXX--330,ROXXY,,,,330,,,,405,,,,,,,,,,,,,,,2100,,,,
ROXXY,ROXX--335,ROXXY,,,,335,,,,377,,,,,,,,,,,,,,,2100,,,,
ROXXY,ROXX--400,ROXXY,,,,400,,,,405,,,,,,,,,,,,,,,2510,,,,
ROXXY,ROXX--430,ROXXY,,,,430,,,,280,,,,,,,,,,,,,,,1650,,,,
ROXXY,ROXX--435,ROXXY,,,,435,,,,377,,,,,,,,,,,,,,,2250,,,,
ROXXY,ROXX--560,ROXXY,,,,560,,,,500,,,,,,,,,,,,,,,2400,,,,
ROXXY,ROXX--570,ROXXY,,,,570,,,,276,,,,,,,,,,,,,,,1550,,,,
ROXXY,ROXX--590,ROXXY,,,,590,,,,175,,,,,,,,,,,,,,,900,,,,
ROXXY,ROXX--600,ROXXY,,,,600,,,,262,,,,,,,,,,,,,,,1600,,,,
ROXXY,ROXX--700,ROXXY,,,,700,,,,57,,,,,,,,,,,,,,,180,,,,
ROXXY,ROXX--700,ROXXY,,,,700,,,,57,,,,,,,,,,,,,,,180,,,,
ROXXY,ROXX--700,ROXXY,,,,700,,,,172,,,,,,,,,,,,,,,1000,,,,
ROXXY,ROXX--700,ROXXY,,,,700,,,,172,,,,,,,,,,,,,,,840,,,,
ROXXY,ROXX--710,ROXXY,,,,710,,,,262,,,,,,,,,,,,,,,1750,,,,
ROXXY,ROXX--720,ROXXY,,,,720,,,,195,,,,,,,,,,,,,,,1120,,,,
ROXXY,ROXX--750,ROXXY,,,,750,,,,67,,,,,,,,,,,,,,,230,,,,
ROXXY,ROXX--760,ROXXY,,,,760,,,,57,,,,,,,,,,,,,,,135,,,,
ROXXY,ROXX--760,ROXXY,,,,760,,,,57,,,,,,,,,,,,,,,135,,,,
ROXXY,ROXX--760,ROXXY,,,,760,,,,276,,,,,,,,,,,,,,,1665,,,,
ROXXY,ROXX--800,ROXXY,,,,800,,,,195,,,,,,,,,,,,,,,1250,,,,
ROXXY,ROXX--810,ROXXY,,,,810,,,,132,,,,,,,,,,,,,,,660,,,,
ROXXY,ROXX--830,ROXXY,,,,830,,,,172,,,,,,,,,,,,,,,900,,,,
ROXXY,ROXX--830,ROXXY,,,,830,,,,172,,,,,,,,,,,,,,,1000,,,,
ROXXY,ROXX--850,ROXXY,,,,850,,,,150,,,,,,,,,,,,,,,700,,,,
ROXXY,ROXX--850,ROXXY,,,,850,,,,152,,,,,,,,,,,,,,,750,,,,
ROXXY,ROXX--880,ROXXY,,,,880,,,,67,,,,,,,,,,,,,,,260,,,,
ROXXY,ROXX--900,ROXXY,,,,900,,,,175,,,,,,,,,,,,,,,1000,,,,
ROXXY,ROXX--900,ROXXY,,,,900,,,,340,,,,,,,,,,,,,,,2900,,,,
ROXXY,ROXX--910,ROXXY,,,,910,,,,57,,,,,,,,,,,,,,,260,,,,
ROXXY,ROXX--910,ROXXY,,,,910,,,,130,,,,,,,,,,,,,,,580,,,,
ROXXY,ROXX--930,ROXXY,,,,930,,,,57,,,,,,,,,,,,,,,150,,,,
ROXXY,ROXX--930,ROXXY,,,,930,,,,132,,,,,,,,,,,,,,,750,,,,
ROXXY,ROXX--950,ROXXY,,,,950,,,,78,,,,,,,,,,,,,,,310,,,,
ROXXY,ROXX--950,ROXXY,,,,950,,,,105,,,,,,,,,,,,,,,460,,,,
ROXXY,ROXX--950,ROXXY,,,,950,,,,105,,,,,,,,,,,,,,,430,,,,
ROXXY,ROXX--980,ROXXY,,,,980,,,,130,,,,,,,,,,,,,,,650,,,,
ROXXY,ROXX--1000,ROXXY,,,,1000,,,,195,,,,,,,,,,,,,,,1380,,,,
ROXXY,ROXX--1100,ROXXY,,,,1100,,,,33,,,,,,,,,,,,,,,62,,,,
ROXXY,ROXX--1100,ROXXY,,,,1100,,,,48,,,,,,,,,,,,,,,155,,,,
ROXXY,ROXX--1100,ROXXY,,,,1100,,,,132,,,,,,,,,,,,,,,850,,,,
ROXXY,ROXX--1120,ROXXY,,,,1120,,,,67,,,,,,,,,,,,,,,380,,,,
ROXXY,ROXX--1150,ROXXY,,,,1150,,,,150,,,,,,,,,,,,,,,800,,,,
ROXXY,ROXX--1150,ROXXY,,,,1150,,,,172,,,,,,,,,,,,,,,600,,,,
ROXXY,ROXX--1150,ROXXY,,,,1150,,,,152,,,,,,,,,,,,,,,900,,,,
ROXXY,ROXX--1250,ROXXY,,,,1250,,,,109,,,,,,,,,,,,,,,680,,,,
ROXXY,ROXX--1260,ROXXY,,,,1260,,,,45,,,,,,,,,,,,,,,220,,,,
ROXXY,ROXX--1270,ROXXY,,,,1270,,,,30,,,,,,,,,,,,,,,140,,,,
ROXXY,ROXX--1280,ROXXY,,,,1280,,,,57,,,,,,,,,,,,,,,300,,,,
ROXXY,ROXX--1300,ROXXY,,,,1300,,,,78,,,,,,,,,,,,,,,420,,,,
ROXXY,ROXX--1300,ROXXY,,,,1300,,,,150,,,,,,,,,,,,,,,850,,,,
ROXXY,ROXX--1300,ROXXY,,,,1300,,,,172,,,,,,,,,,,,,,,680,,,,
ROXXY,ROXX--1330,ROXXY,,,,1330,,,,28,,,,,,,,,,,,,,,110,,,,
ROXXY,ROXX--1330,ROXXY,,,,1330,,,,78,,,,,,,,,,,,,,,350,,,,
ROXXY,ROXX--1380,ROXXY,,,,1380,,,,30,,,,,,,,,,,,,,,160,,,,
ROXXY,ROXX--1380,ROXXY,,,,1380,,,,48,,,,,,,,,,,,,,,170,,,,
ROXXY,ROXX--1450,ROXXY,,,,1450,,,,45,,,,,,,,,,,,,,,240,,,,
ROXXY,ROXX--1500,ROXXY,,,,1500,,,,78,,,,,,,,,,,,,,,410,,,,
ROXXY,ROXX--1500,ROXXY,,,,1500,,,,105,,,,,,,,,,,,,,,800,,,,
ROXXY,ROXX--1500,ROXXY,,,,1500,,,,109,,,,,,,,,,,,,,,750,,,,
ROXXY,ROXX--1600,ROXXY,,,,1600,,,,78,,,,,,,,,,,,,,,480,,,,
ROXXY,ROXX--1600,ROXXY,,,,1600,,,,76,,,,,,,,,,,,,,,450,,,,
ROXXY,ROXX--1650,ROXXY,,,,1650,,,,19,,,,,,,,,,,,,,,60,,,,
ROXXY,ROXX--1780,ROXXY,,,,1780,,,,28,,,,,,,,,,,,,,,120,,,,
ROXXY,ROXX--1800,ROXXY,,,,1800,,,,19,,,,,,,,,,,,,,,80,,,,
ROXXY,ROXX--1800,ROXXY,,,,1800,,,,20,,,,,,,,,,,,,,,110,,,,
ROXXY,ROXX--1900,ROXXY,,,,1900,,,,45,,,,,,,,,,,,,,,250,,,,
ROXXY,ROXX--2000,ROXXY,,,,2000,,,,13,,,,,,,,,,,,,,,40,,,,
ROXXY,ROXX--2120,ROXXY,,,,2120,,,,19,,,,,,,,,,,,,,,70,,,,
ROXXY,ROXX--2250,ROXXY,,,,2250,,,,28,,,,,,,,,,,,,,,130,,,,
ROXXY,ROXX--2280,ROXXY,,,,2280,,,,16,,,,,,,,,,,,,,,50,,,,
ROXXY,ROXX--2520,ROXXY,,,,2520,,,,19,,,,,,,,,,,,,,,80,,,,
ROXXY,ROXX--2570,ROXXY,,,,2570,,,,19,,,,,,,,,,,,,,,100,,,,
ROXXY,ROXX--2850,ROXXY,,,,2850,,,,16,,,,,,,,,,,,,,,65,,,,
ROXXY,ROXX--2900,ROXXY,,,,2900,,,,13,,,,,,,,,,,,,,,55,,,,
RVE,RVE--470,RVE,,,,470,,,,495,,,,,,,,,,,,,,,9500,,,,
RVE,RVE--510,RVE,,,,510,,,,368,,,,,,,,,,,,,,,5325,,,,
RVE,RVE--510,RVE,,,,510,,,,495,,,,,,,,,,,,,,,10900,,,,
RVE,RVE--520,RVE,,,,520,,,,538,,,,,,,,,,,,,,,12500,,,,
RVE,RVE--540,RVE,,,,540,,,,495,,,,,,,,,,,,,,,12000,,,,
RVE,RVE--545,RVE,,,,545,,,,538,,,,,,,,,,,,,,,13500,,,,
RVE,RVE--940,RVE,,,,940,,,,368,,,,,,,,,,,,,,,3750,,,,
SAVOX,Savo--450,Savox,,,,450,,,,454,,,,,,,,,,,,,,,4200,,,,
SAVOX,Savo--500,Savox,,,,500,,,,454,,,,,,,,,,,,,,,4400,,,,
SAVOX,Savo--550,Savox,,,,550,,,,363,,,,,,,,,,,,,,,4000,,,,
SAVOX,Savo--1200,Savox,,,,1200,,,,184,,,,,,,,,,,,,,,1880,,,,
SAVOX,Savo--1200,Savox,,,,1200,,,,215,,,,,,,,,,,,,,,1800,,,,
SAVOX,Savo--1200,Savox,,,,1200,,,,270,,,,,,,,,,,,,,,2200,,,,
SAVOX,Savo--1200,Savox,,,,1200,,,,358,,,,,,,,,,,,,,,2780,,,,
SAVOX,Savo--1300,Savox,,,,1300,,,,184,,,,,,,,,,,,,,,2100,,,,
SAVOX,Savo--1300,Savox,,,,1300,,,,215,,,,,,,,,,,,,,,1900,,,,
SAVOX,Savo--3500,Savox,,,,3500,,,,71,,,,,,,,,,,,,,,535,,,,
SCORPION,Scor--150,Scorpion,,,,150,,,,1005,,,,,,,,,,,,,,,3800,,,,
SCORPION,Scor--150,Scorpion,,,,150,,,,1043,,,,,,,,,,,,,,,3900,,,,
SCORPION,Scor--160,Scorpion,,,,160,,,,810,,,,,,,,,,,,,,,3600,,,,
SCORPION,Scor--160,Scorpion,,,,160,,,,906,,,,,,,,,,,,,,,3750,,,,
SCORPION,Scor--170,Scorpion,,,,170,,,,640,,,,,,,,,,,,,,,2300,,,,
SCORPION,Scor--170,Scorpion,,,,170,,,,708,,,,,,,,,,,,,,,2450,,,,
SCORPION,Scor--180,Scorpion,,,,180,,,,1005,,,,,,,,,,,,,,,4500,,,,
SCORPION,Scor--180,Scorpion,,,,180,,,,1043,,,,,,,,,,,,,,,4550,,,,
SCORPION,Scor--190,Scorpion,,,,190,,,,810,,,,,,,,,,,,,,,3800,,,,
SCORPION,Scor--190,Scorpion,,,,190,,,,906,,,,,,,,,,,,,,,3900,,,,
SCORPION,Scor--195,Scorpion,,,,195,,,,640,,,,,,,,,,,,,,,2650,,,,
SCORPION,Scor--195,Scorpion,,,,195,,,,708,,,,,,,,,,,,,,,2800,,,,
SCORPION,Scor--200,Scorpion,,,,200,,,,1115,,,,,,,,,,,,,,,6000,,,,
SCORPION,Scor--210,Scorpion,,,,210,,,,708,,,,,,,,,,,,,,,3150,,,,
SCORPION,Scor--220,Scorpion,,,,220,,,,576,,,,,,,,,,,,,,,2590,,,,
SCORPION,Scor--220,Scorpion,,,,220,,,,576,,,,,,,,,,,,,,,2590,,,,
SCORPION,Scor--220,Scorpion,,,,220,,,,606,,,,,,,,,,,,,,,2590,,,,
SCORPION,Scor--225,Scorpion,,,,225,,,,640,,,,,,,,,,,,,,,2975,,,,
SCORPION,Scor--250,Scorpion,,,,250,,,,435,,,,,,,,,,,,,,,3200,,,,
SCORPION,Scor--250,Scorpion,,,,250,,,,450,,,,,,,,,,,,,,,2700,,,,
SCORPION,Scor--310,Scorpion,,,,310,,,,208,,,,,,,,,,,,,,,1295,,,,
SCORPION,Scor--320,Scorpion,,,,320,,,,223,,,,,,,,,,,,,,,1110,,,,
SCORPION,Scor--330,Scorpion,,,,330,,,,1915,,,,,,,,,,,,,,,15000,,,,
SCORPION,Scor--330,Scorpion,,,,330,,,,439,,,,,,,,,,,,,,,2650,,,,
SCORPION,Scor--330,Scorpion,,,,330,,,,456,,,,,,,,,,,,,,,3550,,,,
SCORPION,Scor--330,Scorpion,,,,330,,,,435,,,,,,,,,,,,,,,2880,,,,
SCORPION,Scor--330,Scorpion,,,,330,,,,353,,,,,,,,,,,,,,,2000,,,,
SCORPION,Scor--330,Scorpion,,,,330,,,,435,,,,,,,,,,,,,,,2400,,,,
SCORPION,Scor--332,Scorpion,,,,332,,,,350,,,,,,,,,,,,,,,2000,,,,
SCORPION,Scor--340,Scorpion,,,,340,,,,1700,,,,,,,,,,,,,,,15000,,,,
SCORPION,Scor--340,Scorpion,,,,340,,,,194,,,,,,,,,,,,,,,1730,,,,
SCORPION,Scor--340,Scorpion,,,,340,,,,194,,,,,,,,,,,,,,,1260,,,,
SCORPION,Scor--360,Scorpion,,,,360,,,,152,,,,,,,,,,,,,,,1550,,,,
SCORPION,Scor--360,Scorpion,,,,360,,,,152,,,,,,,,,,,,,,,1110,,,,
SCORPION,Scor--370,Scorpion,,,,370,,,,490,,,,,,,,,,,,,,,5400,,,,
SCORPION,Scor--380,Scorpion,,,,380,,,,744,,,,,,,,,,,,,,,6650,,,,
SCORPION,Scor--380,Scorpion,,,,380,,,,785,,,,,,,,,,,,,,,7095,,,,
SCORPION,Scor--380,Scorpion,,,,380,,,,115,,,,,,,,,,,,,,,333,,,,
SCORPION,Scor--380,Scorpion,,,,380,,,,435,,,,,,,,,,,,,,,3100,,,,
SCORPION,Scor--380,Scorpion,,,,380,,,,435,,,,,,,,,,,,,,,2600,,,,
SCORPION,Scor--390,Scorpion,,,,390,,,,350,,,,,,,,,,,,,,,2000,,,,
SCORPION,Scor--400,Scorpion,,,,400,,,,719,,,,,,,,,,,,,,,15000,,,,
SCORPION,Scor--400,Scorpion,,,,400,,,,152,,,,,,,,,,,,,,,1480,,,,
SCORPION,Scor--400,Scorpion,,,,400,,,,152,,,,,,,,,,,,,,,1480,,,,
SCORPION,Scor--410,Scorpion,,,,410,,,,670,,,,,,,,,,,,,,,7000,,,,
SCORPION,Scor--410,Scorpion,,,,410,,,,742,,,,,,,,,,,,,,,7000,,,,
SCORPION,Scor--410,Scorpion,,,,410,,,,778,,,,,,,,,,,,,,,6430,,,,
SCORPION,Scor--415,Scorpion,,,,415,,,,305,,,,,,,,,,,,,,,1500,,,,
SCORPION,Scor--420,Scorpion,,,,420,,,,288,,,,,,,,,,,,,,,1500,,,,
SCORPION,Scor--440,Scorpion,,,,440,,,,546,,,,,,,,,,,,,,,5700,,,,
SCORPION,Scor--440,Scorpion,,,,440,,,,566,,,,,,,,,,,,,,,5600,,,,
SCORPION,Scor--440,Scorpion,,,,440,,,,350,,,,,,,,,,,,,,,2000,,,,
SCORPION,Scor--440,Scorpion,,,,440,,,,353,,,,,,,,,,,,,,,2000,,,,
SCORPION,Scor--450,Scorpion,,,,450,,,,565,,,,,,,,,,,,,,,9600,,,,
SCORPION,Scor--450,Scorpion,,,,450,,,,660,,,,,,,,,,,,,,,13000,,,,
SCORPION,Scor--450,Scorpion,,,,450,,,,658,,,,,,,,,,,,,,,12200,,,,
SCORPION,Scor--450,Scorpion,,,,450,,,,468,,,,,,,,,,,,,,,5320,,,,
SCORPION,Scor--450,Scorpion,,,,450,,,,439,,,,,,,,,,,,,,,3300,,,,
SCORPION,Scor--450,Scorpion,,,,450,,,,501,,,,,,,,,,,,,,,5020,,,,
SCORPION,Scor--450,Scorpion,,,,450,,,,456,,,,,,,,,,,,,,,4215,,,,
SCORPION,Scor--450,Scorpion,,,,450,,,,435,,,,,,,,,,,,,,,2960,,,,
SCORPION,Scor--460,Scorpion,,,,460,,,,435,,,,,,,,,,,,,,,3360,,,,
SCORPION,Scor--484,Scorpion,,,,484,,,,305,,,,,,,,,,,,,,,1500,,,,
SCORPION,Scor--500,Scorpion,,,,500,,,,565,,,,,,,,,,,,,,,11000,,,,
SCORPION,Scor--500,Scorpion,,,,500,,,,664,,,,,,,,,,,,,,,13000,,,,
SCORPION,Scor--500,Scorpion,,,,500,,,,435,,,,,,,,,,,,,,,3360,,,,
SCORPION,Scor--500,Scorpion,,,,500,,,,670,,,,,,,,,,,,,,,7100,,,,
SCORPION,Scor--500,Scorpion,,,,500,,,,393,,,,,,,,,,,,,,,5770,,,,
SCORPION,Scor--500,Scorpion,,,,500,,,,598,,,,,,,,,,,,,,,11000,,,,
SCORPION,Scor--500,Scorpion,,,,500,,,,439,,,,,,,,,,,,,,,3500,,,,
SCORPION,Scor--500,Scorpion,,,,500,,,,732,,,,,,,,,,,,,,,7100,,,,
SCORPION,Scor--500,Scorpion,,,,500,,,,456,,,,,,,,,,,,,,,4615,,,,
SCORPION,Scor--500,Scorpion,,,,500,,,,778,,,,,,,,,,,,,,,7100,,,,
SCORPION,Scor--510,Scorpion,,,,510,,,,365,,,,,,,,,,,,,,,4150,,,,
SCORPION,Scor--515,Scorpion,,,,515,,,,350,,,,,,,,,,,,,,,2000,,,,
SCORPION,Scor--520,Scorpion,,,,520,,,,503,,,,,,,,,,,,,,,10200,,,,
SCORPION,Scor--520,Scorpion,,,,520,,,,485,,,,,,,,,,,,,,,10200,,,,
SCORPION,Scor--520,Scorpion,,,,520,,,,485,,,,,,,,,,,,,,,10200,,,,
SCORPION,Scor--520,Scorpion,,,,520,,,,470,,,,,,,,,,,,,,,10200,,,,
SCORPION,Scor--520,Scorpion,,,,520,,,,468,,,,,,,,,,,,,,,5800,,,,
SCORPION,Scor--520,Scorpion,,,,520,,,,519,,,,,,,,,,,,,,,9600,,,,
SCORPION,Scor--520,Scorpion,,,,520,,,,516,,,,,,,,,,,,,,,10200,,,,
SCORPION,Scor--520,Scorpion,,,,520,,,,498,,,,,,,,,,,,,,,5330,,,,
SCORPION,Scor--520,Scorpion,,,,520,,,,595,,,,,,,,,,,,,,,11840,,,,
SCORPION,Scor--520,Scorpion,,,,520,,,,347,,,,,,,,,,,,,,,3995,,,,
SCORPION,Scor--520,Scorpion,,,,520,,,,353,,,,,,,,,,,,,,,2000,,,,
SCORPION,Scor--530,Scorpion,,,,530,,,,439,,,,,,,,,,,,,,,3400,,,,
SCORPION,Scor--530,Scorpion,,,,530,,,,839,,,,,,,,,,,,,,,10600,,,,
SCORPION,Scor--540,Scorpion,,,,540,,,,565,,,,,,,,,,,,,,,11000,,,,
SCORPION,Scor--540,Scorpion,,,,540,,,,588,,,,,,,,,,,,,,,11000,,,,
SCORPION,Scor--540,Scorpion,,,,540,,,,288,,,,,,,,,,,,,,,1850,,,,
SCORPION,Scor--542,Scorpion,,,,542,,,,305,,,,,,,,,,,,,,,1500,,,,
SCORPION,Scor--550,Scorpion,,,,550,,,,326,,,,,,,,,,,,,,,2850,,,,
SCORPION,Scor--550,Scorpion,,,,550,,,,635,,,,,,,,,,,,,,,13000,,,,
SCORPION,Scor--550,Scorpion,,,,550,,,,393,,,,,,,,,,,,,,,5770,,,,
SCORPION,Scor--550,Scorpion,,,,550,,,,519,,,,,,,,,,,,,,,5770,,,,
SCORPION,Scor--550,Scorpion,,,,550,,,,354,,,,,,,,,,,,,,,3900,,,,
SCORPION,Scor--560,Scorpion,,,,560,,,,136,,,,,,,,,,,,,,,710,,,,
SCORPION,Scor--560,Scorpion,,,,560,,,,435,,,,,,,,,,,,,,,3800,,,,
SCORPION,Scor--560,Scorpion,,,,560,,,,439,,,,,,,,,,,,,,,4200,,,,
SCORPION,Scor--560,Scorpion,,,,560,,,,456,,,,,,,,,,,,,,,5225,,,,
SCORPION,Scor--600,Scorpion,,,,600,,,,136,,,,,,,,,,,,,,,962,,,,
SCORPION,Scor--610,Scorpion,,,,610,,,,390,,,,,,,,,,,,,,,3000,,,,
SCORPION,Scor--610,Scorpion,,,,610,,,,393,,,,,,,,,,,,,,,5770,,,,
SCORPION,Scor--630,Scorpion,,,,630,,,,326,,,,,,,,,,,,,,,2520,,,,
SCORPION,Scor--630,Scorpion,,,,630,,,,435,,,,,,,,,,,,,,,3600,,,,
SCORPION,Scor--630,Scorpion,,,,630,,,,522,,,,,,,,,,,,,,,7100,,,,
SCORPION,Scor--630,Scorpion,,,,630,,,,305,,,,,,,,,,,,,,,1500,,,,
SCORPION,Scor--630,Scorpion,,,,630,,,,288,,,,,,,,,,,,,,,1500,,,,
SCORPION,Scor--650,Scorpion,,,,650,,,,354,,,,,,,,,,,,,,,3700,,,,
SCORPION,Scor--687,Scorpion,,,,687,,,,223,,,,,,,,,,,,,,,1200,,,,
SCORPION,Scor--690,Scorpion,,,,690,,,,275,,,,,,,,,,,,,,,1025,,,,
SCORPION,Scor--690,Scorpion,,,,690,,,,275,,,,,,,,,,,,,,,1025,,,,
SCORPION,Scor--700,Scorpion,,,,700,,,,697,,,,,,,,,,,,,,,6600,,,,
SCORPION,Scor--710,Scorpion,,,,710,,,,205,,,,,,,,,,,,,,,1000,,,,
SCORPION,Scor--710,Scorpion,,,,710,,,,205,,,,,,,,,,,,,,,1000,,,,
SCORPION,Scor--730,Scorpion,,,,730,,,,354,,,,,,,,,,,,,,,3500,,,,
SCORPION,Scor--740,Scorpion,,,,740,,,,326,,,,,,,,,,,,,,,2450,,,,
SCORPION,Scor--760,Scorpion,,,,760,,,,87,,,,,,,,,,,,,,,488,,,,
SCORPION,Scor--780,Scorpion,,,,780,,,,166,,,,,,,,,,,,,,,780,,,,
SCORPION,Scor--780,Scorpion,,,,780,,,,166,,,,,,,,,,,,,,,780,,,,
SCORPION,Scor--790,Scorpion,,,,790,,,,305,,,,,,,,,,,,,,,1400,,,,
SCORPION,Scor--800,Scorpion,,,,800,,,,435,,,,,,,,,,,,,,,4200,,,,
SCORPION,Scor--812,Scorpion,,,,812,,,,154,,,,,,,,,,,,,,,800,,,,
SCORPION,Scor--823,Scorpion,,,,823,,,,223,,,,,,,,,,,,,,,1200,,,,
SCORPION,Scor--830,Scorpion,,,,830,,,,129,,,,,,,,,,,,,,,550,,,,
SCORPION,Scor--830,Scorpion,,,,830,,,,129,,,,,,,,,,,,,,,550,,,,
SCORPION,Scor--840,Scorpion,,,,840,,,,190,,,,,,,,,,,,,,,1000,,,,
SCORPION,Scor--850,Scorpion,,,,850,,,,347,,,,,,,,,,,,,,,3255,,,,
SCORPION,Scor--860,Scorpion,,,,860,,,,310,,,,,,,,,,,,,,,1995,,,,
SCORPION,Scor--880,Scorpion,,,,880,,,,195,,,,,,,,,,,,,,,1450,,,,
SCORPION,Scor--880,Scorpion,,,,880,,,,275,,,,,,,,,,,,,,,1050,,,,
SCORPION,Scor--880,Scorpion,,,,880,,,,275,,,,,,,,,,,,,,,1050,,,,
SCORPION,Scor--885,Scorpion,,,,885,,,,58,,,,,,,,,,,,,,,140,,,,
SCORPION,Scor--885,Scorpion,,,,885,,,,58,,,,,,,,,,,,,,,140,,,,
SCORPION,Scor--890,Scorpion,,,,890,,,,326,,,,,,,,,,,,,,,2380,,,,
SCORPION,Scor--890,Scorpion,,,,890,,,,302,,,,,,,,,,,,,,,2100,,,,
SCORPION,Scor--890,Scorpion,,,,890,,,,354,,,,,,,,,,,,,,,2700,,,,
SCORPION,Scor--890,Scorpion,,,,890,,,,166,,,,,,,,,,,,,,,800,,,,
SCORPION,Scor--890,Scorpion,,,,890,,,,166,,,,,,,,,,,,,,,800,,,,
SCORPION,Scor--890,Scorpion,,,,890,,,,205,,,,,,,,,,,,,,,1025,,,,
SCORPION,Scor--890,Scorpion,,,,890,,,,205,,,,,,,,,,,,,,,1025,,,,
SCORPION,Scor--892,Scorpion,,,,892,,,,122,,,,,,,,,,,,,,,550,,,,
SCORPION,Scor--900,Scorpion,,,,900,,,,119,,,,,,,,,,,,,,,650,,,,
SCORPION,Scor--900,Scorpion,,,,900,,,,239,,,,,,,,,,,,,,,1770,,,,
SCORPION,Scor--900,Scorpion,,,,900,,,,69,,,,,,,,,,,,,,,180,,,,
SCORPION,Scor--900,Scorpion,,,,900,,,,69,,,,,,,,,,,,,,,180,,,,
SCORPION,Scor--910,Scorpion,,,,910,,,,285,,,,,,,,,,,,,,,1820,,,,
SCORPION,Scor--920,Scorpion,,,,920,,,,136,,,,,,,,,,,,,,,962,,,,
SCORPION,Scor--930,Scorpion,,,,930,,,,52,,,,,,,,,,,,,,,220,,,,
SCORPION,Scor--939,Scorpion,,,,939,,,,51,,,,,,,,,,,,,,,140,,,,
SCORPION,Scor--940,Scorpion,,,,940,,,,62,,,,,,,,,,,,,,,180,,,,
SCORPION,Scor--944,Scorpion,,,,944,,,,154,,,,,,,,,,,,,,,800,,,,
SCORPION,Scor--960,Scorpion,,,,960,,,,58,,,,,,,,,,,,,,,140,,,,
SCORPION,Scor--960,Scorpion,,,,960,,,,58,,,,,,,,,,,,,,,140,,,,
SCORPION,Scor--980,Scorpion,,,,980,,,,199,,,,,,,,,,,,,,,1000,,,,
SCORPION,Scor--988,Scorpion,,,,988,,,,223,,,,,,,,,,,,,,,1200,,,,
SCORPION,Scor--990,Scorpion,,,,990,,,,275,,,,,,,,,,,,,,,1065,,,,
SCORPION,Scor--990,Scorpion,,,,990,,,,275,,,,,,,,,,,,,,,1065,,,,
SCORPION,Scor--1000,Scorpion,,,,1000,,,,153,,,,,,,,,,,,,,,1050,,,,
SCORPION,Scor--1000,Scorpion,,,,1000,,,,195,,,,,,,,,,,,,,,1300,,,,
SCORPION,Scor--1040,Scorpion,,,,1040,,,,129,,,,,,,,,,,,,,,600,,,,
SCORPION,Scor--1040,Scorpion,,,,1040,,,,129,,,,,,,,,,,,,,,600,,,,
SCORPION,Scor--1060,Scorpion,,,,1060,,,,310,,,,,,,,,,,,,,,1995,,,,
SCORPION,Scor--1064,Scorpion,,,,1064,,,,122,,,,,,,,,,,,,,,600,,,,
SCORPION,Scor--1070,Scorpion,,,,1070,,,,244,,,,,,,,,,,,,,,1900,,,,
SCORPION,Scor--1070,Scorpion,,,,1070,,,,58,,,,,,,,,,,,,,,160,,,,
SCORPION,Scor--1070,Scorpion,,,,1070,,,,58,,,,,,,,,,,,,,,160,,,,
SCORPION,Scor--1086,Scorpion,,,,1086,,,,90,,,,,,,,,,,,,,,400,,,,
SCORPION,Scor--1088,Scorpion,,,,1088,,,,154,,,,,,,,,,,,,,,800,,,,
SCORPION,Scor--1090,Scorpion,,,,1090,,,,95,,,,,,,,,,,,,,,370,,,,
SCORPION,Scor--1090,Scorpion,,,,1090,,,,95,,,,,,,,,,,,,,,370,,,,
SCORPION,Scor--1100,Scorpion,,,,1100,,,,285,,,,,,,,,,,,,,,1640,,,,
SCORPION,Scor--1100,Scorpion,,,,1100,,,,326,,,,,,,,,,,,,,,2200,,,,
SCORPION,Scor--1100,Scorpion,,,,1100,,,,302,,,,,,,,,,,,,,,1890,,,,
SCORPION,Scor--1100,Scorpion,,,,1100,,,,354,,,,,,,,,,,,,,,2200,,,,
SCORPION,Scor--1100,Scorpion,,,,1100,,,,347,,,,,,,,,,,,,,,2885,,,,
SCORPION,Scor--1100,Scorpion,,,,1100,,,,45,,,,,,,,,,,,,,,130,,,,
SCORPION,Scor--1100,Scorpion,,,,1100,,,,45,,,,,,,,,,,,,,,130,,,,
SCORPION,Scor--1110,Scorpion,,,,1110,,,,166,,,,,,,,,,,,,,,840,,,,
SCORPION,Scor--1110,Scorpion,,,,1110,,,,166,,,,,,,,,,,,,,,840,,,,
SCORPION,Scor--1127,Scorpion,,,,1127,,,,69,,,,,,,,,,,,,,,210,,,,
SCORPION,Scor--1127,Scorpion,,,,1127,,,,69,,,,,,,,,,,,,,,210,,,,
SCORPION,Scor--1131,Scorpion,,,,1131,,,,62,,,,,,,,,,,,,,,210,,,,
SCORPION,Scor--1150,Scorpion,,,,1150,,,,41,,,,,,,,,,,,,,,130,,,,
SCORPION,Scor--1157,Scorpion,,,,1157,,,,53,,,,,,,,,,,,,,,160,,,,
SCORPION,Scor--1187,Scorpion,,,,1187,,,,122,,,,,,,,,,,,,,,600,,,,
SCORPION,Scor--1190,Scorpion,,,,1190,,,,205,,,,,,,,,,,,,,,1050,,,,
SCORPION,Scor--1190,Scorpion,,,,1190,,,,205,,,,,,,,,,,,,,,1050,,,,
SCORPION,Scor--1210,Scorpion,,,,1210,,,,195,,,,,,,,,,,,,,,1360,,,,
SCORPION,Scor--1212,Scorpion,,,,1212,,,,190,,,,,,,,,,,,,,,1000,,,,
SCORPION,Scor--1220,Scorpion,,,,1220,,,,95,,,,,,,,,,,,,,,425,,,,
SCORPION,Scor--1220,Scorpion,,,,1220,,,,95,,,,,,,,,,,,,,,425,,,,
SCORPION,Scor--1220,Scorpion,,,,1220,,,,129,,,,,,,,,,,,,,,640,,,,
SCORPION,Scor--1220,Scorpion,,,,1220,,,,129,,,,,,,,,,,,,,,640,,,,
SCORPION,Scor--1253,Scorpion,,,,1253,,,,86,,,,,,,,,,,,,,,400,,,,
SCORPION,Scor--1280,Scorpion,,,,1280,,,,45,,,,,,,,,,,,,,,150,,,,
SCORPION,Scor--1280,Scorpion,,,,1280,,,,45,,,,,,,,,,,,,,,150,,,,
SCORPION,Scor--1293,Scorpion,,,,1293,,,,41,,,,,,,,,,,,,,,150,,,,
SCORPION,Scor--1320,Scorpion,,,,1320,,,,310,,,,,,,,,,,,,,,2330,,,,
SCORPION,Scor--1350,Scorpion,,,,1350,,,,302,,,,,,,,,,,,,,,2200,,,,
SCORPION,Scor--1360,Scorpion,,,,1360,,,,108,,,,,,,,,,,,,,,840,,,,
SCORPION,Scor--1390,Scorpion,,,,1390,,,,285,,,,,,,,,,,,,,,1890,,,,
SCORPION,Scor--1400,Scorpion,,,,1400,,,,239,,,,,,,,,,,,,,,1770,,,,
SCORPION,Scor--1400,Scorpion,,,,1400,,,,195,,,,,,,,,,,,,,,1680,,,,
SCORPION,Scor--1400,Scorpion,,,,1400,,,,69,,,,,,,,,,,,,,,590,,,,
SCORPION,Scor--1450,Scorpion,,,,1450,,,,244,,,,,,,,,,,,,,,1770,,,,
SCORPION,Scor--1490,Scorpion,,,,1490,,,,35,,,,,,,,,,,,,,,110,,,,
SCORPION,Scor--1490,Scorpion,,,,1490,,,,35,,,,,,,,,,,,,,,110,,,,
SCORPION,Scor--1551,Scorpion,,,,1551,,,,32,,,,,,,,,,,,,,,110,,,,
SCORPION,Scor--1580,Scorpion,,,,1580,,,,104,,,,,,,,,,,,,,,945,,,,
SCORPION,Scor--1585,Scorpion,,,,1585,,,,35,,,,,,,,,,,,,,,110,,,,
SCORPION,Scor--1585,Scorpion,,,,1585,,,,35,,,,,,,,,,,,,,,110,,,,
SCORPION,Scor--1600,Scorpion,,,,1600,,,,239,,,,,,,,,,,,,,,1550,,,,
SCORPION,Scor--1600,Scorpion,,,,1600,,,,195,,,,,,,,,,,,,,,1470,,,,
SCORPION,Scor--1610,Scorpion,,,,1610,,,,20,,,,,,,,,,,,,,,72,,,,
SCORPION,Scor--1630,Scorpion,,,,1630,,,,79,,,,,,,,,,,,,,,530,,,,
SCORPION,Scor--1630,Scorpion,,,,1630,,,,81,,,,,,,,,,,,,,,530,,,,
SCORPION,Scor--1650,Scorpion,,,,1650,,,,12,,,,,,,,,,,,,,,32.5,,,,
SCORPION,Scor--1670,Scorpion,,,,1670,,,,32,,,,,,,,,,,,,,,110,,,,
SCORPION,Scor--1810,Scorpion,,,,1810,,,,69,,,,,,,,,,,,,,,260,,,,
SCORPION,Scor--1810,Scorpion,,,,1810,,,,69,,,,,,,,,,,,,,,260,,,,
SCORPION,Scor--1850,Scorpion,,,,1850,,,,58,,,,,,,,,,,,,,,230,,,,
SCORPION,Scor--1850,Scorpion,,,,1850,,,,58,,,,,,,,,,,,,,,230,,,,
SCORPION,Scor--1860,Scorpion,,,,1860,,,,62,,,,,,,,,,,,,,,320,,,,
SCORPION,Scor--1880,Scorpion,,,,1880,,,,104,,,,,,,,,,,,,,,1050,,,,
SCORPION,Scor--1900,Scorpion,,,,1900,,,,195,,,,,,,,,,,,,,,1400,,,,
SCORPION,Scor--1900,Scorpion,,,,1900,,,,35,,,,,,,,,,,,,,,130,,,,
SCORPION,Scor--1900,Scorpion,,,,1900,,,,35,,,,,,,,,,,,,,,130,,,,
SCORPION,Scor--1920,Scorpion,,,,1920,,,,55,,,,,,,,,,,,,,,240,,,,
SCORPION,Scor--1960,Scorpion,,,,1960,,,,20,,,,,,,,,,,,,,,80,,,,
SCORPION,Scor--1979,Scorpion,,,,1979,,,,32,,,,,,,,,,,,,,,130,,,,
SCORPION,Scor--2000,Scorpion,,,,2000,,,,41,,,,,,,,,,,,,,,460,,,,
SCORPION,Scor--2010,Scorpion,,,,2010,,,,81,,,,,,,,,,,,,,,590,,,,
SCORPION,Scor--2250,Scorpion,,,,2250,,,,16,,,,,,,,,,,,,,,45,,,,
SCORPION,Scor--2300,Scorpion,,,,2300,,,,25,,,,,,,,,,,,,,,175,,,,
SCORPION,Scor--2300,Scorpion,,,,2300,,,,26,,,,,,,,,,,,,,,266,,,,
SCORPION,Scor--2350,Scorpion,,,,2350,,,,31,,,,,,,,,,,,,,,420,,,,
SCORPION,Scor--2350,Scorpion,,,,2350,,,,31,,,,,,,,,,,,,,,420,,,,
SCORPION,Scor--2580,Scorpion,,,,2580,,,,79,,,,,,,,,,,,,,,400,,,,
SCORPION,Scor--2580,Scorpion,,,,2580,,,,81,,,,,,,,,,,,,,,530,,,,
SCORPION,Scor--2600,Scorpion,,,,2600,,,,39,,,,,,,,,,,,,,,160,,,,
SCORPION,Scor--2600,Scorpion,,,,2600,,,,39,,,,,,,,,,,,,,,160,,,,
SCORPION,Scor--2608,Scorpion,,,,2608,,,,64,,,,,,,,,,,,,,,320,,,,
SCORPION,Scor--2608,Scorpion,,,,2608,,,,64,,,,,,,,,,,,,,,320,,,,
SCORPION,Scor--2640,Scorpion,,,,2640,,,,54,,,,,,,,,,,,,,,280,,,,
SCORPION,Scor--2640,Scorpion,,,,2640,,,,54,,,,,,,,,,,,,,,280,,,,
SCORPION,Scor--2700,Scorpion,,,,2700,,,,27,,,,,,,,,,,,,,,333,,,,
SCORPION,Scor--2920,Scorpion,,,,2920,,,,64,,,,,,,,,,,,,,,340,,,,
SCORPION,Scor--2920,Scorpion,,,,2920,,,,64,,,,,,,,,,,,,,,340,,,,
SCORPION,Scor--3000,Scorpion,,,,3000,,,,79,,,,,,,,,,,,,,,440,,,,
SCORPION,Scor--3000,Scorpion,,,,3000,,,,81,,,,,,,,,,,,,,,440,,,,
SCORPION,Scor--3125,Scorpion,,,,3125,,,,39,,,,,,,,,,,,,,,200,,,,
SCORPION,Scor--3125,Scorpion,,,,3125,,,,39,,,,,,,,,,,,,,,200,,,,
SCORPION,Scor--3200,Scorpion,,,,3200,,,,54,,,,,,,,,,,,,,,310,,,,
SCORPION,Scor--3200,Scorpion,,,,3200,,,,54,,,,,,,,,,,,,,,310,,,,
SCORPION,Scor--3300,Scorpion,,,,3300,,,,170,,,,,,,,,,,,,,,700,,,,
SCORPION,Scor--3350,Scorpion,,,,3350,,,,64,,,,,,,,,,,,,,,375,,,,
SCORPION,Scor--3350,Scorpion,,,,3350,,,,64,,,,,,,,,,,,,,,375,,,,
SCORPION,Scor--3500,Scorpion,,,,3500,,,,104,,,,,,,,,,,,,,,1050,,,,
SCORPION,Scor--3500,Scorpion,,,,3500,,,,198,,,,,,,,,,,,,,,680,,,,
SCORPION,Scor--3585,Scorpion,,,,3585,,,,54,,,,,,,,,,,,,,,330,,,,
SCORPION,Scor--3585,Scorpion,,,,3585,,,,54,,,,,,,,,,,,,,,330,,,,
SCORPION,Scor--3590,Scorpion,,,,3590,,,,39,,,,,,,,,,,,,,,220,,,,
SCORPION,Scor--3590,Scorpion,,,,3590,,,,39,,,,,,,,,,,,,,,220,,,,
SCORPION,Scor--3595,Scorpion,,,,3595,,,,79,,,,,,,,,,,,,,,475,,,,
SCORPION,Scor--3595,Scorpion,,,,3595,,,,81,,,,,,,,,,,,,,,475,,,,
SCORPION,Scor--3700,Scorpion,,,,3700,,,,190,,,,,,,,,,,,,,,660,,,,
SCORPION,Scor--3900,Scorpion,,,,3900,,,,32,,,,,,,,,,,,,,,150,,,,
SCORPION,Scor--4300,Scorpion,,,,4300,,,,184,,,,,,,,,,,,,,,450,,,,
SCORPION,Scor--4400,Scorpion,,,,4400,,,,79,,,,,,,,,,,,,,,525,,,,
SCORPION,Scor--4400,Scorpion,,,,4400,,,,81,,,,,,,,,,,,,,,525,,,,
SCORPION,Scor--4650,Scorpion,,,,4650,,,,170,,,,,,,,,,,,,,,420,,,,
SCORPION,Scor--4660,Scorpion,,,,4660,,,,39,,,,,,,,,,,,,,,220,,,,
SCORPION,Scor--4960,Scorpion,,,,4960,,,,174,,,,,,,,,,,,,,,400,,,,
SCORPION,Scor--5100,Scorpion,,,,5100,,,,197,,,,,,,,,,,,,,,525,,,,
SCORPION,Scor--5300,Scorpion,,,,5300,,,,34,,,,,,,,,,,,,,,130,,,,
SCORPION,Scor--5300,Scorpion,,,,5300,,,,34,,,,,,,,,,,,,,,130,,,,
SCORPION,Scor--6000,Scorpion,,,,6000,,,,2023-05-20 00:00:00,,,,,,,,,,,,,,,55,,,,
SCORPION,Scor--8500,Scorpion,,,,8500,,,,2023-05-20 00:00:00,,,,,,,,,,,,,,,75,,,,
SCORPION,Scor--9500,Scorpion,,,,9500,,,,2023-05-20 00:00:00,,,,,,,,,,,,,,,80,,,,
SIMPROP,Simp--413,Simprop,,,,413,,,,350,,,,,,,,,,,,,,,1000,,,,
SIMPROP,Simp--518,Simprop,,,,518,,,,300,,,,,,,,,,,,,,,800,,,,
SIMPROP,Simp--772,Simprop,,,,772,,,,232,,,,,,,,,,,,,,,600,,,,
SIMPROP,SkyR--950,SkyRC,,,,950,,,,65,,,,,,,,,,,,,,,350,,,,
SIMPROP,SkyR--2300,SkyRC,,,,2300,,,,22,,,,,,,,,,,,,,,110,,,,
SIMPROP,SkyR--2300,SkyRC,,,,2300,,,,28,,,,,,,,,,,,,,,200,,,,
SIMPROP,SkyR--2400,SkyRC,,,,2400,,,,28,,,,,,,,,,,,,,,250,,,,
SIMPROP,SkyR--2400,SkyRC,,,,2400,,,,28,,,,,,,,,,,,,,,250,,,,
SIMPROP,SkyR--2400,SkyRC,,,,2400,,,,38,,,,,,,,,,,,,,,300,,,,
SIMPROP,SMC --390,SMC Power,,,,390,,,,150,,,,,,,,,,,,,,,755,,,,
SIMPROP,SMC --710,SMC Power,,,,710,,,,80,,,,,,,,,,,,,,,350,,,,
SIMPROP,SMC --2000,SMC Power,,,,2000,,,,55,,,,,,,,,,,,,,,200,,,,
SIMPROP,SMC --2300,SMC Power,,,,2300,,,,18,,,,,,,,,,,,,,,150,,,,
SKYRC,SkyR--950,SkyRC,,,,950,,,,65,,,,,,,,,,,,,,,350,,,,
SKYRC,SkyR--2300,SkyRC,,,,2300,,,,22,,,,,,,,,,,,,,,110,,,,
SKYRC,SkyR--2300,SkyRC,,,,2300,,,,28,,,,,,,,,,,,,,,200,,,,
SKYRC,SkyR--2400,SkyRC,,,,2400,,,,28,,,,,,,,,,,,,,,250,,,,
SKYRC,SkyR--2400,SkyRC,,,,2400,,,,28,,,,,,,,,,,,,,,250,,,,
SKYRC,SkyR--2400,SkyRC,,,,2400,,,,38,,,,,,,,,,,,,,,300,,,,
SMC POWER,SMC --390,SMC Power,,,,390,,,,150,,,,,,,,,,,,,,,755,,,,
SMC POWER,SMC --710,SMC Power,,,,710,,,,80,,,,,,,,,,,,,,,350,,,,
SMC POWER,SMC --2000,SMC Power,,,,2000,,,,55,,,,,,,,,,,,,,,200,,,,
SMC POWER,SMC --2300,SMC Power,,,,2300,,,,18,,,,,,,,,,,,,,,150,,,,
SPECKTRUM,Spek--160,Spektrum,,,,160,,,,1480,,,,,,,,,,,,,,,8400,,,,
SPECKTRUM,Spek--230,Spektrum,,,,230,,,,1250,,,,,,,,,,,,,,,6500,,,,
SPECKTRUM,Spek--250,Spektrum,,,,250,,,,635,,,,,,,,,,,,,,,3200,,,,
SPECKTRUM,Spek--450,Spektrum,,,,450,,,,400,,,,,,,,,,,,,,,2300,,,,
SPECKTRUM,Spek--480,Spektrum,,,,480,,,,268,,,,,,,,,,,,,,,1850,,,,
SPECKTRUM,Spek--500,Spektrum,,,,500,,,,298,,,,,,,,,,,,,,,2200,,,,
SPECKTRUM,Spek--650,Spektrum,,,,650,,,,298,,,,,,,,,,,,,,,2000,,,,
SPECKTRUM,Spek--800,Spektrum,,,,800,,,,268,,,,,,,,,,,,,,,1850,,,,
SPECKTRUM,Spek--800,Spektrum,,,,800,,,,198,,,,,,,,,,,,,,,1480,,,,
SPECKTRUM,Spek--950,Spektrum,,,,950,,,,54,,,,,,,,,,,,,,,220,,,,
SPECKTRUM,Spek--1000,Spektrum,,,,1000,,,,125,,,,,,,,,,,,,,,740,,,,
SPECKTRUM,Spek--1200,Spektrum,,,,1200,,,,102,,,,,,,,,,,,,,,650,,,,
SPECKTRUM,Spek--1250,Spektrum,,,,1250,,,,71,,,,,,,,,,,,,,,390,,,,
SPECKTRUM,Spek--1750,Spektrum,,,,1750,,,,20,,,,,,,,,,,,,,,120,,,,
SPITZ,Spit--200,Spitz,,,,200,,,,480,,,,,,,,,,,,,,,2210,,,,
SPITZ,Spit--245,Spitz,,,,245,,,,480,,,,,,,,,,,,,,,2100,,,,
SPITZ,Spit--335,Spitz,,,,335,,,,375,,,,,,,,,,,,,,,1600,,,,
SPITZ,Spit--435,Spitz,,,,435,,,,375,,,,,,,,,,,,,,,1750,,,,
SPITZ,Spit--570,Spitz,,,,570,,,,275,,,,,,,,,,,,,,,1550,,,,
SPITZ,Spit--600,Spitz,,,,600,,,,275,,,,,,,,,,,,,,,1500,,,,
SPITZ,Spit--710,Spitz,,,,710,,,,275,,,,,,,,,,,,,,,1650,,,,
SPITZ,Spit--720,Spitz,,,,720,,,,205,,,,,,,,,,,,,,,1120,,,,
SPITZ,Spit--720,Spitz,,,,720,,,,195,,,,,,,,,,,,,,,860,,,,
SPITZ,Spit--750,Spitz,,,,750,,,,57,,,,,,,,,,,,,,,230,,,,
SPITZ,Spit--750,Spitz,,,,750,,,,67,,,,,,,,,,,,,,,300,,,,
SPITZ,Spit--760,Spitz,,,,760,,,,275,,,,,,,,,,,,,,,1660,,,,
SPITZ,Spit--790,Spitz,,,,790,,,,172,,,,,,,,,,,,,,,840,,,,
SPITZ,Spit--800,Spitz,,,,800,,,,205,,,,,,,,,,,,,,,1250,,,,
SPITZ,Spit--850,Spitz,,,,850,,,,57,,,,,,,,,,,,,,,240,,,,
SPITZ,Spit--880,Spitz,,,,880,,,,67,,,,,,,,,,,,,,,340,,,,
SPITZ,Spit--890,Spitz,,,,890,,,,195,,,,,,,,,,,,,,,860,,,,
SPITZ,Spit--900,Spitz,,,,900,,,,172,,,,,,,,,,,,,,,1000,,,,
SPITZ,Spit--910,Spitz,,,,910,,,,109,,,,,,,,,,,,,,,400,,,,
SPITZ,Spit--1000,Spitz,,,,1000,,,,45,,,,,,,,,,,,,,,220,,,,
SPITZ,Spit--1000,Spitz,,,,1000,,,,57,,,,,,,,,,,,,,,260,,,,
SPITZ,Spit--1000,Spitz,,,,1000,,,,132,,,,,,,,,,,,,,,750,,,,
SPITZ,Spit--1050,Spitz,,,,1050,,,,109,,,,,,,,,,,,,,,500,,,,
SPITZ,Spit--1100,Spitz,,,,1100,,,,78,,,,,,,,,,,,,,,310,,,,
SPITZ,Spit--1100,Spitz,,,,1100,,,,172,,,,,,,,,,,,,,,1100,,,,
SPITZ,Spit--1120,Spitz,,,,1120,,,,67,,,,,,,,,,,,,,,380,,,,
SPITZ,Spit--1200,Spitz,,,,1200,,,,30,,,,,,,,,,,,,,,140,,,,
SPITZ,Spit--1250,Spitz,,,,1250,,,,132,,,,,,,,,,,,,,,850,,,,
SPITZ,Spit--1300,Spitz,,,,1300,,,,57,,,,,,,,,,,,,,,300,,,,
SPITZ,Spit--1300,Spitz,,,,1300,,,,109,,,,,,,,,,,,,,,680,,,,
SPITZ,Spit--1350,Spitz,,,,1350,,,,45,,,,,,,,,,,,,,,240,,,,
SPITZ,Spit--1400,Spitz,,,,1400,,,,30,,,,,,,,,,,,,,,160,,,,
SPITZ,Spit--1400,Spitz,,,,1400,,,,78,,,,,,,,,,,,,,,350,,,,
SPITZ,Spit--1460,Spitz,,,,1460,,,,132,,,,,,,,,,,,,,,1050,,,,
SPITZ,Spit--1500,Spitz,,,,1500,,,,109,,,,,,,,,,,,,,,750,,,,
SPITZ,Spit--1700,Spitz,,,,1700,,,,78,,,,,,,,,,,,,,,420,,,,
SPITZ,Spit--1900,Spitz,,,,1900,,,,45,,,,,,,,,,,,,,,250,,,,
SPITZ,Spit--2200,Spitz,,,,2200,,,,57,,,,,,,,,,,,,,,340,,,,
SPITZ,Spit--2300,Spitz,,,,2300,,,,30,,,,,,,,,,,,,,,180,,,,
STORM,Stor--2000,Storm,,,,2000,,,,46,,,,,,,,,,,,,,,295,,,,
STORM,Stor--2200,Storm,,,,2200,,,,29,,,,,,,,,,,,,,,270,,,,
STORM,Stor--2200,Storm,,,,2200,,,,31,,,,,,,,,,,,,,,370,,,,
STORM,Stor--2300,Storm,,,,2300,,,,24,,,,,,,,,,,,,,,270,,,,
STORM,Stor--2300,Storm,,,,2300,,,,29,,,,,,,,,,,,,,,190,,,,
STORM,Stor--2300,Storm,,,,2300,,,,32,,,,,,,,,,,,,,,520,,,,
STORM,Stor--2300,Storm,,,,2300,,,,21,,,,,,,,,,,,,,,135,,,,
SUNNYSKY,Sunn--38,SunnySky,,,,38,,,,2330,,,,,,,,,,,,,,,7200,,,,
SUNNYSKY,Sunn--75,SunnySky,,,,75,,,,1677,,,,,,,,,,,,,,,6800,,,,
SUNNYSKY,Sunn--76,SunnySky,,,,76,,,,2330,,,,,,,,,,,,,,,7200,,,,
SUNNYSKY,Sunn--80,SunnySky,,,,80,,,,1065,,,,,,,,,,,,,,,6600,,,,
SUNNYSKY,Sunn--90,SunnySky,,,,90,,,,1660,,,,,,,,,,,,,,,8000,,,,
SUNNYSKY,Sunn--90,SunnySky,,,,90,,,,236,,,,,,,,,,,,,,,1150,,,,
SUNNYSKY,Sunn--90,SunnySky,,,,90,,,,364,,,,,,,,,,,,,,,1900,,,,
SUNNYSKY,Sunn--90,SunnySky,,,,90,,,,623,,,,,,,,,,,,,,,2150,,,,
SUNNYSKY,Sunn--100,SunnySky,,,,100,,,,875,,,,,,,,,,,,,,,6000,,,,
SUNNYSKY,Sunn--100,SunnySky,,,,100,,,,1065,,,,,,,,,,,,,,,6800,,,,
SUNNYSKY,Sunn--100,SunnySky,,,,100,,,,170,,,,,,,,,,,,,,,800,,,,
SUNNYSKY,Sunn--100,SunnySky,,,,100,,,,260,,,,,,,,,,,,,,,1650,,,,
SUNNYSKY,Sunn--100,SunnySky,,,,100,,,,375,,,,,,,,,,,,,,,2200,,,,
SUNNYSKY,Sunn--100,SunnySky,,,,100,,,,430,,,,,,,,,,,,,,,2400,,,,
SUNNYSKY,Sunn--100,SunnySky,,,,100,,,,230,,,,,,,,,,,,,,,1100,,,,
SUNNYSKY,Sunn--100,SunnySky,,,,100,,,,247,,,,,,,,,,,,,,,1100,,,,
SUNNYSKY,Sunn--100,SunnySky,,,,100,,,,585,,,,,,,,,,,,,,,2000,,,,
SUNNYSKY,Sunn--100,SunnySky,,,,100,,,,635,,,,,,,,,,,,,,,2000,,,,
SUNNYSKY,Sunn--100,SunnySky,,,,100,,,,623,,,,,,,,,,,,,,,2750,,,,
SUNNYSKY,Sunn--100,SunnySky,,,,100,,,,775,,,,,,,,,,,,,,,3100,,,,
SUNNYSKY,Sunn--100,SunnySky,,,,100,,,,1038,,,,,,,,,,,,,,,4200,,,,
SUNNYSKY,Sunn--100,SunnySky,,,,100,,,,635,,,,,,,,,,,,,,,2500,,,,
SUNNYSKY,Sunn--110,SunnySky,,,,110,,,,240,,,,,,,,,,,,,,,1500,,,,
SUNNYSKY,Sunn--110,SunnySky,,,,110,,,,356,,,,,,,,,,,,,,,730,,,,
SUNNYSKY,Sunn--120,SunnySky,,,,120,,,,266,,,,,,,,,,,,,,,2360,,,,
SUNNYSKY,Sunn--120,SunnySky,,,,120,,,,635,,,,,,,,,,,,,,,2870,,,,
SUNNYSKY,Sunn--120,SunnySky,,,,120,,,,623,,,,,,,,,,,,,,,3025,,,,
SUNNYSKY,Sunn--120,SunnySky,,,,120,,,,775,,,,,,,,,,,,,,,4200,,,,
SUNNYSKY,Sunn--120,SunnySky,,,,120,,,,1038,,,,,,,,,,,,,,,4500,,,,
SUNNYSKY,Sunn--120,SunnySky,,,,120,,,,635,,,,,,,,,,,,,,,3200,,,,
SUNNYSKY,Sunn--125,SunnySky,,,,125,,,,243,,,,,,,,,,,,,,,1500,,,,
SUNNYSKY,Sunn--130,SunnySky,,,,130,,,,170,,,,,,,,,,,,,,,1100,,,,
SUNNYSKY,Sunn--135,SunnySky,,,,135,,,,240,,,,,,,,,,,,,,,750,,,,
SUNNYSKY,Sunn--150,SunnySky,,,,150,,,,356,,,,,,,,,,,,,,,1000,,,,
SUNNYSKY,Sunn--150,SunnySky,,,,150,,,,512,,,,,,,,,,,,,,,2800,,,,
SUNNYSKY,Sunn--160,SunnySky,,,,160,,,,780,,,,,,,,,,,,,,,5400,,,,
SUNNYSKY,Sunn--170,SunnySky,,,,170,,,,240,,,,,,,,,,,,,,,950,,,,
SUNNYSKY,Sunn--170,SunnySky,,,,170,,,,260,,,,,,,,,,,,,,,840,,,,
SUNNYSKY,Sunn--170,SunnySky,,,,170,,,,230,,,,,,,,,,,,,,,1200,,,,
SUNNYSKY,Sunn--170,SunnySky,,,,170,,,,230,,,,,,,,,,,,,,,875,,,,
SUNNYSKY,Sunn--170,SunnySky,,,,170,,,,247,,,,,,,,,,,,,,,1200,,,,
SUNNYSKY,Sunn--170,SunnySky,,,,170,,,,247,,,,,,,,,,,,,,,875,,,,
SUNNYSKY,Sunn--170,SunnySky,,,,170,,,,359,,,,,,,,,,,,,,,2175,,,,
SUNNYSKY,Sunn--180,SunnySky,,,,180,,,,323,,,,,,,,,,,,,,,680,,,,
SUNNYSKY,Sunn--180,SunnySky,,,,180,,,,308,,,,,,,,,,,,,,,1680,,,,
SUNNYSKY,Sunn--190,SunnySky,,,,190,,,,260,,,,,,,,,,,,,,,1080,,,,
SUNNYSKY,Sunn--190,SunnySky,,,,190,,,,356,,,,,,,,,,,,,,,1200,,,,
SUNNYSKY,Sunn--190,SunnySky,,,,190,,,,818,,,,,,,,,,,,,,,6000,,,,
SUNNYSKY,Sunn--200,SunnySky,,,,200,,,,230,,,,,,,,,,,,,,,1000,,,,
SUNNYSKY,Sunn--200,SunnySky,,,,200,,,,247,,,,,,,,,,,,,,,1000,,,,
SUNNYSKY,Sunn--200,SunnySky,,,,200,,,,615,,,,,,,,,,,,,,,3900,,,,
SUNNYSKY,Sunn--200,SunnySky,,,,200,,,,646,,,,,,,,,,,,,,,3145,,,,
SUNNYSKY,Sunn--200,SunnySky,,,,200,,,,597,,,,,,,,,,,,,,,4600,,,,
SUNNYSKY,Sunn--210,SunnySky,,,,210,,,,496,,,,,,,,,,,,,,,2140,,,,
SUNNYSKY,Sunn--210,SunnySky,,,,210,,,,359,,,,,,,,,,,,,,,3675,,,,
SUNNYSKY,Sunn--215,SunnySky,,,,215,,,,603,,,,,,,,,,,,,,,4600,,,,
SUNNYSKY,Sunn--225,SunnySky,,,,225,,,,170,,,,,,,,,,,,,,,880,,,,
SUNNYSKY,Sunn--230,SunnySky,,,,230,,,,570,,,,,,,,,,,,,,,2770,,,,
SUNNYSKY,Sunn--235,SunnySky,,,,235,,,,646,,,,,,,,,,,,,,,2730,,,,
SUNNYSKY,Sunn--245,SunnySky,,,,245,,,,604,,,,,,,,,,,,,,,4400,,,,
SUNNYSKY,Sunn--250,SunnySky,,,,250,,,,251,,,,,,,,,,,,,,,1080,,,,
SUNNYSKY,Sunn--250,SunnySky,,,,250,,,,170,,,,,,,,,,,,,,,960,,,,
SUNNYSKY,Sunn--250,SunnySky,,,,250,,,,496,,,,,,,,,,,,,,,2030,,,,
SUNNYSKY,Sunn--270,SunnySky,,,,270,,,,606,,,,,,,,,,,,,,,3450,,,,
SUNNYSKY,Sunn--275,SunnySky,,,,275,,,,416,,,,,,,,,,,,,,,2040,,,,
SUNNYSKY,Sunn--280,SunnySky,,,,280,,,,260,,,,,,,,,,,,,,,800,,,,
SUNNYSKY,Sunn--280,SunnySky,,,,280,,,,260,,,,,,,,,,,,,,,800,,,,
SUNNYSKY,Sunn--280,SunnySky,,,,280,,,,570,,,,,,,,,,,,,,,2370,,,,
SUNNYSKY,Sunn--300,SunnySky,,,,300,,,,323,,,,,,,,,,,,,,,1100,,,,
SUNNYSKY,Sunn--300,SunnySky,,,,300,,,,51,,,,,,,,,,,,,,,250,,,,
SUNNYSKY,Sunn--300,SunnySky,,,,300,,,,200,,,,,,,,,,,,,,,1100,,,,
SUNNYSKY,Sunn--300,SunnySky,,,,300,,,,308,,,,,,,,,,,,,,,1100,,,,
SUNNYSKY,Sunn--310,SunnySky,,,,310,,,,416,,,,,,,,,,,,,,,2225,,,,
SUNNYSKY,Sunn--310,SunnySky,,,,310,,,,570,,,,,,,,,,,,,,,2410,,,,
SUNNYSKY,Sunn--320,SunnySky,,,,320,,,,200,,,,,,,,,,,,,,,825,,,,
SUNNYSKY,Sunn--320,SunnySky,,,,320,,,,68,,,,,,,,,,,,,,,375,,,,
SUNNYSKY,Sunn--320,SunnySky,,,,320,,,,165,,,,,,,,,,,,,,,400,,,,
SUNNYSKY,Sunn--320,SunnySky,,,,320,,,,168,,,,,,,,,,,,,,,500,,,,
SUNNYSKY,Sunn--320,SunnySky,,,,320,,,,153,,,,,,,,,,,,,,,660,,,,
SUNNYSKY,Sunn--320,SunnySky,,,,320,,,,152,,,,,,,,,,,,,,,375,,,,
SUNNYSKY,Sunn--320,SunnySky,,,,320,,,,206,,,,,,,,,,,,,,,595,,,,
SUNNYSKY,Sunn--330,SunnySky,,,,330,,,,166,,,,,,,,,,,,,,,750,,,,
SUNNYSKY,Sunn--340,SunnySky,,,,340,,,,260,,,,,,,,,,,,,,,1030,,,,
SUNNYSKY,Sunn--340,SunnySky,,,,340,,,,323,,,,,,,,,,,,,,,1250,,,,
SUNNYSKY,Sunn--340,SunnySky,,,,340,,,,175,,,,,,,,,,,,,,,880,,,,
SUNNYSKY,Sunn--340,SunnySky,,,,340,,,,149,,,,,,,,,,,,,,,466,,,,
SUNNYSKY,Sunn--340,SunnySky,,,,340,,,,148,,,,,,,,,,,,,,,400,,,,
SUNNYSKY,Sunn--340,SunnySky,,,,340,,,,165,,,,,,,,,,,,,,,800,,,,
SUNNYSKY,Sunn--340,SunnySky,,,,340,,,,188,,,,,,,,,,,,,,,750,,,,
SUNNYSKY,Sunn--340,SunnySky,,,,340,,,,260,,,,,,,,,,,,,,,1030,,,,
SUNNYSKY,Sunn--340,SunnySky,,,,340,,,,308,,,,,,,,,,,,,,,1250,,,,
SUNNYSKY,Sunn--350,SunnySky,,,,350,,,,110,,,,,,,,,,,,,,,575,,,,
SUNNYSKY,Sunn--350,SunnySky,,,,350,,,,570,,,,,,,,,,,,,,,2470,,,,
SUNNYSKY,Sunn--350,SunnySky,,,,350,,,,359,,,,,,,,,,,,,,,1825,,,,
SUNNYSKY,Sunn--360,SunnySky,,,,360,,,,206,,,,,,,,,,,,,,,665,,,,
SUNNYSKY,Sunn--370,SunnySky,,,,370,,,,496,,,,,,,,,,,,,,,2190,,,,
SUNNYSKY,Sunn--375,SunnySky,,,,375,,,,126,,,,,,,,,,,,,,,410,,,,
SUNNYSKY,Sunn--375,SunnySky,,,,375,,,,124,,,,,,,,,,,,,,,450,,,,
SUNNYSKY,Sunn--380,SunnySky,,,,380,,,,82,,,,,,,,,,,,,,,310,,,,
SUNNYSKY,Sunn--380,SunnySky,,,,380,,,,97,,,,,,,,,,,,,,,400,,,,
SUNNYSKY,Sunn--380,SunnySky,,,,380,,,,106,,,,,,,,,,,,,,,320,,,,
SUNNYSKY,Sunn--380,SunnySky,,,,380,,,,68,,,,,,,,,,,,,,,450,,,,
SUNNYSKY,Sunn--380,SunnySky,,,,380,,,,104,,,,,,,,,,,,,,,500,,,,
SUNNYSKY,Sunn--380,SunnySky,,,,380,,,,106,,,,,,,,,,,,,,,333,,,,
SUNNYSKY,Sunn--380,SunnySky,,,,380,,,,106,,,,,,,,,,,,,,,320,,,,
SUNNYSKY,Sunn--380,SunnySky,,,,380,,,,110,,,,,,,,,,,,,,,345,,,,
SUNNYSKY,Sunn--380,SunnySky,,,,380,,,,389,,,,,,,,,,,,,,,2125,,,,
SUNNYSKY,Sunn--380,SunnySky,,,,380,,,,416,,,,,,,,,,,,,,,2350,,,,
SUNNYSKY,Sunn--380,SunnySky,,,,380,,,,486,,,,,,,,,,,,,,,2550,,,,
SUNNYSKY,Sunn--390,SunnySky,,,,390,,,,262,,,,,,,,,,,,,,,1000,,,,
SUNNYSKY,Sunn--390,SunnySky,,,,390,,,,262,,,,,,,,,,,,,,,1000,,,,
SUNNYSKY,Sunn--400,SunnySky,,,,400,,,,148,,,,,,,,,,,,,,,700,,,,
SUNNYSKY,Sunn--400,SunnySky,,,,400,,,,47,,,,,,,,,,,,,,,250,,,,
SUNNYSKY,Sunn--400,SunnySky,,,,400,,,,84,,,,,,,,,,,,,,,315,,,,
SUNNYSKY,Sunn--400,SunnySky,,,,400,,,,51,,,,,,,,,,,,,,,310,,,,
SUNNYSKY,Sunn--400,SunnySky,,,,400,,,,166,,,,,,,,,,,,,,,875,,,,
SUNNYSKY,Sunn--400,SunnySky,,,,400,,,,170,,,,,,,,,,,,,,,875,,,,
SUNNYSKY,Sunn--400,SunnySky,,,,400,,,,149,,,,,,,,,,,,,,,577,,,,
SUNNYSKY,Sunn--400,SunnySky,,,,400,,,,148,,,,,,,,,,,,,,,520,,,,
SUNNYSKY,Sunn--400,SunnySky,,,,400,,,,165,,,,,,,,,,,,,,,1125,,,,
SUNNYSKY,Sunn--400,SunnySky,,,,400,,,,153,,,,,,,,,,,,,,,750,,,,
SUNNYSKY,Sunn--400,SunnySky,,,,400,,,,153,,,,,,,,,,,,,,,750,,,,
SUNNYSKY,Sunn--400,SunnySky,,,,400,,,,152,,,,,,,,,,,,,,,500,,,,
SUNNYSKY,Sunn--400,SunnySky,,,,400,,,,206,,,,,,,,,,,,,,,730,,,,
SUNNYSKY,Sunn--410,SunnySky,,,,410,,,,165,,,,,,,,,,,,,,,620,,,,
SUNNYSKY,Sunn--420,SunnySky,,,,420,,,,200,,,,,,,,,,,,,,,1000,,,,
SUNNYSKY,Sunn--420,SunnySky,,,,420,,,,351,,,,,,,,,,,,,,,2250,,,,
SUNNYSKY,Sunn--440,SunnySky,,,,440,,,,354,,,,,,,,,,,,,,,2430,,,,
SUNNYSKY,Sunn--445,SunnySky,,,,445,,,,309,,,,,,,,,,,,,,,2000,,,,
SUNNYSKY,Sunn--450,SunnySky,,,,450,,,,195,,,,,,,,,,,,,,,570,,,,
SUNNYSKY,Sunn--450,SunnySky,,,,450,,,,195,,,,,,,,,,,,,,,570,,,,
SUNNYSKY,Sunn--450,SunnySky,,,,450,,,,126,,,,,,,,,,,,,,,620,,,,
SUNNYSKY,Sunn--450,SunnySky,,,,450,,,,188,,,,,,,,,,,,,,,1000,,,,
SUNNYSKY,Sunn--460,SunnySky,,,,460,,,,148,,,,,,,,,,,,,,,600,,,,
SUNNYSKY,Sunn--465,SunnySky,,,,465,,,,310,,,,,,,,,,,,,,,2000,,,,
SUNNYSKY,Sunn--465,SunnySky,,,,465,,,,362,,,,,,,,,,,,,,,2150,,,,
SUNNYSKY,Sunn--480,SunnySky,,,,480,,,,112,,,,,,,,,,,,,,,450,,,,
SUNNYSKY,Sunn--480,SunnySky,,,,480,,,,292,,,,,,,,,,,,,,,2425,,,,
SUNNYSKY,Sunn--480,SunnySky,,,,480,,,,355,,,,,,,,,,,,,,,2750,,,,
SUNNYSKY,Sunn--485,SunnySky,,,,485,,,,152,,,,,,,,,,,,,,,520,,,,
SUNNYSKY,Sunn--485,SunnySky,,,,485,,,,153,,,,,,,,,,,,,,,870,,,,
SUNNYSKY,Sunn--500,SunnySky,,,,500,,,,144,,,,,,,,,,,,,,,1025,,,,
SUNNYSKY,Sunn--520,SunnySky,,,,520,,,,206,,,,,,,,,,,,,,,985,,,,
SUNNYSKY,Sunn--520,SunnySky,,,,520,,,,207,,,,,,,,,,,,,,,1750,,,,
SUNNYSKY,Sunn--520,SunnySky,,,,520,,,,250,,,,,,,,,,,,,,,1295,,,,
SUNNYSKY,Sunn--520,SunnySky,,,,520,,,,253,,,,,,,,,,,,,,,1875,,,,
SUNNYSKY,Sunn--520,SunnySky,,,,520,,,,305,,,,,,,,,,,,,,,2150,,,,
SUNNYSKY,Sunn--520,SunnySky,,,,520,,,,399,,,,,,,,,,,,,,,3000,,,,
SUNNYSKY,Sunn--550,SunnySky,,,,550,,,,180,,,,,,,,,,,,,,,670,,,,
SUNNYSKY,Sunn--550,SunnySky,,,,550,,,,196,,,,,,,,,,,,,,,1600,,,,
SUNNYSKY,Sunn--550,SunnySky,,,,550,,,,293,,,,,,,,,,,,,,,2500,,,,
SUNNYSKY,Sunn--550,SunnySky,,,,550,,,,310,,,,,,,,,,,,,,,2100,,,,
SUNNYSKY,Sunn--550,SunnySky,,,,550,,,,362,,,,,,,,,,,,,,,2230,,,,
SUNNYSKY,Sunn--560,SunnySky,,,,560,,,,219,,,,,,,,,,,,,,,2000,,,,
SUNNYSKY,Sunn--580,SunnySky,,,,580,,,,200,,,,,,,,,,,,,,,1020,,,,
SUNNYSKY,Sunn--580,SunnySky,,,,580,,,,82,,,,,,,,,,,,,,,400,,,,
SUNNYSKY,Sunn--580,SunnySky,,,,580,,,,97,,,,,,,,,,,,,,,400,,,,
SUNNYSKY,Sunn--580,SunnySky,,,,580,,,,106,,,,,,,,,,,,,,,280,,,,
SUNNYSKY,Sunn--580,SunnySky,,,,580,,,,81,,,,,,,,,,,,,,,310,,,,
SUNNYSKY,Sunn--580,SunnySky,,,,580,,,,106,,,,,,,,,,,,,,,330,,,,
SUNNYSKY,Sunn--580,SunnySky,,,,580,,,,106,,,,,,,,,,,,,,,280,,,,
SUNNYSKY,Sunn--580,SunnySky,,,,580,,,,148,,,,,,,,,,,,,,,440,,,,
SUNNYSKY,Sunn--580,SunnySky,,,,580,,,,148,,,,,,,,,,,,,,,473,,,,
SUNNYSKY,Sunn--585,SunnySky,,,,585,,,,159,,,,,,,,,,,,,,,1625,,,,
SUNNYSKY,Sunn--600,SunnySky,,,,600,,,,104,,,,,,,,,,,,,,,480,,,,
SUNNYSKY,Sunn--600,SunnySky,,,,600,,,,112,,,,,,,,,,,,,,,250,,,,
SUNNYSKY,Sunn--600,SunnySky,,,,600,,,,114,,,,,,,,,,,,,,,330,,,,
SUNNYSKY,Sunn--610,SunnySky,,,,610,,,,355,,,,,,,,,,,,,,,2760,,,,
SUNNYSKY,Sunn--650,SunnySky,,,,650,,,,80,,,,,,,,,,,,,,,440,,,,
SUNNYSKY,Sunn--650,SunnySky,,,,650,,,,77,,,,,,,,,,,,,,,260,,,,
SUNNYSKY,Sunn--650,SunnySky,,,,650,,,,47,,,,,,,,,,,,,,,250,,,,
SUNNYSKY,Sunn--650,SunnySky,,,,650,,,,84,,,,,,,,,,,,,,,400,,,,
SUNNYSKY,Sunn--650,SunnySky,,,,650,,,,305,,,,,,,,,,,,,,,2310,,,,
SUNNYSKY,Sunn--650,SunnySky,,,,650,,,,290,,,,,,,,,,,,,,,2750,,,,
SUNNYSKY,Sunn--680,SunnySky,,,,680,,,,148,,,,,,,,,,,,,,,592,,,,
SUNNYSKY,Sunn--690,SunnySky,,,,690,,,,110,,,,,,,,,,,,,,,450,,,,
SUNNYSKY,Sunn--700,SunnySky,,,,700,,,,118,,,,,,,,,,,,,,,380,,,,
SUNNYSKY,Sunn--700,SunnySky,,,,700,,,,82,,,,,,,,,,,,,,,510,,,,
SUNNYSKY,Sunn--700,SunnySky,,,,700,,,,97,,,,,,,,,,,,,,,520,,,,
SUNNYSKY,Sunn--700,SunnySky,,,,700,,,,106,,,,,,,,,,,,,,,400,,,,
SUNNYSKY,Sunn--700,SunnySky,,,,700,,,,120,,,,,,,,,,,,,,,440,,,,
SUNNYSKY,Sunn--700,SunnySky,,,,700,,,,106,,,,,,,,,,,,,,,340,,,,
SUNNYSKY,Sunn--700,SunnySky,,,,700,,,,106,,,,,,,,,,,,,,,400,,,,
SUNNYSKY,Sunn--720,SunnySky,,,,720,,,,81,,,,,,,,,,,,,,,325,,,,
SUNNYSKY,Sunn--720,SunnySky,,,,720,,,,206,,,,,,,,,,,,,,,1295,,,,
SUNNYSKY,Sunn--720,SunnySky,,,,720,,,,207,,,,,,,,,,,,,,,1500,,,,
SUNNYSKY,Sunn--720,SunnySky,,,,720,,,,250,,,,,,,,,,,,,,,1330,,,,
SUNNYSKY,Sunn--720,SunnySky,,,,720,,,,253,,,,,,,,,,,,,,,1700,,,,
SUNNYSKY,Sunn--740,SunnySky,,,,740,,,,68,,,,,,,,,,,,,,,560,,,,
SUNNYSKY,Sunn--740,SunnySky,,,,740,,,,171,,,,,,,,,,,,,,,880,,,,
SUNNYSKY,Sunn--760,SunnySky,,,,760,,,,158,,,,,,,,,,,,,,,1000,,,,
SUNNYSKY,Sunn--770,SunnySky,,,,770,,,,118,,,,,,,,,,,,,,,550,,,,
SUNNYSKY,Sunn--780,SunnySky,,,,780,,,,219,,,,,,,,,,,,,,,1395,,,,
SUNNYSKY,Sunn--800,SunnySky,,,,800,,,,50,,,,,,,,,,,,,,,115,,,,
SUNNYSKY,Sunn--800,SunnySky,,,,800,,,,75,,,,,,,,,,,,,,,180,,,,
SUNNYSKY,Sunn--800,SunnySky,,,,800,,,,77,,,,,,,,,,,,,,,250,,,,
SUNNYSKY,Sunn--800,SunnySky,,,,800,,,,75,,,,,,,,,,,,,,,180,,,,
SUNNYSKY,Sunn--800,SunnySky,,,,800,,,,138,,,,,,,,,,,,,,,700,,,,
SUNNYSKY,Sunn--800,SunnySky,,,,800,,,,149,,,,,,,,,,,,,,,760,,,,
SUNNYSKY,Sunn--800,SunnySky,,,,800,,,,149,,,,,,,,,,,,,,,760,,,,
SUNNYSKY,Sunn--800,SunnySky,,,,800,,,,196,,,,,,,,,,,,,,,1260,,,,
SUNNYSKY,Sunn--860,SunnySky,,,,860,,,,144,,,,,,,,,,,,,,,960,,,,
SUNNYSKY,Sunn--860,SunnySky,,,,860,,,,303,,,,,,,,,,,,,,,2016,,,,
SUNNYSKY,Sunn--870,SunnySky,,,,870,,,,118,,,,,,,,,,,,,,,560,,,,
SUNNYSKY,Sunn--880,SunnySky,,,,880,,,,64,,,,,,,,,,,,,,,185,,,,
SUNNYSKY,Sunn--880,SunnySky,,,,880,,,,71,,,,,,,,,,,,,,,450,,,,
SUNNYSKY,Sunn--880,SunnySky,,,,880,,,,70,,,,,,,,,,,,,,,320,,,,
SUNNYSKY,Sunn--880,SunnySky,,,,880,,,,171,,,,,,,,,,,,,,,900,,,,
SUNNYSKY,Sunn--880,SunnySky,,,,880,,,,158,,,,,,,,,,,,,,,1050,,,,
SUNNYSKY,Sunn--880,SunnySky,,,,880,,,,207,,,,,,,,,,,,,,,1360,,,,
SUNNYSKY,Sunn--880,SunnySky,,,,880,,,,250,,,,,,,,,,,,,,,1370,,,,
SUNNYSKY,Sunn--880,SunnySky,,,,880,,,,253,,,,,,,,,,,,,,,1300,,,,
SUNNYSKY,Sunn--900,SunnySky,,,,900,,,,98,,,,,,,,,,,,,,,335,,,,
SUNNYSKY,Sunn--900,SunnySky,,,,900,,,,75,,,,,,,,,,,,,,,210,,,,
SUNNYSKY,Sunn--900,SunnySky,,,,900,,,,77,,,,,,,,,,,,,,,320,,,,
SUNNYSKY,Sunn--900,SunnySky,,,,900,,,,109,,,,,,,,,,,,,,,680,,,,
SUNNYSKY,Sunn--900,SunnySky,,,,900,,,,108,,,,,,,,,,,,,,,570,,,,
SUNNYSKY,Sunn--900,SunnySky,,,,900,,,,81,,,,,,,,,,,,,,,370,,,,
SUNNYSKY,Sunn--900,SunnySky,,,,900,,,,114,,,,,,,,,,,,,,,600,,,,
SUNNYSKY,Sunn--920,SunnySky,,,,920,,,,138,,,,,,,,,,,,,,,750,,,,
SUNNYSKY,Sunn--950,SunnySky,,,,950,,,,71,,,,,,,,,,,,,,,450,,,,
SUNNYSKY,Sunn--950,SunnySky,,,,950,,,,149,,,,,,,,,,,,,,,810,,,,
SUNNYSKY,Sunn--980,SunnySky,,,,980,,,,56,,,,,,,,,,,,,,,330,,,,
SUNNYSKY,Sunn--980,SunnySky,,,,980,,,,50,,,,,,,,,,,,,,,160,,,,
SUNNYSKY,Sunn--980,SunnySky,,,,980,,,,56,,,,,,,,,,,,,,,410,,,,
SUNNYSKY,Sunn--980,SunnySky,,,,980,,,,57,,,,,,,,,,,,,,,385,,,,
SUNNYSKY,Sunn--980,SunnySky,,,,980,,,,56,,,,,,,,,,,,,,,150,,,,
SUNNYSKY,Sunn--980,SunnySky,,,,980,,,,57,,,,,,,,,,,,,,,300,,,,
SUNNYSKY,Sunn--980,SunnySky,,,,980,,,,85,,,,,,,,,,,,,,,640,,,,
SUNNYSKY,Sunn--980,SunnySky,,,,980,,,,62,,,,,,,,,,,,,,,300,,,,
SUNNYSKY,Sunn--980,SunnySky,,,,980,,,,62,,,,,,,,,,,,,,,300,,,,
SUNNYSKY,Sunn--980,SunnySky,,,,980,,,,62,,,,,,,,,,,,,,,300,,,,
SUNNYSKY,Sunn--1000,SunnySky,,,,1000,,,,109,,,,,,,,,,,,,,,750,,,,
SUNNYSKY,Sunn--1000,SunnySky,,,,1000,,,,108,,,,,,,,,,,,,,,600,,,,
SUNNYSKY,Sunn--1000,SunnySky,,,,1000,,,,144,,,,,,,,,,,,,,,1035,,,,
SUNNYSKY,Sunn--1000,SunnySky,,,,1000,,,,114,,,,,,,,,,,,,,,645,,,,
SUNNYSKY,Sunn--1025,SunnySky,,,,1025,,,,158,,,,,,,,,,,,,,,1100,,,,
SUNNYSKY,Sunn--1080,SunnySky,,,,1080,,,,171,,,,,,,,,,,,,,,950,,,,
SUNNYSKY,Sunn--1100,SunnySky,,,,1100,,,,46,,,,,,,,,,,,,,,205,,,,
SUNNYSKY,Sunn--1100,SunnySky,,,,1100,,,,71,,,,,,,,,,,,,,,480,,,,
SUNNYSKY,Sunn--1100,SunnySky,,,,1100,,,,70,,,,,,,,,,,,,,,380,,,,
SUNNYSKY,Sunn--1100,SunnySky,,,,1100,,,,108,,,,,,,,,,,,,,,700,,,,
SUNNYSKY,Sunn--1100,SunnySky,,,,1100,,,,138,,,,,,,,,,,,,,,880,,,,
SUNNYSKY,Sunn--1100,SunnySky,,,,1100,,,,114,,,,,,,,,,,,,,,710,,,,
SUNNYSKY,Sunn--1100,SunnySky,,,,1100,,,,149,,,,,,,,,,,,,,,945,,,,
SUNNYSKY,Sunn--1250,SunnySky,,,,1250,,,,64,,,,,,,,,,,,,,,185,,,,
SUNNYSKY,Sunn--1250,SunnySky,,,,1250,,,,57,,,,,,,,,,,,,,,520,,,,
SUNNYSKY,Sunn--1250,SunnySky,,,,1250,,,,57,,,,,,,,,,,,,,,390,,,,
SUNNYSKY,Sunn--1250,SunnySky,,,,1250,,,,71,,,,,,,,,,,,,,,600,,,,
SUNNYSKY,Sunn--1250,SunnySky,,,,1250,,,,70,,,,,,,,,,,,,,,390,,,,
SUNNYSKY,Sunn--1250,SunnySky,,,,1250,,,,109,,,,,,,,,,,,,,,815,,,,
SUNNYSKY,Sunn--1250,SunnySky,,,,1250,,,,108,,,,,,,,,,,,,,,880,,,,
SUNNYSKY,Sunn--1250,SunnySky,,,,1250,,,,108,,,,,,,,,,,,,,,880,,,,
SUNNYSKY,Sunn--1250,SunnySky,,,,1250,,,,144,,,,,,,,,,,,,,,1170,,,,
SUNNYSKY,Sunn--1260,SunnySky,,,,1260,,,,46,,,,,,,,,,,,,,,170,,,,
SUNNYSKY,Sunn--1380,SunnySky,,,,1380,,,,85,,,,,,,,,,,,,,,745,,,,
SUNNYSKY,Sunn--1400,SunnySky,,,,1400,,,,56,,,,,,,,,,,,,,,380,,,,
SUNNYSKY,Sunn--1400,SunnySky,,,,1400,,,,50,,,,,,,,,,,,,,,230,,,,
SUNNYSKY,Sunn--1400,SunnySky,,,,1400,,,,57,,,,,,,,,,,,,,,560,,,,
SUNNYSKY,Sunn--1400,SunnySky,,,,1400,,,,57,,,,,,,,,,,,,,,365,,,,
SUNNYSKY,Sunn--1400,SunnySky,,,,1400,,,,71,,,,,,,,,,,,,,,740,,,,
SUNNYSKY,Sunn--1400,SunnySky,,,,1400,,,,70,,,,,,,,,,,,,,,540,,,,
SUNNYSKY,Sunn--1400,SunnySky,,,,1400,,,,21,,,,,,,,,,,,,,,120,,,,
SUNNYSKY,Sunn--1400,SunnySky,,,,1400,,,,109,,,,,,,,,,,,,,,1180,,,,
SUNNYSKY,Sunn--1450,SunnySky,,,,1450,,,,25,,,,,,,,,,,,,,,170,,,,
SUNNYSKY,Sunn--1480,SunnySky,,,,1480,,,,20,,,,,,,,,,,,,,,125,,,,
SUNNYSKY,Sunn--1480,SunnySky,,,,1480,,,,23,,,,,,,,,,,,,,,165,,,,
SUNNYSKY,Sunn--1480,SunnySky,,,,1480,,,,2023-06-19 00:00:00,,,,,,,,,,,,,,,120,,,,
SUNNYSKY,Sunn--1480,SunnySky,,,,1480,,,,21,,,,,,,,,,,,,,,130,,,,
SUNNYSKY,Sunn--1500,SunnySky,,,,1500,,,,25,,,,,,,,,,,,,,,150,,,,
SUNNYSKY,Sunn--1500,SunnySky,,,,1500,,,,46,,,,,,,,,,,,,,,240,,,,
SUNNYSKY,Sunn--1500,SunnySky,,,,1500,,,,2023-07-15 00:00:00,,,,,,,,,,,,,,,80,,,,
SUNNYSKY,Sunn--1620,SunnySky,,,,1620,,,,23,,,,,,,,,,,,,,,200,,,,
SUNNYSKY,Sunn--1620,SunnySky,,,,1620,,,,25,,,,,,,,,,,,,,,235,,,,
SUNNYSKY,Sunn--1650,SunnySky,,,,1650,,,,2023-05-15 00:00:00,,,,,,,,,,,,,,,85,,,,
SUNNYSKY,Sunn--1800,SunnySky,,,,1800,,,,20,,,,,,,,,,,,,,,220,,,,
SUNNYSKY,Sunn--1800,SunnySky,,,,1800,,,,2023-06-19 00:00:00,,,,,,,,,,,,,,,140,,,,
SUNNYSKY,Sunn--1800,SunnySky,,,,1800,,,,70,,,,,,,,,,,,,,,450,,,,
SUNNYSKY,Sunn--1800,SunnySky,,,,1800,,,,21,,,,,,,,,,,,,,,160,,,,
SUNNYSKY,Sunn--1850,SunnySky,,,,1850,,,,23,,,,,,,,,,,,,,,240,,,,
SUNNYSKY,Sunn--1850,SunnySky,,,,1850,,,,25,,,,,,,,,,,,,,,210,,,,
SUNNYSKY,Sunn--1900,SunnySky,,,,1900,,,,25,,,,,,,,,,,,,,,150,,,,
SUNNYSKY,Sunn--2000,SunnySky,,,,2000,,,,67,,,,,,,,,,,,,,,550,,,,
SUNNYSKY,Sunn--2000,SunnySky,,,,2000,,,,2023-05-20 00:00:00,,,,,,,,,,,,,,,125,,,,
SUNNYSKY,Sunn--2100,SunnySky,,,,2100,,,,33,,,,,,,,,,,,,,,370,,,,
SUNNYSKY,Sunn--2100,SunnySky,,,,2100,,,,31,,,,,,,,,,,,,,,370,,,,
SUNNYSKY,Sunn--2100,SunnySky,,,,2100,,,,34,,,,,,,,,,,,,,,305,,,,
SUNNYSKY,Sunn--2100,SunnySky,,,,2100,,,,34,,,,,,,,,,,,,,,305,,,,
SUNNYSKY,Sunn--2300,SunnySky,,,,2300,,,,21,,,,,,,,,,,,,,,150,,,,
SUNNYSKY,Sunn--2300,SunnySky,,,,2300,,,,28,,,,,,,,,,,,,,,325,,,,
SUNNYSKY,Sunn--2300,SunnySky,,,,2300,,,,27,,,,,,,,,,,,,,,480,,,,
SUNNYSKY,Sunn--2300,SunnySky,,,,2300,,,,33,,,,,,,,,,,,,,,450,,,,
SUNNYSKY,Sunn--2300,SunnySky,,,,2300,,,,29,,,,,,,,,,,,,,,1000,,,,
SUNNYSKY,Sunn--2300,SunnySky,,,,2300,,,,32,,,,,,,,,,,,,,,1100,,,,
SUNNYSKY,Sunn--2300,SunnySky,,,,2300,,,,2023-05-20 00:00:00,,,,,,,,,,,,,,,170,,,,
SUNNYSKY,Sunn--2300,SunnySky,,,,2300,,,,21,,,,,,,,,,,,,,,140,,,,
SUNNYSKY,Sunn--2300,SunnySky,,,,2300,,,,25,,,,,,,,,,,,,,,295,,,,
SUNNYSKY,Sunn--2380,SunnySky,,,,2380,,,,33,,,,,,,,,,,,,,,415,,,,
SUNNYSKY,Sunn--2380,SunnySky,,,,2380,,,,38,,,,,,,,,,,,,,,940,,,,
SUNNYSKY,Sunn--2380,SunnySky,,,,2380,,,,31,,,,,,,,,,,,,,,370,,,,
SUNNYSKY,Sunn--2400,SunnySky,,,,2400,,,,67,,,,,,,,,,,,,,,710,,,,
SUNNYSKY,Sunn--2450,SunnySky,,,,2450,,,,57,,,,,,,,,,,,,,,450,,,,
SUNNYSKY,Sunn--2480,SunnySky,,,,2480,,,,29,,,,,,,,,,,,,,,825,,,,
SUNNYSKY,Sunn--2500,SunnySky,,,,2500,,,,33,,,,,,,,,,,,,,,480,,,,
SUNNYSKY,Sunn--2580,SunnySky,,,,2580,,,,21,,,,,,,,,,,,,,,430,,,,
SUNNYSKY,Sunn--2580,SunnySky,,,,2580,,,,33,,,,,,,,,,,,,,,480,,,,
SUNNYSKY,Sunn--2600,SunnySky,,,,2600,,,,46,,,,,,,,,,,,,,,330,,,,
SUNNYSKY,Sunn--2700,SunnySky,,,,2700,,,,32,,,,,,,,,,,,,,,950,,,,
SUNNYSKY,Sunn--2700,SunnySky,,,,2700,,,,34,,,,,,,,,,,,,,,350,,,,
SUNNYSKY,Sunn--2700,SunnySky,,,,2700,,,,34,,,,,,,,,,,,,,,350,,,,
SUNNYSKY,Sunn--2800,SunnySky,,,,2800,,,,29,,,,,,,,,,,,,,,900,,,,
SUNNYSKY,Sunn--3100,SunnySky,,,,3100,,,,2023-05-11 00:00:00,,,,,,,,,,,,,,,75,,,,
SUNNYSKY,Sunn--3300,SunnySky,,,,3300,,,,2023-05-13 00:00:00,,,,,,,,,,,,,,,235,,,,
SUNNYSKY,Sunn--3950,SunnySky,,,,3950,,,,67,,,,,,,,,,,,,,,540,,,,
SUNNYSKY,Sunn--5500,SunnySky,,,,5500,,,,2023-05-06 00:00:00,,,,,,,,,,,,,,,235,,,,
SUNNYSKY,Sunn--5500,SunnySky,,,,5500,,,,2023-05-07 00:00:00,,,,,,,,,,,,,,,240,,,,
SUNNYSKY,Sunn--6500,SunnySky,,,,6500,,,,2023-05-07 00:00:00,,,,,,,,,,,,,,,225,,,,
SUNNYSKY,Sunn--7500,SunnySky,,,,7500,,,,2023-05-06 00:00:00,,,,,,,,,,,,,,,200,,,,
SUNNYSKY,Sunn--8000,SunnySky,,,,8000,,,,2023-05-07 00:00:00,,,,,,,,,,,,,,,290,,,,
SUNNYSKY,Sunn--15000,SunnySky,,,,15000,,,,3,,,,,,,,,,,,,,,80,,,,
SUPPO,Supp--190,Suppo,,,,190,,,,1200,,,,,,,,,,,,,,,6660,,,,
SUPPO,Supp--260,Suppo,,,,260,,,,614,,,,,,,,,,,,,,,2960,,,,
SUPPO,Supp--430,Suppo,,,,430,,,,400,,,,,,,,,,,,,,,2000,,,,
SUPPO,Supp--620,Suppo,,,,620,,,,280,,,,,,,,,,,,,,,1555,,,,
SUPPO,Supp--730,Suppo,,,,730,,,,175,,,,,,,,,,,,,,,700,,,,
SUPPO,Supp--840,Suppo,,,,840,,,,175,,,,,,,,,,,,,,,835,,,,
SUPPO,Supp--840,Suppo,,,,840,,,,200,,,,,,,,,,,,,,,1295,,,,
SUPPO,Supp--930,Suppo,,,,930,,,,47,,,,,,,,,,,,,,,135,,,,
SUPPO,Supp--930,Suppo,,,,930,,,,47,,,,,,,,,,,,,,,135,,,,
SUPPO,Supp--950,Suppo,,,,950,,,,70,,,,,,,,,,,,,,,175,,,,
SUPPO,Supp--1000,Suppo,,,,1000,,,,47,,,,,,,,,,,,,,,155,,,,
SUPPO,Supp--1000,Suppo,,,,1000,,,,100,,,,,,,,,,,,,,,520,,,,
SUPPO,Supp--1000,Suppo,,,,1000,,,,145,,,,,,,,,,,,,,,685,,,,
SUPPO,Supp--1000,Suppo,,,,1000,,,,175,,,,,,,,,,,,,,,1020,,,,
SUPPO,Supp--1000,Suppo,,,,1000,,,,36,,,,,,,,,,,,,,,100,,,,
SUPPO,Supp--1100,Suppo,,,,1100,,,,36,,,,,,,,,,,,,,,100,,,,
SUPPO,Supp--1100,Suppo,,,,1100,,,,70,,,,,,,,,,,,,,,200,,,,
SUPPO,Supp--1250,Suppo,,,,1250,,,,70,,,,,,,,,,,,,,,225,,,,
SUPPO,Supp--1400,Suppo,,,,1400,,,,20,,,,,,,,,,,,,,,85,,,,
SUPPO,Supp--1400,Suppo,,,,1400,,,,47,,,,,,,,,,,,,,,180,,,,
SUPPO,Supp--1400,Suppo,,,,1400,,,,100,,,,,,,,,,,,,,,445,,,,
SUPPO,Supp--1450,Suppo,,,,1450,,,,36,,,,,,,,,,,,,,,135,,,,
SUPPO,Supp--1500,Suppo,,,,1500,,,,70,,,,,,,,,,,,,,,310,,,,
SUPPO,Supp--1800,Suppo,,,,1800,,,,36,,,,,,,,,,,,,,,170,,,,
SUPPO,Supp--2100,Suppo,,,,2100,,,,70,,,,,,,,,,,,,,,350,,,,
SUPPO,Supp--2200,Suppo,,,,2200,,,,47,,,,,,,,,,,,,,,310,,,,
SUPPO,Supp--2600,Suppo,,,,2600,,,,36,,,,,,,,,,,,,,,220,,,,
SURPASS,Surp--200,Surpass,,,,200,,,,480,,,,,,,,,,,,,,,750,,,,
SURPASS,Surp--245,Surpass,,,,245,,,,480,,,,,,,,,,,,,,,825,,,,
SURPASS,Surp--330,Surpass,,,,330,,,,155,,,,,,,,,,,,,,,420,,,,
SURPASS,Surp--335,Surpass,,,,335,,,,325,,,,,,,,,,,,,,,795,,,,
SURPASS,Surp--360,Surpass,,,,360,,,,108,,,,,,,,,,,,,,,300,,,,
SURPASS,Surp--370,Surpass,,,,370,,,,125,,,,,,,,,,,,,,,330,,,,
SURPASS,Surp--380,Surpass,,,,380,,,,90,,,,,,,,,,,,,,,240,,,,
SURPASS,Surp--400,Surpass,,,,400,,,,155,,,,,,,,,,,,,,,480,,,,
SURPASS,Surp--435,Surpass,,,,435,,,,325,,,,,,,,,,,,,,,975,,,,
SURPASS,Surp--475,Surpass,,,,475,,,,125,,,,,,,,,,,,,,,375,,,,
SURPASS,Surp--485,Surpass,,,,485,,,,155,,,,,,,,,,,,,,,675,,,,
SURPASS,Surp--570,Surpass,,,,570,,,,275,,,,,,,,,,,,,,,975,,,,
SURPASS,Surp--580,Surpass,,,,580,,,,90,,,,,,,,,,,,,,,300,,,,
SURPASS,Surp--580,Surpass,,,,580,,,,125,,,,,,,,,,,,,,,540,,,,
SURPASS,Surp--600,Surpass,,,,600,,,,275,,,,,,,,,,,,,,,1125,,,,
SURPASS,Surp--630,Surpass,,,,630,,,,108,,,,,,,,,,,,,,,420,,,,
SURPASS,Surp--700,Surpass,,,,700,,,,90,,,,,,,,,,,,,,,345,,,,
SURPASS,Surp--700,Surpass,,,,700,,,,108,,,,,,,,,,,,,,,450,,,,
SURPASS,Surp--710,Surpass,,,,710,,,,275,,,,,,,,,,,,,,,1230,,,,
SURPASS,Surp--720,Surpass,,,,720,,,,205,,,,,,,,,,,,,,,840,,,,
SURPASS,Surp--720,Surpass,,,,720,,,,195,,,,,,,,,,,,,,,645,,,,
SURPASS,Surp--750,Surpass,,,,750,,,,57,,,,,,,,,,,,,,,270,,,,
SURPASS,Surp--760,Surpass,,,,760,,,,275,,,,,,,,,,,,,,,1245,,,,
SURPASS,Surp--790,Surpass,,,,790,,,,172,,,,,,,,,,,,,,,750,,,,
SURPASS,Surp--800,Surpass,,,,800,,,,205,,,,,,,,,,,,,,,930,,,,
SURPASS,Surp--850,Surpass,,,,850,,,,57,,,,,,,,,,,,,,,285,,,,
SURPASS,Surp--890,Surpass,,,,890,,,,195,,,,,,,,,,,,,,,720,,,,
SURPASS,Surp--900,Surpass,,,,900,,,,172,,,,,,,,,,,,,,,900,,,,
SURPASS,Surp--910,Surpass,,,,910,,,,109,,,,,,,,,,,,,,,450,,,,
SURPASS,Surp--1000,Surpass,,,,1000,,,,45,,,,,,,,,,,,,,,300,,,,
SURPASS,Surp--1000,Surpass,,,,1000,,,,57,,,,,,,,,,,,,,,315,,,,
SURPASS,Surp--1050,Surpass,,,,1050,,,,109,,,,,,,,,,,,,,,570,,,,
SURPASS,Surp--1100,Surpass,,,,1100,,,,78,,,,,,,,,,,,,,,450,,,,
SURPASS,Surp--1100,Surpass,,,,1100,,,,172,,,,,,,,,,,,,,,1080,,,,
SURPASS,Surp--1200,Surpass,,,,1200,,,,30,,,,,,,,,,,,,,,165,,,,
SURPASS,Surp--1300,Surpass,,,,1300,,,,57,,,,,,,,,,,,,,,375,,,,
SURPASS,Surp--1300,Surpass,,,,1300,,,,109,,,,,,,,,,,,,,,750,,,,
SURPASS,Surp--1350,Surpass,,,,1350,,,,45,,,,,,,,,,,,,,,360,,,,
SURPASS,Surp--1400,Surpass,,,,1400,,,,78,,,,,,,,,,,,,,,525,,,,
SURPASS,Surp--1400,Surpass,,,,1400,,,,30,,,,,,,,,,,,,,,195,,,,
SURPASS,Surp--1500,Surpass,,,,1500,,,,109,,,,,,,,,,,,,,,825,,,,
SURPASS,Surp--1700,Surpass,,,,1700,,,,78,,,,,,,,,,,,,,,630,,,,
SURPASS,Surp--1900,Surpass,,,,1900,,,,45,,,,,,,,,,,,,,,405,,,,
SURPASS,Surp--1900,Surpass,,,,1900,,,,17,,,,,,,,,,,,,,,150,,,,
SURPASS,Surp--2180,Surpass,,,,2180,,,,26,,,,,,,,,,,,,,,180,,,,
SURPASS,Surp--2200,Surpass,,,,2200,,,,57,,,,,,,,,,,,,,,420,,,,
SURPASS,Surp--2300,Surpass,,,,2300,,,,30,,,,,,,,,,,,,,,270,,,,
SURPASS,Surp--2300,Surpass,,,,2300,,,,26,,,,,,,,,,,,,,,210,,,,
SURPASS,Surp--2300,Surpass,,,,2300,,,,27,,,,,,,,,,,,,,,210,,,,
SURPASS,Surp--2300,Surpass,,,,2300,,,,17,,,,,,,,,,,,,,,195,,,,
SURPASS,Surp--2350,Surpass,,,,2350,,,,18,,,,,,,,,,,,,,,120,,,,
SURPASS,Surp--3000,Surpass,,,,3000,,,,15,,,,,,,,,,,,,,,120,,,,
SURPASS,Surp--4600,Surpass,,,,4600,,,,2023-06-05 00:00:00,,,,,,,,,,,,,,,90,,,,
SURPASS,Surp--7000,Surpass,,,,7000,,,,2023-06-05 00:00:00,,,,,,,,,,,,,,,120,,,,
SURPASS,Surp--7500,Surpass,,,,7500,,,,2023-02-04 00:00:00,,,,,,,,,,,,,,,75,,,,
SURPASS,Surp--9000,Surpass,,,,9000,,,,2023-02-04 00:00:00,,,,,,,,,,,,,,,90,,,,
T-MOTOR,T-Mo--29,T-Motor,,,,29,,,,5130,,,,,,,,,,,,,,,28000,,,,
T-MOTOR,T-Mo--38,T-Motor,,,,38,,,,4408,,,,,,,,,,,,,,,23000,,,,
T-MOTOR,T-Mo--43,T-Motor,,,,43,,,,3600,,,,,,,,,,,,,,,16000,,,,
T-MOTOR,T-Mo--60,T-Motor,,,,60,,,,803,,,,,,,,,,,,,,,4000,,,,
T-MOTOR,T-Mo--65,T-Motor,,,,65,,,,975,,,,,,,,,,,,,,,6720,,,,
T-MOTOR,T-Mo--70,T-Motor,,,,70,,,,855,,,,,,,,,,,,,,,5800,,,,
T-MOTOR,T-Mo--72,T-Motor,,,,72,,,,1020,,,,,,,,,,,,,,,6888,,,,
T-MOTOR,T-Mo--75,T-Motor,,,,75,,,,5200,,,,,,,,,,,,,,,12500,,,,
T-MOTOR,T-Mo--80,T-Motor,,,,80,,,,405,,,,,,,,,,,,,,,1200,,,,
T-MOTOR,T-Mo--80,T-Motor,,,,80,,,,500,,,,,,,,,,,,,,,1500,,,,
T-MOTOR,T-Mo--80,T-Motor,,,,80,,,,1640,,,,,,,,,,,,,,,7000,,,,
T-MOTOR,T-Mo--80,T-Motor,,,,80,,,,1740,,,,,,,,,,,,,,,8580,,,,
T-MOTOR,T-Mo--85,T-Motor,,,,85,,,,1280,,,,,,,,,,,,,,,3120,,,,
T-MOTOR,T-Mo--85,T-Motor,,,,85,,,,277,,,,,,,,,,,,,,,960,,,,
T-MOTOR,T-Mo--85,T-Motor,,,,85,,,,243,,,,,,,,,,,,,,,960,,,,
T-MOTOR,T-Mo--85,T-Motor,,,,85,,,,277,,,,,,,,,,,,,,,915,,,,
T-MOTOR,T-Mo--90,T-Motor,,,,90,,,,255,,,,,,,,,,,,,,,1500,,,,
T-MOTOR,T-Mo--90,T-Motor,,,,90,,,,410,,,,,,,,,,,,,,,1500,,,,
T-MOTOR,T-Mo--90,T-Motor,,,,90,,,,630,,,,,,,,,,,,,,,2735,,,,
T-MOTOR,T-Mo--90,T-Motor,,,,90,,,,730,,,,,,,,,,,,,,,3000,,,,
T-MOTOR,T-Mo--90,T-Motor,,,,90,,,,794,,,,,,,,,,,,,,,2500,,,,
T-MOTOR,T-Mo--95,T-Motor,,,,95,,,,280,,,,,,,,,,,,,,,1790,,,,
T-MOTOR,T-Mo--95,T-Motor,,,,95,,,,280,,,,,,,,,,,,,,,1790,,,,
T-MOTOR,T-Mo--100,T-Motor,,,,100,,,,558,,,,,,,,,,,,,,,1870,,,,
T-MOTOR,T-Mo--100,T-Motor,,,,100,,,,602,,,,,,,,,,,,,,,2410,,,,
T-MOTOR,T-Mo--100,T-Motor,,,,100,,,,640,,,,,,,,,,,,,,,2800,,,,
T-MOTOR,T-Mo--100,T-Motor,,,,100,,,,639,,,,,,,,,,,,,,,2700,,,,
T-MOTOR,T-Mo--100,T-Motor,,,,100,,,,500,,,,,,,,,,,,,,,1700,,,,
T-MOTOR,T-Mo--100,T-Motor,,,,100,,,,400,,,,,,,,,,,,,,,1500,,,,
T-MOTOR,T-Mo--100,T-Motor,,,,100,,,,415,,,,,,,,,,,,,,,1600,,,,
T-MOTOR,T-Mo--100,T-Motor,,,,100,,,,792,,,,,,,,,,,,,,,2500,,,,
T-MOTOR,T-Mo--100,T-Motor,,,,100,,,,1280,,,,,,,,,,,,,,,3850,,,,
T-MOTOR,T-Mo--100,T-Motor,,,,100,,,,1640,,,,,,,,,,,,,,,7000,,,,
T-MOTOR,T-Mo--100,T-Motor,,,,100,,,,1740,,,,,,,,,,,,,,,9940,,,,
T-MOTOR,T-Mo--100,T-Motor,,,,100,,,,243,,,,,,,,,,,,,,,1335,,,,
T-MOTOR,T-Mo--100,T-Motor,,,,100,,,,240,,,,,,,,,,,,,,,750,,,,
T-MOTOR,T-Mo--100,T-Motor,,,,100,,,,240,,,,,,,,,,,,,,,490,,,,
T-MOTOR,T-Mo--100,T-Motor,,,,100,,,,239,,,,,,,,,,,,,,,180,,,,
T-MOTOR,T-Mo--100,T-Motor,,,,100,,,,240,,,,,,,,,,,,,,,750,,,,
T-MOTOR,T-Mo--100,T-Motor,,,,100,,,,272,,,,,,,,,,,,,,,1405,,,,
T-MOTOR,T-Mo--110,T-Motor,,,,110,,,,282,,,,,,,,,,,,,,,2140,,,,
T-MOTOR,T-Mo--110,T-Motor,,,,110,,,,282,,,,,,,,,,,,,,,2140,,,,
T-MOTOR,T-Mo--115,T-Motor,,,,115,,,,320,,,,,,,,,,,,,,,750,,,,
T-MOTOR,T-Mo--115,T-Motor,,,,115,,,,320,,,,,,,,,,,,,,,750,,,,
T-MOTOR,T-Mo--115,T-Motor,,,,115,,,,188,,,,,,,,,,,,,,,750,,,,
T-MOTOR,T-Mo--120,T-Motor,,,,120,,,,453,,,,,,,,,,,,,,,3180,,,,
T-MOTOR,T-Mo--120,T-Motor,,,,120,,,,470,,,,,,,,,,,,,,,2200,,,,
T-MOTOR,T-Mo--120,T-Motor,,,,120,,,,665,,,,,,,,,,,,,,,3180,,,,
T-MOTOR,T-Mo--120,T-Motor,,,,120,,,,625,,,,,,,,,,,,,,,3200,,,,
T-MOTOR,T-Mo--120,T-Motor,,,,120,,,,640,,,,,,,,,,,,,,,3300,,,,
T-MOTOR,T-Mo--120,T-Motor,,,,120,,,,639,,,,,,,,,,,,,,,3600,,,,
T-MOTOR,T-Mo--120,T-Motor,,,,120,,,,730,,,,,,,,,,,,,,,4000,,,,
T-MOTOR,T-Mo--120,T-Motor,,,,120,,,,772,,,,,,,,,,,,,,,2785,,,,
T-MOTOR,T-Mo--120,T-Motor,,,,120,,,,778,,,,,,,,,,,,,,,4560,,,,
T-MOTOR,T-Mo--125,T-Motor,,,,125,,,,450,,,,,,,,,,,,,,,2200,,,,
T-MOTOR,T-Mo--130,T-Motor,,,,130,,,,990,,,,,,,,,,,,,,,5660,,,,
T-MOTOR,T-Mo--135,T-Motor,,,,135,,,,645,,,,,,,,,,,,,,,4930,,,,
T-MOTOR,T-Mo--135,T-Motor,,,,135,,,,350,,,,,,,,,,,,,,,1900,,,,
T-MOTOR,T-Mo--135,T-Motor,,,,135,,,,239,,,,,,,,,,,,,,,940,,,,
T-MOTOR,T-Mo--135,T-Motor,,,,135,,,,240,,,,,,,,,,,,,,,490,,,,
T-MOTOR,T-Mo--135,T-Motor,,,,135,,,,239,,,,,,,,,,,,,,,310,,,,
T-MOTOR,T-Mo--135,T-Motor,,,,135,,,,239,,,,,,,,,,,,,,,940,,,,
T-MOTOR,T-Mo--150,T-Motor,,,,150,,,,470,,,,,,,,,,,,,,,2800,,,,
T-MOTOR,T-Mo--150,T-Motor,,,,150,,,,625,,,,,,,,,,,,,,,3600,,,,
T-MOTOR,T-Mo--150,T-Motor,,,,150,,,,273,,,,,,,,,,,,,,,1200,,,,
T-MOTOR,T-Mo--150,T-Motor,,,,150,,,,243,,,,,,,,,,,,,,,1200,,,,
T-MOTOR,T-Mo--150,T-Motor,,,,150,,,,273,,,,,,,,,,,,,,,1270,,,,
T-MOTOR,T-Mo--160,T-Motor,,,,160,,,,180,,,,,,,,,,,,,,,865,,,,
T-MOTOR,T-Mo--160,T-Motor,,,,160,,,,159,,,,,,,,,,,,,,,1120,,,,
T-MOTOR,T-Mo--160,T-Motor,,,,160,,,,780,,,,,,,,,,,,,,,4800,,,,
T-MOTOR,T-Mo--160,T-Motor,,,,160,,,,180,,,,,,,,,,,,,,,865,,,,
T-MOTOR,T-Mo--160,T-Motor,,,,160,,,,182,,,,,,,,,,,,,,,1120,,,,
T-MOTOR,T-Mo--160,T-Motor,,,,160,,,,430,,,,,,,,,,,,,,,4160,,,,
T-MOTOR,T-Mo--160,T-Motor,,,,160,,,,1230,,,,,,,,,,,,,,,7000,,,,
T-MOTOR,T-Mo--170,T-Motor,,,,170,,,,128,,,,,,,,,,,,,,,720,,,,
T-MOTOR,T-Mo--170,T-Motor,,,,170,,,,128,,,,,,,,,,,,,,,720,,,,
T-MOTOR,T-Mo--170,T-Motor,,,,170,,,,250,,,,,,,,,,,,,,,1500,,,,
T-MOTOR,T-Mo--170,T-Motor,,,,170,,,,327,,,,,,,,,,,,,,,1700,,,,
T-MOTOR,T-Mo--170,T-Motor,,,,170,,,,625,,,,,,,,,,,,,,,4000,,,,
T-MOTOR,T-Mo--170,T-Motor,,,,170,,,,379,,,,,,,,,,,,,,,1800,,,,
T-MOTOR,T-Mo--170,T-Motor,,,,170,,,,640,,,,,,,,,,,,,,,1500,,,,
T-MOTOR,T-Mo--170,T-Motor,,,,170,,,,500,,,,,,,,,,,,,,,1700,,,,
T-MOTOR,T-Mo--170,T-Motor,,,,170,,,,239,,,,,,,,,,,,,,,1300,,,,
T-MOTOR,T-Mo--170,T-Motor,,,,170,,,,239,,,,,,,,,,,,,,,1300,,,,
T-MOTOR,T-Mo--170,T-Motor,,,,170,,,,239,,,,,,,,,,,,,,,520,,,,
T-MOTOR,T-Mo--170,T-Motor,,,,170,,,,239,,,,,,,,,,,,,,,530,,,,
T-MOTOR,T-Mo--170,T-Motor,,,,170,,,,1340,,,,,,,,,,,,,,,9000,,,,
T-MOTOR,T-Mo--170,T-Motor,,,,170,,,,890,,,,,,,,,,,,,,,5200,,,,
T-MOTOR,T-Mo--170,T-Motor,,,,170,,,,1000,,,,,,,,,,,,,,,6800,,,,
T-MOTOR,T-Mo--190,T-Motor,,,,190,,,,635,,,,,,,,,,,,,,,4500,,,,
T-MOTOR,T-Mo--190,T-Motor,,,,190,,,,780,,,,,,,,,,,,,,,6000,,,,
T-MOTOR,T-Mo--190,T-Motor,,,,190,,,,277,,,,,,,,,,,,,,,1040,,,,
T-MOTOR,T-Mo--190,T-Motor,,,,190,,,,243,,,,,,,,,,,,,,,1040,,,,
T-MOTOR,T-Mo--190,T-Motor,,,,190,,,,277,,,,,,,,,,,,,,,1045,,,,
T-MOTOR,T-Mo--200,T-Motor,,,,200,,,,610,,,,,,,,,,,,,,,3500,,,,
T-MOTOR,T-Mo--200,T-Motor,,,,200,,,,610,,,,,,,,,,,,,,,3500,,,,
T-MOTOR,T-Mo--210,T-Motor,,,,210,,,,320,,,,,,,,,,,,,,,3200,,,,
T-MOTOR,T-Mo--220,T-Motor,,,,220,,,,450,,,,,,,,,,,,,,,2700,,,,
T-MOTOR,T-Mo--220,T-Motor,,,,220,,,,450,,,,,,,,,,,,,,,2700,,,,
T-MOTOR,T-Mo--220,T-Motor,,,,220,,,,550,,,,,,,,,,,,,,,4400,,,,
T-MOTOR,T-Mo--220,T-Motor,,,,220,,,,565,,,,,,,,,,,,,,,4500,,,,
T-MOTOR,T-Mo--230,T-Motor,,,,230,,,,320,,,,,,,,,,,,,,,700,,,,
T-MOTOR,T-Mo--230,T-Motor,,,,230,,,,408,,,,,,,,,,,,,,,2500,,,,
T-MOTOR,T-Mo--230,T-Motor,,,,230,,,,320,,,,,,,,,,,,,,,700,,,,
T-MOTOR,T-Mo--230,T-Motor,,,,230,,,,188,,,,,,,,,,,,,,,700,,,,
T-MOTOR,T-Mo--240,T-Motor,,,,240,,,,170,,,,,,,,,,,,,,,1200,,,,
T-MOTOR,T-Mo--245,T-Motor,,,,245,,,,555,,,,,,,,,,,,,,,5000,,,,
T-MOTOR,T-Mo--250,T-Motor,,,,250,,,,305,,,,,,,,,,,,,,,2100,,,,
T-MOTOR,T-Mo--250,T-Motor,,,,250,,,,350,,,,,,,,,,,,,,,2200,,,,
T-MOTOR,T-Mo--260,T-Motor,,,,260,,,,450,,,,,,,,,,,,,,,2000,,,,
T-MOTOR,T-Mo--260,T-Motor,,,,260,,,,225,,,,,,,,,,,,,,,2500,,,,
T-MOTOR,T-Mo--270,T-Motor,,,,270,,,,560,,,,,,,,,,,,,,,4800,,,,
T-MOTOR,T-Mo--275,T-Motor,,,,275,,,,387,,,,,,,,,,,,,,,2800,,,,
T-MOTOR,T-Mo--280,T-Motor,,,,280,,,,355,,,,,,,,,,,,,,,1600,,,,
T-MOTOR,T-Mo--280,T-Motor,,,,280,,,,255,,,,,,,,,,,,,,,900,,,,
T-MOTOR,T-Mo--300,T-Motor,,,,300,,,,52,,,,,,,,,,,,,,,215,,,,
T-MOTOR,T-Mo--300,T-Motor,,,,300,,,,108,,,,,,,,,,,,,,,500,,,,
T-MOTOR,T-Mo--300,T-Motor,,,,300,,,,405,,,,,,,,,,,,,,,3200,,,,
T-MOTOR,T-Mo--300,T-Motor,,,,300,,,,400,,,,,,,,,,,,,,,4548,,,,
T-MOTOR,T-Mo--300,T-Motor,,,,300,,,,152,,,,,,,,,,,,,,,535,,,,
T-MOTOR,T-Mo--300,T-Motor,,,,300,,,,108,,,,,,,,,,,,,,,500,,,,
T-MOTOR,T-Mo--300,T-Motor,,,,300,,,,170,,,,,,,,,,,,,,,1000,,,,
T-MOTOR,T-Mo--300,T-Motor,,,,300,,,,188,,,,,,,,,,,,,,,990,,,,
T-MOTOR,T-Mo--320,T-Motor,,,,320,,,,180,,,,,,,,,,,,,,,935,,,,
T-MOTOR,T-Mo--320,T-Motor,,,,320,,,,161,,,,,,,,,,,,,,,1040,,,,
T-MOTOR,T-Mo--320,T-Motor,,,,320,,,,172,,,,,,,,,,,,,,,910,,,,
T-MOTOR,T-Mo--320,T-Motor,,,,320,,,,225,,,,,,,,,,,,,,,1300,,,,
T-MOTOR,T-Mo--320,T-Motor,,,,320,,,,180,,,,,,,,,,,,,,,935,,,,
T-MOTOR,T-Mo--320,T-Motor,,,,320,,,,180,,,,,,,,,,,,,,,1040,,,,
T-MOTOR,T-Mo--320,T-Motor,,,,320,,,,246,,,,,,,,,,,,,,,1200,,,,
T-MOTOR,T-Mo--320,T-Motor,,,,320,,,,316,,,,,,,,,,,,,,,1400,,,,
T-MOTOR,T-Mo--330,T-Motor,,,,330,,,,149,,,,,,,,,,,,,,,750,,,,
T-MOTOR,T-Mo--330,T-Motor,,,,330,,,,149,,,,,,,,,,,,,,,750,,,,
T-MOTOR,T-Mo--340,T-Motor,,,,340,,,,135,,,,,,,,,,,,,,,760,,,,
T-MOTOR,T-Mo--340,T-Motor,,,,340,,,,132,,,,,,,,,,,,,,,660,,,,
T-MOTOR,T-Mo--340,T-Motor,,,,340,,,,152,,,,,,,,,,,,,,,700,,,,
T-MOTOR,T-Mo--340,T-Motor,,,,340,,,,212,,,,,,,,,,,,,,,910,,,,
T-MOTOR,T-Mo--340,T-Motor,,,,340,,,,135,,,,,,,,,,,,,,,760,,,,
T-MOTOR,T-Mo--340,T-Motor,,,,340,,,,145,,,,,,,,,,,,,,,850,,,,
T-MOTOR,T-Mo--340,T-Motor,,,,340,,,,205,,,,,,,,,,,,,,,840,,,,
T-MOTOR,T-Mo--340,T-Motor,,,,340,,,,379,,,,,,,,,,,,,,,1550,,,,
T-MOTOR,T-Mo--360,T-Motor,,,,360,,,,97,,,,,,,,,,,,,,,330,,,,
T-MOTOR,T-Mo--360,T-Motor,,,,360,,,,97,,,,,,,,,,,,,,,330,,,,
T-MOTOR,T-Mo--360,T-Motor,,,,360,,,,170,,,,,,,,,,,,,,,1000,,,,
T-MOTOR,T-Mo--370,T-Motor,,,,370,,,,112,,,,,,,,,,,,,,,450,,,,
T-MOTOR,T-Mo--380,T-Motor,,,,380,,,,66,,,,,,,,,,,,,,,380,,,,
T-MOTOR,T-Mo--380,T-Motor,,,,380,,,,465,,,,,,,,,,,,,,,2200,,,,
T-MOTOR,T-Mo--380,T-Motor,,,,380,,,,465,,,,,,,,,,,,,,,2200,,,,
T-MOTOR,T-Mo--380,T-Motor,,,,380,,,,82,,,,,,,,,,,,,,,310,,,,
T-MOTOR,T-Mo--380,T-Motor,,,,380,,,,82,,,,,,,,,,,,,,,310,,,,
T-MOTOR,T-Mo--380,T-Motor,,,,380,,,,225,,,,,,,,,,,,,,,1200,,,,
T-MOTOR,T-Mo--380,T-Motor,,,,380,,,,187,,,,,,,,,,,,,,,428,,,,
T-MOTOR,T-Mo--380,T-Motor,,,,380,,,,108,,,,,,,,,,,,,,,370,,,,
T-MOTOR,T-Mo--400,T-Motor,,,,400,,,,52,,,,,,,,,,,,,,,300,,,,
T-MOTOR,T-Mo--400,T-Motor,,,,400,,,,132,,,,,,,,,,,,,,,800,,,,
T-MOTOR,T-Mo--400,T-Motor,,,,400,,,,46,,,,,,,,,,,,,,,185,,,,
T-MOTOR,T-Mo--400,T-Motor,,,,400,,,,183,,,,,,,,,,,,,,,900,,,,
T-MOTOR,T-Mo--400,T-Motor,,,,400,,,,192,,,,,,,,,,,,,,,1140,,,,
T-MOTOR,T-Mo--400,T-Motor,,,,400,,,,132,,,,,,,,,,,,,,,750,,,,
T-MOTOR,T-Mo--400,T-Motor,,,,400,,,,149,,,,,,,,,,,,,,,900,,,,
T-MOTOR,T-Mo--400,T-Motor,,,,400,,,,152,,,,,,,,,,,,,,,770,,,,
T-MOTOR,T-Mo--400,T-Motor,,,,400,,,,253,,,,,,,,,,,,,,,1050,,,,
T-MOTOR,T-Mo--400,T-Motor,,,,400,,,,132,,,,,,,,,,,,,,,800,,,,
T-MOTOR,T-Mo--400,T-Motor,,,,400,,,,121,,,,,,,,,,,,,,,400,,,,
T-MOTOR,T-Mo--400,T-Motor,,,,400,,,,188,,,,,,,,,,,,,,,900,,,,
T-MOTOR,T-Mo--400,T-Motor,,,,400,,,,188,,,,,,,,,,,,,,,610,,,,
T-MOTOR,T-Mo--400,T-Motor,,,,400,,,,188,,,,,,,,,,,,,,,1140,,,,
T-MOTOR,T-Mo--400,T-Motor,,,,400,,,,156,,,,,,,,,,,,,,,850,,,,
T-MOTOR,T-Mo--420,T-Motor,,,,420,,,,172,,,,,,,,,,,,,,,1210,,,,
T-MOTOR,T-Mo--420,T-Motor,,,,420,,,,205,,,,,,,,,,,,,,,940,,,,
T-MOTOR,T-Mo--420,T-Motor,,,,420,,,,255,,,,,,,,,,,,,,,1180,,,,
T-MOTOR,T-Mo--420,T-Motor,,,,420,,,,255,,,,,,,,,,,,,,,1180,,,,
T-MOTOR,T-Mo--450,T-Motor,,,,450,,,,106,,,,,,,,,,,,,,,650,,,,
T-MOTOR,T-Mo--450,T-Motor,,,,450,,,,408,,,,,,,,,,,,,,,1800,,,,
T-MOTOR,T-Mo--450,T-Motor,,,,450,,,,212,,,,,,,,,,,,,,,1210,,,,
T-MOTOR,T-Mo--450,T-Motor,,,,450,,,,106,,,,,,,,,,,,,,,650,,,,
T-MOTOR,T-Mo--465,T-Motor,,,,465,,,,253,,,,,,,,,,,,,,,1200,,,,
T-MOTOR,T-Mo--470,T-Motor,,,,470,,,,80,,,,,,,,,,,,,,,330,,,,
T-MOTOR,T-Mo--470,T-Motor,,,,470,,,,80,,,,,,,,,,,,,,,330,,,,
T-MOTOR,T-Mo--475,T-Motor,,,,475,,,,112,,,,,,,,,,,,,,,540,,,,
T-MOTOR,T-Mo--480,T-Motor,,,,480,,,,416,,,,,,,,,,,,,,,2700,,,,
T-MOTOR,T-Mo--480,T-Motor,,,,480,,,,132,,,,,,,,,,,,,,,870,,,,
T-MOTOR,T-Mo--490,T-Motor,,,,490,,,,258,,,,,,,,,,,,,,,1300,,,,
T-MOTOR,T-Mo--490,T-Motor,,,,490,,,,258,,,,,,,,,,,,,,,1300,,,,
T-MOTOR,T-Mo--500,T-Motor,,,,500,,,,305,,,,,,,,,,,,,,,1700,,,,
T-MOTOR,T-Mo--510,T-Motor,,,,510,,,,404,,,,,,,,,,,,,,,4000,,,,
T-MOTOR,T-Mo--510,T-Motor,,,,510,,,,450,,,,,,,,,,,,,,,3360,,,,
T-MOTOR,T-Mo--520,T-Motor,,,,520,,,,416,,,,,,,,,,,,,,,3200,,,,
T-MOTOR,T-Mo--525,T-Motor,,,,525,,,,360,,,,,,,,,,,,,,,1700,,,,
T-MOTOR,T-Mo--530,T-Motor,,,,530,,,,450,,,,,,,,,,,,,,,3440,,,,
T-MOTOR,T-Mo--540,T-Motor,,,,540,,,,355,,,,,,,,,,,,,,,2000,,,,
T-MOTOR,T-Mo--545,T-Motor,,,,545,,,,420,,,,,,,,,,,,,,,2400,,,,
T-MOTOR,T-Mo--550,T-Motor,,,,550,,,,169,,,,,,,,,,,,,,,880,,,,
T-MOTOR,T-Mo--550,T-Motor,,,,550,,,,220,,,,,,,,,,,,,,,1100,,,,
T-MOTOR,T-Mo--550,T-Motor,,,,550,,,,286,,,,,,,,,,,,,,,2100,,,,
T-MOTOR,T-Mo--550,T-Motor,,,,550,,,,187,,,,,,,,,,,,,,,700,,,,
T-MOTOR,T-Mo--555,T-Motor,,,,555,,,,360,,,,,,,,,,,,,,,1700,,,,
T-MOTOR,T-Mo--560,T-Motor,,,,560,,,,300,,,,,,,,,,,,,,,1800,,,,
T-MOTOR,T-Mo--560,T-Motor,,,,560,,,,450,,,,,,,,,,,,,,,4000,,,,
T-MOTOR,T-Mo--570,T-Motor,,,,570,,,,289,,,,,,,,,,,,,,,1800,,,,
T-MOTOR,T-Mo--580,T-Motor,,,,580,,,,298,,,,,,,,,,,,,,,1400,,,,
T-MOTOR,T-Mo--580,T-Motor,,,,580,,,,82,,,,,,,,,,,,,,,400,,,,
T-MOTOR,T-Mo--580,T-Motor,,,,580,,,,82,,,,,,,,,,,,,,,400,,,,
T-MOTOR,T-Mo--580,T-Motor,,,,580,,,,112,,,,,,,,,,,,,,,580,,,,
T-MOTOR,T-Mo--600,T-Motor,,,,600,,,,145,,,,,,,,,,,,,,,960,,,,
T-MOTOR,T-Mo--600,T-Motor,,,,600,,,,108,,,,,,,,,,,,,,,450,,,,
T-MOTOR,T-Mo--630,T-Motor,,,,630,,,,97,,,,,,,,,,,,,,,495,,,,
T-MOTOR,T-Mo--630,T-Motor,,,,630,,,,97,,,,,,,,,,,,,,,495,,,,
T-MOTOR,T-Mo--635,T-Motor,,,,635,,,,420,,,,,,,,,,,,,,,2000,,,,
T-MOTOR,T-Mo--650,T-Motor,,,,650,,,,145,,,,,,,,,,,,,,,1150,,,,
T-MOTOR,T-Mo--650,T-Motor,,,,650,,,,46,,,,,,,,,,,,,,,215,,,,
T-MOTOR,T-Mo--650,T-Motor,,,,650,,,,361,,,,,,,,,,,,,,,2850,,,,
T-MOTOR,T-Mo--650,T-Motor,,,,650,,,,70,,,,,,,,,,,,,,,260,,,,
T-MOTOR,T-Mo--650,T-Motor,,,,650,,,,70,,,,,,,,,,,,,,,200,,,,
T-MOTOR,T-Mo--650,T-Motor,,,,650,,,,188,,,,,,,,,,,,,,,650,,,,
T-MOTOR,T-Mo--700,T-Motor,,,,700,,,,289,,,,,,,,,,,,,,,1900,,,,
T-MOTOR,T-Mo--700,T-Motor,,,,700,,,,80,,,,,,,,,,,,,,,470,,,,
T-MOTOR,T-Mo--700,T-Motor,,,,700,,,,80,,,,,,,,,,,,,,,470,,,,
T-MOTOR,T-Mo--700,T-Motor,,,,700,,,,82,,,,,,,,,,,,,,,510,,,,
T-MOTOR,T-Mo--700,T-Motor,,,,700,,,,82,,,,,,,,,,,,,,,510,,,,
T-MOTOR,T-Mo--700,T-Motor,,,,700,,,,97,,,,,,,,,,,,,,,555,,,,
T-MOTOR,T-Mo--700,T-Motor,,,,700,,,,97,,,,,,,,,,,,,,,555,,,,
T-MOTOR,T-Mo--700,T-Motor,,,,700,,,,97,,,,,,,,,,,,,,,500,,,,
T-MOTOR,T-Mo--710,T-Motor,,,,710,,,,125,,,,,,,,,,,,,,,200,,,,
T-MOTOR,T-Mo--710,T-Motor,,,,710,,,,120,,,,,,,,,,,,,,,440,,,,
T-MOTOR,T-Mo--710,T-Motor,,,,710,,,,120,,,,,,,,,,,,,,,440,,,,
T-MOTOR,T-Mo--720,T-Motor,,,,720,,,,220,,,,,,,,,,,,,,,1100,,,,
T-MOTOR,T-Mo--730,T-Motor,,,,730,,,,206,,,,,,,,,,,,,,,1200,,,,
T-MOTOR,T-Mo--740,T-Motor,,,,740,,,,92,,,,,,,,,,,,,,,500,,,,
T-MOTOR,T-Mo--740,T-Motor,,,,740,,,,92,,,,,,,,,,,,,,,250,,,,
T-MOTOR,T-Mo--750,T-Motor,,,,750,,,,55,,,,,,,,,,,,,,,120,,,,
T-MOTOR,T-Mo--760,T-Motor,,,,760,,,,187,,,,,,,,,,,,,,,700,,,,
T-MOTOR,T-Mo--770,T-Motor,,,,770,,,,120,,,,,,,,,,,,,,,500,,,,
T-MOTOR,T-Mo--780,T-Motor,,,,780,,,,54,,,,,,,,,,,,,,,200,,,,
T-MOTOR,T-Mo--780,T-Motor,,,,780,,,,80,,,,,,,,,,,,,,,470,,,,
T-MOTOR,T-Mo--780,T-Motor,,,,780,,,,80,,,,,,,,,,,,,,,470,,,,
T-MOTOR,T-Mo--800,T-Motor,,,,800,,,,75,,,,,,,,,,,,,,,180,,,,
T-MOTOR,T-Mo--800,T-Motor,,,,800,,,,75,,,,,,,,,,,,,,,180,,,,
T-MOTOR,T-Mo--800,T-Motor,,,,800,,,,75,,,,,,,,,,,,,,,260,,,,
T-MOTOR,T-Mo--800,T-Motor,,,,800,,,,75,,,,,,,,,,,,,,,260,,,,
T-MOTOR,T-Mo--830,T-Motor,,,,830,,,,132,,,,,,,,,,,,,,,800,,,,
T-MOTOR,T-Mo--830,T-Motor,,,,830,,,,132,,,,,,,,,,,,,,,480,,,,
T-MOTOR,T-Mo--830,T-Motor,,,,830,,,,132,,,,,,,,,,,,,,,668,,,,
T-MOTOR,T-Mo--830,T-Motor,,,,830,,,,132,,,,,,,,,,,,,,,480,,,,
T-MOTOR,T-Mo--830,T-Motor,,,,830,,,,131,,,,,,,,,,,,,,,1110,,,,
T-MOTOR,T-Mo--850,T-Motor,,,,850,,,,220,,,,,,,,,,,,,,,1100,,,,
T-MOTOR,T-Mo--870,T-Motor,,,,870,,,,167,,,,,,,,,,,,,,,1000,,,,
T-MOTOR,T-Mo--880,T-Motor,,,,880,,,,65,,,,,,,,,,,,,,,260,,,,
T-MOTOR,T-Mo--880,T-Motor,,,,880,,,,64,,,,,,,,,,,,,,,275,,,,
T-MOTOR,T-Mo--880,T-Motor,,,,880,,,,103,,,,,,,,,,,,,,,370,,,,
T-MOTOR,T-Mo--880,T-Motor,,,,880,,,,81,,,,,,,,,,,,,,,394,,,,
T-MOTOR,T-Mo--880,T-Motor,,,,880,,,,144,,,,,,,,,,,,,,,626,,,,
T-MOTOR,T-Mo--880,T-Motor,,,,880,,,,80,,,,,,,,,,,,,,,350,,,,
T-MOTOR,T-Mo--880,T-Motor,,,,880,,,,141,,,,,,,,,,,,,,,700,,,,
T-MOTOR,T-Mo--880,T-Motor,,,,880,,,,207,,,,,,,,,,,,,,,1300,,,,
T-MOTOR,T-Mo--900,T-Motor,,,,900,,,,145,,,,,,,,,,,,,,,800,,,,
T-MOTOR,T-Mo--900,T-Motor,,,,900,,,,110,,,,,,,,,,,,,,,553,,,,
T-MOTOR,T-Mo--900,T-Motor,,,,900,,,,108,,,,,,,,,,,,,,,650,,,,
T-MOTOR,T-Mo--900,T-Motor,,,,900,,,,175,,,,,,,,,,,,,,,820,,,,
T-MOTOR,T-Mo--900,T-Motor,,,,900,,,,75,,,,,,,,,,,,,,,200,,,,
T-MOTOR,T-Mo--900,T-Motor,,,,900,,,,75,,,,,,,,,,,,,,,210,,,,
T-MOTOR,T-Mo--900,T-Motor,,,,900,,,,75,,,,,,,,,,,,,,,210,,,,
T-MOTOR,T-Mo--900,T-Motor,,,,900,,,,75,,,,,,,,,,,,,,,280,,,,
T-MOTOR,T-Mo--900,T-Motor,,,,900,,,,75,,,,,,,,,,,,,,,280,,,,
T-MOTOR,T-Mo--920,T-Motor,,,,920,,,,54,,,,,,,,,,,,,,,230,,,,
T-MOTOR,T-Mo--920,T-Motor,,,,920,,,,57,,,,,,,,,,,,,,,250,,,,
T-MOTOR,T-Mo--920,T-Motor,,,,920,,,,125,,,,,,,,,,,,,,,460,,,,
T-MOTOR,T-Mo--920,T-Motor,,,,920,,,,54,,,,,,,,,,,,,,,220,,,,
T-MOTOR,T-Mo--925,T-Motor,,,,925,,,,77,,,,,,,,,,,,,,,1235,,,,
T-MOTOR,T-Mo--950,T-Motor,,,,950,,,,94,,,,,,,,,,,,,,,450,,,,
T-MOTOR,T-Mo--980,T-Motor,,,,980,,,,57,,,,,,,,,,,,,,,165,,,,
T-MOTOR,T-Mo--980,T-Motor,,,,980,,,,55,,,,,,,,,,,,,,,230,,,,
T-MOTOR,T-Mo--1000,T-Motor,,,,1000,,,,95,,,,,,,,,,,,,,,350,,,,
T-MOTOR,T-Mo--1000,T-Motor,,,,1000,,,,103,,,,,,,,,,,,,,,700,,,,
T-MOTOR,T-Mo--1000,T-Motor,,,,1000,,,,103,,,,,,,,,,,,,,,370,,,,
T-MOTOR,T-Mo--1000,T-Motor,,,,1000,,,,100,,,,,,,,,,,,,,,610,,,,
T-MOTOR,T-Mo--1050,T-Motor,,,,1050,,,,112,,,,,,,,,,,,,,,718,,,,
T-MOTOR,T-Mo--1050,T-Motor,,,,1050,,,,144,,,,,,,,,,,,,,,963,,,,
T-MOTOR,T-Mo--1050,T-Motor,,,,1050,,,,108,,,,,,,,,,,,,,,700,,,,
T-MOTOR,T-Mo--1050,T-Motor,,,,1050,,,,141,,,,,,,,,,,,,,,900,,,,
T-MOTOR,T-Mo--1100,T-Motor,,,,1100,,,,175,,,,,,,,,,,,,,,1100,,,,
T-MOTOR,T-Mo--1100,T-Motor,,,,1100,,,,67,,,,,,,,,,,,,,,1175,,,,
T-MOTOR,T-Mo--1100,T-Motor,,,,1100,,,,45.5,,,,,,,,,,,,,,,110,,,,
T-MOTOR,T-Mo--1100,T-Motor,,,,1100,,,,75,,,,,,,,,,,,,,,250,,,,
T-MOTOR,T-Mo--1100,T-Motor,,,,1100,,,,45,,,,,,,,,,,,,,,180,,,,
T-MOTOR,T-Mo--1100,T-Motor,,,,1100,,,,45,,,,,,,,,,,,,,,110,,,,
T-MOTOR,T-Mo--1100,T-Motor,,,,1100,,,,45,,,,,,,,,,,,,,,110,,,,
T-MOTOR,T-Mo--1100,T-Motor,,,,1100,,,,55,,,,,,,,,,,,,,,250,,,,
T-MOTOR,T-Mo--1100,T-Motor,,,,1100,,,,75,,,,,,,,,,,,,,,380,,,,
T-MOTOR,T-Mo--1150,T-Motor,,,,1150,,,,63,,,,,,,,,,,,,,,357,,,,
T-MOTOR,T-Mo--1150,T-Motor,,,,1150,,,,60,,,,,,,,,,,,,,,350,,,,
T-MOTOR,T-Mo--1155,T-Motor,,,,1155,,,,77,,,,,,,,,,,,,,,1320,,,,
T-MOTOR,T-Mo--1200,T-Motor,,,,1200,,,,112,,,,,,,,,,,,,,,885,,,,
T-MOTOR,T-Mo--1200,T-Motor,,,,1200,,,,108,,,,,,,,,,,,,,,800,,,,
T-MOTOR,T-Mo--1200,T-Motor,,,,1200,,,,30,,,,,,,,,,,,,,,110,,,,
T-MOTOR,T-Mo--1250,T-Motor,,,,1250,,,,49,,,,,,,,,,,,,,,190,,,,
T-MOTOR,T-Mo--1250,T-Motor,,,,1250,,,,81,,,,,,,,,,,,,,,596,,,,
T-MOTOR,T-Mo--1250,T-Motor,,,,1250,,,,136,,,,,,,,,,,,,,,1092,,,,
T-MOTOR,T-Mo--1250,T-Motor,,,,1250,,,,68,,,,,,,,,,,,,,,450,,,,
T-MOTOR,T-Mo--1250,T-Motor,,,,1250,,,,68,,,,,,,,,,,,,,,260,,,,
T-MOTOR,T-Mo--1250,T-Motor,,,,1250,,,,80,,,,,,,,,,,,,,,550,,,,
T-MOTOR,T-Mo--1250,T-Motor,,,,1250,,,,94,,,,,,,,,,,,,,,700,,,,
T-MOTOR,T-Mo--1250,T-Motor,,,,1250,,,,141,,,,,,,,,,,,,,,1000,,,,
T-MOTOR,T-Mo--1250,T-Motor,,,,1250,,,,70,,,,,,,,,,,,,,,444,,,,
T-MOTOR,T-Mo--1260,T-Motor,,,,1260,,,,38,,,,,,,,,,,,,,,135,,,,
T-MOTOR,T-Mo--1300,T-Motor,,,,1300,,,,47,,,,,,,,,,,,,,,1050,,,,
T-MOTOR,T-Mo--1300,T-Motor,,,,1300,,,,52,,,,,,,,,,,,,,,222,,,,
T-MOTOR,T-Mo--1350,T-Motor,,,,1350,,,,67,,,,,,,,,,,,,,,1235,,,,
T-MOTOR,T-Mo--1370,T-Motor,,,,1370,,,,40,,,,,,,,,,,,,,,199,,,,
T-MOTOR,T-Mo--1400,T-Motor,,,,1400,,,,63,,,,,,,,,,,,,,,334,,,,
T-MOTOR,T-Mo--1400,T-Motor,,,,1400,,,,81,,,,,,,,,,,,,,,712,,,,
T-MOTOR,T-Mo--1400,T-Motor,,,,1400,,,,60,,,,,,,,,,,,,,,320,,,,
T-MOTOR,T-Mo--1400,T-Motor,,,,1400,,,,80,,,,,,,,,,,,,,,700,,,,
T-MOTOR,T-Mo--1400,T-Motor,,,,1400,,,,18,,,,,,,,,,,,,,,96,,,,
T-MOTOR,T-Mo--1400,T-Motor,,,,1400,,,,23,,,,,,,,,,,,,,,88,,,,
T-MOTOR,T-Mo--1450,T-Motor,,,,1450,,,,2023-06-18 00:00:00,,,,,,,,,,,,,,,175,,,,
T-MOTOR,T-Mo--1450,T-Motor,,,,1450,,,,49,,,,,,,,,,,,,,,275,,,,
T-MOTOR,T-Mo--1450,T-Motor,,,,1450,,,,48,,,,,,,,,,,,,,,250,,,,
T-MOTOR,T-Mo--1500,T-Motor,,,,1500,,,,2023-01-10 00:00:00,,,,,,,,,,,,,,,68,,,,
T-MOTOR,T-Mo--1500,T-Motor,,,,1500,,,,2023-03-22 00:00:00,,,,,,,,,,,,,,,195,,,,
T-MOTOR,T-Mo--1500,T-Motor,,,,1500,,,,17,,,,,,,,,,,,,,,108,,,,
T-MOTOR,T-Mo--1500,T-Motor,,,,1500,,,,20,,,,,,,,,,,,,,,72,,,,
T-MOTOR,T-Mo--1500,T-Motor,,,,1500,,,,29,,,,,,,,,,,,,,,170,,,,
T-MOTOR,T-Mo--1500,T-Motor,,,,1500,,,,25,,,,,,,,,,,,,,,120,,,,
T-MOTOR,T-Mo--1500,T-Motor,,,,1500,,,,25,,,,,,,,,,,,,,,200,,,,
T-MOTOR,T-Mo--1500,T-Motor,,,,1500,,,,18,,,,,,,,,,,,,,,100,,,,
T-MOTOR,T-Mo--1500,T-Motor,,,,1500,,,,20,,,,,,,,,,,,,,,110,,,,
T-MOTOR,T-Mo--1500,T-Motor,,,,1500,,,,28,,,,,,,,,,,,,,,170,,,,
T-MOTOR,T-Mo--1500,T-Motor,,,,1500,,,,18,,,,,,,,,,,,,,,462,,,,
T-MOTOR,T-Mo--1500,T-Motor,,,,1500,,,,47,,,,,,,,,,,,,,,1085,,,,
T-MOTOR,T-Mo--1600,T-Motor,,,,1600,,,,28,,,,,,,,,,,,,,,872,,,,
T-MOTOR,T-Mo--1700,T-Motor,,,,1700,,,,17,,,,,,,,,,,,,,,503,,,,
T-MOTOR,T-Mo--1700,T-Motor,,,,1700,,,,177,,,,,,,,,,,,,,,1150,,,,
T-MOTOR,T-Mo--1700,T-Motor,,,,1700,,,,19,,,,,,,,,,,,,,,133,,,,
T-MOTOR,T-Mo--1750,T-Motor,,,,1750,,,,2023-06-18 00:00:00,,,,,,,,,,,,,,,185,,,,
T-MOTOR,T-Mo--1750,T-Motor,,,,1750,,,,28,,,,,,,,,,,,,,,857,,,,
T-MOTOR,T-Mo--1750,T-Motor,,,,1750,,,,35,,,,,,,,,,,,,,,890,,,,
T-MOTOR,T-Mo--1750,T-Motor,,,,1750,,,,35,,,,,,,,,,,,,,,950,,,,
T-MOTOR,T-Mo--1750,T-Motor,,,,1750,,,,33,,,,,,,,,,,,,,,940,,,,
T-MOTOR,T-Mo--1750,T-Motor,,,,1750,,,,34,,,,,,,,,,,,,,,794,,,,
T-MOTOR,T-Mo--1750,T-Motor,,,,1750,,,,35,,,,,,,,,,,,,,,794,,,,
T-MOTOR,T-Mo--1750,T-Motor,,,,1750,,,,37,,,,,,,,,,,,,,,776,,,,
T-MOTOR,T-Mo--1750,T-Motor,,,,1750,,,,38,,,,,,,,,,,,,,,796,,,,
T-MOTOR,T-Mo--1750,T-Motor,,,,1750,,,,37,,,,,,,,,,,,,,,805,,,,
T-MOTOR,T-Mo--1800,T-Motor,,,,1800,,,,17,,,,,,,,,,,,,,,67,,,,
T-MOTOR,T-Mo--1800,T-Motor,,,,1800,,,,20,,,,,,,,,,,,,,,168,,,,
T-MOTOR,T-Mo--1800,T-Motor,,,,1800,,,,20,,,,,,,,,,,,,,,120,,,,
T-MOTOR,T-Mo--1800,T-Motor,,,,1800,,,,18,,,,,,,,,,,,,,,70,,,,
T-MOTOR,T-Mo--1800,T-Motor,,,,1800,,,,20,,,,,,,,,,,,,,,110,,,,
T-MOTOR,T-Mo--1850,T-Motor,,,,1850,,,,2023-05-22 00:00:00,,,,,,,,,,,,,,,180,,,,
T-MOTOR,T-Mo--1850,T-Motor,,,,1850,,,,20,,,,,,,,,,,,,,,120,,,,
T-MOTOR,T-Mo--1850,T-Motor,,,,1850,,,,32,,,,,,,,,,,,,,,1220,,,,
T-MOTOR,T-Mo--1900,T-Motor,,,,1900,,,,2023-01-10 00:00:00,,,,,,,,,,,,,,,68,,,,
T-MOTOR,T-Mo--1900,T-Motor,,,,1900,,,,29,,,,,,,,,,,,,,,157,,,,
T-MOTOR,T-Mo--1900,T-Motor,,,,1900,,,,28,,,,,,,,,,,,,,,140,,,,
T-MOTOR,T-Mo--1900,T-Motor,,,,1900,,,,38,,,,,,,,,,,,,,,360,,,,
T-MOTOR,T-Mo--1900,T-Motor,,,,1900,,,,35,,,,,,,,,,,,,,,1010,,,,
T-MOTOR,T-Mo--1900,T-Motor,,,,1900,,,,40,,,,,,,,,,,,,,,1120,,,,
T-MOTOR,T-Mo--1900,T-Motor,,,,1900,,,,40,,,,,,,,,,,,,,,1120,,,,
T-MOTOR,T-Mo--1900,T-Motor,,,,1900,,,,40,,,,,,,,,,,,,,,1000,,,,
T-MOTOR,T-Mo--1900,T-Motor,,,,1900,,,,23,,,,,,,,,,,,,,,155,,,,
T-MOTOR,T-Mo--1900,T-Motor,,,,1900,,,,22,,,,,,,,,,,,,,,88,,,,
T-MOTOR,T-Mo--1950,T-Motor,,,,1950,,,,31,,,,,,,,,,,,,,,1010,,,,
T-MOTOR,T-Mo--1950,T-Motor,,,,1950,,,,33,,,,,,,,,,,,,,,1190,,,,
T-MOTOR,T-Mo--1950,T-Motor,,,,1950,,,,34,,,,,,,,,,,,,,,878,,,,
T-MOTOR,T-Mo--1950,T-Motor,,,,1950,,,,35,,,,,,,,,,,,,,,873,,,,
T-MOTOR,T-Mo--1950,T-Motor,,,,1950,,,,37,,,,,,,,,,,,,,,996,,,,
T-MOTOR,T-Mo--1950,T-Motor,,,,1950,,,,38,,,,,,,,,,,,,,,980,,,,
T-MOTOR,T-Mo--1950,T-Motor,,,,1950,,,,32,,,,,,,,,,,,,,,850,,,,
T-MOTOR,T-Mo--1950,T-Motor,,,,1950,,,,29,,,,,,,,,,,,,,,949,,,,
T-MOTOR,T-Mo--1950,T-Motor,,,,1950,,,,34,,,,,,,,,,,,,,,902,,,,
T-MOTOR,T-Mo--1950,T-Motor,,,,1950,,,,35,,,,,,,,,,,,,,,1051,,,,
T-MOTOR,T-Mo--1950,T-Motor,,,,1950,,,,37,,,,,,,,,,,,,,,963,,,,
T-MOTOR,T-Mo--1950,T-Motor,,,,1950,,,,39,,,,,,,,,,,,,,,863,,,,
T-MOTOR,T-Mo--2000,T-Motor,,,,2000,,,,27,,,,,,,,,,,,,,,195,,,,
T-MOTOR,T-Mo--2000,T-Motor,,,,2000,,,,116,,,,,,,,,,,,,,,441,,,,
T-MOTOR,T-Mo--2000,T-Motor,,,,2000,,,,30,,,,,,,,,,,,,,,180,,,,
T-MOTOR,T-Mo--2000,T-Motor,,,,2000,,,,17,,,,,,,,,,,,,,,74,,,,
T-MOTOR,T-Mo--2000,T-Motor,,,,2000,,,,18,,,,,,,,,,,,,,,74,,,,
T-MOTOR,T-Mo--2000,T-Motor,,,,2000,,,,17,,,,,,,,,,,,,,,74,,,,
T-MOTOR,T-Mo--2000,T-Motor,,,,2000,,,,27,,,,,,,,,,,,,,,177,,,,
T-MOTOR,T-Mo--2100,T-Motor,,,,2100,,,,45,,,,,,,,,,,,,,,480,,,,
T-MOTOR,T-Mo--2100,T-Motor,,,,2100,,,,18,,,,,,,,,,,,,,,81,,,,
T-MOTOR,T-Mo--2150,T-Motor,,,,2150,,,,28,,,,,,,,,,,,,,,805,,,,
T-MOTOR,T-Mo--2150,T-Motor,,,,2150,,,,35,,,,,,,,,,,,,,,810,,,,
T-MOTOR,T-Mo--2200,T-Motor,,,,2200,,,,52,,,,,,,,,,,,,,,650,,,,
T-MOTOR,T-Mo--2200,T-Motor,,,,2200,,,,34,,,,,,,,,,,,,,,552,,,,
T-MOTOR,T-Mo--2200,T-Motor,,,,2200,,,,33,,,,,,,,,,,,,,,530,,,,
T-MOTOR,T-Mo--2200,T-Motor,,,,2200,,,,40,,,,,,,,,,,,,,,925,,,,
T-MOTOR,T-Mo--2200,T-Motor,,,,2200,,,,40,,,,,,,,,,,,,,,925,,,,
T-MOTOR,T-Mo--2200,T-Motor,,,,2200,,,,40,,,,,,,,,,,,,,,900,,,,
T-MOTOR,T-Mo--2250,T-Motor,,,,2250,,,,14,,,,,,,,,,,,,,,66,,,,
T-MOTOR,T-Mo--2280,T-Motor,,,,2280,,,,2023-06-18 00:00:00,,,,,,,,,,,,,,,200,,,,
T-MOTOR,T-Mo--2300,T-Motor,,,,2300,,,,17,,,,,,,,,,,,,,,62,,,,
T-MOTOR,T-Mo--2300,T-Motor,,,,2300,,,,20,,,,,,,,,,,,,,,108,,,,
T-MOTOR,T-Mo--2300,T-Motor,,,,2300,,,,29,,,,,,,,,,,,,,,240,,,,
T-MOTOR,T-Mo--2300,T-Motor,,,,2300,,,,14,,,,,,,,,,,,,,,90,,,,
T-MOTOR,T-Mo--2300,T-Motor,,,,2300,,,,18,,,,,,,,,,,,,,,65,,,,
T-MOTOR,T-Mo--2300,T-Motor,,,,2300,,,,20,,,,,,,,,,,,,,,110,,,,
T-MOTOR,T-Mo--2300,T-Motor,,,,2300,,,,28,,,,,,,,,,,,,,,230,,,,
T-MOTOR,T-Mo--2300,T-Motor,,,,2300,,,,20,,,,,,,,,,,,,,,233,,,,
T-MOTOR,T-Mo--2300,T-Motor,,,,2300,,,,20,,,,,,,,,,,,,,,189,,,,
T-MOTOR,T-Mo--2300,T-Motor,,,,2300,,,,32,,,,,,,,,,,,,,,270,,,,
T-MOTOR,T-Mo--2300,T-Motor,,,,2300,,,,32,,,,,,,,,,,,,,,270,,,,
T-MOTOR,T-Mo--2300,T-Motor,,,,2300,,,,28,,,,,,,,,,,,,,,520,,,,
T-MOTOR,T-Mo--2300,T-Motor,,,,2300,,,,31,,,,,,,,,,,,,,,560,,,,
T-MOTOR,T-Mo--2300,T-Motor,,,,2300,,,,18,,,,,,,,,,,,,,,150,,,,
T-MOTOR,T-Mo--2300,T-Motor,,,,2300,,,,23,,,,,,,,,,,,,,,88,,,,
T-MOTOR,T-Mo--2350,T-Motor,,,,2350,,,,2023-05-14 00:00:00,,,,,,,,,,,,,,,50,,,,
T-MOTOR,T-Mo--2350,T-Motor,,,,2350,,,,35,,,,,,,,,,,,,,,710,,,,
T-MOTOR,T-Mo--2350,T-Motor,,,,2350,,,,34,,,,,,,,,,,,,,,620,,,,
T-MOTOR,T-Mo--2350,T-Motor,,,,2350,,,,37,,,,,,,,,,,,,,,640,,,,
T-MOTOR,T-Mo--2350,T-Motor,,,,2350,,,,16,,,,,,,,,,,,,,,66,,,,
T-MOTOR,T-Mo--2400,T-Motor,,,,2400,,,,28,,,,,,,,,,,,,,,745,,,,
T-MOTOR,T-Mo--2400,T-Motor,,,,2400,,,,33,,,,,,,,,,,,,,,660,,,,
T-MOTOR,T-Mo--2400,T-Motor,,,,2400,,,,31,,,,,,,,,,,,,,,665,,,,
T-MOTOR,T-Mo--2400,T-Motor,,,,2400,,,,35,,,,,,,,,,,,,,,690,,,,
T-MOTOR,T-Mo--2400,T-Motor,,,,2400,,,,31,,,,,,,,,,,,,,,560,,,,
T-MOTOR,T-Mo--2400,T-Motor,,,,2400,,,,16,,,,,,,,,,,,,,,110,,,,
T-MOTOR,T-Mo--2400,T-Motor,,,,2400,,,,32,,,,,,,,,,,,,,,494,,,,
T-MOTOR,T-Mo--2400,T-Motor,,,,2400,,,,32,,,,,,,,,,,,,,,485,,,,
T-MOTOR,T-Mo--2450,T-Motor,,,,2450,,,,24,,,,,,,,,,,,,,,570,,,,
T-MOTOR,T-Mo--2450,T-Motor,,,,2450,,,,33,,,,,,,,,,,,,,,790,,,,
T-MOTOR,T-Mo--2450,T-Motor,,,,2450,,,,30,,,,,,,,,,,,,,,560,,,,
T-MOTOR,T-Mo--2450,T-Motor,,,,2450,,,,38,,,,,,,,,,,,,,,611,,,,
T-MOTOR,T-Mo--2450,T-Motor,,,,2450,,,,39,,,,,,,,,,,,,,,604,,,,
T-MOTOR,T-Mo--2450,T-Motor,,,,2450,,,,39,,,,,,,,,,,,,,,625,,,,
T-MOTOR,T-Mo--2500,T-Motor,,,,2500,,,,32,,,,,,,,,,,,,,,270,,,,
T-MOTOR,T-Mo--2500,T-Motor,,,,2500,,,,35,,,,,,,,,,,,,,,780,,,,
T-MOTOR,T-Mo--2500,T-Motor,,,,2500,,,,35,,,,,,,,,,,,,,,725,,,,
T-MOTOR,T-Mo--2500,T-Motor,,,,2500,,,,34,,,,,,,,,,,,,,,691,,,,
T-MOTOR,T-Mo--2500,T-Motor,,,,2500,,,,37,,,,,,,,,,,,,,,700,,,,
T-MOTOR,T-Mo--2500,T-Motor,,,,2500,,,,40,,,,,,,,,,,,,,,705,,,,
T-MOTOR,T-Mo--2500,T-Motor,,,,2500,,,,40,,,,,,,,,,,,,,,705,,,,
T-MOTOR,T-Mo--2500,T-Motor,,,,2500,,,,40,,,,,,,,,,,,,,,700,,,,
T-MOTOR,T-Mo--2550,T-Motor,,,,2550,,,,33,,,,,,,,,,,,,,,745,,,,
T-MOTOR,T-Mo--2550,T-Motor,,,,2550,,,,34,,,,,,,,,,,,,,,560,,,,
T-MOTOR,T-Mo--2550,T-Motor,,,,2550,,,,35,,,,,,,,,,,,,,,557,,,,
T-MOTOR,T-Mo--2550,T-Motor,,,,2550,,,,29,,,,,,,,,,,,,,,628,,,,
T-MOTOR,T-Mo--2550,T-Motor,,,,2550,,,,34,,,,,,,,,,,,,,,490,,,,
T-MOTOR,T-Mo--2550,T-Motor,,,,2550,,,,37,,,,,,,,,,,,,,,662,,,,
T-MOTOR,T-Mo--2550,T-Motor,,,,2550,,,,35,,,,,,,,,,,,,,,545,,,,
T-MOTOR,T-Mo--2600,T-Motor,,,,2600,,,,49,,,,,,,,,,,,,,,326,,,,
T-MOTOR,T-Mo--2600,T-Motor,,,,2600,,,,48,,,,,,,,,,,,,,,200,,,,
T-MOTOR,T-Mo--2600,T-Motor,,,,2600,,,,28,,,,,,,,,,,,,,,767,,,,
T-MOTOR,T-Mo--2600,T-Motor,,,,2600,,,,33,,,,,,,,,,,,,,,745,,,,
T-MOTOR,T-Mo--2600,T-Motor,,,,2600,,,,35,,,,,,,,,,,,,,,620,,,,
T-MOTOR,T-Mo--2600,T-Motor,,,,2600,,,,28,,,,,,,,,,,,,,,640,,,,
T-MOTOR,T-Mo--2600,T-Motor,,,,2600,,,,31,,,,,,,,,,,,,,,620,,,,
T-MOTOR,T-Mo--2700,T-Motor,,,,2700,,,,2023-02-15 00:00:00,,,,,,,,,,,,,,,519,,,,
T-MOTOR,T-Mo--2700,T-Motor,,,,2700,,,,35,,,,,,,,,,,,,,,760,,,,
T-MOTOR,T-Mo--2700,T-Motor,,,,2700,,,,35,,,,,,,,,,,,,,,795,,,,
T-MOTOR,T-Mo--2750,T-Motor,,,,2750,,,,31,,,,,,,,,,,,,,,675,,,,
T-MOTOR,T-Mo--2750,T-Motor,,,,2750,,,,37,,,,,,,,,,,,,,,760,,,,
T-MOTOR,T-Mo--2800,T-Motor,,,,2800,,,,15,,,,,,,,,,,,,,,385,,,,
T-MOTOR,T-Mo--2800,T-Motor,,,,2800,,,,15,,,,,,,,,,,,,,,215,,,,
T-MOTOR,T-Mo--2800,T-Motor,,,,2800,,,,20,,,,,,,,,,,,,,,355,,,,
T-MOTOR,T-Mo--2800,T-Motor,,,,2800,,,,19,,,,,,,,,,,,,,,255,,,,
T-MOTOR,T-Mo--2850,T-Motor,,,,2850,,,,18,,,,,,,,,,,,,,,734,,,,
T-MOTOR,T-Mo--3000,T-Motor,,,,3000,,,,17,,,,,,,,,,,,,,,460,,,,
T-MOTOR,T-Mo--3100,T-Motor,,,,3100,,,,2023-02-11 00:00:00,,,,,,,,,,,,,,,44,,,,
T-MOTOR,T-Mo--3100,T-Motor,,,,3100,,,,2023-02-11 00:00:00,,,,,,,,,,,,,,,44,,,,
T-MOTOR,T-Mo--3200,T-Motor,,,,3200,,,,13,,,,,,,,,,,,,,,150,,,,
T-MOTOR,T-Mo--3200,T-Motor,,,,3200,,,,9,,,,,,,,,,,,,,,44,,,,
T-MOTOR,T-Mo--3400,T-Motor,,,,3400,,,,2023-05-06 00:00:00,,,,,,,,,,,,,,,37,,,,
T-MOTOR,T-Mo--3500,T-Motor,,,,3500,,,,15,,,,,,,,,,,,,,,275,,,,
T-MOTOR,T-Mo--3500,T-Motor,,,,3500,,,,18,,,,,,,,,,,,,,,412,,,,
T-MOTOR,T-Mo--3650,T-Motor,,,,3650,,,,88,,,,,,,,,,,,,,,430,,,,
T-MOTOR,T-Mo--3750,T-Motor,,,,3750,,,,15,,,,,,,,,,,,,,,310,,,,
T-MOTOR,T-Mo--3800,T-Motor,,,,3800,,,,2023-04-09 00:00:00,,,,,,,,,,,,,,,304,,,,
T-MOTOR,T-Mo--3800,T-Motor,,,,3800,,,,2023-02-15 00:00:00,,,,,,,,,,,,,,,372,,,,
T-MOTOR,T-Mo--3950,T-Motor,,,,3950,,,,15,,,,,,,,,,,,,,,370,,,,
T-MOTOR,T-Mo--4100,T-Motor,,,,4100,,,,13,,,,,,,,,,,,,,,203,,,,
T-MOTOR,T-Mo--4600,T-Motor,,,,4600,,,,2023-04-09 00:00:00,,,,,,,,,,,,,,,316,,,,
T-MOTOR,T-Mo--5000,T-Motor,,,,5000,,,,2023-01-06 00:00:00,,,,,,,,,,,,,,,90,,,,
T-MOTOR,T-Mo--5000,T-Motor,,,,5000,,,,2023-01-06 00:00:00,,,,,,,,,,,,,,,112,,,,
T-MOTOR,T-Mo--5900,T-Motor,,,,5900,,,,2023-04-05 00:00:00,,,,,,,,,,,,,,,2023-08-14 00:00:00,,,,
T-MOTOR,T-Mo--6000,T-Motor,,,,6000,,,,16,,,,,,,,,,,,,,,183,,,,
T-MOTOR,T-Mo--7000,T-Motor,,,,7000,,,,2023-05-04 00:00:00,,,,,,,,,,,,,,,162,,,,
T-MOTOR,T-Mo--7500,T-Motor,,,,7500,,,,14,,,,,,,,,,,,,,,128,,,,
T-MOTOR,T-Mo--8000,T-Motor,,,,8000,,,,2023-08-05 00:00:00,,,,,,,,,,,,,,,173,,,,
T-MOTOR,T-Mo--11000,T-Motor,,,,11000,,,,2023-01-05 00:00:00,,,,,,,,,,,,,,,204,,,,
T-MOTOR,T-Mo--22000,T-Motor,,,,22000,,,,2023-03-02 00:00:00,,,,,,,,,,,,,,,83,,,,
T-MOTOR,T-Mo--25000,T-Motor,,,,25000,,,,2023-09-01 00:00:00,,,,,,,,,,,,,,,72,,,,
TACON,Taco--245,Tacon,,,,245,,,,645,,,,,,,,,,,,,,,2700,,,,
TACON,Taco--295,Tacon,,,,295,,,,480,,,,,,,,,,,,,,,2000,,,,
TACON,Taco--400,Tacon,,,,400,,,,420,,,,,,,,,,,,,,,1200,,,,
TACON,Taco--670,Tacon,,,,670,,,,310,,,,,,,,,,,,,,,800,,,,
TACON,Taco--770,Tacon,,,,770,,,,210,,,,,,,,,,,,,,,700,,,,
TACON,Taco--870,Tacon,,,,870,,,,170,,,,,,,,,,,,,,,550,,,,
TACON,Taco--950,Tacon,,,,950,,,,170,,,,,,,,,,,,,,,425,,,,
TACON,Taco--1100,Tacon,,,,1100,,,,140,,,,,,,,,,,,,,,375,,,,
TACON,Taco--1350,Tacon,,,,1350,,,,223,,,,,,,,,,,,,,,900,,,,
TACON,Taco--1600,Tacon,,,,1600,,,,535,,,,,,,,,,,,,,,2200,,,,
TACON,Taco--2400,Tacon,,,,2400,,,,449,,,,,,,,,,,,,,,1800,,,,
TACON,Taco--2618,Tacon,,,,2618,,,,175,,,,,,,,,,,,,,,600,,,,
TACON,Taco--4300,Tacon,,,,4300,,,,135,,,,,,,,,,,,,,,400,,,,
TACON,Taco--4800,Tacon,,,,4800,,,,219,,,,,,,,,,,,,,,480,,,,
TACON,Taco--5000,Tacon,,,,5000,,,,223,,,,,,,,,,,,,,,900,,,,
TAROT,Taro--250,Tarot,,,,250,,,,278,,,,,,,,,,,,,,,950,,,,
TAROT,Taro--260,Tarot,,,,260,,,,240,,,,,,,,,,,,,,,870,,,,
TAROT,Taro--285,Tarot,,,,285,,,,267,,,,,,,,,,,,,,,1040,,,,
TAROT,Taro--285,Tarot,,,,285,,,,177,,,,,,,,,,,,,,,640,,,,
TAROT,Taro--300,Tarot,,,,300,,,,200,,,,,,,,,,,,,,,790,,,,
TAROT,Taro--300,Tarot,,,,300,,,,225,,,,,,,,,,,,,,,880,,,,
TAROT,Taro--320,Tarot,,,,320,,,,148,,,,,,,,,,,,,,,500,,,,
TAROT,Taro--320,Tarot,,,,320,,,,312,,,,,,,,,,,,,,,900,,,,
TAROT,Taro--330,Tarot,,,,330,,,,85,,,,,,,,,,,,,,,500,,,,
TAROT,Taro--340,Tarot,,,,340,,,,168,,,,,,,,,,,,,,,680,,,,
TAROT,Taro--380,Tarot,,,,380,,,,94,,,,,,,,,,,,,,,480,,,,
TAROT,Taro--620,Tarot,,,,620,,,,82,,,,,,,,,,,,,,,426,,,,
TAROT,Taro--920,Tarot,,,,920,,,,51,,,,,,,,,,,,,,,114,,,,
TBS,Team--1465,Team Black Sheep,,,,1465,,,,29,,,,,,,,,,,,,,,500,,,,
TBS,Team--2350,Team Black Sheep,,,,2350,,,,30,,,,,,,,,,,,,,,800,,,,
TBS,Team--2375,Team Black Sheep,,,,2375,,,,31,,,,,,,,,,,,,,,800,,,,
TBS,Team--2400,Team Black Sheep,,,,2400,,,,31,,,,,,,,,,,,,,,800,,,,
TBS,Team--2750,Team Black Sheep,,,,2750,,,,31,,,,,,,,,,,,,,,800,,,,
TBS,Team--3600,Team Black Sheep,,,,3600,,,,2023-05-08 00:00:00,,,,,,,,,,,,,,,160,,,,
TBS,Team--7600,Team Black Sheep,,,,7600,,,,2023-05-08 00:00:00,,,,,,,,,,,,,,,150,,,,
TEAM HUNTER RC,Team--320,Team Hunter RC,,,,320,,,,154,,,,,,,,,,,,,,,405,,,,
TEAM HUNTER RC,Team--340,Team Hunter RC,,,,340,,,,147,,,,,,,,,,,,,,,330,,,,
TEAM HUNTER RC,Team--360,Team Hunter RC,,,,360,,,,97,,,,,,,,,,,,,,,225,,,,
TEAM HUNTER RC,Team--370,Team Hunter RC,,,,370,,,,128,,,,,,,,,,,,,,,300,,,,
TEAM HUNTER RC,Team--380,Team Hunter RC,,,,380,,,,86,,,,,,,,,,,,,,,210,,,,
TEAM HUNTER RC,Team--390,Team Hunter RC,,,,390,,,,95,,,,,,,,,,,,,,,330,,,,
TEAM HUNTER RC,Team--400,Team Hunter RC,,,,400,,,,140,,,,,,,,,,,,,,,555,,,,
TEAM HUNTER RC,Team--400,Team Hunter RC,,,,400,,,,147,,,,,,,,,,,,,,,375,,,,
TEAM HUNTER RC,Team--400,Team Hunter RC,,,,400,,,,154,,,,,,,,,,,,,,,450,,,,
TEAM HUNTER RC,Team--470,Team Hunter RC,,,,470,,,,62,,,,,,,,,,,,,,,225,,,,
TEAM HUNTER RC,Team--475,Team Hunter RC,,,,475,,,,128,,,,,,,,,,,,,,,450,,,,
TEAM HUNTER RC,Team--480,Team Hunter RC,,,,480,,,,147,,,,,,,,,,,,,,,420,,,,
TEAM HUNTER RC,Team--580,Team Hunter RC,,,,580,,,,86,,,,,,,,,,,,,,,330,,,,
TEAM HUNTER RC,Team--580,Team Hunter RC,,,,580,,,,128,,,,,,,,,,,,,,,480,,,,
TEAM HUNTER RC,Team--630,Team Hunter RC,,,,630,,,,97,,,,,,,,,,,,,,,375,,,,
TEAM HUNTER RC,Team--690,Team Hunter RC,,,,690,,,,95,,,,,,,,,,,,,,,330,,,,
TEAM HUNTER RC,Team--700,Team Hunter RC,,,,700,,,,62,,,,,,,,,,,,,,,315,,,,
TEAM HUNTER RC,Team--700,Team Hunter RC,,,,700,,,,86,,,,,,,,,,,,,,,330,,,,
TEAM HUNTER RC,Team--700,Team Hunter RC,,,,700,,,,97,,,,,,,,,,,,,,,375,,,,
TEAM HUNTER RC,Team--780,Team Hunter RC,,,,780,,,,62,,,,,,,,,,,,,,,345,,,,
TEAM HUNTER RC,Team--800,Team Hunter RC,,,,800,,,,68,,,,,,,,,,,,,,,300,,,,
TEAM HUNTER RC,Team--830,Team Hunter RC,,,,830,,,,135,,,,,,,,,,,,,,,390,,,,
TEAM HUNTER RC,Team--850,Team Hunter RC,,,,850,,,,60,,,,,,,,,,,,,,,330,,,,
TEAM HUNTER RC,Team--880,Team Hunter RC,,,,880,,,,60,,,,,,,,,,,,,,,360,,,,
TEAM HUNTER RC,Team--900,Team Hunter RC,,,,900,,,,64,,,,,,,,,,,,,,,315,,,,
TEAM HUNTER RC,Team--920,Team Hunter RC,,,,920,,,,60,,,,,,,,,,,,,,,225,,,,
TEAM HUNTER RC,Team--920,Team Hunter RC,,,,920,,,,60,,,,,,,,,,,,,,,225,,,,
TEAM HUNTER RC,Team--960,Team Hunter RC,,,,960,,,,64,,,,,,,,,,,,,,,270,,,,
TEAM HUNTER RC,Team--1100,Team Hunter RC,,,,1100,,,,44,,,,,,,,,,,,,,,180,,,,
TEAM HUNTER RC,Team--1500,Team Hunter RC,,,,1500,,,,44,,,,,,,,,,,,,,,180,,,,
TEAM HUNTER RC,Team--1800,Team Hunter RC,,,,1800,,,,27,,,,,,,,,,,,,,,270,,,,
TEAM HUNTER RC,Team--1800,Team Hunter RC,,,,1800,,,,27,,,,,,,,,,,,,,,270,,,,
TEAM HUNTER RC,Team--1900,Team Hunter RC,,,,1900,,,,29,,,,,,,,,,,,,,,270,,,,
TEAM HUNTER RC,Team--2000,Team Hunter RC,,,,2000,,,,30,,,,,,,,,,,,,,,195,,,,
TEAM HUNTER RC,Team--2100,Team Hunter RC,,,,2100,,,,15,,,,,,,,,,,,,,,68,,,,
TEAM HUNTER RC,Team--2200,Team Hunter RC,,,,2200,,,,29,,,,,,,,,,,,,,,270,,,,
TEAM HUNTER RC,Team--2300,Team Hunter RC,,,,2300,,,,20,,,,,,,,,,,,,,,135,,,,
TEAM HUNTER RC,Team--2300,Team Hunter RC,,,,2300,,,,27,,,,,,,,,,,,,,,270,,,,
TEAM HUNTER RC,Team--2300,Team Hunter RC,,,,2300,,,,17,,,,,,,,,,,,,,,180,,,,
TEAM HUNTER RC,Team--2300,Team Hunter RC,,,,2300,,,,24,,,,,,,,,,,,,,,195,,,,
TEAM HUNTER RC,Team--3000,Team Hunter RC,,,,3000,,,,2023-05-05 00:00:00,,,,,,,,,,,,,,,53,,,,
TEAM HUNTER RC,Team--3100,Team Hunter RC,,,,3100,,,,15,,,,,,,,,,,,,,,68,,,,
TEAM HUNTER RC,Team--3100,Team Hunter RC,,,,3100,,,,11,,,,,,,,,,,,,,,98,,,,
TEAM HUNTER RC,Team--4000,Team Hunter RC,,,,4000,,,,2023-05-05 00:00:00,,,,,,,,,,,,,,,53,,,,
TEMPEST,Temp--310,Tempest,,,,310,,,,372,,,,,,,,,,,,,,,780,,,,
TEMPEST,Temp--400,Tempest,,,,400,,,,378,,,,,,,,,,,,,,,1020,,,,
TEMPEST,Temp--420,Tempest,,,,420,,,,273,,,,,,,,,,,,,,,720,,,,
TEMPEST,Temp--430,Tempest,,,,430,,,,239,,,,,,,,,,,,,,,660,,,,
TEMPEST,Temp--460,Tempest,,,,460,,,,382,,,,,,,,,,,,,,,1170,,,,
TEMPEST,Temp--520,Tempest,,,,520,,,,280,,,,,,,,,,,,,,,930,,,,
TEMPEST,Temp--540,Tempest,,,,540,,,,382,,,,,,,,,,,,,,,1320,,,,
TEMPEST,Temp--550,Tempest,,,,550,,,,206,,,,,,,,,,,,,,,660,,,,
TEMPEST,Temp--560,Tempest,,,,560,,,,241,,,,,,,,,,,,,,,750,,,,
TEMPEST,Temp--600,Tempest,,,,600,,,,279,,,,,,,,,,,,,,,1080,,,,
TEMPEST,Temp--650,Tempest,,,,650,,,,242,,,,,,,,,,,,,,,930,,,,
TEMPEST,Temp--690,Tempest,,,,690,,,,383,,,,,,,,,,,,,,,1500,,,,
TEMPEST,Temp--700,Tempest,,,,700,,,,206,,,,,,,,,,,,,,,780,,,,
TEMPEST,Temp--700,Tempest,,,,700,,,,279,,,,,,,,,,,,,,,1230,,,,
TEMPEST,Temp--740,Tempest,,,,740,,,,169,,,,,,,,,,,,,,,750,,,,
TEMPEST,Temp--760,Tempest,,,,760,,,,169,,,,,,,,,,,,,,,750,,,,
TEMPEST,Temp--780,Tempest,,,,780,,,,243,,,,,,,,,,,,,,,1050,,,,
TEMPEST,Temp--820,Tempest,,,,820,,,,206,,,,,,,,,,,,,,,930,,,,
TEMPEST,Temp--830,Tempest,,,,830,,,,279,,,,,,,,,,,,,,,1440,,,,
TEMPEST,Temp--840,Tempest,,,,840,,,,137,,,,,,,,,,,,,,,675,,,,
TEMPEST,Temp--850,Tempest,,,,850,,,,109,,,,,,,,,,,,,,,480,,,,
TEMPEST,Temp--870,Tempest,,,,870,,,,72,,,,,,,,,,,,,,,360,,,,
TEMPEST,Temp--890,Tempest,,,,890,,,,86,,,,,,,,,,,,,,,420,,,,
TEMPEST,Temp--920,Tempest,,,,920,,,,169,,,,,,,,,,,,,,,840,,,,
TEMPEST,Temp--930,Tempest,,,,930,,,,60,,,,,,,,,,,,,,,300,,,,
TEMPEST,Temp--950,Tempest,,,,950,,,,169,,,,,,,,,,,,,,,840,,,,
TEMPEST,Temp--960,Tempest,,,,960,,,,244,,,,,,,,,,,,,,,1200,,,,
TEMPEST,Temp--970,Tempest,,,,970,,,,137,,,,,,,,,,,,,,,750,,,,
TEMPEST,Temp--980,Tempest,,,,980,,,,206,,,,,,,,,,,,,,,1110,,,,
TEMPEST,Temp--1000,Tempest,,,,1000,,,,78,,,,,,,,,,,,,,,330,,,,
TEMPEST,Temp--1030,Tempest,,,,1030,,,,36,,,,,,,,,,,,,,,120,,,,
TEMPEST,Temp--1050,Tempest,,,,1050,,,,109,,,,,,,,,,,,,,,600,,,,
TEMPEST,Temp--1120,Tempest,,,,1120,,,,72,,,,,,,,,,,,,,,450,,,,
TEMPEST,Temp--1130,Tempest,,,,1130,,,,60,,,,,,,,,,,,,,,360,,,,
TEMPEST,Temp--1140,Tempest,,,,1140,,,,169,,,,,,,,,,,,,,,990,,,,
TEMPEST,Temp--1150,Tempest,,,,1150,,,,78,,,,,,,,,,,,,,,360,,,,
TEMPEST,Temp--1170,Tempest,,,,1170,,,,137,,,,,,,,,,,,,,,870,,,,
TEMPEST,Temp--1220,Tempest,,,,1220,,,,206,,,,,,,,,,,,,,,1230,,,,
TEMPEST,Temp--1250,Tempest,,,,1250,,,,86,,,,,,,,,,,,,,,570,,,,
TEMPEST,Temp--1270,Tempest,,,,1270,,,,22,,,,,,,,,,,,,,,90,,,,
TEMPEST,Temp--1310,Tempest,,,,1310,,,,2023-02-18 00:00:00,,,,,,,,,,,,,,,65,,,,
TEMPEST,Temp--1330,Tempest,,,,1330,,,,169,,,,,,,,,,,,,,,975,,,,
TEMPEST,Temp--1360,Tempest,,,,1360,,,,78,,,,,,,,,,,,,,,420,,,,
TEMPEST,Temp--1400,Tempest,,,,1400,,,,109,,,,,,,,,,,,,,,750,,,,
TEMPEST,Temp--1450,Tempest,,,,1450,,,,60,,,,,,,,,,,,,,,450,,,,
TEMPEST,Temp--1460,Tempest,,,,1460,,,,137,,,,,,,,,,,,,,,1050,,,,
TEMPEST,Temp--1470,Tempest,,,,1470,,,,169,,,,,,,,,,,,,,,1230,,,,
TEMPEST,Temp--1480,Tempest,,,,1480,,,,2023-06-14 00:00:00,,,,,,,,,,,,,,,55,,,,
TEMPEST,Temp--1500,Tempest,,,,1500,,,,36,,,,,,,,,,,,,,,190,,,,
TEMPEST,Temp--1550,Tempest,,,,1550,,,,86,,,,,,,,,,,,,,,630,,,,
TEMPEST,Temp--1560,Tempest,,,,1560,,,,72,,,,,,,,,,,,,,,600,,,,
TEMPEST,Temp--1600,Tempest,,,,1600,,,,45,,,,,,,,,,,,,,,300,,,,
TEMPEST,Temp--1700,Tempest,,,,1700,,,,22,,,,,,,,,,,,,,,110,,,,
TEMPEST,Temp--1700,Tempest,,,,1700,,,,109,,,,,,,,,,,,,,,900,,,,
TEMPEST,Temp--1770,Tempest,,,,1770,,,,2023-02-18 00:00:00,,,,,,,,,,,,,,,90,,,,
TEMPEST,Temp--1860,Tempest,,,,1860,,,,78,,,,,,,,,,,,,,,540,,,,
TEMPEST,Temp--1940,Tempest,,,,1940,,,,137,,,,,,,,,,,,,,,1200,,,,
TEMPEST,Temp--1950,Tempest,,,,1950,,,,72,,,,,,,,,,,,,,,690,,,,
TEMPEST,Temp--2000,Tempest,,,,2000,,,,36,,,,,,,,,,,,,,,265,,,,
TEMPEST,Temp--2010,Tempest,,,,2010,,,,45,,,,,,,,,,,,,,,325,,,,
TEMPEST,Temp--2020,Tempest,,,,2020,,,,60,,,,,,,,,,,,,,,630,,,,
TEMPEST,Temp--2050,Tempest,,,,2050,,,,2023-06-14 00:00:00,,,,,,,,,,,,,,,55,,,,
TEMPEST,Temp--2050,Tempest,,,,2050,,,,86,,,,,,,,,,,,,,,870,,,,
TEMPEST,Temp--2100,Tempest,,,,2100,,,,22,,,,,,,,,,,,,,,145,,,,
TEMPEST,Temp--2100,Tempest,,,,2100,,,,109,,,,,,,,,,,,,,,1050,,,,
TEMPEST,Temp--2370,Tempest,,,,2370,,,,2023-02-18 00:00:00,,,,,,,,,,,,,,,120,,,,
TEMPEST,Temp--2500,Tempest,,,,2500,,,,72,,,,,,,,,,,,,,,780,,,,
TEMPEST,Temp--2600,Tempest,,,,2600,,,,2023-06-14 00:00:00,,,,,,,,,,,,,,,55,,,,
TENSHOCK,Tens--52,Tenshock,,,,52,,,,8400,,,,,,,,,,,,,,,3375,,,,
TENSHOCK,Tens--65,Tenshock,,,,65,,,,6500,,,,,,,,,,,,,,,3375,,,,
TENSHOCK,Tens--70,Tenshock,,,,70,,,,8400,,,,,,,,,,,,,,,4275,,,,
TENSHOCK,Tens--78,Tenshock,,,,78,,,,4750,,,,,,,,,,,,,,,3375,,,,
TENSHOCK,Tens--79,Tenshock,,,,79,,,,8400,,,,,,,,,,,,,,,5625,,,,
TENSHOCK,Tens--90,Tenshock,,,,90,,,,6500,,,,,,,,,,,,,,,4275,,,,
TENSHOCK,Tens--90,Tenshock,,,,90,,,,8400,,,,,,,,,,,,,,,6750,,,,
TENSHOCK,Tens--105,Tenshock,,,,105,,,,8400,,,,,,,,,,,,,,,7500,,,,
TENSHOCK,Tens--120,Tenshock,,,,120,,,,6500,,,,,,,,,,,,,,,5625,,,,
TENSHOCK,Tens--130,Tenshock,,,,130,,,,6500,,,,,,,,,,,,,,,6750,,,,
TENSHOCK,Tens--135,Tenshock,,,,135,,,,4750,,,,,,,,,,,,,,,4275,,,,
TENSHOCK,Tens--155,Tenshock,,,,155,,,,6500,,,,,,,,,,,,,,,7500,,,,
TENSHOCK,Tens--184,Tenshock,,,,184,,,,4800,,,,,,,,,,,,,,,5625,,,,
TENSHOCK,Tens--197,Tenshock,,,,197,,,,4750,,,,,,,,,,,,,,,6750,,,,
TENSHOCK,Tens--235,Tenshock,,,,235,,,,4750,,,,,,,,,,,,,,,7500,,,,
TENSHOCK,Tens--315,Tenshock,,,,315,,,,1840,,,,,,,,,,,,,,,2850,,,,
TENSHOCK,Tens--370,Tenshock,,,,370,,,,1840,,,,,,,,,,,,,,,3375,,,,
TENSHOCK,Tens--445,Tenshock,,,,445,,,,1840,,,,,,,,,,,,,,,4050,,,,
TENSHOCK,Tens--495,Tenshock,,,,495,,,,1840,,,,,,,,,,,,,,,4050,,,,
TENSHOCK,Tens--730,Tenshock,,,,730,,,,292,,,,,,,,,,,,,,,2200,,,,
TENSHOCK,Tens--750,Tenshock,,,,750,,,,940,,,,,,,,,,,,,,,5000,,,,
TENSHOCK,Tens--750,Tenshock,,,,750,,,,700,,,,,,,,,,,,,,,3500,,,,
TENSHOCK,Tens--810,Tenshock,,,,810,,,,940,,,,,,,,,,,,,,,5000,,,,
TENSHOCK,Tens--840,Tenshock,,,,840,,,,700,,,,,,,,,,,,,,,3500,,,,
TENSHOCK,Tens--890,Tenshock,,,,890,,,,292,,,,,,,,,,,,,,,2200,,,,
TENSHOCK,Tens--890,Tenshock,,,,890,,,,292,,,,,,,,,,,,,,,2200,,,,
TENSHOCK,Tens--890,Tenshock,,,,890,,,,940,,,,,,,,,,,,,,,5000,,,,
TENSHOCK,Tens--960,Tenshock,,,,960,,,,700,,,,,,,,,,,,,,,3500,,,,
TENSHOCK,Tens--1070,Tenshock,,,,1070,,,,300,,,,,,,,,,,,,,,3000,,,,
TENSHOCK,Tens--1080,Tenshock,,,,1080,,,,292,,,,,,,,,,,,,,,2200,,,,
TENSHOCK,Tens--1080,Tenshock,,,,1080,,,,292,,,,,,,,,,,,,,,2200,,,,
TENSHOCK,Tens--1110,Tenshock,,,,1110,,,,700,,,,,,,,,,,,,,,3500,,,,
TENSHOCK,Tens--1150,Tenshock,,,,1150,,,,292,,,,,,,,,,,,,,,2200,,,,
TENSHOCK,Tens--1210,Tenshock,,,,1210,,,,360,,,,,,,,,,,,,,,2500,,,,
TENSHOCK,Tens--1340,Tenshock,,,,1340,,,,300,,,,,,,,,,,,,,,3000,,,,
TENSHOCK,Tens--1340,Tenshock,,,,1340,,,,292,,,,,,,,,,,,,,,2200,,,,
TENSHOCK,Tens--1340,Tenshock,,,,1340,,,,360,,,,,,,,,,,,,,,2500,,,,
TENSHOCK,Tens--1350,Tenshock,,,,1350,,,,230,,,,,,,,,,,,,,,1750,,,,
TENSHOCK,Tens--1430,Tenshock,,,,1430,,,,240,,,,,,,,,,,,,,,2100,,,,
TENSHOCK,Tens--1460,Tenshock,,,,1460,,,,292,,,,,,,,,,,,,,,2200,,,,
TENSHOCK,Tens--1480,Tenshock,,,,1480,,,,180,,,,,,,,,,,,,,,1200,,,,
TENSHOCK,Tens--1480,Tenshock,,,,1480,,,,180,,,,,,,,,,,,,,,1200,,,,
TENSHOCK,Tens--1500,Tenshock,,,,1500,,,,360,,,,,,,,,,,,,,,2500,,,,
TENSHOCK,Tens--1580,Tenshock,,,,1580,,,,180,,,,,,,,,,,,,,,1200,,,,
TENSHOCK,Tens--1600,Tenshock,,,,1600,,,,292,,,,,,,,,,,,,,,2200,,,,
TENSHOCK,Tens--1600,Tenshock,,,,1600,,,,292,,,,,,,,,,,,,,,2200,,,,
TENSHOCK,Tens--1610,Tenshock,,,,1610,,,,300,,,,,,,,,,,,,,,3000,,,,
TENSHOCK,Tens--1690,Tenshock,,,,1690,,,,230,,,,,,,,,,,,,,,1750,,,,
TENSHOCK,Tens--1720,Tenshock,,,,1720,,,,180,,,,,,,,,,,,,,,1200,,,,
TENSHOCK,Tens--1720,Tenshock,,,,1720,,,,180,,,,,,,,,,,,,,,1200,,,,
TENSHOCK,Tens--1730,Tenshock,,,,1730,,,,360,,,,,,,,,,,,,,,2500,,,,
TENSHOCK,Tens--1770,Tenshock,,,,1770,,,,292,,,,,,,,,,,,,,,2200,,,,
TENSHOCK,Tens--1770,Tenshock,,,,1770,,,,292,,,,,,,,,,,,,,,2200,,,,
TENSHOCK,Tens--1780,Tenshock,,,,1780,,,,240,,,,,,,,,,,,,,,2100,,,,
TENSHOCK,Tens--1790,Tenshock,,,,1790,,,,300,,,,,,,,,,,,,,,3000,,,,
TENSHOCK,Tens--1840,Tenshock,,,,1840,,,,230,,,,,,,,,,,,,,,1750,,,,
TENSHOCK,Tens--1850,Tenshock,,,,1850,,,,140,,,,,,,,,,,,,,,1000,,,,
TENSHOCK,Tens--1850,Tenshock,,,,1850,,,,71,,,,,,,,,,,,,,,500,,,,
TENSHOCK,Tens--1850,Tenshock,,,,1850,,,,145,,,,,,,,,,,,,,,1000,,,,
TENSHOCK,Tens--1900,Tenshock,,,,1900,,,,360,,,,,,,,,,,,,,,3000,,,,
TENSHOCK,Tens--1900,Tenshock,,,,1900,,,,390,,,,,,,,,,,,,,,3500,,,,
TENSHOCK,Tens--1910,Tenshock,,,,1910,,,,180,,,,,,,,,,,,,,,2000,,,,
TENSHOCK,Tens--1930,Tenshock,,,,1930,,,,292,,,,,,,,,,,,,,,2200,,,,
TENSHOCK,Tens--1930,Tenshock,,,,1930,,,,292,,,,,,,,,,,,,,,2200,,,,
TENSHOCK,Tens--2000,Tenshock,,,,2000,,,,140,,,,,,,,,,,,,,,1000,,,,
TENSHOCK,Tens--2000,Tenshock,,,,2000,,,,145,,,,,,,,,,,,,,,1000,,,,
TENSHOCK,Tens--2000,Tenshock,,,,2000,,,,360,,,,,,,,,,,,,,,2500,,,,
TENSHOCK,Tens--2020,Tenshock,,,,2020,,,,300,,,,,,,,,,,,,,,3000,,,,
TENSHOCK,Tens--2020,Tenshock,,,,2020,,,,230,,,,,,,,,,,,,,,1750,,,,
TENSHOCK,Tens--2040,Tenshock,,,,2040,,,,168,,,,,,,,,,,,,,,1000,,,,
TENSHOCK,Tens--2060,Tenshock,,,,2060,,,,180,,,,,,,,,,,,,,,1200,,,,
TENSHOCK,Tens--2060,Tenshock,,,,2060,,,,180,,,,,,,,,,,,,,,1200,,,,
TENSHOCK,Tens--2100,Tenshock,,,,2100,,,,71,,,,,,,,,,,,,,,500,,,,
TENSHOCK,Tens--2150,Tenshock,,,,2150,,,,140,,,,,,,,,,,,,,,1000,,,,
TENSHOCK,Tens--2150,Tenshock,,,,2150,,,,360,,,,,,,,,,,,,,,3000,,,,
TENSHOCK,Tens--2150,Tenshock,,,,2150,,,,390,,,,,,,,,,,,,,,3500,,,,
TENSHOCK,Tens--2170,Tenshock,,,,2170,,,,167,,,,,,,,,,,,,,,1500,,,,
TENSHOCK,Tens--2170,Tenshock,,,,2170,,,,105,,,,,,,,,,,,,,,650,,,,
TENSHOCK,Tens--2170,Tenshock,,,,2170,,,,105,,,,,,,,,,,,,,,650,,,,
TENSHOCK,Tens--2180,Tenshock,,,,2180,,,,145,,,,,,,,,,,,,,,1000,,,,
TENSHOCK,Tens--2240,Tenshock,,,,2240,,,,230,,,,,,,,,,,,,,,1750,,,,
TENSHOCK,Tens--2260,Tenshock,,,,2260,,,,292,,,,,,,,,,,,,,,2200,,,,
TENSHOCK,Tens--2260,Tenshock,,,,2260,,,,292,,,,,,,,,,,,,,,2200,,,,
TENSHOCK,Tens--2280,Tenshock,,,,2280,,,,105,,,,,,,,,,,,,,,650,,,,
TENSHOCK,Tens--2290,Tenshock,,,,2290,,,,180,,,,,,,,,,,,,,,2000,,,,
TENSHOCK,Tens--2290,Tenshock,,,,2290,,,,180,,,,,,,,,,,,,,,1200,,,,
TENSHOCK,Tens--2300,Tenshock,,,,2300,,,,300,,,,,,,,,,,,,,,3000,,,,
TENSHOCK,Tens--2300,Tenshock,,,,2300,,,,140,,,,,,,,,,,,,,,1000,,,,
TENSHOCK,Tens--2300,Tenshock,,,,2300,,,,180,,,,,,,,,,,,,,,1200,,,,
TENSHOCK,Tens--2300,Tenshock,,,,2300,,,,51,,,,,,,,,,,,,,,350,,,,
TENSHOCK,Tens--2300,Tenshock,,,,2300,,,,145,,,,,,,,,,,,,,,1000,,,,
TENSHOCK,Tens--2380,Tenshock,,,,2380,,,,240,,,,,,,,,,,,,,,2100,,,,
TENSHOCK,Tens--2380,Tenshock,,,,2380,,,,360,,,,,,,,,,,,,,,2500,,,,
TENSHOCK,Tens--2410,Tenshock,,,,2410,,,,105,,,,,,,,,,,,,,,650,,,,
TENSHOCK,Tens--2410,Tenshock,,,,2410,,,,105,,,,,,,,,,,,,,,650,,,,
TENSHOCK,Tens--2450,Tenshock,,,,2450,,,,105,,,,,,,,,,,,,,,900,,,,
TENSHOCK,Tens--2450,Tenshock,,,,2450,,,,360,,,,,,,,,,,,,,,3000,,,,
TENSHOCK,Tens--2450,Tenshock,,,,2450,,,,390,,,,,,,,,,,,,,,3500,,,,
TENSHOCK,Tens--2500,Tenshock,,,,2500,,,,85,,,,,,,,,,,,,,,500,,,,
TENSHOCK,Tens--2500,Tenshock,,,,2500,,,,140,,,,,,,,,,,,,,,1000,,,,
TENSHOCK,Tens--2520,Tenshock,,,,2520,,,,168,,,,,,,,,,,,,,,1000,,,,
TENSHOCK,Tens--2520,Tenshock,,,,2520,,,,230,,,,,,,,,,,,,,,1750,,,,
TENSHOCK,Tens--2540,Tenshock,,,,2540,,,,180,,,,,,,,,,,,,,,2000,,,,
TENSHOCK,Tens--2550,Tenshock,,,,2550,,,,105,,,,,,,,,,,,,,,650,,,,
TENSHOCK,Tens--2550,Tenshock,,,,2550,,,,105,,,,,,,,,,,,,,,650,,,,
TENSHOCK,Tens--2570,Tenshock,,,,2570,,,,180,,,,,,,,,,,,,,,1200,,,,
TENSHOCK,Tens--2580,Tenshock,,,,2580,,,,180,,,,,,,,,,,,,,,1200,,,,
TENSHOCK,Tens--2580,Tenshock,,,,2580,,,,292,,,,,,,,,,,,,,,2200,,,,
TENSHOCK,Tens--2580,Tenshock,,,,2580,,,,292,,,,,,,,,,,,,,,2200,,,,
TENSHOCK,Tens--2620,Tenshock,,,,2620,,,,51,,,,,,,,,,,,,,,350,,,,
TENSHOCK,Tens--2620,Tenshock,,,,2620,,,,145,,,,,,,,,,,,,,,1000,,,,
TENSHOCK,Tens--2630,Tenshock,,,,2630,,,,71,,,,,,,,,,,,,,,500,,,,
TENSHOCK,Tens--2640,Tenshock,,,,2640,,,,240,,,,,,,,,,,,,,,2100,,,,
TENSHOCK,Tens--2680,Tenshock,,,,2680,,,,300,,,,,,,,,,,,,,,3000,,,,
TENSHOCK,Tens--2700,Tenshock,,,,2700,,,,105,,,,,,,,,,,,,,,650,,,,
TENSHOCK,Tens--2700,Tenshock,,,,2700,,,,105,,,,,,,,,,,,,,,650,,,,
TENSHOCK,Tens--2710,Tenshock,,,,2710,,,,167,,,,,,,,,,,,,,,1500,,,,
TENSHOCK,Tens--2750,Tenshock,,,,2750,,,,140,,,,,,,,,,,,,,,1000,,,,
TENSHOCK,Tens--2750,Tenshock,,,,2750,,,,145,,,,,,,,,,,,,,,1000,,,,
TENSHOCK,Tens--2780,Tenshock,,,,2780,,,,168,,,,,,,,,,,,,,,1000,,,,
TENSHOCK,Tens--2800,Tenshock,,,,2800,,,,105,,,,,,,,,,,,,,,900,,,,
TENSHOCK,Tens--2830,Tenshock,,,,2830,,,,180,,,,,,,,,,,,,,,2000,,,,
TENSHOCK,Tens--2850,Tenshock,,,,2850,,,,105,,,,,,,,,,,,,,,650,,,,
TENSHOCK,Tens--2850,Tenshock,,,,2850,,,,360,,,,,,,,,,,,,,,3000,,,,
TENSHOCK,Tens--2880,Tenshock,,,,2880,,,,230,,,,,,,,,,,,,,,1750,,,,
TENSHOCK,Tens--2950,Tenshock,,,,2950,,,,85,,,,,,,,,,,,,,,500,,,,
TENSHOCK,Tens--2950,Tenshock,,,,2950,,,,180,,,,,,,,,,,,,,,1200,,,,
TENSHOCK,Tens--2950,Tenshock,,,,2950,,,,180,,,,,,,,,,,,,,,1200,,,,
TENSHOCK,Tens--2950,Tenshock,,,,2950,,,,360,,,,,,,,,,,,,,,2500,,,,
TENSHOCK,Tens--3000,Tenshock,,,,3000,,,,71,,,,,,,,,,,,,,,500,,,,
TENSHOCK,Tens--3030,Tenshock,,,,3030,,,,240,,,,,,,,,,,,,,,2100,,,,
TENSHOCK,Tens--3050,Tenshock,,,,3050,,,,51,,,,,,,,,,,,,,,350,,,,
TENSHOCK,Tens--3050,Tenshock,,,,3050,,,,168,,,,,,,,,,,,,,,1000,,,,
TENSHOCK,Tens--3090,Tenshock,,,,3090,,,,105,,,,,,,,,,,,,,,650,,,,
TENSHOCK,Tens--3090,Tenshock,,,,3090,,,,105,,,,,,,,,,,,,,,650,,,,
TENSHOCK,Tens--3100,Tenshock,,,,3100,,,,140,,,,,,,,,,,,,,,1000,,,,
TENSHOCK,Tens--3100,Tenshock,,,,3100,,,,145,,,,,,,,,,,,,,,1000,,,,
TENSHOCK,Tens--3180,Tenshock,,,,3180,,,,292,,,,,,,,,,,,,,,2200,,,,
TENSHOCK,Tens--3180,Tenshock,,,,3180,,,,292,,,,,,,,,,,,,,,2200,,,,
TENSHOCK,Tens--3190,Tenshock,,,,3190,,,,105,,,,,,,,,,,,,,,900,,,,
TENSHOCK,Tens--3230,Tenshock,,,,3230,,,,180,,,,,,,,,,,,,,,2000,,,,
TENSHOCK,Tens--3250,Tenshock,,,,3250,,,,167,,,,,,,,,,,,,,,1500,,,,
TENSHOCK,Tens--3330,Tenshock,,,,3330,,,,105,,,,,,,,,,,,,,,650,,,,
TENSHOCK,Tens--3330,Tenshock,,,,3330,,,,105,,,,,,,,,,,,,,,650,,,,
TENSHOCK,Tens--3350,Tenshock,,,,3350,,,,90,,,,,,,,,,,,,,,650,,,,
TENSHOCK,Tens--3350,Tenshock,,,,3350,,,,230,,,,,,,,,,,,,,,1750,,,,
TENSHOCK,Tens--3400,Tenshock,,,,3400,,,,180,,,,,,,,,,,,,,,1200,,,,
TENSHOCK,Tens--3440,Tenshock,,,,3440,,,,180,,,,,,,,,,,,,,,1200,,,,
TENSHOCK,Tens--3440,Tenshock,,,,3440,,,,168,,,,,,,,,,,,,,,1000,,,,
TENSHOCK,Tens--3450,Tenshock,,,,3450,,,,85,,,,,,,,,,,,,,,500,,,,
TENSHOCK,Tens--3450,Tenshock,,,,3450,,,,140,,,,,,,,,,,,,,,1000,,,,
TENSHOCK,Tens--3480,Tenshock,,,,3480,,,,145,,,,,,,,,,,,,,,1000,,,,
TENSHOCK,Tens--3500,Tenshock,,,,3500,,,,71,,,,,,,,,,,,,,,500,,,,
TENSHOCK,Tens--3500,Tenshock,,,,3500,,,,85,,,,,,,,,,,,,,,480,,,,
TENSHOCK,Tens--3550,Tenshock,,,,3550,,,,240,,,,,,,,,,,,,,,2100,,,,
TENSHOCK,Tens--3550,Tenshock,,,,3550,,,,107,,,,,,,,,,,,,,,550,,,,
TENSHOCK,Tens--3550,Tenshock,,,,3550,,,,73,,,,,,,,,,,,,,,550,,,,
TENSHOCK,Tens--3560,Tenshock,,,,3560,,,,105,,,,,,,,,,,,,,,650,,,,
TENSHOCK,Tens--3560,Tenshock,,,,3560,,,,105,,,,,,,,,,,,,,,650,,,,
TENSHOCK,Tens--3620,Tenshock,,,,3620,,,,167,,,,,,,,,,,,,,,1500,,,,
TENSHOCK,Tens--3650,Tenshock,,,,3650,,,,51,,,,,,,,,,,,,,,350,,,,
TENSHOCK,Tens--3750,Tenshock,,,,3750,,,,105,,,,,,,,,,,,,,,900,,,,
TENSHOCK,Tens--3760,Tenshock,,,,3760,,,,180,,,,,,,,,,,,,,,2000,,,,
TENSHOCK,Tens--3770,Tenshock,,,,3770,,,,90,,,,,,,,,,,,,,,650,,,,
TENSHOCK,Tens--3770,Tenshock,,,,3770,,,,85,,,,,,,,,,,,,,,500,,,,
TENSHOCK,Tens--3770,Tenshock,,,,3770,,,,85,,,,,,,,,,,,,,,480,,,,
TENSHOCK,Tens--3800,Tenshock,,,,3800,,,,71,,,,,,,,,,,,,,,500,,,,
TENSHOCK,Tens--3816,Tenshock,,,,3816,,,,51,,,,,,,,,,,,,,,350,,,,
TENSHOCK,Tens--3830,Tenshock,,,,3830,,,,292,,,,,,,,,,,,,,,2200,,,,
TENSHOCK,Tens--3830,Tenshock,,,,3830,,,,292,,,,,,,,,,,,,,,2200,,,,
TENSHOCK,Tens--3880,Tenshock,,,,3880,,,,105,,,,,,,,,,,,,,,650,,,,
TENSHOCK,Tens--3880,Tenshock,,,,3880,,,,105,,,,,,,,,,,,,,,650,,,,
TENSHOCK,Tens--3880,Tenshock,,,,3880,,,,168,,,,,,,,,,,,,,,1000,,,,
TENSHOCK,Tens--3950,Tenshock,,,,3950,,,,85,,,,,,,,,,,,,,,500,,,,
TENSHOCK,Tens--3950,Tenshock,,,,3950,,,,140,,,,,,,,,,,,,,,1000,,,,
TENSHOCK,Tens--3950,Tenshock,,,,3950,,,,145,,,,,,,,,,,,,,,1000,,,,
TENSHOCK,Tens--4000,Tenshock,,,,4000,,,,57,,,,,,,,,,,,,,,350,,,,
TENSHOCK,Tens--4000,Tenshock,,,,4000,,,,85,,,,,,,,,,,,,,,480,,,,
TENSHOCK,Tens--4020,Tenshock,,,,4020,,,,230,,,,,,,,,,,,,,,1750,,,,
TENSHOCK,Tens--4080,Tenshock,,,,4080,,,,167,,,,,,,,,,,,,,,1500,,,,
TENSHOCK,Tens--4130,Tenshock,,,,4130,,,,180,,,,,,,,,,,,,,,1200,,,,
TENSHOCK,Tens--4150,Tenshock,,,,4150,,,,71,,,,,,,,,,,,,,,500,,,,
TENSHOCK,Tens--4200,Tenshock,,,,4200,,,,180,,,,,,,,,,,,,,,1200,,,,
TENSHOCK,Tens--4250,Tenshock,,,,4250,,,,240,,,,,,,,,,,,,,,2100,,,,
TENSHOCK,Tens--4270,Tenshock,,,,4270,,,,105,,,,,,,,,,,,,,,650,,,,
TENSHOCK,Tens--4270,Tenshock,,,,4270,,,,105,,,,,,,,,,,,,,,650,,,,
TENSHOCK,Tens--4300,Tenshock,,,,4300,,,,90,,,,,,,,,,,,,,,650,,,,
TENSHOCK,Tens--4300,Tenshock,,,,4300,,,,85,,,,,,,,,,,,,,,500,,,,
TENSHOCK,Tens--4400,Tenshock,,,,4400,,,,51,,,,,,,,,,,,,,,350,,,,
TENSHOCK,Tens--4470,Tenshock,,,,4470,,,,105,,,,,,,,,,,,,,,900,,,,
TENSHOCK,Tens--4500,Tenshock,,,,4500,,,,180,,,,,,,,,,,,,,,2000,,,,
TENSHOCK,Tens--4500,Tenshock,,,,4500,,,,168,,,,,,,,,,,,,,,1000,,,,
TENSHOCK,Tens--4550,Tenshock,,,,4550,,,,57,,,,,,,,,,,,,,,350,,,,
TENSHOCK,Tens--4600,Tenshock,,,,4600,,,,85,,,,,,,,,,,,,,,500,,,,
TENSHOCK,Tens--4600,Tenshock,,,,4600,,,,140,,,,,,,,,,,,,,,1000,,,,
TENSHOCK,Tens--4600,Tenshock,,,,4600,,,,85,,,,,,,,,,,,,,,480,,,,
TENSHOCK,Tens--4600,Tenshock,,,,4600,,,,145,,,,,,,,,,,,,,,1000,,,,
TENSHOCK,Tens--4650,Tenshock,,,,4650,,,,167,,,,,,,,,,,,,,,1500,,,,
TENSHOCK,Tens--4750,Tenshock,,,,4750,,,,105,,,,,,,,,,,,,,,650,,,,
TENSHOCK,Tens--4750,Tenshock,,,,4750,,,,105,,,,,,,,,,,,,,,650,,,,
TENSHOCK,Tens--4960,Tenshock,,,,4960,,,,105,,,,,,,,,,,,,,,900,,,,
TENSHOCK,Tens--5000,Tenshock,,,,5000,,,,90,,,,,,,,,,,,,,,650,,,,
TENSHOCK,Tens--5000,Tenshock,,,,5000,,,,168,,,,,,,,,,,,,,,1000,,,,
TENSHOCK,Tens--5100,Tenshock,,,,5100,,,,180,,,,,,,,,,,,,,,1200,,,,
TENSHOCK,Tens--5100,Tenshock,,,,5100,,,,292,,,,,,,,,,,,,,,2200,,,,
TENSHOCK,Tens--5100,Tenshock,,,,5100,,,,51,,,,,,,,,,,,,,,350,,,,
TENSHOCK,Tens--5100,Tenshock,,,,5100,,,,292,,,,,,,,,,,,,,,2200,,,,
TENSHOCK,Tens--5200,Tenshock,,,,5200,,,,71,,,,,,,,,,,,,,,500,,,,
TENSHOCK,Tens--5300,Tenshock,,,,5300,,,,180,,,,,,,,,,,,,,,1200,,,,
TENSHOCK,Tens--5350,Tenshock,,,,5350,,,,105,,,,,,,,,,,,,,,650,,,,
TENSHOCK,Tens--5350,Tenshock,,,,5350,,,,105,,,,,,,,,,,,,,,650,,,,
TENSHOCK,Tens--5400,Tenshock,,,,5400,,,,57,,,,,,,,,,,,,,,350,,,,
TENSHOCK,Tens--5400,Tenshock,,,,5400,,,,167,,,,,,,,,,,,,,,1500,,,,
TENSHOCK,Tens--5500,Tenshock,,,,5500,,,,85,,,,,,,,,,,,,,,500,,,,
TENSHOCK,Tens--5500,Tenshock,,,,5500,,,,140,,,,,,,,,,,,,,,1000,,,,
TENSHOCK,Tens--5500,Tenshock,,,,5500,,,,85,,,,,,,,,,,,,,,480,,,,
TENSHOCK,Tens--5500,Tenshock,,,,5500,,,,145,,,,,,,,,,,,,,,1000,,,,
TENSHOCK,Tens--5580,Tenshock,,,,5580,,,,105,,,,,,,,,,,,,,,900,,,,
TENSHOCK,Tens--5600,Tenshock,,,,5600,,,,180,,,,,,,,,,,,,,,2000,,,,
TENSHOCK,Tens--6000,Tenshock,,,,6000,,,,90,,,,,,,,,,,,,,,650,,,,
TENSHOCK,Tens--6000,Tenshock,,,,6000,,,,168,,,,,,,,,,,,,,,1000,,,,
TENSHOCK,Tens--6080,Tenshock,,,,6080,,,,105,,,,,,,,,,,,,,,650,,,,
TENSHOCK,Tens--6080,Tenshock,,,,6080,,,,105,,,,,,,,,,,,,,,650,,,,
TENSHOCK,Tens--6100,Tenshock,,,,6100,,,,51,,,,,,,,,,,,,,,350,,,,
TENSHOCK,Tens--6200,Tenshock,,,,6200,,,,85,,,,,,,,,,,,,,,500,,,,
TENSHOCK,Tens--6200,Tenshock,,,,6200,,,,85,,,,,,,,,,,,,,,480,,,,
TENSHOCK,Tens--6300,Tenshock,,,,6300,,,,167,,,,,,,,,,,,,,,1500,,,,
TENSHOCK,Tens--6350,Tenshock,,,,6350,,,,105,,,,,,,,,,,,,,,900,,,,
TENSHOCK,Tens--6400,Tenshock,,,,6400,,,,57,,,,,,,,,,,,,,,350,,,,
TENSHOCK,Tens--6700,Tenshock,,,,6700,,,,90,,,,,,,,,,,,,,,650,,,,
TENSHOCK,Tens--7400,Tenshock,,,,7400,,,,105,,,,,,,,,,,,,,,900,,,,
TENSHOCK,Tens--8000,Tenshock,,,,8000,,,,57,,,,,,,,,,,,,,,350,,,,
TENSHOCK,Tens--10800,Tenshock,,,,10800,,,,57,,,,,,,,,,,,,,,350,,,,
TFL HOBBY,TFL --230,TFL Hobby,,,,230,,,,1330,,,,,,,,,,,,,,,15000,,,,
TFL HOBBY,TFL --250,TFL Hobby,,,,250,,,,1330,,,,,,,,,,,,,,,15000,,,,
TFL HOBBY,TFL --285,TFL Hobby,,,,285,,,,1330,,,,,,,,,,,,,,,15000,,,,
TFL HOBBY,TFL --320,TFL Hobby,,,,320,,,,1330,,,,,,,,,,,,,,,15000,,,,
TFL HOBBY,TFL --350,TFL Hobby,,,,350,,,,1100,,,,,,,,,,,,,,,13000,,,,
TFL HOBBY,TFL --360,TFL Hobby,,,,360,,,,1330,,,,,,,,,,,,,,,15000,,,,
TFL HOBBY,TFL --370,TFL Hobby,,,,370,,,,1020,,,,,,,,,,,,,,,11000,,,,
TFL HOBBY,TFL --390,TFL Hobby,,,,390,,,,1100,,,,,,,,,,,,,,,13000,,,,
TFL HOBBY,TFL --420,TFL Hobby,,,,420,,,,1020,,,,,,,,,,,,,,,11000,,,,
TFL HOBBY,TFL --420,TFL Hobby,,,,420,,,,1330,,,,,,,,,,,,,,,15000,,,,
TFL HOBBY,TFL --440,TFL Hobby,,,,440,,,,1100,,,,,,,,,,,,,,,13000,,,,
TFL HOBBY,TFL --480,TFL Hobby,,,,480,,,,1020,,,,,,,,,,,,,,,11000,,,,
TFL HOBBY,TFL --500,TFL Hobby,,,,500,,,,1020,,,,,,,,,,,,,,,11000,,,,
TFL HOBBY,TFL --500,TFL Hobby,,,,500,,,,1100,,,,,,,,,,,,,,,13000,,,,
TFL HOBBY,TFL --500,TFL Hobby,,,,500,,,,1330,,,,,,,,,,,,,,,15000,,,,
TFL HOBBY,TFL --510,TFL Hobby,,,,510,,,,870,,,,,,,,,,,,,,,9000,,,,
TFL HOBBY,TFL --550,TFL Hobby,,,,550,,,,1020,,,,,,,,,,,,,,,11000,,,,
TFL HOBBY,TFL --550,TFL Hobby,,,,550,,,,1330,,,,,,,,,,,,,,,15000,,,,
TFL HOBBY,TFL --580,TFL Hobby,,,,580,,,,870,,,,,,,,,,,,,,,9000,,,,
TFL HOBBY,TFL --600,TFL Hobby,,,,600,,,,1100,,,,,,,,,,,,,,,13000,,,,
TFL HOBBY,TFL --600,TFL Hobby,,,,600,,,,1100,,,,,,,,,,,,,,,13000,,,,
TFL HOBBY,TFL --600,TFL Hobby,,,,600,,,,1330,,,,,,,,,,,,,,,15000,,,,
TFL HOBBY,TFL --620,TFL Hobby,,,,620,,,,1330,,,,,,,,,,,,,,,15000,,,,
TFL HOBBY,TFL --620,TFL Hobby,,,,620,,,,730,,,,,,,,,,,,,,,7500,,,,
TFL HOBBY,TFL --640,TFL Hobby,,,,640,,,,870,,,,,,,,,,,,,,,9000,,,,
TFL HOBBY,TFL --650,TFL Hobby,,,,650,,,,1020,,,,,,,,,,,,,,,11000,,,,
TFL HOBBY,TFL --680,TFL Hobby,,,,680,,,,1100,,,,,,,,,,,,,,,13000,,,,
TFL HOBBY,TFL --700,TFL Hobby,,,,700,,,,1020,,,,,,,,,,,,,,,11000,,,,
TFL HOBBY,TFL --700,TFL Hobby,,,,700,,,,1100,,,,,,,,,,,,,,,13000,,,,
TFL HOBBY,TFL --700,TFL Hobby,,,,700,,,,1330,,,,,,,,,,,,,,,15000,,,,
TFL HOBBY,TFL --700,TFL Hobby,,,,700,,,,730,,,,,,,,,,,,,,,7500,,,,
TFL HOBBY,TFL --730,TFL Hobby,,,,730,,,,1020,,,,,,,,,,,,,,,11000,,,,
TFL HOBBY,TFL --770,TFL Hobby,,,,770,,,,1100,,,,,,,,,,,,,,,13000,,,,
TFL HOBBY,TFL --780,TFL Hobby,,,,780,,,,1020,,,,,,,,,,,,,,,11000,,,,
TFL HOBBY,TFL --780,TFL Hobby,,,,780,,,,870,,,,,,,,,,,,,,,9000,,,,
TFL HOBBY,TFL --800,TFL Hobby,,,,800,,,,1020,,,,,,,,,,,,,,,11000,,,,
TFL HOBBY,TFL --800,TFL Hobby,,,,800,,,,1330,,,,,,,,,,,,,,,15000,,,,
TFL HOBBY,TFL --800,TFL Hobby,,,,800,,,,730,,,,,,,,,,,,,,,7500,,,,
TFL HOBBY,TFL --880,TFL Hobby,,,,880,,,,1100,,,,,,,,,,,,,,,13000,,,,
TFL HOBBY,TFL --900,TFL Hobby,,,,900,,,,1020,,,,,,,,,,,,,,,11000,,,,
TFL HOBBY,TFL --900,TFL Hobby,,,,900,,,,1330,,,,,,,,,,,,,,,15000,,,,
TFL HOBBY,TFL --920,TFL Hobby,,,,920,,,,730,,,,,,,,,,,,,,,7500,,,,
TFL HOBBY,TFL --920,TFL Hobby,,,,920,,,,870,,,,,,,,,,,,,,,9000,,,,
TFL HOBBY,TFL --950,TFL Hobby,,,,950,,,,870,,,,,,,,,,,,,,,9000,,,,
TFL HOBBY,TFL --1000,TFL Hobby,,,,1000,,,,320,,,,,,,,,,,,,,,2800,,,,
TFL HOBBY,TFL --1000,TFL Hobby,,,,1000,,,,380,,,,,,,,,,,,,,,3600,,,,
TFL HOBBY,TFL --1000,TFL Hobby,,,,1000,,,,1020,,,,,,,,,,,,,,,11000,,,,
TFL HOBBY,TFL --1020,TFL Hobby,,,,1020,,,,1020,,,,,,,,,,,,,,,11000,,,,
TFL HOBBY,TFL --1020,TFL Hobby,,,,1020,,,,1100,,,,,,,,,,,,,,,13000,,,,
TFL HOBBY,TFL --1050,TFL Hobby,,,,1050,,,,390,,,,,,,,,,,,,,,4000,,,,
TFL HOBBY,TFL --1050,TFL Hobby,,,,1050,,,,870,,,,,,,,,,,,,,,9000,,,,
TFL HOBBY,TFL --1090,TFL Hobby,,,,1090,,,,1020,,,,,,,,,,,,,,,11000,,,,
TFL HOBBY,TFL --1100,TFL Hobby,,,,1100,,,,1330,,,,,,,,,,,,,,,15000,,,,
TFL HOBBY,TFL --1140,TFL Hobby,,,,1140,,,,730,,,,,,,,,,,,,,,7500,,,,
TFL HOBBY,TFL --1160,TFL Hobby,,,,1160,,,,730,,,,,,,,,,,,,,,7500,,,,
TFL HOBBY,TFL --1180,TFL Hobby,,,,1180,,,,320,,,,,,,,,,,,,,,2800,,,,
TFL HOBBY,TFL --1200,TFL Hobby,,,,1200,,,,390,,,,,,,,,,,,,,,4000,,,,
TFL HOBBY,TFL --1200,TFL Hobby,,,,1200,,,,1020,,,,,,,,,,,,,,,11000,,,,
TFL HOBBY,TFL --1200,TFL Hobby,,,,1200,,,,1100,,,,,,,,,,,,,,,13000,,,,
TFL HOBBY,TFL --1200,TFL Hobby,,,,1200,,,,870,,,,,,,,,,,,,,,9000,,,,
TFL HOBBY,TFL --1230,TFL Hobby,,,,1230,,,,380,,,,,,,,,,,,,,,3600,,,,
TFL HOBBY,TFL --1300,TFL Hobby,,,,1300,,,,730,,,,,,,,,,,,,,,7500,,,,
TFL HOBBY,TFL --1340,TFL Hobby,,,,1340,,,,1020,,,,,,,,,,,,,,,11000,,,,
TFL HOBBY,TFL --1400,TFL Hobby,,,,1400,,,,320,,,,,,,,,,,,,,,2800,,,,
TFL HOBBY,TFL --1400,TFL Hobby,,,,1400,,,,1020,,,,,,,,,,,,,,,11000,,,,
TFL HOBBY,TFL --1400,TFL Hobby,,,,1400,,,,870,,,,,,,,,,,,,,,9000,,,,
TFL HOBBY,TFL --1420,TFL Hobby,,,,1420,,,,390,,,,,,,,,,,,,,,4000,,,,
TFL HOBBY,TFL --1430,TFL Hobby,,,,1430,,,,730,,,,,,,,,,,,,,,7500,,,,
TFL HOBBY,TFL --1450,TFL Hobby,,,,1450,,,,380,,,,,,,,,,,,,,,3600,,,,
TFL HOBBY,TFL --1500,TFL Hobby,,,,1500,,,,320,,,,,,,,,,,,,,,2800,,,,
TFL HOBBY,TFL --1550,TFL Hobby,,,,1550,,,,380,,,,,,,,,,,,,,,3600,,,,
TFL HOBBY,TFL --1600,TFL Hobby,,,,1600,,,,390,,,,,,,,,,,,,,,4000,,,,
TFL HOBBY,TFL --1650,TFL Hobby,,,,1650,,,,320,,,,,,,,,,,,,,,2800,,,,
TFL HOBBY,TFL --1660,TFL Hobby,,,,1660,,,,380,,,,,,,,,,,,,,,3600,,,,
TFL HOBBY,TFL --1700,TFL Hobby,,,,1700,,,,280,,,,,,,,,,,,,,,1800,,,,
TFL HOBBY,TFL --1700,TFL Hobby,,,,1700,,,,320,,,,,,,,,,,,,,,2800,,,,
TFL HOBBY,TFL --1700,TFL Hobby,,,,1700,,,,390,,,,,,,,,,,,,,,4000,,,,
TFL HOBBY,TFL --1700,TFL Hobby,,,,1700,,,,730,,,,,,,,,,,,,,,7500,,,,
TFL HOBBY,TFL --1920,TFL Hobby,,,,1920,,,,320,,,,,,,,,,,,,,,2800,,,,
TFL HOBBY,TFL --1920,TFL Hobby,,,,1920,,,,390,,,,,,,,,,,,,,,4000,,,,
TFL HOBBY,TFL --1930,TFL Hobby,,,,1930,,,,380,,,,,,,,,,,,,,,3600,,,,
TFL HOBBY,TFL --2000,TFL Hobby,,,,2000,,,,430,,,,,,,,,,,,,,,4500,,,,
TFL HOBBY,TFL --2050,TFL Hobby,,,,2050,,,,380,,,,,,,,,,,,,,,3600,,,,
TFL HOBBY,TFL --2050,TFL Hobby,,,,2050,,,,390,,,,,,,,,,,,,,,4000,,,,
TFL HOBBY,TFL --2080,TFL Hobby,,,,2080,,,,280,,,,,,,,,,,,,,,1800,,,,
TFL HOBBY,TFL --2100,TFL Hobby,,,,2100,,,,200,,,,,,,,,,,,,,,1350,,,,
TFL HOBBY,TFL --2200,TFL Hobby,,,,2200,,,,320,,,,,,,,,,,,,,,2800,,,,
TFL HOBBY,TFL --2200,TFL Hobby,,,,2200,,,,390,,,,,,,,,,,,,,,4000,,,,
TFL HOBBY,TFL --2300,TFL Hobby,,,,2300,,,,280,,,,,,,,,,,,,,,1800,,,,
TFL HOBBY,TFL --2300,TFL Hobby,,,,2300,,,,380,,,,,,,,,,,,,,,3600,,,,
TFL HOBBY,TFL --2450,TFL Hobby,,,,2450,,,,200,,,,,,,,,,,,,,,1350,,,,
TFL HOBBY,TFL --2600,TFL Hobby,,,,2600,,,,280,,,,,,,,,,,,,,,1800,,,,
TFL HOBBY,TFL --2600,TFL Hobby,,,,2600,,,,390,,,,,,,,,,,,,,,4000,,,,
TFL HOBBY,TFL --2650,TFL Hobby,,,,2650,,,,320,,,,,,,,,,,,,,,2800,,,,
TFL HOBBY,TFL --2700,TFL Hobby,,,,2700,,,,200,,,,,,,,,,,,,,,1350,,,,
TFL HOBBY,TFL --2700,TFL Hobby,,,,2700,,,,280,,,,,,,,,,,,,,,1800,,,,
TFL HOBBY,TFL --2900,TFL Hobby,,,,2900,,,,380,,,,,,,,,,,,,,,3600,,,,
TFL HOBBY,TFL --2920,TFL Hobby,,,,2920,,,,200,,,,,,,,,,,,,,,1350,,,,
TFL HOBBY,TFL --3050,TFL Hobby,,,,3050,,,,200,,,,,,,,,,,,,,,1350,,,,
TFL HOBBY,TFL --3150,TFL Hobby,,,,3150,,,,280,,,,,,,,,,,,,,,1800,,,,
TFL HOBBY,TFL --3450,TFL Hobby,,,,3450,,,,200,,,,,,,,,,,,,,,1350,,,,
TFL HOBBY,TFL --3650,TFL Hobby,,,,3650,,,,200,,,,,,,,,,,,,,,1350,,,,
TFL HOBBY,TFL --3800,TFL Hobby,,,,3800,,,,280,,,,,,,,,,,,,,,1800,,,,
TFL HOBBY,TFL --3900,TFL Hobby,,,,3900,,,,200,,,,,,,,,,,,,,,1350,,,,
TFL HOBBY,TFL --4550,TFL Hobby,,,,4550,,,,200,,,,,,,,,,,,,,,1350,,,,
TFL HOBBY,TFL --5400,TFL Hobby,,,,5400,,,,200,,,,,,,,,,,,,,,1350,,,,
THUNDER TIGER,Thun--740,Thunder Tiger,,,,740,,,,200,,,,,,,,,,,,,,,630,,,,
THUNDER TIGER,Thun--750,Thunder Tiger,,,,750,,,,54,,,,,,,,,,,,,,,210,,,,
THUNDER TIGER,Thun--770,Thunder Tiger,,,,770,,,,355,,,,,,,,,,,,,,,1200,,,,
THUNDER TIGER,Thun--910,Thunder Tiger,,,,910,,,,200,,,,,,,,,,,,,,,750,,,,
THUNDER TIGER,Thun--920,Thunder Tiger,,,,920,,,,54,,,,,,,,,,,,,,,255,,,,
THUNDER TIGER,Thun--1050,Thunder Tiger,,,,1050,,,,280,,,,,,,,,,,,,,,1125,,,,
THUNDER TIGER,Thun--1100,Thunder Tiger,,,,1100,,,,54,,,,,,,,,,,,,,,210,,,,
THUNDER TIGER,Thun--1180,Thunder Tiger,,,,1180,,,,200,,,,,,,,,,,,,,,750,,,,
THUNDER TIGER,Thun--1430,Thunder Tiger,,,,1430,,,,54,,,,,,,,,,,,,,,255,,,,
THUNDER TIGER,Thun--2700,Thunder Tiger,,,,2700,,,,54,,,,,,,,,,,,,,,480,,,,
THUNDER TIGER,Thun--3300,Thunder Tiger,,,,3300,,,,190,,,,,,,,,,,,,,,675,,,,
THUNDER TIGER,Thun--3700,Thunder Tiger,,,,3700,,,,66,,,,,,,,,,,,,,,600,,,,
THUNDER TIGER,Thun--3800,Thunder Tiger,,,,3800,,,,68,,,,,,,,,,,,,,,645,,,,
THUNDER TIGER,Thun--3900,Thunder Tiger,,,,3900,,,,190,,,,,,,,,,,,,,,750,,,,
THUNDER TIGER,Thun--4900,Thunder Tiger,,,,4900,,,,190,,,,,,,,,,,,,,,825,,,,
THUNDER TIGER,Thun--5500,Thunder Tiger,,,,5500,,,,57,,,,,,,,,,,,,,,195,,,,
THUNDER TIGER,Thun--6100,Thunder Tiger,,,,6100,,,,190,,,,,,,,,,,,,,,900,,,,
THUNDER TIGER,Thun--7000,Thunder Tiger,,,,7000,,,,57,,,,,,,,,,,,,,,255,,,,
THUNDER TIGER,Thun--9500,Thunder Tiger,,,,9500,,,,57,,,,,,,,,,,,,,,300,,,,
TOMCAT,Tomc--180,Tomcat,,,,180,,,,1280,,,,,,,,,,,,,,,6000,,,,
TOMCAT,Tomc--200,Tomcat,,,,200,,,,680,,,,,,,,,,,,,,,3000,,,,
TOMCAT,Tomc--250,Tomcat,,,,250,,,,682,,,,,,,,,,,,,,,2800,,,,
TOMCAT,Tomc--285,Tomcat,,,,285,,,,520,,,,,,,,,,,,,,,2200,,,,
TOMCAT,Tomc--330,Tomcat,,,,330,,,,430,,,,,,,,,,,,,,,1800,,,,
TOMCAT,Tomc--380,Tomcat,,,,380,,,,100,,,,,,,,,,,,,,,320,,,,
TOMCAT,Tomc--400,Tomcat,,,,400,,,,408,,,,,,,,,,,,,,,1500,,,,
TOMCAT,Tomc--410,Tomcat,,,,410,,,,165,,,,,,,,,,,,,,,890,,,,
TOMCAT,Tomc--410,Tomcat,,,,410,,,,165,,,,,,,,,,,,,,,890,,,,
TOMCAT,Tomc--420,Tomcat,,,,420,,,,408,,,,,,,,,,,,,,,1600,,,,
TOMCAT,Tomc--430,Tomcat,,,,430,,,,134,,,,,,,,,,,,,,,580,,,,
TOMCAT,Tomc--590,Tomcat,,,,590,,,,355,,,,,,,,,,,,,,,1600,,,,
TOMCAT,Tomc--600,Tomcat,,,,600,,,,100,,,,,,,,,,,,,,,400,,,,
TOMCAT,Tomc--650,Tomcat,,,,650,,,,125,,,,,,,,,,,,,,,630,,,,
TOMCAT,Tomc--680,Tomcat,,,,680,,,,310,,,,,,,,,,,,,,,900,,,,
TOMCAT,Tomc--700,Tomcat,,,,700,,,,60,,,,,,,,,,,,,,,160,,,,
TOMCAT,Tomc--700,Tomcat,,,,700,,,,100,,,,,,,,,,,,,,,520,,,,
TOMCAT,Tomc--750,Tomcat,,,,750,,,,65,,,,,,,,,,,,,,,130,,,,
TOMCAT,Tomc--830,Tomcat,,,,830,,,,208,,,,,,,,,,,,,,,1000,,,,
TOMCAT,Tomc--900,Tomcat,,,,900,,,,60,,,,,,,,,,,,,,,160,,,,
TOMCAT,Tomc--940,Tomcat,,,,940,,,,65,,,,,,,,,,,,,,,150,,,,
TOMCAT,Tomc--940,Tomcat,,,,940,,,,78,,,,,,,,,,,,,,,220,,,,
TOMCAT,Tomc--980,Tomcat,,,,980,,,,145,,,,,,,,,,,,,,,440,,,,
TOMCAT,Tomc--980,Tomcat,,,,980,,,,87,,,,,,,,,,,,,,,360,,,,
TOMCAT,Tomc--1050,Tomcat,,,,1050,,,,100,,,,,,,,,,,,,,,500,,,,
TOMCAT,Tomc--1070,Tomcat,,,,1070,,,,50,,,,,,,,,,,,,,,120,,,,
TOMCAT,Tomc--1080,Tomcat,,,,1080,,,,87,,,,,,,,,,,,,,,380,,,,
TOMCAT,Tomc--1100,Tomcat,,,,1100,,,,65,,,,,,,,,,,,,,,160,,,,
TOMCAT,Tomc--1140,Tomcat,,,,1140,,,,180,,,,,,,,,,,,,,,860,,,,
TOMCAT,Tomc--1150,Tomcat,,,,1150,,,,110,,,,,,,,,,,,,,,460,,,,
TOMCAT,Tomc--1200,Tomcat,,,,1200,,,,25,,,,,,,,,,,,,,,110,,,,
TOMCAT,Tomc--1250,Tomcat,,,,1250,,,,50,,,,,,,,,,,,,,,130,,,,
TOMCAT,Tomc--1320,Tomcat,,,,1320,,,,50,,,,,,,,,,,,,,,140,,,,
TOMCAT,Tomc--1800,Tomcat,,,,1800,,,,25,,,,,,,,,,,,,,,130,,,,
TOMCAT,Tomc--1900,Tomcat,,,,1900,,,,20,,,,,,,,,,,,,,,130,,,,
TOMCAT,Tomc--2300,Tomcat,,,,2300,,,,26,,,,,,,,,,,,,,,140,,,,
TOMCAT,Tomc--2400,Tomcat,,,,2400,,,,36,,,,,,,,,,,,,,,280,,,,
TOMCAT,Tomc--3200,Tomcat,,,,3200,,,,85,,,,,,,,,,,,,,,600,,,,
TOMCAT,Tomc--3600,Tomcat,,,,3600,,,,70,,,,,,,,,,,,,,,380,,,,
TOMCAT,Tomc--4100,Tomcat,,,,4100,,,,70,,,,,,,,,,,,,,,440,,,,
TORCMAN,Torc--135,Torcman,,,,135,,,,1030,,,,,,,,,,,,,,,4000,,,,
TORCMAN,Torc--163,Torcman,,,,163,,,,1030,,,,,,,,,,,,,,,4000,,,,
TORCMAN,Torc--175,Torcman,,,,175,,,,830,,,,,,,,,,,,,,,3500,,,,
TORCMAN,Torc--182,Torcman,,,,182,,,,830,,,,,,,,,,,,,,,3500,,,,
TORCMAN,Torc--188,Torcman,,,,188,,,,470,,,,,,,,,,,,,,,1800,,,,
TORCMAN,Torc--190,Torcman,,,,190,,,,700,,,,,,,,,,,,,,,2500,,,,
TORCMAN,Torc--192,Torcman,,,,192,,,,830,,,,,,,,,,,,,,,3500,,,,
TORCMAN,Torc--194,Torcman,,,,194,,,,730,,,,,,,,,,,,,,,3000,,,,
TORCMAN,Torc--196,Torcman,,,,196,,,,470,,,,,,,,,,,,,,,1800,,,,
TORCMAN,Torc--198,Torcman,,,,198,,,,700,,,,,,,,,,,,,,,2500,,,,
TORCMAN,Torc--199,Torcman,,,,199,,,,1030,,,,,,,,,,,,,,,4000,,,,
TORCMAN,Torc--207,Torcman,,,,207,,,,830,,,,,,,,,,,,,,,3500,,,,
TORCMAN,Torc--209,Torcman,,,,209,,,,700,,,,,,,,,,,,,,,2500,,,,
TORCMAN,Torc--213,Torcman,,,,213,,,,700,,,,,,,,,,,,,,,2500,,,,
TORCMAN,Torc--215,Torcman,,,,215,,,,730,,,,,,,,,,,,,,,3000,,,,
TORCMAN,Torc--216,Torcman,,,,216,,,,470,,,,,,,,,,,,,,,1800,,,,
TORCMAN,Torc--223,Torcman,,,,223,,,,830,,,,,,,,,,,,,,,3500,,,,
TORCMAN,Torc--231,Torcman,,,,231,,,,470,,,,,,,,,,,,,,,1800,,,,
TORCMAN,Torc--232,Torcman,,,,232,,,,700,,,,,,,,,,,,,,,2500,,,,
TORCMAN,Torc--240,Torcman,,,,240,,,,730,,,,,,,,,,,,,,,3000,,,,
TORCMAN,Torc--248,Torcman,,,,248,,,,470,,,,,,,,,,,,,,,1800,,,,
TORCMAN,Torc--250,Torcman,,,,250,,,,470,,,,,,,,,,,,,,,1800,,,,
TORCMAN,Torc--250,Torcman,,,,250,,,,700,,,,,,,,,,,,,,,2500,,,,
TORCMAN,Torc--255,Torcman,,,,255,,,,700,,,,,,,,,,,,,,,2500,,,,
TORCMAN,Torc--256,Torcman,,,,256,,,,830,,,,,,,,,,,,,,,3500,,,,
TORCMAN,Torc--260,Torcman,,,,260,,,,470,,,,,,,,,,,,,,,1800,,,,
TORCMAN,Torc--272,Torcman,,,,272,,,,730,,,,,,,,,,,,,,,3000,,,,
TORCMAN,Torc--275,Torcman,,,,275,,,,470,,,,,,,,,,,,,,,1800,,,,
TORCMAN,Torc--282,Torcman,,,,282,,,,700,,,,,,,,,,,,,,,2500,,,,
TORCMAN,Torc--289,Torcman,,,,289,,,,470,,,,,,,,,,,,,,,1800,,,,
TORCMAN,Torc--297,Torcman,,,,297,,,,700,,,,,,,,,,,,,,,2500,,,,
TORCMAN,Torc--308,Torcman,,,,308,,,,470,,,,,,,,,,,,,,,1800,,,,
TORCMAN,Torc--309,Torcman,,,,309,,,,375,,,,,,,,,,,,,,,1000,,,,
TORCMAN,Torc--314,Torcman,,,,314,,,,730,,,,,,,,,,,,,,,3000,,,,
TORCMAN,Torc--322,Torcman,,,,322,,,,470,,,,,,,,,,,,,,,1800,,,,
TORCMAN,Torc--322,Torcman,,,,322,,,,700,,,,,,,,,,,,,,,2500,,,,
TORCMAN,Torc--332,Torcman,,,,332,,,,375,,,,,,,,,,,,,,,1000,,,,
TORCMAN,Torc--341,Torcman,,,,341,,,,470,,,,,,,,,,,,,,,1800,,,,
TORCMAN,Torc--346,Torcman,,,,346,,,,700,,,,,,,,,,,,,,,2500,,,,
TORCMAN,Torc--360,Torcman,,,,360,,,,375,,,,,,,,,,,,,,,1000,,,,
TORCMAN,Torc--362,Torcman,,,,362,,,,470,,,,,,,,,,,,,,,1800,,,,
TORCMAN,Torc--392,Torcman,,,,392,,,,375,,,,,,,,,,,,,,,1000,,,,
TORCMAN,Torc--395,Torcman,,,,395,,,,470,,,,,,,,,,,,,,,1800,,,,
TORCMAN,Torc--414,Torcman,,,,414,,,,375,,,,,,,,,,,,,,,1000,,,,
TORCMAN,Torc--423,Torcman,,,,423,,,,470,,,,,,,,,,,,,,,1800,,,,
TORCMAN,Torc--426,Torcman,,,,426,,,,310,,,,,,,,,,,,,,,1000,,,,
TORCMAN,Torc--433,Torcman,,,,433,,,,375,,,,,,,,,,,,,,,1000,,,,
TORCMAN,Torc--455,Torcman,,,,455,,,,310,,,,,,,,,,,,,,,1000,,,,
TORCMAN,Torc--458,Torcman,,,,458,,,,470,,,,,,,,,,,,,,,1800,,,,
TORCMAN,Torc--460,Torcman,,,,460,,,,375,,,,,,,,,,,,,,,1000,,,,
TORCMAN,Torc--473,Torcman,,,,473,,,,310,,,,,,,,,,,,,,,1000,,,,
TORCMAN,Torc--495,Torcman,,,,495,,,,210,,,,,,,,,,,,,,,700,,,,
TORCMAN,Torc--498,Torcman,,,,498,,,,470,,,,,,,,,,,,,,,1800,,,,
TORCMAN,Torc--499,Torcman,,,,499,,,,375,,,,,,,,,,,,,,,1000,,,,
TORCMAN,Torc--529,Torcman,,,,529,,,,310,,,,,,,,,,,,,,,1000,,,,
TORCMAN,Torc--533,Torcman,,,,533,,,,210,,,,,,,,,,,,,,,700,,,,
TORCMAN,Torc--533,Torcman,,,,533,,,,375,,,,,,,,,,,,,,,1000,,,,
TORCMAN,Torc--546,Torcman,,,,546,,,,470,,,,,,,,,,,,,,,1800,,,,
TORCMAN,Torc--558,Torcman,,,,558,,,,310,,,,,,,,,,,,,,,1000,,,,
TORCMAN,Torc--570,Torcman,,,,570,,,,375,,,,,,,,,,,,,,,1000,,,,
TORCMAN,Torc--599,Torcman,,,,599,,,,310,,,,,,,,,,,,,,,1000,,,,
TORCMAN,Torc--605,Torcman,,,,605,,,,210,,,,,,,,,,,,,,,700,,,,
TORCMAN,Torc--605,Torcman,,,,605,,,,375,,,,,,,,,,,,,,,1000,,,,
TORCMAN,Torc--625,Torcman,,,,625,,,,470,,,,,,,,,,,,,,,1800,,,,
TORCMAN,Torc--640,Torcman,,,,640,,,,210,,,,,,,,,,,,,,,700,,,,
TORCMAN,Torc--640,Torcman,,,,640,,,,375,,,,,,,,,,,,,,,1000,,,,
TORCMAN,Torc--648,Torcman,,,,648,,,,310,,,,,,,,,,,,,,,1000,,,,
TORCMAN,Torc--685,Torcman,,,,685,,,,210,,,,,,,,,,,,,,,700,,,,
TORCMAN,Torc--689,Torcman,,,,689,,,,375,,,,,,,,,,,,,,,1000,,,,
TORCMAN,Torc--755,Torcman,,,,755,,,,210,,,,,,,,,,,,,,,700,,,,
TORCMAN,Torc--810,Torcman,,,,810,,,,210,,,,,,,,,,,,,,,700,,,,
TORCMAN,Torc--855,Torcman,,,,855,,,,210,,,,,,,,,,,,,,,700,,,,
TORCMAN,Torc--915,Torcman,,,,915,,,,210,,,,,,,,,,,,,,,700,,,,
TORCMAN,Torc--458.888888888889,Torcman,,,,458.888888888889,,,,470,,,,,,,,,,,,,,,1800,,,,
TORCMAN,Torc--491.071428571429,Torcman,,,,491.071428571429,,,,470,,,,,,,,,,,,,,,1800,,,,
TORCMAN,Torc--529.166666666667,Torcman,,,,529.166666666667,,,,470,,,,,,,,,,,,,,,1800,,,,
TORCMAN,Torc--570.833333333333,Torcman,,,,570.833333333333,,,,470,,,,,,,,,,,,,,,1800,,,,
TORCMAN,Torc--687.5,Torcman,,,,687.5,,,,470,,,,,,,,,,,,,,,1800,,,,
TROCSTER,Torc--176,Torcster,,,,176,,,,1225,,,,,,,,,,,,,,,1800,,,,
TROCSTER,Torc--190,Torcster,,,,190,,,,1225,,,,,,,,,,,,,,,2250,,,,
TROCSTER,Torc--225,Torcster,,,,225,,,,596,,,,,,,,,,,,,,,1050,,,,
TROCSTER,Torc--260,Torcster,,,,260,,,,596,,,,,,,,,,,,,,,1200,,,,
TROCSTER,Torc--360,Torcster,,,,360,,,,400,,,,,,,,,,,,,,,900,,,,
TROCSTER,Torc--380,Torcster,,,,380,,,,400,,,,,,,,,,,,,,,900,,,,
TROCSTER,Torc--430,Torcster,,,,430,,,,380,,,,,,,,,,,,,,,1050,,,,
TROCSTER,Torc--430,Torcster,,,,430,,,,380,,,,,,,,,,,,,,,1050,,,,
TROCSTER,Torc--510,Torcster,,,,510,,,,400,,,,,,,,,,,,,,,1050,,,,
TROCSTER,Torc--610,Torcster,,,,610,,,,309,,,,,,,,,,,,,,,825,,,,
TROCSTER,Torc--640,Torcster,,,,640,,,,200,,,,,,,,,,,,,,,1050,,,,
TROCSTER,Torc--710,Torcster,,,,710,,,,309,,,,,,,,,,,,,,,900,,,,
TROCSTER,Torc--730,Torcster,,,,730,,,,175,,,,,,,,,,,,,,,555,,,,
TROCSTER,Torc--800,Torcster,,,,800,,,,200,,,,,,,,,,,,,,,750,,,,
TROCSTER,Torc--840,Torcster,,,,840,,,,200,,,,,,,,,,,,,,,750,,,,
TROCSTER,Torc--920,Torcster,,,,920,,,,144,,,,,,,,,,,,,,,600,,,,
TROCSTER,Torc--930,Torcster,,,,930,,,,47,,,,,,,,,,,,,,,180,,,,
TROCSTER,Torc--930,Torcster,,,,930,,,,175,,,,,,,,,,,,,,,675,,,,
TROCSTER,Torc--950,Torcster,,,,950,,,,60,,,,,,,,,,,,,,,248,,,,
TROCSTER,Torc--950,Torcster,,,,950,,,,70,,,,,,,,,,,,,,,225,,,,
TROCSTER,Torc--1000,Torcster,,,,1000,,,,47,,,,,,,,,,,,,,,180,,,,
TROCSTER,Torc--1000,Torcster,,,,1000,,,,145,,,,,,,,,,,,,,,555,,,,
TROCSTER,Torc--1000,Torcster,,,,1000,,,,130,,,,,,,,,,,,,,,675,,,,
TROCSTER,Torc--1080,Torcster,,,,1080,,,,70,,,,,,,,,,,,,,,270,,,,
TROCSTER,Torc--1100,Torcster,,,,1100,,,,35,,,,,,,,,,,,,,,120,,,,
TROCSTER,Torc--1100,Torcster,,,,1100,,,,100,,,,,,,,,,,,,,,525,,,,
TROCSTER,Torc--1100,Torcster,,,,1100,,,,175,,,,,,,,,,,,,,,750,,,,
TROCSTER,Torc--1120,Torcster,,,,1120,,,,70,,,,,,,,,,,,,,,360,,,,
TROCSTER,Torc--1200,Torcster,,,,1200,,,,60,,,,,,,,,,,,,,,300,,,,
TROCSTER,Torc--1250,Torcster,,,,1250,,,,70,,,,,,,,,,,,,,,300,,,,
TROCSTER,Torc--1350,Torcster,,,,1350,,,,32,,,,,,,,,,,,,,,150,,,,
TROCSTER,Torc--1400,Torcster,,,,1400,,,,2023-05-11 00:00:00,,,,,,,,,,,,,,,113,,,,
TROCSTER,Torc--1400,Torcster,,,,1400,,,,47,,,,,,,,,,,,,,,240,,,,
TROCSTER,Torc--1410,Torcster,,,,1410,,,,100,,,,,,,,,,,,,,,600,,,,
TROCSTER,Torc--1450,Torcster,,,,1450,,,,35,,,,,,,,,,,,,,,180,,,,
TROCSTER,Torc--1500,Torcster,,,,1500,,,,70,,,,,,,,,,,,,,,420,,,,
TROCSTER,Torc--1550,Torcster,,,,1550,,,,16,,,,,,,,,,,,,,,120,,,,
TROCSTER,Torc--1700,Torcster,,,,1700,,,,2023-05-11 00:00:00,,,,,,,,,,,,,,,120,,,,
TROCSTER,Torc--1800,Torcster,,,,1800,,,,32,,,,,,,,,,,,,,,300,,,,
TROCSTER,Torc--1800,Torcster,,,,1800,,,,35,,,,,,,,,,,,,,,240,,,,
TROCSTER,Torc--2000,Torcster,,,,2000,,,,32,,,,,,,,,,,,,,,180,,,,
TROCSTER,Torc--2000,Torcster,,,,2000,,,,25,,,,,,,,,,,,,,,120,,,,
TROCSTER,Torc--2200,Torcster,,,,2200,,,,47,,,,,,,,,,,,,,,420,,,,
TROCSTER,Torc--2600,Torcster,,,,2600,,,,35,,,,,,,,,,,,,,,300,,,,
TROCSTER,Torc--3250,Torcster,,,,3250,,,,70,,,,,,,,,,,,,,,600,,,,
TROCSTER,Torc--3300,Torcster,,,,3300,,,,70,,,,,,,,,,,,,,,825,,,,
TROCSTER,Torc--3500,Torcster,,,,3500,,,,70,,,,,,,,,,,,,,,600,,,,
TROCSTER,Torc--3800,Torcster,,,,3800,,,,70,,,,,,,,,,,,,,,750,,,,
TP POWER,Tp P--120,Tp Power,,,,120,,,,2930,,,,,,,,,,,,,,,23000,,,,
TP POWER,Tp P--150,Tp Power,,,,150,,,,2930,,,,,,,,,,,,,,,23000,,,,
TP POWER,Tp P--200,Tp Power,,,,200,,,,2930,,,,,,,,,,,,,,,23000,,,,
TP POWER,Tp P--250,Tp Power,,,,250,,,,2930,,,,,,,,,,,,,,,23000,,,,
TP POWER,Tp P--288,Tp Power,,,,288,,,,7980,,,,,,,,,,,,,,,72000,,,,
TP POWER,Tp P--290,Tp Power,,,,290,,,,3220,,,,,,,,,,,,,,,25500,,,,
TP POWER,Tp P--290,Tp Power,,,,290,,,,1250,,,,,,,,,,,,,,,15000,,,,
TP POWER,Tp P--290,Tp Power,,,,290,,,,1250,,,,,,,,,,,,,,,15000,,,,
TP POWER,Tp P--320,Tp Power,,,,320,,,,1250,,,,,,,,,,,,,,,15000,,,,
TP POWER,Tp P--320,Tp Power,,,,320,,,,1250,,,,,,,,,,,,,,,15000,,,,
TP POWER,Tp P--330,Tp Power,,,,330,,,,1100,,,,,,,,,,,,,,,14000,,,,
TP POWER,Tp P--330,Tp Power,,,,330,,,,1100,,,,,,,,,,,,,,,14000,,,,
TP POWER,Tp P--350,Tp Power,,,,350,,,,2789,,,,,,,,,,,,,,,22000,,,,
TP POWER,Tp P--360,Tp Power,,,,360,,,,1250,,,,,,,,,,,,,,,15000,,,,
TP POWER,Tp P--360,Tp Power,,,,360,,,,962,,,,,,,,,,,,,,,12000,,,,
TP POWER,Tp P--360,Tp Power,,,,360,,,,1250,,,,,,,,,,,,,,,15000,,,,
TP POWER,Tp P--365,Tp Power,,,,365,,,,1100,,,,,,,,,,,,,,,14000,,,,
TP POWER,Tp P--365,Tp Power,,,,365,,,,1100,,,,,,,,,,,,,,,14000,,,,
TP POWER,Tp P--394,Tp Power,,,,394,,,,962,,,,,,,,,,,,,,,12000,,,,
TP POWER,Tp P--394,Tp Power,,,,394,,,,962,,,,,,,,,,,,,,,12000,,,,
TP POWER,Tp P--400,Tp Power,,,,400,,,,962,,,,,,,,,,,,,,,12000,,,,
TP POWER,Tp P--410,Tp Power,,,,410,,,,1100,,,,,,,,,,,,,,,14000,,,,
TP POWER,Tp P--410,Tp Power,,,,410,,,,1100,,,,,,,,,,,,,,,14000,,,,
TP POWER,Tp P--415,Tp Power,,,,415,,,,1250,,,,,,,,,,,,,,,15000,,,,
TP POWER,Tp P--415,Tp Power,,,,415,,,,1250,,,,,,,,,,,,,,,15000,,,,
TP POWER,Tp P--434,Tp Power,,,,434,,,,962,,,,,,,,,,,,,,,12000,,,,
TP POWER,Tp P--434,Tp Power,,,,434,,,,962,,,,,,,,,,,,,,,12000,,,,
TP POWER,Tp P--440,Tp Power,,,,440,,,,505,,,,,,,,,,,,,,,7500,,,,
TP POWER,Tp P--440,Tp Power,,,,440,,,,836,,,,,,,,,,,,,,,10000,,,,
TP POWER,Tp P--440,Tp Power,,,,440,,,,836,,,,,,,,,,,,,,,10000,,,,
TP POWER,Tp P--450,Tp Power,,,,450,,,,962,,,,,,,,,,,,,,,12000,,,,
TP POWER,Tp P--470,Tp Power,,,,470,,,,1100,,,,,,,,,,,,,,,14000,,,,
TP POWER,Tp P--470,Tp Power,,,,470,,,,1100,,,,,,,,,,,,,,,14000,,,,
TP POWER,Tp P--490,Tp Power,,,,490,,,,505,,,,,,,,,,,,,,,7500,,,,
TP POWER,Tp P--490,Tp Power,,,,490,,,,962,,,,,,,,,,,,,,,12000,,,,
TP POWER,Tp P--490,Tp Power,,,,490,,,,1250,,,,,,,,,,,,,,,15000,,,,
TP POWER,Tp P--490,Tp Power,,,,490,,,,962,,,,,,,,,,,,,,,12000,,,,
TP POWER,Tp P--490,Tp Power,,,,490,,,,1250,,,,,,,,,,,,,,,15000,,,,
TP POWER,Tp P--504,Tp Power,,,,504,,,,836,,,,,,,,,,,,,,,10000,,,,
TP POWER,Tp P--504,Tp Power,,,,504,,,,836,,,,,,,,,,,,,,,10000,,,,
TP POWER,Tp P--510,Tp Power,,,,510,,,,962,,,,,,,,,,,,,,,12000,,,,
TP POWER,Tp P--520,Tp Power,,,,520,,,,455,,,,,,,,,,,,,,,6200,,,,
TP POWER,Tp P--530,Tp Power,,,,530,,,,1100,,,,,,,,,,,,,,,14000,,,,
TP POWER,Tp P--530,Tp Power,,,,530,,,,1100,,,,,,,,,,,,,,,14000,,,,
TP POWER,Tp P--540,Tp Power,,,,540,,,,2930,,,,,,,,,,,,,,,23000,,,,
TP POWER,Tp P--540,Tp Power,,,,540,,,,1250,,,,,,,,,,,,,,,15000,,,,
TP POWER,Tp P--540,Tp Power,,,,540,,,,1250,,,,,,,,,,,,,,,15000,,,,
TP POWER,Tp P--550,Tp Power,,,,550,,,,505,,,,,,,,,,,,,,,7500,,,,
TP POWER,Tp P--554,Tp Power,,,,554,,,,962,,,,,,,,,,,,,,,12000,,,,
TP POWER,Tp P--554,Tp Power,,,,554,,,,962,,,,,,,,,,,,,,,12000,,,,
TP POWER,Tp P--556,Tp Power,,,,556,,,,715,,,,,,,,,,,,,,,8400,,,,
TP POWER,Tp P--560,Tp Power,,,,560,,,,836,,,,,,,,,,,,,,,10000,,,,
TP POWER,Tp P--580,Tp Power,,,,580,,,,455,,,,,,,,,,,,,,,6200,,,,
TP POWER,Tp P--585,Tp Power,,,,585,,,,1250,,,,,,,,,,,,,,,15000,,,,
TP POWER,Tp P--585,Tp Power,,,,585,,,,1250,,,,,,,,,,,,,,,15000,,,,
TP POWER,Tp P--600,Tp Power,,,,600,,,,2789,,,,,,,,,,,,,,,22000,,,,
TP POWER,Tp P--600,Tp Power,,,,600,,,,1100,,,,,,,,,,,,,,,14000,,,,
TP POWER,Tp P--600,Tp Power,,,,600,,,,1250,,,,,,,,,,,,,,,15000,,,,
TP POWER,Tp P--600,Tp Power,,,,600,,,,962,,,,,,,,,,,,,,,12000,,,,
TP POWER,Tp P--600,Tp Power,,,,600,,,,1100,,,,,,,,,,,,,,,14000,,,,
TP POWER,Tp P--600,Tp Power,,,,600,,,,1250,,,,,,,,,,,,,,,15000,,,,
TP POWER,Tp P--620,Tp Power,,,,620,,,,715,,,,,,,,,,,,,,,8400,,,,
TP POWER,Tp P--625,Tp Power,,,,625,,,,370,,,,,,,,,,,,,,,4500,,,,
TP POWER,Tp P--630,Tp Power,,,,630,,,,420,,,,,,,,,,,,,,,5000,,,,
TP POWER,Tp P--630,Tp Power,,,,630,,,,505,,,,,,,,,,,,,,,7500,,,,
TP POWER,Tp P--642,Tp Power,,,,642,,,,836,,,,,,,,,,,,,,,10000,,,,
TP POWER,Tp P--642,Tp Power,,,,642,,,,836,,,,,,,,,,,,,,,10000,,,,
TP POWER,Tp P--650,Tp Power,,,,650,,,,455,,,,,,,,,,,,,,,6200,,,,
TP POWER,Tp P--650,Tp Power,,,,650,,,,962,,,,,,,,,,,,,,,12000,,,,
TP POWER,Tp P--650,Tp Power,,,,650,,,,1100,,,,,,,,,,,,,,,14000,,,,
TP POWER,Tp P--650,Tp Power,,,,650,,,,962,,,,,,,,,,,,,,,12000,,,,
TP POWER,Tp P--650,Tp Power,,,,650,,,,1100,,,,,,,,,,,,,,,14000,,,,
TP POWER,Tp P--670,Tp Power,,,,670,,,,1100,,,,,,,,,,,,,,,14000,,,,
TP POWER,Tp P--670,Tp Power,,,,670,,,,1100,,,,,,,,,,,,,,,14000,,,,
TP POWER,Tp P--680,Tp Power,,,,680,,,,836,,,,,,,,,,,,,,,10000,,,,
TP POWER,Tp P--680,Tp Power,,,,680,,,,1250,,,,,,,,,,,,,,,15000,,,,
TP POWER,Tp P--680,Tp Power,,,,680,,,,1250,,,,,,,,,,,,,,,15000,,,,
TP POWER,Tp P--680,Tp Power,,,,680,,,,1250,,,,,,,,,,,,,,,15000,,,,
TP POWER,Tp P--680,Tp Power,,,,680,,,,1250,,,,,,,,,,,,,,,15000,,,,
TP POWER,Tp P--694,Tp Power,,,,694,,,,715,,,,,,,,,,,,,,,8400,,,,
TP POWER,Tp P--700,Tp Power,,,,700,,,,370,,,,,,,,,,,,,,,4500,,,,
TP POWER,Tp P--710,Tp Power,,,,710,,,,420,,,,,,,,,,,,,,,5000,,,,
TP POWER,Tp P--720,Tp Power,,,,720,,,,2930,,,,,,,,,,,,,,,23000,,,,
TP POWER,Tp P--720,Tp Power,,,,720,,,,962,,,,,,,,,,,,,,,12000,,,,
TP POWER,Tp P--720,Tp Power,,,,720,,,,962,,,,,,,,,,,,,,,12000,,,,
TP POWER,Tp P--720,Tp Power,,,,720,,,,962,,,,,,,,,,,,,,,12000,,,,
TP POWER,Tp P--740,Tp Power,,,,740,,,,455,,,,,,,,,,,,,,,6200,,,,
TP POWER,Tp P--740,Tp Power,,,,740,,,,505,,,,,,,,,,,,,,,7500,,,,
TP POWER,Tp P--740,Tp Power,,,,740,,,,836,,,,,,,,,,,,,,,10000,,,,
TP POWER,Tp P--740,Tp Power,,,,740,,,,836,,,,,,,,,,,,,,,10000,,,,
TP POWER,Tp P--745,Tp Power,,,,745,,,,1100,,,,,,,,,,,,,,,14000,,,,
TP POWER,Tp P--745,Tp Power,,,,745,,,,1100,,,,,,,,,,,,,,,14000,,,,
TP POWER,Tp P--750,Tp Power,,,,750,,,,1250,,,,,,,,,,,,,,,15000,,,,
TP POWER,Tp P--750,Tp Power,,,,750,,,,1250,,,,,,,,,,,,,,,15000,,,,
TP POWER,Tp P--770,Tp Power,,,,770,,,,308,,,,,,,,,,,,,,,2800,,,,
TP POWER,Tp P--785,Tp Power,,,,785,,,,370,,,,,,,,,,,,,,,4500,,,,
TP POWER,Tp P--785,Tp Power,,,,785,,,,962,,,,,,,,,,,,,,,12000,,,,
TP POWER,Tp P--785,Tp Power,,,,785,,,,962,,,,,,,,,,,,,,,12000,,,,
TP POWER,Tp P--796,Tp Power,,,,796,,,,715,,,,,,,,,,,,,,,8400,,,,
TP POWER,Tp P--800,Tp Power,,,,800,,,,420,,,,,,,,,,,,,,,5000,,,,
TP POWER,Tp P--800,Tp Power,,,,800,,,,962,,,,,,,,,,,,,,,12000,,,,
TP POWER,Tp P--800,Tp Power,,,,800,,,,1100,,,,,,,,,,,,,,,14000,,,,
TP POWER,Tp P--800,Tp Power,,,,800,,,,962,,,,,,,,,,,,,,,12000,,,,
TP POWER,Tp P--800,Tp Power,,,,800,,,,1100,,,,,,,,,,,,,,,14000,,,,
TP POWER,Tp P--810,Tp Power,,,,810,,,,836,,,,,,,,,,,,,,,10000,,,,
TP POWER,Tp P--830,Tp Power,,,,830,,,,396,,,,,,,,,,,,,,,4200,,,,
TP POWER,Tp P--840,Tp Power,,,,840,,,,962,,,,,,,,,,,,,,,12000,,,,
TP POWER,Tp P--848,Tp Power,,,,848,,,,836,,,,,,,,,,,,,,,10000,,,,
TP POWER,Tp P--848,Tp Power,,,,848,,,,836,,,,,,,,,,,,,,,10000,,,,
TP POWER,Tp P--850,Tp Power,,,,850,,,,962,,,,,,,,,,,,,,,12000,,,,
TP POWER,Tp P--850,Tp Power,,,,850,,,,1100,,,,,,,,,,,,,,,14000,,,,
TP POWER,Tp P--850,Tp Power,,,,850,,,,962,,,,,,,,,,,,,,,12000,,,,
TP POWER,Tp P--850,Tp Power,,,,850,,,,1100,,,,,,,,,,,,,,,14000,,,,
TP POWER,Tp P--860,Tp Power,,,,860,,,,308,,,,,,,,,,,,,,,2800,,,,
TP POWER,Tp P--860,Tp Power,,,,860,,,,455,,,,,,,,,,,,,,,6200,,,,
TP POWER,Tp P--860,Tp Power,,,,860,,,,505,,,,,,,,,,,,,,,7500,,,,
TP POWER,Tp P--880,Tp Power,,,,880,,,,505,,,,,,,,,,,,,,,7500,,,,
TP POWER,Tp P--888,Tp Power,,,,888,,,,836,,,,,,,,,,,,,,,10000,,,,
TP POWER,Tp P--888,Tp Power,,,,888,,,,836,,,,,,,,,,,,,,,10000,,,,
TP POWER,Tp P--900,Tp Power,,,,900,,,,370,,,,,,,,,,,,,,,4500,,,,
TP POWER,Tp P--900,Tp Power,,,,900,,,,420,,,,,,,,,,,,,,,5000,,,,
TP POWER,Tp P--900,Tp Power,,,,900,,,,1250,,,,,,,,,,,,,,,15000,,,,
TP POWER,Tp P--900,Tp Power,,,,900,,,,1250,,,,,,,,,,,,,,,15000,,,,
TP POWER,Tp P--900,Tp Power,,,,900,,,,1250,,,,,,,,,,,,,,,15000,,,,
TP POWER,Tp P--900,Tp Power,,,,900,,,,1250,,,,,,,,,,,,,,,15000,,,,
TP POWER,Tp P--910,Tp Power,,,,910,,,,396,,,,,,,,,,,,,,,4200,,,,
TP POWER,Tp P--926,Tp Power,,,,926,,,,836,,,,,,,,,,,,,,,10000,,,,
TP POWER,Tp P--926,Tp Power,,,,926,,,,836,,,,,,,,,,,,,,,10000,,,,
TP POWER,Tp P--928,Tp Power,,,,928,,,,715,,,,,,,,,,,,,,,8400,,,,
TP POWER,Tp P--940,Tp Power,,,,940,,,,505,,,,,,,,,,,,,,,7500,,,,
TP POWER,Tp P--950,Tp Power,,,,950,,,,280,,,,,,,,,,,,,,,2350,,,,
TP POWER,Tp P--970,Tp Power,,,,970,,,,308,,,,,,,,,,,,,,,2800,,,,
TP POWER,Tp P--970,Tp Power,,,,970,,,,1100,,,,,,,,,,,,,,,14000,,,,
TP POWER,Tp P--970,Tp Power,,,,970,,,,1100,,,,,,,,,,,,,,,14000,,,,
TP POWER,Tp P--990,Tp Power,,,,990,,,,455,,,,,,,,,,,,,,,6200,,,,
TP POWER,Tp P--990,Tp Power,,,,990,,,,962,,,,,,,,,,,,,,,12000,,,,
TP POWER,Tp P--990,Tp Power,,,,990,,,,962,,,,,,,,,,,,,,,12000,,,,
TP POWER,Tp P--1010,Tp Power,,,,1010,,,,836,,,,,,,,,,,,,,,10000,,,,
TP POWER,Tp P--1010,Tp Power,,,,1010,,,,962,,,,,,,,,,,,,,,12000,,,,
TP POWER,Tp P--1010,Tp Power,,,,1010,,,,962,,,,,,,,,,,,,,,12000,,,,
TP POWER,Tp P--1020,Tp Power,,,,1020,,,,396,,,,,,,,,,,,,,,4200,,,,
TP POWER,Tp P--1038,Tp Power,,,,1038,,,,715,,,,,,,,,,,,,,,8400,,,,
TP POWER,Tp P--1050,Tp Power,,,,1050,,,,252,,,,,,,,,,,,,,,1800,,,,
TP POWER,Tp P--1050,Tp Power,,,,1050,,,,370,,,,,,,,,,,,,,,4500,,,,
TP POWER,Tp P--1050,Tp Power,,,,1050,,,,356,,,,,,,,,,,,,,,3600,,,,
TP POWER,Tp P--1050,Tp Power,,,,1050,,,,420,,,,,,,,,,,,,,,5000,,,,
TP POWER,Tp P--1050,Tp Power,,,,1050,,,,455,,,,,,,,,,,,,,,6200,,,,
TP POWER,Tp P--1050,Tp Power,,,,1050,,,,962,,,,,,,,,,,,,,,12000,,,,
TP POWER,Tp P--1054,Tp Power,,,,1054,,,,836,,,,,,,,,,,,,,,10000,,,,
TP POWER,Tp P--1054,Tp Power,,,,1054,,,,836,,,,,,,,,,,,,,,10000,,,,
TP POWER,Tp P--1060,Tp Power,,,,1060,,,,280,,,,,,,,,,,,,,,2350,,,,
TP POWER,Tp P--1060,Tp Power,,,,1060,,,,505,,,,,,,,,,,,,,,7500,,,,
TP POWER,Tp P--1070,Tp Power,,,,1070,,,,1100,,,,,,,,,,,,,,,14000,,,,
TP POWER,Tp P--1070,Tp Power,,,,1070,,,,1100,,,,,,,,,,,,,,,14000,,,,
TP POWER,Tp P--1090,Tp Power,,,,1090,,,,505,,,,,,,,,,,,,,,7500,,,,
TP POWER,Tp P--1100,Tp Power,,,,1100,,,,455,,,,,,,,,,,,,,,6200,,,,
TP POWER,Tp P--1100,Tp Power,,,,1100,,,,1250,,,,,,,,,,,,,,,15000,,,,
TP POWER,Tp P--1100,Tp Power,,,,1100,,,,1250,,,,,,,,,,,,,,,15000,,,,
TP POWER,Tp P--1110,Tp Power,,,,1110,,,,308,,,,,,,,,,,,,,,2800,,,,
TP POWER,Tp P--1130,Tp Power,,,,1130,,,,182,,,,,,,,,,,,,,,1600,,,,
TP POWER,Tp P--1148,Tp Power,,,,1148,,,,715,,,,,,,,,,,,,,,8400,,,,
TP POWER,Tp P--1150,Tp Power,,,,1150,,,,1100,,,,,,,,,,,,,,,14000,,,,
TP POWER,Tp P--1150,Tp Power,,,,1150,,,,715,,,,,,,,,,,,,,,8400,,,,
TP POWER,Tp P--1150,Tp Power,,,,1150,,,,1100,,,,,,,,,,,,,,,14000,,,,
TP POWER,Tp P--1170,Tp Power,,,,1170,,,,252,,,,,,,,,,,,,,,1800,,,,
TP POWER,Tp P--1170,Tp Power,,,,1170,,,,356,,,,,,,,,,,,,,,3600,,,,
TP POWER,Tp P--1170,Tp Power,,,,1170,,,,836,,,,,,,,,,,,,,,10000,,,,
TP POWER,Tp P--1170,Tp Power,,,,1170,,,,836,,,,,,,,,,,,,,,10000,,,,
TP POWER,Tp P--1180,Tp Power,,,,1180,,,,396,,,,,,,,,,,,,,,4200,,,,
TP POWER,Tp P--1180,Tp Power,,,,1180,,,,420,,,,,,,,,,,,,,,5000,,,,
TP POWER,Tp P--1180,Tp Power,,,,1180,,,,962,,,,,,,,,,,,,,,12000,,,,
TP POWER,Tp P--1180,Tp Power,,,,1180,,,,962,,,,,,,,,,,,,,,12000,,,,
TP POWER,Tp P--1188,Tp Power,,,,1188,,,,836,,,,,,,,,,,,,,,10000,,,,
TP POWER,Tp P--1188,Tp Power,,,,1188,,,,836,,,,,,,,,,,,,,,10000,,,,
TP POWER,Tp P--1190,Tp Power,,,,1190,,,,280,,,,,,,,,,,,,,,2350,,,,
TP POWER,Tp P--1190,Tp Power,,,,1190,,,,370,,,,,,,,,,,,,,,4500,,,,
TP POWER,Tp P--1220,Tp Power,,,,1220,,,,505,,,,,,,,,,,,,,,7500,,,,
TP POWER,Tp P--1240,Tp Power,,,,1240,,,,370,,,,,,,,,,,,,,,4500,,,,
TP POWER,Tp P--1240,Tp Power,,,,1240,,,,455,,,,,,,,,,,,,,,6200,,,,
TP POWER,Tp P--1270,Tp Power,,,,1270,,,,962,,,,,,,,,,,,,,,12000,,,,
TP POWER,Tp P--1270,Tp Power,,,,1270,,,,962,,,,,,,,,,,,,,,12000,,,,
TP POWER,Tp P--1279,Tp Power,,,,1279,,,,182,,,,,,,,,,,,,,,1600,,,,
TP POWER,Tp P--1280,Tp Power,,,,1280,,,,420,,,,,,,,,,,,,,,5000,,,,
TP POWER,Tp P--1292,Tp Power,,,,1292,,,,715,,,,,,,,,,,,,,,8400,,,,
TP POWER,Tp P--1300,Tp Power,,,,1300,,,,252,,,,,,,,,,,,,,,1800,,,,
TP POWER,Tp P--1300,Tp Power,,,,1300,,,,370,,,,,,,,,,,,,,,4500,,,,
TP POWER,Tp P--1300,Tp Power,,,,1300,,,,356,,,,,,,,,,,,,,,3600,,,,
TP POWER,Tp P--1300,Tp Power,,,,1300,,,,455,,,,,,,,,,,,,,,6200,,,,
TP POWER,Tp P--1310,Tp Power,,,,1310,,,,308,,,,,,,,,,,,,,,2800,,,,
TP POWER,Tp P--1320,Tp Power,,,,1320,,,,420,,,,,,,,,,,,,,,5000,,,,
TP POWER,Tp P--1320,Tp Power,,,,1320,,,,836,,,,,,,,,,,,,,,10000,,,,
TP POWER,Tp P--1338,Tp Power,,,,1338,,,,715,,,,,,,,,,,,,,,8400,,,,
TP POWER,Tp P--1340,Tp Power,,,,1340,,,,156,,,,,,,,,,,,,,,1300,,,,
TP POWER,Tp P--1350,Tp Power,,,,1350,,,,1250,,,,,,,,,,,,,,,15000,,,,
TP POWER,Tp P--1350,Tp Power,,,,1350,,,,1250,,,,,,,,,,,,,,,15000,,,,
TP POWER,Tp P--1356,Tp Power,,,,1356,,,,836,,,,,,,,,,,,,,,10000,,,,
TP POWER,Tp P--1356,Tp Power,,,,1356,,,,836,,,,,,,,,,,,,,,10000,,,,
TP POWER,Tp P--1360,Tp Power,,,,1360,,,,280,,,,,,,,,,,,,,,2350,,,,
TP POWER,Tp P--1380,Tp Power,,,,1380,,,,396,,,,,,,,,,,,,,,4200,,,,
TP POWER,Tp P--1380,Tp Power,,,,1380,,,,455,,,,,,,,,,,,,,,6200,,,,
TP POWER,Tp P--1400,Tp Power,,,,1400,,,,505,,,,,,,,,,,,,,,7500,,,,
TP POWER,Tp P--1400,Tp Power,,,,1400,,,,962,,,,,,,,,,,,,,,12000,,,,
TP POWER,Tp P--1400,Tp Power,,,,1400,,,,962,,,,,,,,,,,,,,,12000,,,,
TP POWER,Tp P--1430,Tp Power,,,,1430,,,,182,,,,,,,,,,,,,,,1600,,,,
TP POWER,Tp P--1440,Tp Power,,,,1440,,,,505,,,,,,,,,,,,,,,7500,,,,
TP POWER,Tp P--1440,Tp Power,,,,1440,,,,1100,,,,,,,,,,,,,,,14000,,,,
TP POWER,Tp P--1440,Tp Power,,,,1440,,,,1100,,,,,,,,,,,,,,,14000,,,,
TP POWER,Tp P--1450,Tp Power,,,,1450,,,,308,,,,,,,,,,,,,,,2800,,,,
TP POWER,Tp P--1450,Tp Power,,,,1450,,,,396,,,,,,,,,,,,,,,4200,,,,
TP POWER,Tp P--1460,Tp Power,,,,1460,,,,420,,,,,,,,,,,,,,,5000,,,,
TP POWER,Tp P--1460,Tp Power,,,,1460,,,,836,,,,,,,,,,,,,,,10000,,,,
TP POWER,Tp P--1460,Tp Power,,,,1460,,,,836,,,,,,,,,,,,,,,10000,,,,
TP POWER,Tp P--1462,Tp Power,,,,1462,,,,715,,,,,,,,,,,,,,,8400,,,,
TP POWER,Tp P--1470,Tp Power,,,,1470,,,,370,,,,,,,,,,,,,,,4500,,,,
TP POWER,Tp P--1490,Tp Power,,,,1490,,,,156,,,,,,,,,,,,,,,1300,,,,
TP POWER,Tp P--1500,Tp Power,,,,1500,,,,252,,,,,,,,,,,,,,,1800,,,,
TP POWER,Tp P--1500,Tp Power,,,,1500,,,,356,,,,,,,,,,,,,,,3600,,,,
TP POWER,Tp P--1550,Tp Power,,,,1550,,,,370,,,,,,,,,,,,,,,4500,,,,
TP POWER,Tp P--1570,Tp Power,,,,1570,,,,175,,,,,,,,,,,,,,,1650,,,,
TP POWER,Tp P--1570,Tp Power,,,,1570,,,,308,,,,,,,,,,,,,,,2800,,,,
TP POWER,Tp P--1570,Tp Power,,,,1570,,,,420,,,,,,,,,,,,,,,5000,,,,
TP POWER,Tp P--1610,Tp Power,,,,1610,,,,396,,,,,,,,,,,,,,,4200,,,,
TP POWER,Tp P--1620,Tp Power,,,,1620,,,,308,,,,,,,,,,,,,,,2800,,,,
TP POWER,Tp P--1630,Tp Power,,,,1630,,,,182,,,,,,,,,,,,,,,1600,,,,
TP POWER,Tp P--1636,Tp Power,,,,1636,,,,836,,,,,,,,,,,,,,,10000,,,,
TP POWER,Tp P--1636,Tp Power,,,,1636,,,,836,,,,,,,,,,,,,,,10000,,,,
TP POWER,Tp P--1650,Tp Power,,,,1650,,,,455,,,,,,,,,,,,,,,6200,,,,
TP POWER,Tp P--1660,Tp Power,,,,1660,,,,396,,,,,,,,,,,,,,,4200,,,,
TP POWER,Tp P--1680,Tp Power,,,,1680,,,,156,,,,,,,,,,,,,,,1300,,,,
TP POWER,Tp P--1680,Tp Power,,,,1680,,,,370,,,,,,,,,,,,,,,4500,,,,
TP POWER,Tp P--1690,Tp Power,,,,1690,,,,1250,,,,,,,,,,,,,,,15000,,,,
TP POWER,Tp P--1690,Tp Power,,,,1690,,,,1250,,,,,,,,,,,,,,,15000,,,,
TP POWER,Tp P--1700,Tp Power,,,,1700,,,,420,,,,,,,,,,,,,,,5000,,,,
TP POWER,Tp P--1700,Tp Power,,,,1700,,,,505,,,,,,,,,,,,,,,7500,,,,
TP POWER,Tp P--1720,Tp Power,,,,1720,,,,455,,,,,,,,,,,,,,,6200,,,,
TP POWER,Tp P--1720,Tp Power,,,,1720,,,,715,,,,,,,,,,,,,,,8400,,,,
TP POWER,Tp P--1736,Tp Power,,,,1736,,,,962,,,,,,,,,,,,,,,12000,,,,
TP POWER,Tp P--1736,Tp Power,,,,1736,,,,962,,,,,,,,,,,,,,,12000,,,,
TP POWER,Tp P--1750,Tp Power,,,,1750,,,,175,,,,,,,,,,,,,,,1650,,,,
TP POWER,Tp P--1750,Tp Power,,,,1750,,,,252,,,,,,,,,,,,,,,1800,,,,
TP POWER,Tp P--1750,Tp Power,,,,1750,,,,280,,,,,,,,,,,,,,,2350,,,,
TP POWER,Tp P--1750,Tp Power,,,,1750,,,,356,,,,,,,,,,,,,,,3600,,,,
TP POWER,Tp P--1765,Tp Power,,,,1765,,,,715,,,,,,,,,,,,,,,8400,,,,
TP POWER,Tp P--1780,Tp Power,,,,1780,,,,280,,,,,,,,,,,,,,,2350,,,,
TP POWER,Tp P--1800,Tp Power,,,,1800,,,,396,,,,,,,,,,,,,,,4200,,,,
TP POWER,Tp P--1870,Tp Power,,,,1870,,,,88,,,,,,,,,,,,,,,650,,,,
TP POWER,Tp P--1870,Tp Power,,,,1870,,,,280,,,,,,,,,,,,,,,2350,,,,
TP POWER,Tp P--1870,Tp Power,,,,1870,,,,308,,,,,,,,,,,,,,,2800,,,,
TP POWER,Tp P--1900,Tp Power,,,,1900,,,,182,,,,,,,,,,,,,,,1600,,,,
TP POWER,Tp P--1920,Tp Power,,,,1920,,,,1100,,,,,,,,,,,,,,,14000,,,,
TP POWER,Tp P--1920,Tp Power,,,,1920,,,,1100,,,,,,,,,,,,,,,14000,,,,
TP POWER,Tp P--1930,Tp Power,,,,1930,,,,156,,,,,,,,,,,,,,,1300,,,,
TP POWER,Tp P--1935,Tp Power,,,,1935,,,,308,,,,,,,,,,,,,,,2800,,,,
TP POWER,Tp P--1950,Tp Power,,,,1950,,,,252,,,,,,,,,,,,,,,1800,,,,
TP POWER,Tp P--1950,Tp Power,,,,1950,,,,370,,,,,,,,,,,,,,,4500,,,,
TP POWER,Tp P--1950,Tp Power,,,,1950,,,,356,,,,,,,,,,,,,,,3600,,,,
TP POWER,Tp P--1950,Tp Power,,,,1950,,,,420,,,,,,,,,,,,,,,5000,,,,
TP POWER,Tp P--1950,Tp Power,,,,1950,,,,455,,,,,,,,,,,,,,,6200,,,,
TP POWER,Tp P--1970,Tp Power,,,,1970,,,,175,,,,,,,,,,,,,,,1650,,,,
TP POWER,Tp P--1990,Tp Power,,,,1990,,,,280,,,,,,,,,,,,,,,2350,,,,
TP POWER,Tp P--2038,Tp Power,,,,2038,,,,836,,,,,,,,,,,,,,,10000,,,,
TP POWER,Tp P--2038,Tp Power,,,,2038,,,,836,,,,,,,,,,,,,,,10000,,,,
TP POWER,Tp P--2040,Tp Power,,,,2040,,,,88,,,,,,,,,,,,,,,650,,,,
TP POWER,Tp P--2050,Tp Power,,,,2050,,,,73,,,,,,,,,,,,,,,550,,,,
TP POWER,Tp P--2050,Tp Power,,,,2050,,,,396,,,,,,,,,,,,,,,4200,,,,
TP POWER,Tp P--2050,Tp Power,,,,2050,,,,420,,,,,,,,,,,,,,,5000,,,,
TP POWER,Tp P--2060,Tp Power,,,,2060,,,,370,,,,,,,,,,,,,,,4500,,,,
TP POWER,Tp P--2070,Tp Power,,,,2070,,,,252,,,,,,,,,,,,,,,1800,,,,
TP POWER,Tp P--2070,Tp Power,,,,2070,,,,356,,,,,,,,,,,,,,,3600,,,,
TP POWER,Tp P--2080,Tp Power,,,,2080,,,,308,,,,,,,,,,,,,,,2800,,,,
TP POWER,Tp P--2080,Tp Power,,,,2080,,,,396,,,,,,,,,,,,,,,4200,,,,
TP POWER,Tp P--2080,Tp Power,,,,2080,,,,505,,,,,,,,,,,,,,,7500,,,,
TP POWER,Tp P--2095,Tp Power,,,,2095,,,,715,,,,,,,,,,,,,,,8400,,,,
TP POWER,Tp P--2150,Tp Power,,,,2150,,,,182,,,,,,,,,,,,,,,1600,,,,
TP POWER,Tp P--2160,Tp Power,,,,2160,,,,356,,,,,,,,,,,,,,,3600,,,,
TP POWER,Tp P--2190,Tp Power,,,,2190,,,,280,,,,,,,,,,,,,,,2350,,,,
TP POWER,Tp P--2200,Tp Power,,,,2200,,,,505,,,,,,,,,,,,,,,7500,,,,
TP POWER,Tp P--2220,Tp Power,,,,2220,,,,252,,,,,,,,,,,,,,,1800,,,,
TP POWER,Tp P--2250,Tp Power,,,,2250,,,,156,,,,,,,,,,,,,,,1300,,,,
TP POWER,Tp P--2250,Tp Power,,,,2250,,,,175,,,,,,,,,,,,,,,1650,,,,
TP POWER,Tp P--2270,Tp Power,,,,2270,,,,182,,,,,,,,,,,,,,,1600,,,,
TP POWER,Tp P--2300,Tp Power,,,,2300,,,,73,,,,,,,,,,,,,,,550,,,,
TP POWER,Tp P--2310,Tp Power,,,,2310,,,,88,,,,,,,,,,,,,,,650,,,,
TP POWER,Tp P--2310,Tp Power,,,,2310,,,,420,,,,,,,,,,,,,,,5000,,,,
TP POWER,Tp P--2310,Tp Power,,,,2310,,,,962,,,,,,,,,,,,,,,12000,,,,
TP POWER,Tp P--2310,Tp Power,,,,2310,,,,962,,,,,,,,,,,,,,,12000,,,,
TP POWER,Tp P--2340,Tp Power,,,,2340,,,,280,,,,,,,,,,,,,,,2350,,,,
TP POWER,Tp P--2350,Tp Power,,,,2350,,,,370,,,,,,,,,,,,,,,4500,,,,
TP POWER,Tp P--2380,Tp Power,,,,2380,,,,182,,,,,,,,,,,,,,,1600,,,,
TP POWER,Tp P--2400,Tp Power,,,,2400,,,,112,,,,,,,,,,,,,,,600,,,,
TP POWER,Tp P--2430,Tp Power,,,,2430,,,,308,,,,,,,,,,,,,,,2800,,,,
TP POWER,Tp P--2450,Tp Power,,,,2450,,,,252,,,,,,,,,,,,,,,1800,,,,
TP POWER,Tp P--2450,Tp Power,,,,2450,,,,356,,,,,,,,,,,,,,,3600,,,,
TP POWER,Tp P--2450,Tp Power,,,,2450,,,,396,,,,,,,,,,,,,,,4200,,,,
TP POWER,Tp P--2450,Tp Power,,,,2450,,,,455,,,,,,,,,,,,,,,6200,,,,
TP POWER,Tp P--2458,Tp Power,,,,2458,,,,715,,,,,,,,,,,,,,,8400,,,,
TP POWER,Tp P--2530,Tp Power,,,,2530,,,,156,,,,,,,,,,,,,,,1300,,,,
TP POWER,Tp P--2540,Tp Power,,,,2540,,,,252,,,,,,,,,,,,,,,1800,,,,
TP POWER,Tp P--2540,Tp Power,,,,2540,,,,356,,,,,,,,,,,,,,,3600,,,,
TP POWER,Tp P--2550,Tp Power,,,,2550,,,,280,,,,,,,,,,,,,,,2350,,,,
TP POWER,Tp P--2550,Tp Power,,,,2550,,,,455,,,,,,,,,,,,,,,6200,,,,
TP POWER,Tp P--2580,Tp Power,,,,2580,,,,88,,,,,,,,,,,,,,,650,,,,
TP POWER,Tp P--2590,Tp Power,,,,2590,,,,73,,,,,,,,,,,,,,,550,,,,
TP POWER,Tp P--2600,Tp Power,,,,2600,,,,308,,,,,,,,,,,,,,,2800,,,,
TP POWER,Tp P--2650,Tp Power,,,,2650,,,,175,,,,,,,,,,,,,,,1650,,,,
TP POWER,Tp P--2660,Tp Power,,,,2660,,,,88,,,,,,,,,,,,,,,650,,,,
TP POWER,Tp P--2670,Tp Power,,,,2670,,,,112,,,,,,,,,,,,,,,600,,,,
TP POWER,Tp P--2670,Tp Power,,,,2670,,,,182,,,,,,,,,,,,,,,1600,,,,
TP POWER,Tp P--2698,Tp Power,,,,2698,,,,836,,,,,,,,,,,,,,,10000,,,,
TP POWER,Tp P--2698,Tp Power,,,,2698,,,,836,,,,,,,,,,,,,,,10000,,,,
TP POWER,Tp P--2700,Tp Power,,,,2700,,,,156,,,,,,,,,,,,,,,1300,,,,
TP POWER,Tp P--2700,Tp Power,,,,2700,,,,505,,,,,,,,,,,,,,,7500,,,,
TP POWER,Tp P--2750,Tp Power,,,,2750,,,,252,,,,,,,,,,,,,,,1800,,,,
TP POWER,Tp P--2750,Tp Power,,,,2750,,,,356,,,,,,,,,,,,,,,3600,,,,
TP POWER,Tp P--2750,Tp Power,,,,2750,,,,396,,,,,,,,,,,,,,,4200,,,,
TP POWER,Tp P--2770,Tp Power,,,,2770,,,,182,,,,,,,,,,,,,,,1600,,,,
TP POWER,Tp P--2790,Tp Power,,,,2790,,,,156,,,,,,,,,,,,,,,1300,,,,
TP POWER,Tp P--2830,Tp Power,,,,2830,,,,175,,,,,,,,,,,,,,,1650,,,,
TP POWER,Tp P--2830,Tp Power,,,,2830,,,,420,,,,,,,,,,,,,,,5000,,,,
TP POWER,Tp P--2850,Tp Power,,,,2850,,,,55,,,,,,,,,,,,,,,450,,,,
TP POWER,Tp P--2860,Tp Power,,,,2860,,,,88,,,,,,,,,,,,,,,650,,,,
TP POWER,Tp P--2900,Tp Power,,,,2900,,,,370,,,,,,,,,,,,,,,4500,,,,
TP POWER,Tp P--2900,Tp Power,,,,2900,,,,396,,,,,,,,,,,,,,,4200,,,,
TP POWER,Tp P--2940,Tp Power,,,,2940,,,,280,,,,,,,,,,,,,,,2350,,,,
TP POWER,Tp P--2950,Tp Power,,,,2950,,,,308,,,,,,,,,,,,,,,2800,,,,
TP POWER,Tp P--3000,Tp Power,,,,3000,,,,146,,,,,,,,,,,,,,,1200,,,,
TP POWER,Tp P--3010,Tp Power,,,,3010,,,,112,,,,,,,,,,,,,,,600,,,,
TP POWER,Tp P--3020,Tp Power,,,,3020,,,,73,,,,,,,,,,,,,,,550,,,,
TP POWER,Tp P--3050,Tp Power,,,,3050,,,,182,,,,,,,,,,,,,,,1600,,,,
TP POWER,Tp P--3080,Tp Power,,,,3080,,,,88,,,,,,,,,,,,,,,650,,,,
TP POWER,Tp P--3080,Tp Power,,,,3080,,,,370,,,,,,,,,,,,,,,4500,,,,
TP POWER,Tp P--3080,Tp Power,,,,3080,,,,420,,,,,,,,,,,,,,,5000,,,,
TP POWER,Tp P--3120,Tp Power,,,,3120,,,,280,,,,,,,,,,,,,,,2350,,,,
TP POWER,Tp P--3130,Tp Power,,,,3130,,,,73,,,,,,,,,,,,,,,550,,,,
TP POWER,Tp P--3150,Tp Power,,,,3150,,,,156,,,,,,,,,,,,,,,1300,,,,
TP POWER,Tp P--3150,Tp Power,,,,3150,,,,175,,,,,,,,,,,,,,,1650,,,,
TP POWER,Tp P--3159,Tp Power,,,,3159,,,,55,,,,,,,,,,,,,,,450,,,,
TP POWER,Tp P--3180,Tp Power,,,,3180,,,,88,,,,,,,,,,,,,,,650,,,,
TP POWER,Tp P--3200,Tp Power,,,,3200,,,,175,,,,,,,,,,,,,,,1650,,,,
TP POWER,Tp P--3210,Tp Power,,,,3210,,,,455,,,,,,,,,,,,,,,6200,,,,
TP POWER,Tp P--3267,Tp Power,,,,3267,,,,252,,,,,,,,,,,,,,,1800,,,,
TP POWER,Tp P--3267,Tp Power,,,,3267,,,,356,,,,,,,,,,,,,,,3600,,,,
TP POWER,Tp P--3278,Tp Power,,,,3278,,,,715,,,,,,,,,,,,,,,8400,,,,
TP POWER,Tp P--3300,Tp Power,,,,3300,,,,146,,,,,,,,,,,,,,,1200,,,,
TP POWER,Tp P--3370,Tp Power,,,,3370,,,,156,,,,,,,,,,,,,,,1300,,,,
TP POWER,Tp P--3420,Tp Power,,,,3420,,,,73,,,,,,,,,,,,,,,550,,,,
TP POWER,Tp P--3430,Tp Power,,,,3430,,,,73,,,,,,,,,,,,,,,550,,,,
TP POWER,Tp P--3460,Tp Power,,,,3460,,,,55,,,,,,,,,,,,,,,450,,,,
TP POWER,Tp P--3460,Tp Power,,,,3460,,,,112,,,,,,,,,,,,,,,600,,,,
TP POWER,Tp P--3480,Tp Power,,,,3480,,,,356,,,,,,,,,,,,,,,3600,,,,
TP POWER,Tp P--3540,Tp Power,,,,3540,,,,280,,,,,,,,,,,,,,,2350,,,,
TP POWER,Tp P--3550,Tp Power,,,,3550,,,,88,,,,,,,,,,,,,,,650,,,,
TP POWER,Tp P--3560,Tp Power,,,,3560,,,,175,,,,,,,,,,,,,,,1650,,,,
TP POWER,Tp P--3570,Tp Power,,,,3570,,,,182,,,,,,,,,,,,,,,1600,,,,
TP POWER,Tp P--3570,Tp Power,,,,3570,,,,396,,,,,,,,,,,,,,,4200,,,,
TP POWER,Tp P--3600,Tp Power,,,,3600,,,,156,,,,,,,,,,,,,,,1300,,,,
TP POWER,Tp P--3600,Tp Power,,,,3600,,,,252,,,,,,,,,,,,,,,1800,,,,
TP POWER,Tp P--3650,Tp Power,,,,3650,,,,308,,,,,,,,,,,,,,,2800,,,,
TP POWER,Tp P--3670,Tp Power,,,,3670,,,,88,,,,,,,,,,,,,,,650,,,,
TP POWER,Tp P--3700,Tp Power,,,,3700,,,,146,,,,,,,,,,,,,,,1200,,,,
TP POWER,Tp P--3710,Tp Power,,,,3710,,,,73,,,,,,,,,,,,,,,550,,,,
TP POWER,Tp P--3750,Tp Power,,,,3750,,,,308,,,,,,,,,,,,,,,2800,,,,
TP POWER,Tp P--3770,Tp Power,,,,3770,,,,182,,,,,,,,,,,,,,,1600,,,,
TP POWER,Tp P--3770,Tp Power,,,,3770,,,,396,,,,,,,,,,,,,,,4200,,,,
TP POWER,Tp P--3840,Tp Power,,,,3840,,,,370,,,,,,,,,,,,,,,4500,,,,
TP POWER,Tp P--3840,Tp Power,,,,3840,,,,420,,,,,,,,,,,,,,,5000,,,,
TP POWER,Tp P--3850,Tp Power,,,,3850,,,,112,,,,,,,,,,,,,,,600,,,,
TP POWER,Tp P--3861,Tp Power,,,,3861,,,,252,,,,,,,,,,,,,,,1800,,,,
TP POWER,Tp P--3861,Tp Power,,,,3861,,,,356,,,,,,,,,,,,,,,3600,,,,
TP POWER,Tp P--3880,Tp Power,,,,3880,,,,55,,,,,,,,,,,,,,,450,,,,
TP POWER,Tp P--3960,Tp Power,,,,3960,,,,175,,,,,,,,,,,,,,,1650,,,,
TP POWER,Tp P--4000,Tp Power,,,,4000,,,,175,,,,,,,,,,,,,,,1650,,,,
TP POWER,Tp P--4030,Tp Power,,,,4030,,,,112,,,,,,,,,,,,,,,600,,,,
TP POWER,Tp P--4060,Tp Power,,,,4060,,,,88,,,,,,,,,,,,,,,650,,,,
TP POWER,Tp P--4100,Tp Power,,,,4100,,,,112,,,,,,,,,,,,,,,600,,,,
TP POWER,Tp P--4110,Tp Power,,,,4110,,,,73,,,,,,,,,,,,,,,550,,,,
TP POWER,Tp P--4150,Tp Power,,,,4150,,,,505,,,,,,,,,,,,,,,7500,,,,
TP POWER,Tp P--4180,Tp Power,,,,4180,,,,73,,,,,,,,,,,,,,,550,,,,
TP POWER,Tp P--4190,Tp Power,,,,4190,,,,156,,,,,,,,,,,,,,,1300,,,,
TP POWER,Tp P--4220,Tp Power,,,,4220,,,,182,,,,,,,,,,,,,,,1600,,,,
TP POWER,Tp P--4300,Tp Power,,,,4300,,,,146,,,,,,,,,,,,,,,1200,,,,
TP POWER,Tp P--4360,Tp Power,,,,4360,,,,280,,,,,,,,,,,,,,,2350,,,,
TP POWER,Tp P--4400,Tp Power,,,,4400,,,,55,,,,,,,,,,,,,,,450,,,,
TP POWER,Tp P--4400,Tp Power,,,,4400,,,,252,,,,,,,,,,,,,,,1800,,,,
TP POWER,Tp P--4400,Tp Power,,,,4400,,,,356,,,,,,,,,,,,,,,3600,,,,
TP POWER,Tp P--4470,Tp Power,,,,4470,,,,112,,,,,,,,,,,,,,,600,,,,
TP POWER,Tp P--4480,Tp Power,,,,4480,,,,156,,,,,,,,,,,,,,,1300,,,,
TP POWER,Tp P--4550,Tp Power,,,,4550,,,,88,,,,,,,,,,,,,,,650,,,,
TP POWER,Tp P--4590,Tp Power,,,,4590,,,,396,,,,,,,,,,,,,,,4200,,,,
TP POWER,Tp P--4600,Tp Power,,,,4600,,,,175,,,,,,,,,,,,,,,1650,,,,
TP POWER,Tp P--4690,Tp Power,,,,4690,,,,73,,,,,,,,,,,,,,,550,,,,
TP POWER,Tp P--4700,Tp Power,,,,4700,,,,308,,,,,,,,,,,,,,,2800,,,,
TP POWER,Tp P--4720,Tp Power,,,,4720,,,,55,,,,,,,,,,,,,,,450,,,,
TP POWER,Tp P--4780,Tp Power,,,,4780,,,,88,,,,,,,,,,,,,,,650,,,,
TP POWER,Tp P--4800,Tp Power,,,,4800,,,,112,,,,,,,,,,,,,,,600,,,,
TP POWER,Tp P--4960,Tp Power,,,,4960,,,,146,,,,,,,,,,,,,,,1200,,,,
TP POWER,Tp P--4970,Tp Power,,,,4970,,,,112,,,,,,,,,,,,,,,600,,,,
TP POWER,Tp P--4970,Tp Power,,,,4970,,,,156,,,,,,,,,,,,,,,1300,,,,
TP POWER,Tp P--4970,Tp Power,,,,4970,,,,175,,,,,,,,,,,,,,,1650,,,,
TP POWER,Tp P--5050,Tp Power,,,,5050,,,,356,,,,,,,,,,,,,,,3600,,,,
TP POWER,Tp P--5190,Tp Power,,,,5190,,,,55,,,,,,,,,,,,,,,450,,,,
TP POWER,Tp P--5190,Tp Power,,,,5190,,,,55,,,,,,,,,,,,,,,450,,,,
TP POWER,Tp P--5250,Tp Power,,,,5250,,,,182,,,,,,,,,,,,,,,1600,,,,
TP POWER,Tp P--5310,Tp Power,,,,5310,,,,73,,,,,,,,,,,,,,,550,,,,
TP POWER,Tp P--5470,Tp Power,,,,5470,,,,175,,,,,,,,,,,,,,,1650,,,,
TP POWER,Tp P--5500,Tp Power,,,,5500,,,,252,,,,,,,,,,,,,,,1800,,,,
TP POWER,Tp P--5530,Tp Power,,,,5530,,,,55,,,,,,,,,,,,,,,450,,,,
TP POWER,Tp P--5560,Tp Power,,,,5560,,,,182,,,,,,,,,,,,,,,1600,,,,
TP POWER,Tp P--5620,Tp Power,,,,5620,,,,88,,,,,,,,,,,,,,,650,,,,
TP POWER,Tp P--5620,Tp Power,,,,5620,,,,112,,,,,,,,,,,,,,,600,,,,
TP POWER,Tp P--5660,Tp Power,,,,5660,,,,370,,,,,,,,,,,,,,,4500,,,,
TP POWER,Tp P--5690,Tp Power,,,,5690,,,,420,,,,,,,,,,,,,,,5000,,,,
TP POWER,Tp P--5750,Tp Power,,,,5750,,,,146,,,,,,,,,,,,,,,1200,,,,
TP POWER,Tp P--5760,Tp Power,,,,5760,,,,280,,,,,,,,,,,,,,,2350,,,,
TP POWER,Tp P--5800,Tp Power,,,,5800,,,,83,,,,,,,,,,,,,,,430,,,,
TP POWER,Tp P--6050,Tp Power,,,,6050,,,,88,,,,,,,,,,,,,,,650,,,,
TP POWER,Tp P--6090,Tp Power,,,,6090,,,,112,,,,,,,,,,,,,,,600,,,,
TP POWER,Tp P--6240,Tp Power,,,,6240,,,,156,,,,,,,,,,,,,,,1300,,,,
TP POWER,Tp P--6260,Tp Power,,,,6260,,,,73,,,,,,,,,,,,,,,550,,,,
TP POWER,Tp P--6280,Tp Power,,,,6280,,,,55,,,,,,,,,,,,,,,450,,,,
TP POWER,Tp P--6330,Tp Power,,,,6330,,,,356,,,,,,,,,,,,,,,3600,,,,
TP POWER,Tp P--6400,Tp Power,,,,6400,,,,112,,,,,,,,,,,,,,,600,,,,
TP POWER,Tp P--6500,Tp Power,,,,6500,,,,156,,,,,,,,,,,,,,,1300,,,,
TP POWER,Tp P--6530,Tp Power,,,,6530,,,,252,,,,,,,,,,,,,,,1800,,,,
TP POWER,Tp P--6600,Tp Power,,,,6600,,,,308,,,,,,,,,,,,,,,2800,,,,
TP POWER,Tp P--6680,Tp Power,,,,6680,,,,175,,,,,,,,,,,,,,,1650,,,,
TP POWER,Tp P--6960,Tp Power,,,,6960,,,,182,,,,,,,,,,,,,,,1600,,,,
TP POWER,Tp P--7000,Tp Power,,,,7000,,,,396,,,,,,,,,,,,,,,4200,,,,
TP POWER,Tp P--7050,Tp Power,,,,7050,,,,55,,,,,,,,,,,,,,,450,,,,
TP POWER,Tp P--7350,Tp Power,,,,7350,,,,146,,,,,,,,,,,,,,,1200,,,,
TP POWER,Tp P--7500,Tp Power,,,,7500,,,,112,,,,,,,,,,,,,,,600,,,,
TP POWER,Tp P--7900,Tp Power,,,,7900,,,,112,,,,,,,,,,,,,,,600,,,,
TP POWER,Tp P--8000,Tp Power,,,,8000,,,,252,,,,,,,,,,,,,,,1800,,,,
TP POWER,Tp P--8000,Tp Power,,,,8000,,,,356,,,,,,,,,,,,,,,3600,,,,
TP POWER,Tp P--8100,Tp Power,,,,8100,,,,175,,,,,,,,,,,,,,,1650,,,,
TP POWER,Tp P--8110,Tp Power,,,,8110,,,,55,,,,,,,,,,,,,,,450,,,,
TP POWER,Tp P--8120,Tp Power,,,,8120,,,,156,,,,,,,,,,,,,,,1300,,,,
TP POWER,Tp P--8780,Tp Power,,,,8780,,,,112,,,,,,,,,,,,,,,600,,,,
TP POWER,Tp P--9250,Tp Power,,,,9250,,,,55,,,,,,,,,,,,,,,450,,,,
TP POWER,Tp P--9980,Tp Power,,,,9980,,,,182,,,,,,,,,,,,,,,1600,,,,
TP POWER,Tp P--11000,Tp Power,,,,11000,,,,112,,,,,,,,,,,,,,,600,,,,
TP POWER,Tp P--11000,Tp Power,,,,11000,,,,112,,,,,,,,,,,,,,,600,,,,
TP POWER,Tp P--14200,Tp Power,,,,14200,,,,112,,,,,,,,,,,,,,,600,,,,
TUNIRGY,Turn--130,Turnigy,,,,130,,,,940,,,,,,,,,,,,,,,2800,,,,
TUNIRGY,Turn--130,Turnigy,,,,130,,,,1750,,,,,,,,,,,,,,,7100,,,,
TUNIRGY,Turn--140,Turnigy,,,,140,,,,630,,,,,,,,,,,,,,,1850,,,,
TUNIRGY,Turn--149,Turnigy,,,,149,,,,840,,,,,,,,,,,,,,,2250,,,,
TUNIRGY,Turn--149,Turnigy,,,,149,,,,937,,,,,,,,,,,,,,,3500,,,,
TUNIRGY,Turn--150,Turnigy,,,,150,,,,2550,,,,,,,,,,,,,,,6000,,,,
TUNIRGY,Turn--150,Turnigy,,,,150,,,,2530,,,,,,,,,,,,,,,9800,,,,
TUNIRGY,Turn--160,Turnigy,,,,160,,,,1440,,,,,,,,,,,,,,,4000,,,,
TUNIRGY,Turn--167,Turnigy,,,,167,,,,2074,,,,,,,,,,,,,,,7990,,,,
TUNIRGY,Turn--168,Turnigy,,,,168,,,,840,,,,,,,,,,,,,,,2400,,,,
TUNIRGY,Turn--170,Turnigy,,,,170,,,,770,,,,,,,,,,,,,,,3250,,,,
TUNIRGY,Turn--170,Turnigy,,,,170,,,,790,,,,,,,,,,,,,,,2910,,,,
TUNIRGY,Turn--170,Turnigy,,,,170,,,,1400,,,,,,,,,,,,,,,6150,,,,
TUNIRGY,Turn--172,Turnigy,,,,172,,,,1080,,,,,,,,,,,,,,,5300,,,,
TUNIRGY,Turn--180,Turnigy,,,,180,,,,1750,,,,,,,,,,,,,,,6500,,,,
TUNIRGY,Turn--190,Turnigy,,,,190,,,,720,,,,,,,,,,,,,,,2450,,,,
TUNIRGY,Turn--192,Turnigy,,,,192,,,,858,,,,,,,,,,,,,,,2750,,,,
TUNIRGY,Turn--192,Turnigy,,,,192,,,,940,,,,,,,,,,,,,,,4400,,,,
TUNIRGY,Turn--195,Turnigy,,,,195,,,,1916,,,,,,,,,,,,,,,6600,,,,
TUNIRGY,Turn--200,Turnigy,,,,200,,,,558,,,,,,,,,,,,,,,2590,,,,
TUNIRGY,Turn--200,Turnigy,,,,200,,,,770,,,,,,,,,,,,,,,3180,,,,
TUNIRGY,Turn--200,Turnigy,,,,200,,,,480,,,,,,,,,,,,,,,2210,,,,
TUNIRGY,Turn--200,Turnigy,,,,200,,,,790,,,,,,,,,,,,,,,2750,,,,
TUNIRGY,Turn--210,Turnigy,,,,210,,,,475,,,,,,,,,,,,,,,900,,,,
TUNIRGY,Turn--213,Turnigy,,,,213,,,,720,,,,,,,,,,,,,,,2550,,,,
TUNIRGY,Turn--228,Turnigy,,,,228,,,,715,,,,,,,,,,,,,,,2770,,,,
TUNIRGY,Turn--230,Turnigy,,,,230,,,,706,,,,,,,,,,,,,,,2950,,,,
TUNIRGY,Turn--230,Turnigy,,,,230,,,,645,,,,,,,,,,,,,,,2600,,,,
TUNIRGY,Turn--231,Turnigy,,,,231,,,,849,,,,,,,,,,,,,,,2960,,,,
TUNIRGY,Turn--236,Turnigy,,,,236,,,,531,,,,,,,,,,,,,,,1850,,,,
TUNIRGY,Turn--245,Turnigy,,,,245,,,,649,,,,,,,,,,,,,,,1170,,,,
TUNIRGY,Turn--245,Turnigy,,,,245,,,,720,,,,,,,,,,,,,,,2700,,,,
TUNIRGY,Turn--250,Turnigy,,,,250,,,,558,,,,,,,,,,,,,,,2450,,,,
TUNIRGY,Turn--250,Turnigy,,,,250,,,,480,,,,,,,,,,,,,,,2100,,,,
TUNIRGY,Turn--250,Turnigy,,,,250,,,,1400,,,,,,,,,,,,,,,5820,,,,
TUNIRGY,Turn--260,Turnigy,,,,260,,,,489,,,,,,,,,,,,,,,2360,,,,
TUNIRGY,Turn--270,Turnigy,,,,270,,,,438,,,,,,,,,,,,,,,2400,,,,
TUNIRGY,Turn--270,Turnigy,,,,270,,,,430,,,,,,,,,,,,,,,2100,,,,
TUNIRGY,Turn--270,Turnigy,,,,270,,,,706,,,,,,,,,,,,,,,2860,,,,
TUNIRGY,Turn--270,Turnigy,,,,270,,,,414,,,,,,,,,,,,,,,1050,,,,
TUNIRGY,Turn--270,Turnigy,,,,270,,,,310,,,,,,,,,,,,,,,1820,,,,
TUNIRGY,Turn--270,Turnigy,,,,270,,,,645,,,,,,,,,,,,,,,2530,,,,
TUNIRGY,Turn--275,Turnigy,,,,275,,,,531,,,,,,,,,,,,,,,2050,,,,
TUNIRGY,Turn--280,Turnigy,,,,280,,,,622,,,,,,,,,,,,,,,1920,,,,
TUNIRGY,Turn--280,Turnigy,,,,280,,,,376,,,,,,,,,,,,,,,1630,,,,
TUNIRGY,Turn--290,Turnigy,,,,290,,,,649,,,,,,,,,,,,,,,1170,,,,
TUNIRGY,Turn--295,Turnigy,,,,295,,,,485,,,,,,,,,,,,,,,975,,,,
TUNIRGY,Turn--300,Turnigy,,,,300,,,,360,,,,,,,,,,,,,,,900,,,,
TUNIRGY,Turn--320,Turnigy,,,,320,,,,376,,,,,,,,,,,,,,,1630,,,,
TUNIRGY,Turn--320,Turnigy,,,,320,,,,531,,,,,,,,,,,,,,,2220,,,,
TUNIRGY,Turn--320,Turnigy,,,,320,,,,430,,,,,,,,,,,,,,,1885,,,,
TUNIRGY,Turn--320,Turnigy,,,,320,,,,310,,,,,,,,,,,,,,,1700,,,,
TUNIRGY,Turn--325,Turnigy,,,,325,,,,430,,,,,,,,,,,,,,,780,,,,
TUNIRGY,Turn--350,Turnigy,,,,350,,,,216,,,,,,,,,,,,,,,910,,,,
TUNIRGY,Turn--350,Turnigy,,,,350,,,,266,,,,,,,,,,,,,,,1190,,,,
TUNIRGY,Turn--350,Turnigy,,,,350,,,,414,,,,,,,,,,,,,,,900,,,,
TUNIRGY,Turn--380,Turnigy,,,,380,,,,438,,,,,,,,,,,,,,,2665,,,,
TUNIRGY,Turn--380,Turnigy,,,,380,,,,430,,,,,,,,,,,,,,,1820,,,,
TUNIRGY,Turn--380,Turnigy,,,,380,,,,310,,,,,,,,,,,,,,,1605,,,,
TUNIRGY,Turn--400,Turnigy,,,,400,,,,290,,,,,,,,,,,,,,,900,,,,
TUNIRGY,Turn--400,Turnigy,,,,400,,,,310,,,,,,,,,,,,,,,1200,,,,
TUNIRGY,Turn--400,Turnigy,,,,400,,,,359,,,,,,,,,,,,,,,900,,,,
TUNIRGY,Turn--400,Turnigy,,,,400,,,,293,,,,,,,,,,,,,,,1400,,,,
TUNIRGY,Turn--400,Turnigy,,,,400,,,,330,,,,,,,,,,,,,,,1560,,,,
TUNIRGY,Turn--400,Turnigy,,,,400,,,,300,,,,,,,,,,,,,,,1020,,,,
TUNIRGY,Turn--400,Turnigy,,,,400,,,,310,,,,,,,,,,,,,,,1450,,,,
TUNIRGY,Turn--410,Turnigy,,,,410,,,,266,,,,,,,,,,,,,,,1310,,,,
TUNIRGY,Turn--410,Turnigy,,,,410,,,,430,,,,,,,,,,,,,,,1750,,,,
TUNIRGY,Turn--410,Turnigy,,,,410,,,,310,,,,,,,,,,,,,,,1560,,,,
TUNIRGY,Turn--420,Turnigy,,,,420,,,,303,,,,,,,,,,,,,,,825,,,,
TUNIRGY,Turn--430,Turnigy,,,,430,,,,376,,,,,,,,,,,,,,,1750,,,,
TUNIRGY,Turn--450,Turnigy,,,,450,,,,275,,,,,,,,,,,,,,,1260,,,,
TUNIRGY,Turn--450,Turnigy,,,,450,,,,275,,,,,,,,,,,,,,,1250,,,,
TUNIRGY,Turn--480,Turnigy,,,,480,,,,152,,,,,,,,,,,,,,,980,,,,
TUNIRGY,Turn--480,Turnigy,,,,480,,,,140,,,,,,,,,,,,,,,850,,,,
TUNIRGY,Turn--480,Turnigy,,,,480,,,,194,,,,,,,,,,,,,,,1000,,,,
TUNIRGY,Turn--480,Turnigy,,,,480,,,,448,,,,,,,,,,,,,,,3400,,,,
TUNIRGY,Turn--500,Turnigy,,,,500,,,,360,,,,,,,,,,,,,,,975,,,,
TUNIRGY,Turn--500,Turnigy,,,,500,,,,300,,,,,,,,,,,,,,,1300,,,,
TUNIRGY,Turn--500,Turnigy,,,,500,,,,319,,,,,,,,,,,,,,,1300,,,,
TUNIRGY,Turn--500,Turnigy,,,,500,,,,448,,,,,,,,,,,,,,,3500,,,,
TUNIRGY,Turn--500,Turnigy,,,,500,,,,269,,,,,,,,,,,,,,,1350,,,,
TUNIRGY,Turn--500,Turnigy,,,,500,,,,280,,,,,,,,,,,,,,,1350,,,,
TUNIRGY,Turn--500,Turnigy,,,,500,,,,295,,,,,,,,,,,,,,,1420,,,,
TUNIRGY,Turn--500,Turnigy,,,,500,,,,280,,,,,,,,,,,,,,,900,,,,
TUNIRGY,Turn--500,Turnigy,,,,500,,,,280,,,,,,,,,,,,,,,1350,,,,
TUNIRGY,Turn--520,Turnigy,,,,520,,,,395,,,,,,,,,,,,,,,2900,,,,
TUNIRGY,Turn--530,Turnigy,,,,530,,,,106,,,,,,,,,,,,,,,250,,,,
TUNIRGY,Turn--530,Turnigy,,,,530,,,,67,,,,,,,,,,,,,,,150,,,,
TUNIRGY,Turn--530,Turnigy,,,,530,,,,230,,,,,,,,,,,,,,,900,,,,
TUNIRGY,Turn--530,Turnigy,,,,530,,,,452,,,,,,,,,,,,,,,3900,,,,
TUNIRGY,Turn--530,Turnigy,,,,530,,,,194,,,,,,,,,,,,,,,795,,,,
TUNIRGY,Turn--550,Turnigy,,,,550,,,,68,,,,,,,,,,,,,,,500,,,,
TUNIRGY,Turn--550,Turnigy,,,,550,,,,303,,,,,,,,,,,,,,,825,,,,
TUNIRGY,Turn--550,Turnigy,,,,550,,,,395,,,,,,,,,,,,,,,3100,,,,
TUNIRGY,Turn--580,Turnigy,,,,580,,,,225,,,,,,,,,,,,,,,825,,,,
TUNIRGY,Turn--580,Turnigy,,,,580,,,,85,,,,,,,,,,,,,,,400,,,,
TUNIRGY,Turn--580,Turnigy,,,,580,,,,119,,,,,,,,,,,,,,,550,,,,
TUNIRGY,Turn--580,Turnigy,,,,580,,,,331,,,,,,,,,,,,,,,2000,,,,
TUNIRGY,Turn--580,Turnigy,,,,580,,,,330,,,,,,,,,,,,,,,1530,,,,
TUNIRGY,Turn--580,Turnigy,,,,580,,,,310,,,,,,,,,,,,,,,1390,,,,
TUNIRGY,Turn--600,Turnigy,,,,600,,,,210,,,,,,,,,,,,,,,750,,,,
TUNIRGY,Turn--600,Turnigy,,,,600,,,,82,,,,,,,,,,,,,,,550,,,,
TUNIRGY,Turn--600,Turnigy,,,,600,,,,202,,,,,,,,,,,,,,,900,,,,
TUNIRGY,Turn--600,Turnigy,,,,600,,,,375,,,,,,,,,,,,,,,3400,,,,
TUNIRGY,Turn--600,Turnigy,,,,600,,,,295,,,,,,,,,,,,,,,1350,,,,
TUNIRGY,Turn--600,Turnigy,,,,600,,,,230,,,,,,,,,,,,,,,1320,,,,
TUNIRGY,Turn--600,Turnigy,,,,600,,,,195,,,,,,,,,,,,,,,700,,,,
TUNIRGY,Turn--600,Turnigy,,,,600,,,,210,,,,,,,,,,,,,,,1030,,,,
TUNIRGY,Turn--600,Turnigy,,,,600,,,,280,,,,,,,,,,,,,,,1300,,,,
TUNIRGY,Turn--610,Turnigy,,,,610,,,,190,,,,,,,,,,,,,,,660,,,,
TUNIRGY,Turn--620,Turnigy,,,,620,,,,125,,,,,,,,,,,,,,,290,,,,
TUNIRGY,Turn--620,Turnigy,,,,620,,,,99,,,,,,,,,,,,,,,510,,,,
TUNIRGY,Turn--620,Turnigy,,,,620,,,,79,,,,,,,,,,,,,,,180,,,,
TUNIRGY,Turn--620,Turnigy,,,,620,,,,88,,,,,,,,,,,,,,,800,,,,
TUNIRGY,Turn--620,Turnigy,,,,620,,,,365,,,,,,,,,,,,,,,1750,,,,
TUNIRGY,Turn--620,Turnigy,,,,620,,,,194,,,,,,,,,,,,,,,830,,,,
TUNIRGY,Turn--630,Turnigy,,,,630,,,,92,,,,,,,,,,,,,,,495,,,,
TUNIRGY,Turn--650,Turnigy,,,,650,,,,126,,,,,,,,,,,,,,,800,,,,
TUNIRGY,Turn--650,Turnigy,,,,650,,,,59,,,,,,,,,,,,,,,130,,,,
TUNIRGY,Turn--650,Turnigy,,,,650,,,,231,,,,,,,,,,,,,,,1295,,,,
TUNIRGY,Turn--650,Turnigy,,,,650,,,,230,,,,,,,,,,,,,,,1150,,,,
TUNIRGY,Turn--660,Turnigy,,,,660,,,,280,,,,,,,,,,,,,,,1450,,,,
TUNIRGY,Turn--670,Turnigy,,,,670,,,,303,,,,,,,,,,,,,,,825,,,,
TUNIRGY,Turn--700,Turnigy,,,,700,,,,296,,,,,,,,,,,,,,,1600,,,,
TUNIRGY,Turn--700,Turnigy,,,,700,,,,167,,,,,,,,,,,,,,,545,,,,
TUNIRGY,Turn--700,Turnigy,,,,700,,,,330,,,,,,,,,,,,,,,1450,,,,
TUNIRGY,Turn--700,Turnigy,,,,700,,,,195,,,,,,,,,,,,,,,700,,,,
TUNIRGY,Turn--700,Turnigy,,,,700,,,,310,,,,,,,,,,,,,,,1350,,,,
TUNIRGY,Turn--710,Turnigy,,,,710,,,,170,,,,,,,,,,,,,,,630,,,,
TUNIRGY,Turn--710,Turnigy,,,,710,,,,185,,,,,,,,,,,,,,,660,,,,
TUNIRGY,Turn--720,Turnigy,,,,720,,,,210,,,,,,,,,,,,,,,1125,,,,
TUNIRGY,Turn--740,Turnigy,,,,740,,,,69,,,,,,,,,,,,,,,250,,,,
TUNIRGY,Turn--740,Turnigy,,,,740,,,,194,,,,,,,,,,,,,,,870,,,,
TUNIRGY,Turn--750,Turnigy,,,,750,,,,80,,,,,,,,,,,,,,,262,,,,
TUNIRGY,Turn--750,Turnigy,,,,750,,,,170,,,,,,,,,,,,,,,570,,,,
TUNIRGY,Turn--750,Turnigy,,,,750,,,,75,,,,,,,,,,,,,,,363,,,,
TUNIRGY,Turn--750,Turnigy,,,,750,,,,70,,,,,,,,,,,,,,,440,,,,
TUNIRGY,Turn--750,Turnigy,,,,750,,,,67,,,,,,,,,,,,,,,210,,,,
TUNIRGY,Turn--750,Turnigy,,,,750,,,,231,,,,,,,,,,,,,,,785,,,,
TUNIRGY,Turn--750,Turnigy,,,,750,,,,87,,,,,,,,,,,,,,,265,,,,
TUNIRGY,Turn--750,Turnigy,,,,750,,,,62,,,,,,,,,,,,,,,305,,,,
TUNIRGY,Turn--750,Turnigy,,,,750,,,,76,,,,,,,,,,,,,,,320,,,,
TUNIRGY,Turn--750,Turnigy,,,,750,,,,155,,,,,,,,,,,,,,,820,,,,
TUNIRGY,Turn--750,Turnigy,,,,750,,,,60,,,,,,,,,,,,,,,260,,,,
TUNIRGY,Turn--750,Turnigy,,,,750,,,,67,,,,,,,,,,,,,,,300,,,,
TUNIRGY,Turn--770,Turnigy,,,,770,,,,212,,,,,,,,,,,,,,,825,,,,
TUNIRGY,Turn--790,Turnigy,,,,790,,,,159,,,,,,,,,,,,,,,715,,,,
TUNIRGY,Turn--790,Turnigy,,,,790,,,,171,,,,,,,,,,,,,,,850,,,,
TUNIRGY,Turn--790,Turnigy,,,,790,,,,170,,,,,,,,,,,,,,,790,,,,
TUNIRGY,Turn--800,Turnigy,,,,800,,,,57,,,,,,,,,,,,,,,210,,,,
TUNIRGY,Turn--800,Turnigy,,,,800,,,,51,,,,,,,,,,,,,,,210,,,,
TUNIRGY,Turn--800,Turnigy,,,,800,,,,165,,,,,,,,,,,,,,,675,,,,
TUNIRGY,Turn--800,Turnigy,,,,800,,,,290,,,,,,,,,,,,,,,1050,,,,
TUNIRGY,Turn--800,Turnigy,,,,800,,,,69,,,,,,,,,,,,,,,270,,,,
TUNIRGY,Turn--800,Turnigy,,,,800,,,,375,,,,,,,,,,,,,,,3700,,,,
TUNIRGY,Turn--800,Turnigy,,,,800,,,,141,,,,,,,,,,,,,,,625,,,,
TUNIRGY,Turn--800,Turnigy,,,,800,,,,375,,,,,,,,,,,,,,,3700,,,,
TUNIRGY,Turn--800,Turnigy,,,,800,,,,230,,,,,,,,,,,,,,,1210,,,,
TUNIRGY,Turn--800,Turnigy,,,,800,,,,163,,,,,,,,,,,,,,,630,,,,
TUNIRGY,Turn--800,Turnigy,,,,800,,,,210,,,,,,,,,,,,,,,980,,,,
TUNIRGY,Turn--810,Turnigy,,,,810,,,,140,,,,,,,,,,,,,,,630,,,,
TUNIRGY,Turn--810,Turnigy,,,,810,,,,152,,,,,,,,,,,,,,,630,,,,
TUNIRGY,Turn--810,Turnigy,,,,810,,,,173,,,,,,,,,,,,,,,600,,,,
TUNIRGY,Turn--840,Turnigy,,,,840,,,,174,,,,,,,,,,,,,,,750,,,,
TUNIRGY,Turn--840,Turnigy,,,,840,,,,180,,,,,,,,,,,,,,,830,,,,
TUNIRGY,Turn--850,Turnigy,,,,850,,,,210,,,,,,,,,,,,,,,825,,,,
TUNIRGY,Turn--850,Turnigy,,,,850,,,,80,,,,,,,,,,,,,,,275,,,,
TUNIRGY,Turn--850,Turnigy,,,,850,,,,62,,,,,,,,,,,,,,,285,,,,
TUNIRGY,Turn--850,Turnigy,,,,850,,,,554,,,,,,,,,,,,,,,3950,,,,
TUNIRGY,Turn--850,Turnigy,,,,850,,,,155,,,,,,,,,,,,,,,800,,,,
TUNIRGY,Turn--850,Turnigy,,,,850,,,,60,,,,,,,,,,,,,,,250,,,,
TUNIRGY,Turn--860,Turnigy,,,,860,,,,71,,,,,,,,,,,,,,,330,,,,
TUNIRGY,Turn--870,Turnigy,,,,870,,,,193,,,,,,,,,,,,,,,660,,,,
TUNIRGY,Turn--880,Turnigy,,,,880,,,,76,,,,,,,,,,,,,,,305,,,,
TUNIRGY,Turn--880,Turnigy,,,,880,,,,67,,,,,,,,,,,,,,,285,,,,
TUNIRGY,Turn--890,Turnigy,,,,890,,,,67,,,,,,,,,,,,,,,150,,,,
TUNIRGY,Turn--890,Turnigy,,,,890,,,,140,,,,,,,,,,,,,,,590,,,,
TUNIRGY,Turn--890,Turnigy,,,,890,,,,210,,,,,,,,,,,,,,,1080,,,,
TUNIRGY,Turn--900,Turnigy,,,,900,,,,135,,,,,,,,,,,,,,,550,,,,
TUNIRGY,Turn--900,Turnigy,,,,900,,,,159,,,,,,,,,,,,,,,770,,,,
TUNIRGY,Turn--900,Turnigy,,,,900,,,,178,,,,,,,,,,,,,,,815,,,,
TUNIRGY,Turn--900,Turnigy,,,,900,,,,175,,,,,,,,,,,,,,,780,,,,
TUNIRGY,Turn--900,Turnigy,,,,900,,,,171,,,,,,,,,,,,,,,835,,,,
TUNIRGY,Turn--900,Turnigy,,,,900,,,,163,,,,,,,,,,,,,,,630,,,,
TUNIRGY,Turn--900,Turnigy,,,,900,,,,170,,,,,,,,,,,,,,,770,,,,
TUNIRGY,Turn--910,Turnigy,,,,910,,,,102,,,,,,,,,,,,,,,370,,,,
TUNIRGY,Turn--910,Turnigy,,,,910,,,,121,,,,,,,,,,,,,,,910,,,,
TUNIRGY,Turn--910,Turnigy,,,,910,,,,120,,,,,,,,,,,,,,,520,,,,
TUNIRGY,Turn--910,Turnigy,,,,910,,,,110,,,,,,,,,,,,,,,550,,,,
TUNIRGY,Turn--924,Turnigy,,,,924,,,,59,,,,,,,,,,,,,,,255,,,,
TUNIRGY,Turn--930,Turnigy,,,,930,,,,142,,,,,,,,,,,,,,,900,,,,
TUNIRGY,Turn--950,Turnigy,,,,950,,,,70,,,,,,,,,,,,,,,245,,,,
TUNIRGY,Turn--950,Turnigy,,,,950,,,,152,,,,,,,,,,,,,,,630,,,,
TUNIRGY,Turn--950,Turnigy,,,,950,,,,230,,,,,,,,,,,,,,,980,,,,
TUNIRGY,Turn--960,Turnigy,,,,960,,,,142,,,,,,,,,,,,,,,510,,,,
TUNIRGY,Turn--1000,Turnigy,,,,1000,,,,61,,,,,,,,,,,,,,,195,,,,
TUNIRGY,Turn--1000,Turnigy,,,,1000,,,,51,,,,,,,,,,,,,,,225,,,,
TUNIRGY,Turn--1000,Turnigy,,,,1000,,,,78,,,,,,,,,,,,,,,420,,,,
TUNIRGY,Turn--1000,Turnigy,,,,1000,,,,225,,,,,,,,,,,,,,,900,,,,
TUNIRGY,Turn--1000,Turnigy,,,,1000,,,,52,,,,,,,,,,,,,,,210,,,,
TUNIRGY,Turn--1000,Turnigy,,,,1000,,,,102,,,,,,,,,,,,,,,430,,,,
TUNIRGY,Turn--1000,Turnigy,,,,1000,,,,130,,,,,,,,,,,,,,,665,,,,
TUNIRGY,Turn--1000,Turnigy,,,,1000,,,,146,,,,,,,,,,,,,,,700,,,,
TUNIRGY,Turn--1000,Turnigy,,,,1000,,,,58,,,,,,,,,,,,,,,210,,,,
TUNIRGY,Turn--1000,Turnigy,,,,1000,,,,59,,,,,,,,,,,,,,,235,,,,
TUNIRGY,Turn--1000,Turnigy,,,,1000,,,,69,,,,,,,,,,,,,,,370,,,,
TUNIRGY,Turn--1000,Turnigy,,,,1000,,,,82,,,,,,,,,,,,,,,400,,,,
TUNIRGY,Turn--1000,Turnigy,,,,1000,,,,156,,,,,,,,,,,,,,,700,,,,
TUNIRGY,Turn--1000,Turnigy,,,,1000,,,,156,,,,,,,,,,,,,,,630,,,,
TUNIRGY,Turn--1000,Turnigy,,,,1000,,,,51,,,,,,,,,,,,,,,245,,,,
TUNIRGY,Turn--1000,Turnigy,,,,1000,,,,62,,,,,,,,,,,,,,,270,,,,
TUNIRGY,Turn--1000,Turnigy,,,,1000,,,,141,,,,,,,,,,,,,,,670,,,,
TUNIRGY,Turn--1000,Turnigy,,,,1000,,,,142,,,,,,,,,,,,,,,650,,,,
TUNIRGY,Turn--1000,Turnigy,,,,1000,,,,50,,,,,,,,,,,,,,,150,,,,
TUNIRGY,Turn--1000,Turnigy,,,,1000,,,,60,,,,,,,,,,,,,,,235,,,,
TUNIRGY,Turn--1000,Turnigy,,,,1000,,,,132,,,,,,,,,,,,,,,675,,,,
TUNIRGY,Turn--1000,Turnigy,,,,1000,,,,140,,,,,,,,,,,,,,,540,,,,
TUNIRGY,Turn--1020,Turnigy,,,,1020,,,,81,,,,,,,,,,,,,,,250,,,,
TUNIRGY,Turn--1020,Turnigy,,,,1020,,,,58,,,,,,,,,,,,,,,168,,,,
TUNIRGY,Turn--1020,Turnigy,,,,1020,,,,140,,,,,,,,,,,,,,,560,,,,
TUNIRGY,Turn--1025,Turnigy,,,,1025,,,,173,,,,,,,,,,,,,,,750,,,,
TUNIRGY,Turn--1030,Turnigy,,,,1030,,,,455,,,,,,,,,,,,,,,2460,,,,
TUNIRGY,Turn--1040,Turnigy,,,,1040,,,,80,,,,,,,,,,,,,,,335,,,,
TUNIRGY,Turn--1050,Turnigy,,,,1050,,,,59,,,,,,,,,,,,,,,285,,,,
TUNIRGY,Turn--1050,Turnigy,,,,1050,,,,71,,,,,,,,,,,,,,,345,,,,
TUNIRGY,Turn--1050,Turnigy,,,,1050,,,,66,,,,,,,,,,,,,,,175,,,,
TUNIRGY,Turn--1050,Turnigy,,,,1050,,,,174,,,,,,,,,,,,,,,820,,,,
TUNIRGY,Turn--1050,Turnigy,,,,1050,,,,110,,,,,,,,,,,,,,,520,,,,
TUNIRGY,Turn--1050,Turnigy,,,,1050,,,,689,,,,,,,,,,,,,,,2330,,,,
TUNIRGY,Turn--1080,Turnigy,,,,1080,,,,178,,,,,,,,,,,,,,,850,,,,
TUNIRGY,Turn--1080,Turnigy,,,,1080,,,,175,,,,,,,,,,,,,,,640,,,,
TUNIRGY,Turn--1080,Turnigy,,,,1080,,,,25,,,,,,,,,,,,,,,85,,,,
TUNIRGY,Turn--1090,Turnigy,,,,1090,,,,31,,,,,,,,,,,,,,,80,,,,
TUNIRGY,Turn--1100,Turnigy,,,,1100,,,,170,,,,,,,,,,,,,,,675,,,,
TUNIRGY,Turn--1100,Turnigy,,,,1100,,,,70,,,,,,,,,,,,,,,335,,,,
TUNIRGY,Turn--1100,Turnigy,,,,1100,,,,73,,,,,,,,,,,,,,,315,,,,
TUNIRGY,Turn--1100,Turnigy,,,,1100,,,,159,,,,,,,,,,,,,,,910,,,,
TUNIRGY,Turn--1100,Turnigy,,,,1100,,,,149,,,,,,,,,,,,,,,630,,,,
TUNIRGY,Turn--1100,Turnigy,,,,1100,,,,59,,,,,,,,,,,,,,,250,,,,
TUNIRGY,Turn--1100,Turnigy,,,,1100,,,,69,,,,,,,,,,,,,,,385,,,,
TUNIRGY,Turn--1100,Turnigy,,,,1100,,,,185,,,,,,,,,,,,,,,640,,,,
TUNIRGY,Turn--1100,Turnigy,,,,1100,,,,68,,,,,,,,,,,,,,,280,,,,
TUNIRGY,Turn--1100,Turnigy,,,,1100,,,,88,,,,,,,,,,,,,,,320,,,,
TUNIRGY,Turn--1100,Turnigy,,,,1100,,,,110,,,,,,,,,,,,,,,380,,,,
TUNIRGY,Turn--1100,Turnigy,,,,1100,,,,90,,,,,,,,,,,,,,,480,,,,
TUNIRGY,Turn--1100,Turnigy,,,,1100,,,,115,,,,,,,,,,,,,,,600,,,,
TUNIRGY,Turn--1100,Turnigy,,,,1100,,,,171,,,,,,,,,,,,,,,800,,,,
TUNIRGY,Turn--1100,Turnigy,,,,1100,,,,77,,,,,,,,,,,,,,,225,,,,
TUNIRGY,Turn--1100,Turnigy,,,,1100,,,,106,,,,,,,,,,,,,,,400,,,,
TUNIRGY,Turn--1100,Turnigy,,,,1100,,,,132,,,,,,,,,,,,,,,675,,,,
TUNIRGY,Turn--1100,Turnigy,,,,1100,,,,163,,,,,,,,,,,,,,,630,,,,
TUNIRGY,Turn--1100,Turnigy,,,,1100,,,,80,,,,,,,,,,,,,,,410,,,,
TUNIRGY,Turn--1100,Turnigy,,,,1100,,,,170,,,,,,,,,,,,,,,740,,,,
TUNIRGY,Turn--1100,Turnigy,,,,1100,,,,141,,,,,,,,,,,,,,,675,,,,
TUNIRGY,Turn--1120,Turnigy,,,,1120,,,,76,,,,,,,,,,,,,,,280,,,,
TUNIRGY,Turn--1120,Turnigy,,,,1120,,,,180,,,,,,,,,,,,,,,860,,,,
TUNIRGY,Turn--1120,Turnigy,,,,1120,,,,67,,,,,,,,,,,,,,,270,,,,
TUNIRGY,Turn--1130,Turnigy,,,,1130,,,,44,,,,,,,,,,,,,,,125,,,,
TUNIRGY,Turn--1130,Turnigy,,,,1130,,,,58,,,,,,,,,,,,,,,187,,,,
TUNIRGY,Turn--1140,Turnigy,,,,1140,,,,109,,,,,,,,,,,,,,,505,,,,
TUNIRGY,Turn--1150,Turnigy,,,,1150,,,,76,,,,,,,,,,,,,,,330,,,,
TUNIRGY,Turn--1185,Turnigy,,,,1185,,,,141,,,,,,,,,,,,,,,730,,,,
TUNIRGY,Turn--1200,Turnigy,,,,1200,,,,37,,,,,,,,,,,,,,,150,,,,
TUNIRGY,Turn--1200,Turnigy,,,,1200,,,,78,,,,,,,,,,,,,,,540,,,,
TUNIRGY,Turn--1200,Turnigy,,,,1200,,,,120,,,,,,,,,,,,,,,525,,,,
TUNIRGY,Turn--1200,Turnigy,,,,1200,,,,260,,,,,,,,,,,,,,,1400,,,,
TUNIRGY,Turn--1200,Turnigy,,,,1200,,,,140,,,,,,,,,,,,,,,780,,,,
TUNIRGY,Turn--1200,Turnigy,,,,1200,,,,69,,,,,,,,,,,,,,,400,,,,
TUNIRGY,Turn--1200,Turnigy,,,,1200,,,,82,,,,,,,,,,,,,,,530,,,,
TUNIRGY,Turn--1200,Turnigy,,,,1200,,,,87,,,,,,,,,,,,,,,695,,,,
TUNIRGY,Turn--1200,Turnigy,,,,1200,,,,66,,,,,,,,,,,,,,,175,,,,
TUNIRGY,Turn--1200,Turnigy,,,,1200,,,,38,,,,,,,,,,,,,,,160,,,,
TUNIRGY,Turn--1200,Turnigy,,,,1200,,,,111,,,,,,,,,,,,,,,560,,,,
TUNIRGY,Turn--1200,Turnigy,,,,1200,,,,25,,,,,,,,,,,,,,,100,,,,
TUNIRGY,Turn--1200,Turnigy,,,,1200,,,,35,,,,,,,,,,,,,,,110,,,,
TUNIRGY,Turn--1200,Turnigy,,,,1200,,,,270,,,,,,,,,,,,,,,930,,,,
TUNIRGY,Turn--1220,Turnigy,,,,1220,,,,380,,,,,,,,,,,,,,,2100,,,,
TUNIRGY,Turn--1250,Turnigy,,,,1250,,,,102,,,,,,,,,,,,,,,500,,,,
TUNIRGY,Turn--1250,Turnigy,,,,1250,,,,130,,,,,,,,,,,,,,,665,,,,
TUNIRGY,Turn--1250,Turnigy,,,,1250,,,,156,,,,,,,,,,,,,,,600,,,,
TUNIRGY,Turn--1250,Turnigy,,,,1250,,,,160,,,,,,,,,,,,,,,650,,,,
TUNIRGY,Turn--1250,Turnigy,,,,1250,,,,375,,,,,,,,,,,,,,,4250,,,,
TUNIRGY,Turn--1250,Turnigy,,,,1250,,,,141,,,,,,,,,,,,,,,755,,,,
TUNIRGY,Turn--1250,Turnigy,,,,1250,,,,142,,,,,,,,,,,,,,,630,,,,
TUNIRGY,Turn--1250,Turnigy,,,,1250,,,,132,,,,,,,,,,,,,,,675,,,,
TUNIRGY,Turn--1250,Turnigy,,,,1250,,,,140,,,,,,,,,,,,,,,530,,,,
TUNIRGY,Turn--1275,Turnigy,,,,1275,,,,31,,,,,,,,,,,,,,,95,,,,
TUNIRGY,Turn--1300,Turnigy,,,,1300,,,,27,,,,,,,,,,,,,,,225,,,,
TUNIRGY,Turn--1300,Turnigy,,,,1300,,,,165,,,,,,,,,,,,,,,780,,,,
TUNIRGY,Turn--1300,Turnigy,,,,1300,,,,52,,,,,,,,,,,,,,,300,,,,
TUNIRGY,Turn--1300,Turnigy,,,,1300,,,,62,,,,,,,,,,,,,,,250,,,,
TUNIRGY,Turn--1300,Turnigy,,,,1300,,,,60,,,,,,,,,,,,,,,220,,,,
TUNIRGY,Turn--1300,Turnigy,,,,1300,,,,106,,,,,,,,,,,,,,,400,,,,
TUNIRGY,Turn--1300,Turnigy,,,,1300,,,,110,,,,,,,,,,,,,,,500,,,,
TUNIRGY,Turn--1320,Turnigy,,,,1320,,,,80,,,,,,,,,,,,,,,275,,,,
TUNIRGY,Turn--1340,Turnigy,,,,1340,,,,76,,,,,,,,,,,,,,,375,,,,
TUNIRGY,Turn--1350,Turnigy,,,,1350,,,,82,,,,,,,,,,,,,,,300,,,,
TUNIRGY,Turn--1350,Turnigy,,,,1350,,,,51,,,,,,,,,,,,,,,220,,,,
TUNIRGY,Turn--1350,Turnigy,,,,1350,,,,50,,,,,,,,,,,,,,,140,,,,
TUNIRGY,Turn--1350,Turnigy,,,,1350,,,,141,,,,,,,,,,,,,,,600,,,,
TUNIRGY,Turn--1370,Turnigy,,,,1370,,,,147,,,,,,,,,,,,,,,900,,,,
TUNIRGY,Turn--1380,Turnigy,,,,1380,,,,24,,,,,,,,,,,,,,,105,,,,
TUNIRGY,Turn--1400,Turnigy,,,,1400,,,,19,,,,,,,,,,,,,,,80,,,,
TUNIRGY,Turn--1400,Turnigy,,,,1400,,,,20,,,,,,,,,,,,,,,60,,,,
TUNIRGY,Turn--1400,Turnigy,,,,1400,,,,20,,,,,,,,,,,,,,,60,,,,
TUNIRGY,Turn--1400,Turnigy,,,,1400,,,,20,,,,,,,,,,,,,,,80,,,,
TUNIRGY,Turn--1400,Turnigy,,,,1400,,,,30,,,,,,,,,,,,,,,80,,,,
TUNIRGY,Turn--1400,Turnigy,,,,1400,,,,50,,,,,,,,,,,,,,,205,,,,
TUNIRGY,Turn--1400,Turnigy,,,,1400,,,,82,,,,,,,,,,,,,,,560,,,,
TUNIRGY,Turn--1400,Turnigy,,,,1400,,,,90,,,,,,,,,,,,,,,560,,,,
TUNIRGY,Turn--1400,Turnigy,,,,1400,,,,121,,,,,,,,,,,,,,,550,,,,
TUNIRGY,Turn--1400,Turnigy,,,,1400,,,,87,,,,,,,,,,,,,,,695,,,,
TUNIRGY,Turn--1400,Turnigy,,,,1400,,,,110,,,,,,,,,,,,,,,500,,,,
TUNIRGY,Turn--1400,Turnigy,,,,1400,,,,120,,,,,,,,,,,,,,,550,,,,
TUNIRGY,Turn--1400,Turnigy,,,,1400,,,,38,,,,,,,,,,,,,,,140,,,,
TUNIRGY,Turn--1400,Turnigy,,,,1400,,,,25,,,,,,,,,,,,,,,51,,,,
TUNIRGY,Turn--1400,Turnigy,,,,1400,,,,111,,,,,,,,,,,,,,,590,,,,
TUNIRGY,Turn--1400,Turnigy,,,,1400,,,,142,,,,,,,,,,,,,,,680,,,,
TUNIRGY,Turn--1400,Turnigy,,,,1400,,,,90,,,,,,,,,,,,,,,450,,,,
TUNIRGY,Turn--1400,Turnigy,,,,1400,,,,115,,,,,,,,,,,,,,,575,,,,
TUNIRGY,Turn--1400,Turnigy,,,,1400,,,,35,,,,,,,,,,,,,,,100,,,,
TUNIRGY,Turn--1400,Turnigy,,,,1400,,,,77,,,,,,,,,,,,,,,330,,,,
TUNIRGY,Turn--1400,Turnigy,,,,1400,,,,80,,,,,,,,,,,,,,,380,,,,
TUNIRGY,Turn--1400,Turnigy,,,,1400,,,,300,,,,,,,,,,,,,,,1290,,,,
TUNIRGY,Turn--1400,Turnigy,,,,1400,,,,385,,,,,,,,,,,,,,,1775,,,,
TUNIRGY,Turn--1430,Turnigy,,,,1430,,,,455,,,,,,,,,,,,,,,2035,,,,
TUNIRGY,Turn--1450,Turnigy,,,,1450,,,,19,,,,,,,,,,,,,,,113,,,,
TUNIRGY,Turn--1450,Turnigy,,,,1450,,,,181,,,,,,,,,,,,,,,1500,,,,
TUNIRGY,Turn--1450,Turnigy,,,,1450,,,,20,,,,,,,,,,,,,,,70,,,,
TUNIRGY,Turn--1450,Turnigy,,,,1450,,,,38,,,,,,,,,,,,,,,160,,,,
TUNIRGY,Turn--1450,Turnigy,,,,1450,,,,102,,,,,,,,,,,,,,,520,,,,
TUNIRGY,Turn--1450,Turnigy,,,,1450,,,,130,,,,,,,,,,,,,,,690,,,,
TUNIRGY,Turn--1450,Turnigy,,,,1450,,,,142,,,,,,,,,,,,,,,610,,,,
TUNIRGY,Turn--1450,Turnigy,,,,1450,,,,106,,,,,,,,,,,,,,,400,,,,
TUNIRGY,Turn--1450,Turnigy,,,,1450,,,,140,,,,,,,,,,,,,,,520,,,,
TUNIRGY,Turn--1460,Turnigy,,,,1460,,,,75,,,,,,,,,,,,,,,430,,,,
TUNIRGY,Turn--1500,Turnigy,,,,1500,,,,2023-02-12 00:00:00,,,,,,,,,,,,,,,45,,,,
TUNIRGY,Turn--1500,Turnigy,,,,1500,,,,27,,,,,,,,,,,,,,,240,,,,
TUNIRGY,Turn--1500,Turnigy,,,,1500,,,,120,,,,,,,,,,,,,,,600,,,,
TUNIRGY,Turn--1500,Turnigy,,,,1500,,,,230,,,,,,,,,,,,,,,1115,,,,
TUNIRGY,Turn--1500,Turnigy,,,,1500,,,,80,,,,,,,,,,,,,,,379,,,,
TUNIRGY,Turn--1500,Turnigy,,,,1500,,,,363,,,,,,,,,,,,,,,3000,,,,
TUNIRGY,Turn--1500,Turnigy,,,,1500,,,,110,,,,,,,,,,,,,,,480,,,,
TUNIRGY,Turn--1500,Turnigy,,,,1500,,,,285,,,,,,,,,,,,,,,815,,,,
TUNIRGY,Turn--1500,Turnigy,,,,1500,,,,446,,,,,,,,,,,,,,,2660,,,,
TUNIRGY,Turn--1530,Turnigy,,,,1530,,,,170,,,,,,,,,,,,,,,780,,,,
TUNIRGY,Turn--1600,Turnigy,,,,1600,,,,17,,,,,,,,,,,,,,,80,,,,
TUNIRGY,Turn--1600,Turnigy,,,,1600,,,,25,,,,,,,,,,,,,,,85,,,,
TUNIRGY,Turn--1600,Turnigy,,,,1600,,,,219,,,,,,,,,,,,,,,1660,,,,
TUNIRGY,Turn--1600,Turnigy,,,,1600,,,,249,,,,,,,,,,,,,,,1680,,,,
TUNIRGY,Turn--1650,Turnigy,,,,1650,,,,49,,,,,,,,,,,,,,,180,,,,
TUNIRGY,Turn--1650,Turnigy,,,,1650,,,,303,,,,,,,,,,,,,,,975,,,,
TUNIRGY,Turn--1680,Turnigy,,,,1680,,,,16,,,,,,,,,,,,,,,55,,,,
TUNIRGY,Turn--1700,Turnigy,,,,1700,,,,2023-03-19 00:00:00,,,,,,,,,,,,,,,90,,,,
TUNIRGY,Turn--1700,Turnigy,,,,1700,,,,27,,,,,,,,,,,,,,,255,,,,
TUNIRGY,Turn--1700,Turnigy,,,,1700,,,,30,,,,,,,,,,,,,,,120,,,,
TUNIRGY,Turn--1700,Turnigy,,,,1700,,,,90,,,,,,,,,,,,,,,410,,,,
TUNIRGY,Turn--1700,Turnigy,,,,1700,,,,115,,,,,,,,,,,,,,,530,,,,
TUNIRGY,Turn--1700,Turnigy,,,,1700,,,,77,,,,,,,,,,,,,,,340,,,,
TUNIRGY,Turn--1700,Turnigy,,,,1700,,,,80,,,,,,,,,,,,,,,350,,,,
TUNIRGY,Turn--1780,Turnigy,,,,1780,,,,27,,,,,,,,,,,,,,,98,,,,
TUNIRGY,Turn--1800,Turnigy,,,,1800,,,,25,,,,,,,,,,,,,,,240,,,,
TUNIRGY,Turn--1800,Turnigy,,,,1800,,,,21,,,,,,,,,,,,,,,70,,,,
TUNIRGY,Turn--1800,Turnigy,,,,1800,,,,260,,,,,,,,,,,,,,,1410,,,,
TUNIRGY,Turn--1800,Turnigy,,,,1800,,,,82,,,,,,,,,,,,,,,440,,,,
TUNIRGY,Turn--1800,Turnigy,,,,1800,,,,120,,,,,,,,,,,,,,,730,,,,
TUNIRGY,Turn--1800,Turnigy,,,,1800,,,,25,,,,,,,,,,,,,,,150,,,,
TUNIRGY,Turn--1900,Turnigy,,,,1900,,,,25,,,,,,,,,,,,,,,210,,,,
TUNIRGY,Turn--1900,Turnigy,,,,1900,,,,51,,,,,,,,,,,,,,,180,,,,
TUNIRGY,Turn--1900,Turnigy,,,,1900,,,,249,,,,,,,,,,,,,,,1770,,,,
TUNIRGY,Turn--1900,Turnigy,,,,1900,,,,50,,,,,,,,,,,,,,,105,,,,
TUNIRGY,Turn--1900,Turnigy,,,,1900,,,,298,,,,,,,,,,,,,,,1155,,,,
TUNIRGY,Turn--1980,Turnigy,,,,1980,,,,125,,,,,,,,,,,,,,,792,,,,
TUNIRGY,Turn--2000,Turnigy,,,,2000,,,,2023-02-08 00:00:00,,,,,,,,,,,,,,,60,,,,
TUNIRGY,Turn--2000,Turnigy,,,,2000,,,,2023-02-12 00:00:00,,,,,,,,,,,,,,,48,,,,
TUNIRGY,Turn--2000,Turnigy,,,,2000,,,,2023-05-06 00:00:00,,,,,,,,,,,,,,,26,,,,
TUNIRGY,Turn--2000,Turnigy,,,,2000,,,,125,,,,,,,,,,,,,,,375,,,,
TUNIRGY,Turn--2000,Turnigy,,,,2000,,,,211,,,,,,,,,,,,,,,645,,,,
TUNIRGY,Turn--2050,Turnigy,,,,2050,,,,16,,,,,,,,,,,,,,,55,,,,
TUNIRGY,Turn--2060,Turnigy,,,,2060,,,,455,,,,,,,,,,,,,,,2590,,,,
TUNIRGY,Turn--2100,Turnigy,,,,2100,,,,14,,,,,,,,,,,,,,,50,,,,
TUNIRGY,Turn--2100,Turnigy,,,,2100,,,,125,,,,,,,,,,,,,,,700,,,,
TUNIRGY,Turn--2100,Turnigy,,,,2100,,,,24,,,,,,,,,,,,,,,63,,,,
TUNIRGY,Turn--2100,Turnigy,,,,2100,,,,273,,,,,,,,,,,,,,,1065,,,,
TUNIRGY,Turn--2150,Turnigy,,,,2150,,,,143,,,,,,,,,,,,,,,900,,,,
TUNIRGY,Turn--2200,Turnigy,,,,2200,,,,65,,,,,,,,,,,,,,,640,,,,
TUNIRGY,Turn--2200,Turnigy,,,,2200,,,,230,,,,,,,,,,,,,,,1080,,,,
TUNIRGY,Turn--2200,Turnigy,,,,2200,,,,50,,,,,,,,,,,,,,,340,,,,
TUNIRGY,Turn--2200,Turnigy,,,,2200,,,,82,,,,,,,,,,,,,,,695,,,,
TUNIRGY,Turn--2200,Turnigy,,,,2200,,,,87,,,,,,,,,,,,,,,595,,,,
TUNIRGY,Turn--2200,Turnigy,,,,2200,,,,14,,,,,,,,,,,,,,,50,,,,
TUNIRGY,Turn--2200,Turnigy,,,,2200,,,,290,,,,,,,,,,,,,,,1330,,,,
TUNIRGY,Turn--2250,Turnigy,,,,2250,,,,170,,,,,,,,,,,,,,,1155,,,,
TUNIRGY,Turn--2250,Turnigy,,,,2250,,,,24,,,,,,,,,,,,,,,36,,,,
TUNIRGY,Turn--2260,Turnigy,,,,2260,,,,215,,,,,,,,,,,,,,,550,,,,
TUNIRGY,Turn--2300,Turnigy,,,,2300,,,,2023-03-19 00:00:00,,,,,,,,,,,,,,,128,,,,
TUNIRGY,Turn--2300,Turnigy,,,,2300,,,,170,,,,,,,,,,,,,,,855,,,,
TUNIRGY,Turn--2300,Turnigy,,,,2300,,,,82,,,,,,,,,,,,,,,630,,,,
TUNIRGY,Turn--2400,Turnigy,,,,2400,,,,18,,,,,,,,,,,,,,,65,,,,
TUNIRGY,Turn--2400,Turnigy,,,,2400,,,,270,,,,,,,,,,,,,,,1185,,,,
TUNIRGY,Turn--2500,Turnigy,,,,2500,,,,264,,,,,,,,,,,,,,,1000,,,,
TUNIRGY,Turn--2600,Turnigy,,,,2600,,,,260,,,,,,,,,,,,,,,1390,,,,
TUNIRGY,Turn--2600,Turnigy,,,,2600,,,,131,,,,,,,,,,,,,,,750,,,,
TUNIRGY,Turn--2700,Turnigy,,,,2700,,,,65,,,,,,,,,,,,,,,715,,,,
TUNIRGY,Turn--2700,Turnigy,,,,2700,,,,125,,,,,,,,,,,,,,,760,,,,
TUNIRGY,Turn--2700,Turnigy,,,,2700,,,,82,,,,,,,,,,,,,,,595,,,,
TUNIRGY,Turn--2700,Turnigy,,,,2700,,,,87,,,,,,,,,,,,,,,595,,,,
TUNIRGY,Turn--2700,Turnigy,,,,2700,,,,80,,,,,,,,,,,,,,,550,,,,
TUNIRGY,Turn--2700,Turnigy,,,,2700,,,,156,,,,,,,,,,,,,,,665,,,,
TUNIRGY,Turn--2700,Turnigy,,,,2700,,,,156,,,,,,,,,,,,,,,665,,,,
TUNIRGY,Turn--2750,Turnigy,,,,2750,,,,17,,,,,,,,,,,,,,,39,,,,
TUNIRGY,Turn--2780,Turnigy,,,,2780,,,,120,,,,,,,,,,,,,,,736,,,,
TUNIRGY,Turn--2800,Turnigy,,,,2800,,,,127,,,,,,,,,,,,,,,390,,,,
TUNIRGY,Turn--2850,Turnigy,,,,2850,,,,15,,,,,,,,,,,,,,,60,,,,
TUNIRGY,Turn--2900,Turnigy,,,,2900,,,,170,,,,,,,,,,,,,,,1125,,,,
TUNIRGY,Turn--2900,Turnigy,,,,2900,,,,151,,,,,,,,,,,,,,,455,,,,
TUNIRGY,Turn--3000,Turnigy,,,,3000,,,,2023-02-08 00:00:00,,,,,,,,,,,,,,,60,,,,
TUNIRGY,Turn--3000,Turnigy,,,,3000,,,,27,,,,,,,,,,,,,,,285,,,,
TUNIRGY,Turn--3000,Turnigy,,,,3000,,,,12,,,,,,,,,,,,,,,67,,,,
TUNIRGY,Turn--3000,Turnigy,,,,3000,,,,82,,,,,,,,,,,,,,,755,,,,
TUNIRGY,Turn--3000,Turnigy,,,,3000,,,,87,,,,,,,,,,,,,,,595,,,,
TUNIRGY,Turn--3100,Turnigy,,,,3100,,,,17,,,,,,,,,,,,,,,42,,,,
TUNIRGY,Turn--3190,Turnigy,,,,3190,,,,262,,,,,,,,,,,,,,,1220,,,,
TUNIRGY,Turn--3200,Turnigy,,,,3200,,,,78,,,,,,,,,,,,,,,825,,,,
TUNIRGY,Turn--3200,Turnigy,,,,3200,,,,170,,,,,,,,,,,,,,,760,,,,
TUNIRGY,Turn--3200,Turnigy,,,,3200,,,,120,,,,,,,,,,,,,,,635,,,,
TUNIRGY,Turn--3200,Turnigy,,,,3200,,,,12,,,,,,,,,,,,,,,90,,,,
TUNIRGY,Turn--3300,Turnigy,,,,3300,,,,230,,,,,,,,,,,,,,,1060,,,,
TUNIRGY,Turn--3500,Turnigy,,,,3500,,,,51,,,,,,,,,,,,,,,525,,,,
TUNIRGY,Turn--3500,Turnigy,,,,3500,,,,11,,,,,,,,,,,,,,,60,,,,
TUNIRGY,Turn--3500,Turnigy,,,,3500,,,,76,,,,,,,,,,,,,,,235,,,,
TUNIRGY,Turn--3600,Turnigy,,,,3600,,,,125,,,,,,,,,,,,,,,700,,,,
TUNIRGY,Turn--3600,Turnigy,,,,3600,,,,79,,,,,,,,,,,,,,,610,,,,
TUNIRGY,Turn--3600,Turnigy,,,,3600,,,,127,,,,,,,,,,,,,,,355,,,,
TUNIRGY,Turn--3600,Turnigy,,,,3600,,,,162,,,,,,,,,,,,,,,385,,,,
TUNIRGY,Turn--3650,Turnigy,,,,3650,,,,125,,,,,,,,,,,,,,,810,,,,
TUNIRGY,Turn--3700,Turnigy,,,,3700,,,,123,,,,,,,,,,,,,,,555,,,,
TUNIRGY,Turn--3800,Turnigy,,,,3800,,,,2023-02-12 00:00:00,,,,,,,,,,,,,,,75,,,,
TUNIRGY,Turn--3900,Turnigy,,,,3900,,,,65,,,,,,,,,,,,,,,705,,,,
TUNIRGY,Turn--3900,Turnigy,,,,3900,,,,170,,,,,,,,,,,,,,,1130,,,,
TUNIRGY,Turn--3900,Turnigy,,,,3900,,,,188,,,,,,,,,,,,,,,635,,,,
TUNIRGY,Turn--4000,Turnigy,,,,4000,,,,120,,,,,,,,,,,,,,,705,,,,
TUNIRGY,Turn--4200,Turnigy,,,,4200,,,,37,,,,,,,,,,,,,,,330,,,,
TUNIRGY,Turn--4322,Turnigy,,,,4322,,,,33,,,,,,,,,,,,,,,220,,,,
TUNIRGY,Turn--4400,Turnigy,,,,4400,,,,125,,,,,,,,,,,,,,,430,,,,
TUNIRGY,Turn--4400,Turnigy,,,,4400,,,,141,,,,,,,,,,,,,,,555,,,,
TUNIRGY,Turn--4500,Turnigy,,,,4500,,,,2023-02-08 00:00:00,,,,,,,,,,,,,,,72,,,,
TUNIRGY,Turn--4500,Turnigy,,,,4500,,,,2023-05-14 00:00:00,,,,,,,,,,,,,,,90,,,,
TUNIRGY,Turn--4500,Turnigy,,,,4500,,,,58,,,,,,,,,,,,,,,170,,,,
TUNIRGY,Turn--4500,Turnigy,,,,4500,,,,46,,,,,,,,,,,,,,,180,,,,
TUNIRGY,Turn--4600,Turnigy,,,,4600,,,,57,,,,,,,,,,,,,,,150,,,,
TUNIRGY,Turn--4800,Turnigy,,,,4800,,,,63,,,,,,,,,,,,,,,220,,,,
TUNIRGY,Turn--5100,Turnigy,,,,5100,,,,65,,,,,,,,,,,,,,,700,,,,
TUNIRGY,Turn--5250,Turnigy,,,,5250,,,,191,,,,,,,,,,,,,,,850,,,,
TUNIRGY,Turn--5300,Turnigy,,,,5300,,,,120,,,,,,,,,,,,,,,695,,,,
TUNIRGY,Turn--5800,Turnigy,,,,5800,,,,39.1,,,,,,,,,,,,,,,110,,,,
TUNIRGY,Turn--5800,Turnigy,,,,5800,,,,39.1,,,,,,,,,,,,,,,110,,,,
TUNIRGY,Turn--7500,Turnigy,,,,7500,,,,2023-08-02 00:00:00,,,,,,,,,,,,,,,15,,,,
TUNIRGY,Turn--11000,Turnigy,,,,11000,,,,2023-01-10 00:00:00,,,,,,,,,,,,,,,50,,,,
WARHEAD,Warh--1350,Warhead,,,,1350,,,,171,,,,,,,,,,,,,,,1150,,,,
WARHEAD,Warh--1850,Warhead,,,,1850,,,,171,,,,,,,,,,,,,,,1650,,,,
WAYPOINT,Wayp--914,Waypoint,,,,914,,,,58,,,,,,,,,,,,,,,285,,,,
WAYPOINT,Wayp--914,Waypoint,,,,914,,,,190,,,,,,,,,,,,,,,630,,,,
WAYPOINT,Wayp--972,Waypoint,,,,972,,,,50,,,,,,,,,,,,,,,240,,,,
WAYPOINT,Wayp--972,Waypoint,,,,972,,,,155,,,,,,,,,,,,,,,525,,,,
WAYPOINT,Wayp--1039,Waypoint,,,,1039,,,,58,,,,,,,,,,,,,,,300,,,,
WAYPOINT,Wayp--1039,Waypoint,,,,1039,,,,190,,,,,,,,,,,,,,,720,,,,
WAYPOINT,Wayp--1072,Waypoint,,,,1072,,,,50,,,,,,,,,,,,,,,240,,,,
WAYPOINT,Wayp--1072,Waypoint,,,,1072,,,,155,,,,,,,,,,,,,,,600,,,,
WAYPOINT,Wayp--1120,Waypoint,,,,1120,,,,36,,,,,,,,,,,,,,,225,,,,
WAYPOINT,Wayp--1120,Waypoint,,,,1120,,,,120,,,,,,,,,,,,,,,420,,,,
WAYPOINT,Wayp--1212,Waypoint,,,,1212,,,,86,,,,,,,,,,,,,,,330,,,,
WAYPOINT,Wayp--1300,Waypoint,,,,1300,,,,36,,,,,,,,,,,,,,,240,,,,
WAYPOINT,Wayp--1300,Waypoint,,,,1300,,,,120,,,,,,,,,,,,,,,480,,,,
WAYPOINT,Wayp--1388,Waypoint,,,,1388,,,,86,,,,,,,,,,,,,,,390,,,,
WAYPOINT,Wayp--1770,Waypoint,,,,1770,,,,28,,,,,,,,,,,,,,,180,,,,
WAYPOINT,Wayp--1970,Waypoint,,,,1970,,,,28,,,,,,,,,,,,,,,180,,,,
X-TEAM,X-Te--120,X-Team,,,,120,,,,430,,,,,,,,,,,,,,,2700,,,,
X-TEAM,X-Te--160,X-Team,,,,160,,,,160,,,,,,,,,,,,,,,270,,,,
X-TEAM,X-Te--160,X-Team,,,,160,,,,241,,,,,,,,,,,,,,,830,,,,
X-TEAM,X-Te--175,X-Team,,,,175,,,,380,,,,,,,,,,,,,,,2400,,,,
X-TEAM,X-Te--195,X-Team,,,,195,,,,1793,,,,,,,,,,,,,,,4000,,,,
X-TEAM,X-Te--260,X-Team,,,,260,,,,160,,,,,,,,,,,,,,,665,,,,
X-TEAM,X-Te--290,X-Team,,,,290,,,,376,,,,,,,,,,,,,,,1630,,,,
X-TEAM,X-Te--300,X-Team,,,,300,,,,240,,,,,,,,,,,,,,,850,,,,
X-TEAM,X-Te--300,X-Team,,,,300,,,,51,,,,,,,,,,,,,,,250,,,,
X-TEAM,X-Te--300,X-Team,,,,300,,,,630,,,,,,,,,,,,,,,3000,,,,
X-TEAM,X-Te--300,X-Team,,,,300,,,,200,,,,,,,,,,,,,,,1100,,,,
X-TEAM,X-Te--300,X-Team,,,,300,,,,241,,,,,,,,,,,,,,,1600,,,,
X-TEAM,X-Te--330,X-Team,,,,330,,,,166,,,,,,,,,,,,,,,750,,,,
X-TEAM,X-Te--330,X-Team,,,,330,,,,124,,,,,,,,,,,,,,,400,,,,
X-TEAM,X-Te--330,X-Team,,,,330,,,,378,,,,,,,,,,,,,,,1750,,,,
X-TEAM,X-Te--340,X-Team,,,,340,,,,175,,,,,,,,,,,,,,,880,,,,
X-TEAM,X-Te--350,X-Team,,,,350,,,,85,,,,,,,,,,,,,,,250,,,,
X-TEAM,X-Te--350,X-Team,,,,350,,,,92,,,,,,,,,,,,,,,350,,,,
X-TEAM,X-Te--350,X-Team,,,,350,,,,104,,,,,,,,,,,,,,,400,,,,
X-TEAM,X-Te--350,X-Team,,,,350,,,,150,,,,,,,,,,,,,,,450,,,,
X-TEAM,X-Te--350,X-Team,,,,350,,,,195,,,,,,,,,,,,,,,600,,,,
X-TEAM,X-Te--350,X-Team,,,,350,,,,240,,,,,,,,,,,,,,,850,,,,
X-TEAM,X-Te--360,X-Team,,,,360,,,,96,,,,,,,,,,,,,,,320,,,,
X-TEAM,X-Te--360,X-Team,,,,360,,,,225,,,,,,,,,,,,,,,600,,,,
X-TEAM,X-Te--380,X-Team,,,,380,,,,97,,,,,,,,,,,,,,,400,,,,
X-TEAM,X-Te--380,X-Team,,,,380,,,,105,,,,,,,,,,,,,,,500,,,,
X-TEAM,X-Te--400,X-Team,,,,400,,,,47,,,,,,,,,,,,,,,250,,,,
X-TEAM,X-Te--400,X-Team,,,,400,,,,84,,,,,,,,,,,,,,,315,,,,
X-TEAM,X-Te--400,X-Team,,,,400,,,,51,,,,,,,,,,,,,,,310,,,,
X-TEAM,X-Te--400,X-Team,,,,400,,,,166,,,,,,,,,,,,,,,875,,,,
X-TEAM,X-Te--400,X-Team,,,,400,,,,322,,,,,,,,,,,,,,,1200,,,,
X-TEAM,X-Te--420,X-Team,,,,420,,,,115,,,,,,,,,,,,,,,400,,,,
X-TEAM,X-Te--420,X-Team,,,,420,,,,150,,,,,,,,,,,,,,,420,,,,
X-TEAM,X-Te--432,X-Team,,,,432,,,,104,,,,,,,,,,,,,,,400,,,,
X-TEAM,X-Te--450,X-Team,,,,450,,,,92,,,,,,,,,,,,,,,350,,,,
X-TEAM,X-Te--450,X-Team,,,,450,,,,150,,,,,,,,,,,,,,,450,,,,
X-TEAM,X-Te--450,X-Team,,,,450,,,,195,,,,,,,,,,,,,,,600,,,,
X-TEAM,X-Te--460,X-Team,,,,460,,,,225,,,,,,,,,,,,,,,600,,,,
X-TEAM,X-Te--470,X-Team,,,,470,,,,323,,,,,,,,,,,,,,,1300,,,,
X-TEAM,X-Te--485,X-Team,,,,485,,,,250,,,,,,,,,,,,,,,1100,,,,
X-TEAM,X-Te--500,X-Team,,,,500,,,,240,,,,,,,,,,,,,,,850,,,,
X-TEAM,X-Te--500,X-Team,,,,500,,,,416,,,,,,,,,,,,,,,2300,,,,
X-TEAM,X-Te--520,X-Team,,,,520,,,,477,,,,,,,,,,,,,,,2000,,,,
X-TEAM,X-Te--520,X-Team,,,,520,,,,428,,,,,,,,,,,,,,,2800,,,,
X-TEAM,X-Te--565,X-Team,,,,565,,,,104,,,,,,,,,,,,,,,400,,,,
X-TEAM,X-Te--570,X-Team,,,,570,,,,96,,,,,,,,,,,,,,,300,,,,
X-TEAM,X-Te--580,X-Team,,,,580,,,,97,,,,,,,,,,,,,,,400,,,,
X-TEAM,X-Te--600,X-Team,,,,600,,,,92,,,,,,,,,,,,,,,350,,,,
X-TEAM,X-Te--600,X-Team,,,,600,,,,150,,,,,,,,,,,,,,,450,,,,
X-TEAM,X-Te--600,X-Team,,,,600,,,,105,,,,,,,,,,,,,,,480,,,,
X-TEAM,X-Te--630,X-Team,,,,630,,,,85,,,,,,,,,,,,,,,250,,,,
X-TEAM,X-Te--640,X-Team,,,,640,,,,225,,,,,,,,,,,,,,,600,,,,
X-TEAM,X-Te--650,X-Team,,,,650,,,,47,,,,,,,,,,,,,,,250,,,,
X-TEAM,X-Te--650,X-Team,,,,650,,,,84,,,,,,,,,,,,,,,400,,,,
X-TEAM,X-Te--675,X-Team,,,,675,,,,150,,,,,,,,,,,,,,,420,,,,
X-TEAM,X-Te--680,X-Team,,,,680,,,,259,,,,,,,,,,,,,,,960,,,,
X-TEAM,X-Te--700,X-Team,,,,700,,,,115,,,,,,,,,,,,,,,400,,,,
X-TEAM,X-Te--700,X-Team,,,,700,,,,97,,,,,,,,,,,,,,,520,,,,
X-TEAM,X-Te--700,X-Team,,,,700,,,,198,,,,,,,,,,,,,,,900,,,,
X-TEAM,X-Te--740,X-Team,,,,740,,,,96,,,,,,,,,,,,,,,300,,,,
X-TEAM,X-Te--770,X-Team,,,,770,,,,172,,,,,,,,,,,,,,,700,,,,
X-TEAM,X-Te--820,X-Team,,,,820,,,,59,,,,,,,,,,,,,,,180,,,,
X-TEAM,X-Te--820,X-Team,,,,820,,,,197,,,,,,,,,,,,,,,800,,,,
X-TEAM,X-Te--850,X-Team,,,,850,,,,115,,,,,,,,,,,,,,,350,,,,
X-TEAM,X-Te--870,X-Team,,,,870,,,,138,,,,,,,,,,,,,,,480,,,,
X-TEAM,X-Te--900,X-Team,,,,900,,,,150,,,,,,,,,,,,,,,400,,,,
X-TEAM,X-Te--930,X-Team,,,,930,,,,58,,,,,,,,,,,,,,,180,,,,
X-TEAM,X-Te--940,X-Team,,,,940,,,,169,,,,,,,,,,,,,,,700,,,,
X-TEAM,X-Te--960,X-Team,,,,960,,,,44,,,,,,,,,,,,,,,140,,,,
X-TEAM,X-Te--1000,X-Team,,,,1000,,,,59,,,,,,,,,,,,,,,160,,,,
X-TEAM,X-Te--1020,X-Team,,,,1020,,,,56,,,,,,,,,,,,,,,200,,,,
X-TEAM,X-Te--1020,X-Team,,,,1020,,,,138,,,,,,,,,,,,,,,520,,,,
X-TEAM,X-Te--1030,X-Team,,,,1030,,,,31,,,,,,,,,,,,,,,80,,,,
X-TEAM,X-Te--1070,X-Team,,,,1070,,,,108,,,,,,,,,,,,,,,350,,,,
X-TEAM,X-Te--1100,X-Team,,,,1100,,,,45,,,,,,,,,,,,,,,100,,,,
X-TEAM,X-Te--1180,X-Team,,,,1180,,,,75,,,,,,,,,,,,,,,300,,,,
X-TEAM,X-Te--1180,X-Team,,,,1180,,,,138,,,,,,,,,,,,,,,430,,,,
X-TEAM,X-Te--1180,X-Team,,,,1180,,,,172,,,,,,,,,,,,,,,580,,,,
X-TEAM,X-Te--1400,X-Team,,,,1400,,,,335,,,,,,,,,,,,,,,2000,,,,
X-TEAM,X-Te--1440,X-Team,,,,1440,,,,76,,,,,,,,,,,,,,,360,,,,
X-TEAM,X-Te--1450,X-Team,,,,1450,,,,109,,,,,,,,,,,,,,,400,,,,
X-TEAM,X-Te--1490,X-Team,,,,1490,,,,227,,,,,,,,,,,,,,,600,,,,
X-TEAM,X-Te--1590,X-Team,,,,1590,,,,33,,,,,,,,,,,,,,,60,,,,
X-TEAM,X-Te--1860,X-Team,,,,1860,,,,22,,,,,,,,,,,,,,,70,,,,
X-TEAM,X-Te--2125,X-Team,,,,2125,,,,22,,,,,,,,,,,,,,,60,,,,
X-TEAM,X-Te--2200,X-Team,,,,2200,,,,15,,,,,,,,,,,,,,,45,,,,
X-TEAM,X-Te--2500,X-Team,,,,2500,,,,75,,,,,,,,,,,,,,,350,,,,
X-TEAM,X-Te--2600,X-Team,,,,2600,,,,15,,,,,,,,,,,,,,,40,,,,
X-TEAM,X-Te--3200,X-Team,,,,3200,,,,8,,,,,,,,,,,,,,,30,,,,
X-TEAM,X-Te--3250,X-Team,,,,3250,,,,79,,,,,,,,,,,,,,,200,,,,
X-TEAM,X-Te--3500,X-Team,,,,3500,,,,75,,,,,,,,,,,,,,,400,,,,
X-TEAM,X-Te--4200,X-Team,,,,4200,,,,8,,,,,,,,,,,,,,,30,,,,
XERA,Xera--240,Xera,,,,240,,,,496,,,,,,,,,,,,,,,1200,,,,
XERA,Xera--300,Xera,,,,300,,,,496,,,,,,,,,,,,,,,1800,,,,
XERA,Xera--350,Xera,,,,350,,,,440,,,,,,,,,,,,,,,1400,,,,
XERA,Xera--400,Xera,,,,400,,,,483,,,,,,,,,,,,,,,1900,,,,
XERA,Xera--470,Xera,,,,470,,,,445,,,,,,,,,,,,,,,1800,,,,
XERA,Xera--480,Xera,,,,480,,,,483,,,,,,,,,,,,,,,2200,,,,
XERA,Xera--560,Xera,,,,560,,,,384,,,,,,,,,,,,,,,1800,,,,
XERA,Xera--560,Xera,,,,560,,,,431,,,,,,,,,,,,,,,2000,,,,
XERA,Xera--600,Xera,,,,600,,,,477,,,,,,,,,,,,,,,2600,,,,
XERA,Xera--670,Xera,,,,670,,,,381,,,,,,,,,,,,,,,2000,,,,
XERA,Xera--710,Xera,,,,710,,,,432,,,,,,,,,,,,,,,2400,,,,
XERA,Xera--830,Xera,,,,830,,,,386,,,,,,,,,,,,,,,2400,,,,
XERA,Xera--1000,Xera,,,,1000,,,,348,,,,,,,,,,,,,,,2200,,,,
XNOVA,Xnov--300,Xnova,,,,300,,,,477,,,,,,,,,,,,,,,4500,,,,
XNOVA,Xnov--320,Xnova,,,,320,,,,161,,,,,,,,,,,,,,,550,,,,
XNOVA,Xnov--350,Xnova,,,,350,,,,432,,,,,,,,,,,,,,,3500,,,,
XNOVA,Xnov--380,Xnova,,,,380,,,,610,,,,,,,,,,,,,,,6600,,,,
XNOVA,Xnov--380,Xnova,,,,380,,,,100,,,,,,,,,,,,,,,400,,,,
XNOVA,Xnov--400,Xnova,,,,400,,,,477,,,,,,,,,,,,,,,5300,,,,
XNOVA,Xnov--400,Xnova,,,,400,,,,161,,,,,,,,,,,,,,,650,,,,
XNOVA,Xnov--450,Xnova,,,,450,,,,535,,,,,,,,,,,,,,,10000,,,,
XNOVA,Xnov--460,Xnova,,,,460,,,,630,,,,,,,,,,,,,,,6600,,,,
XNOVA,Xnov--460,Xnova,,,,460,,,,620,,,,,,,,,,,,,,,13000,,,,
XNOVA,Xnov--470,Xnova,,,,470,,,,432,,,,,,,,,,,,,,,4000,,,,
XNOVA,Xnov--470,Xnova,,,,470,,,,161,,,,,,,,,,,,,,,750,,,,
XNOVA,Xnov--480,Xnova,,,,480,,,,477,,,,,,,,,,,,,,,5600,,,,
XNOVA,Xnov--480,Xnova,,,,480,,,,535,,,,,,,,,,,,,,,5600,,,,
XNOVA,Xnov--480,Xnova,,,,480,,,,100,,,,,,,,,,,,,,,420,,,,
XNOVA,Xnov--480,Xnova,,,,480,,,,535,,,,,,,,,,,,,,,11000,,,,
XNOVA,Xnov--500,Xnova,,,,500,,,,535,,,,,,,,,,,,,,,10000,,,,
XNOVA,Xnov--520,Xnova,,,,520,,,,630,,,,,,,,,,,,,,,6600,,,,
XNOVA,Xnov--520,Xnova,,,,520,,,,620,,,,,,,,,,,,,,,13000,,,,
XNOVA,Xnov--525,Xnova,,,,525,,,,565,,,,,,,,,,,,,,,5100,,,,
XNOVA,Xnov--525,Xnova,,,,525,,,,535,,,,,,,,,,,,,,,11000,,,,
XNOVA,Xnov--530,Xnova,,,,530,,,,640,,,,,,,,,,,,,,,13000,,,,
XNOVA,Xnov--530,Xnova,,,,530,,,,500,,,,,,,,,,,,,,,4500,,,,
XNOVA,Xnov--535,Xnova,,,,535,,,,642,,,,,,,,,,,,,,,13000,,,,
XNOVA,Xnov--560,Xnova,,,,560,,,,384,,,,,,,,,,,,,,,3000,,,,
XNOVA,Xnov--560,Xnova,,,,560,,,,432,,,,,,,,,,,,,,,4500,,,,
XNOVA,Xnov--560,Xnova,,,,560,,,,400,,,,,,,,,,,,,,,4000,,,,
XNOVA,Xnov--560,Xnova,,,,560,,,,500,,,,,,,,,,,,,,,4500,,,,
XNOVA,Xnov--600,Xnova,,,,600,,,,477,,,,,,,,,,,,,,,5800,,,,
XNOVA,Xnov--600,Xnova,,,,600,,,,500,,,,,,,,,,,,,,,4500,,,,
XNOVA,Xnov--620,Xnova,,,,620,,,,100,,,,,,,,,,,,,,,450,,,,
XNOVA,Xnov--670,Xnova,,,,670,,,,384,,,,,,,,,,,,,,,3300,,,,
XNOVA,Xnov--670,Xnova,,,,670,,,,400,,,,,,,,,,,,,,,4000,,,,
XNOVA,Xnov--700,Xnova,,,,700,,,,100,,,,,,,,,,,,,,,480,,,,
XNOVA,Xnov--710,Xnova,,,,710,,,,432,,,,,,,,,,,,,,,5000,,,,
XNOVA,Xnov--830,Xnova,,,,830,,,,384,,,,,,,,,,,,,,,3700,,,,
XNOVA,Xnov--830,Xnova,,,,830,,,,408,,,,,,,,,,,,,,,4000,,,,
XNOVA,Xnov--890,Xnova,,,,890,,,,140,,,,,,,,,,,,,,,1360,,,,
XNOVA,Xnov--920,Xnova,,,,920,,,,150,,,,,,,,,,,,,,,1450,,,,
XNOVA,Xnov--930,Xnova,,,,930,,,,160,,,,,,,,,,,,,,,1700,,,,
XNOVA,Xnov--945,Xnova,,,,945,,,,166,,,,,,,,,,,,,,,1800,,,,
XNOVA,Xnov--950,Xnova,,,,950,,,,200,,,,,,,,,,,,,,,1900,,,,
XNOVA,Xnov--1000,Xnova,,,,1000,,,,348,,,,,,,,,,,,,,,2800,,,,
XNOVA,Xnov--1000,Xnova,,,,1000,,,,350,,,,,,,,,,,,,,,2800,,,,
XNOVA,Xnov--1100,Xnova,,,,1100,,,,240,,,,,,,,,,,,,,,3100,,,,
XNOVA,Xnov--1120,Xnova,,,,1120,,,,384,,,,,,,,,,,,,,,4000,,,,
XNOVA,Xnov--1120,Xnova,,,,1120,,,,395,,,,,,,,,,,,,,,4000,,,,
XNOVA,Xnov--1200,Xnova,,,,1200,,,,348,,,,,,,,,,,,,,,2900,,,,
XNOVA,Xnov--1200,Xnova,,,,1200,,,,350,,,,,,,,,,,,,,,2900,,,,
XNOVA,Xnov--1350,Xnova,,,,1350,,,,350,,,,,,,,,,,,,,,3200,,,,
XNOVA,Xnov--1360,Xnova,,,,1360,,,,108,,,,,,,,,,,,,,,960,,,,
XNOVA,Xnov--1580,Xnova,,,,1580,,,,110,,,,,,,,,,,,,,,1060,,,,
XNOVA,Xnov--1700,Xnova,,,,1700,,,,21,,,,,,,,,,,,,,,350,,,,
XNOVA,Xnov--1800,Xnova,,,,1800,,,,19,,,,,,,,,,,,,,,440,,,,
XNOVA,Xnov--1800,Xnova,,,,1800,,,,21,,,,,,,,,,,,,,,400,,,,
XNOVA,Xnov--1860,Xnova,,,,1860,,,,110,,,,,,,,,,,,,,,1200,,,,
XNOVA,Xnov--2000,Xnova,,,,2000,,,,36,,,,,,,,,,,,,,,370,,,,
XNOVA,Xnov--2000,Xnova,,,,2000,,,,36,,,,,,,,,,,,,,,370,,,,
XNOVA,Xnov--2000,Xnova,,,,2000,,,,36,,,,,,,,,,,,,,,950,,,,
XNOVA,Xnov--2300,Xnova,,,,2300,,,,21,,,,,,,,,,,,,,,280,,,,
XNOVA,Xnov--2300,Xnova,,,,2300,,,,29,,,,,,,,,,,,,,,345,,,,
XNOVA,Xnov--2300,Xnova,,,,2300,,,,21,,,,,,,,,,,,,,,280,,,,
XNOVA,Xnov--2300,Xnova,,,,2300,,,,29,,,,,,,,,,,,,,,350,,,,
XNOVA,Xnov--2300,Xnova,,,,2300,,,,30,,,,,,,,,,,,,,,595,,,,
XNOVA,Xnov--2300,Xnova,,,,2300,,,,36,,,,,,,,,,,,,,,950,,,,
XNOVA,Xnov--2450,Xnova,,,,2450,,,,27,,,,,,,,,,,,,,,710,,,,
XNOVA,Xnov--2500,Xnova,,,,2500,,,,36,,,,,,,,,,,,,,,950,,,,
XNOVA,Xnov--2600,Xnova,,,,2600,,,,30,,,,,,,,,,,,,,,595,,,,
XNOVA,Xnov--2600,Xnova,,,,2600,,,,27,,,,,,,,,,,,,,,710,,,,
XNOVA,Xnov--2600,Xnova,,,,2600,,,,75,,,,,,,,,,,,,,,720,,,,
XNOVA,Xnov--2800,Xnova,,,,2800,,,,19,,,,,,,,,,,,,,,370,,,,
XNOVA,Xnov--2900,Xnova,,,,2900,,,,21,,,,,,,,,,,,,,,480,,,,
XNOVA,Xnov--3100,Xnova,,,,3100,,,,2023-04-15 00:00:00,,,,,,,,,,,,,,,630,,,,
XNOVA,Xnov--3100,Xnova,,,,3100,,,,14,,,,,,,,,,,,,,,375,,,,
XNOVA,Xnov--3100,Xnova,,,,3100,,,,16,,,,,,,,,,,,,,,420,,,,
XNOVA,Xnov--3500,Xnova,,,,3500,,,,2023-01-15 00:00:00,,,,,,,,,,,,,,,630,,,,
XNOVA,Xnov--3500,Xnova,,,,3500,,,,14,,,,,,,,,,,,,,,315,,,,
XNOVA,Xnov--3500,Xnova,,,,3500,,,,16,,,,,,,,,,,,,,,315,,,,
XNOVA,Xnov--4000,Xnova,,,,4000,,,,14,,,,,,,,,,,,,,,390,,,,
XNOVA,Xnov--4000,Xnova,,,,4000,,,,16,,,,,,,,,,,,,,,420,,,,
XNOVA,Xnov--4100,Xnova,,,,4100,,,,75,,,,,,,,,,,,,,,580,,,,
XOAR,XOAR--79,XOAR,,,,79,,,,2777,,,,,,,,,,,,,11000,,,,,,
XOAR,XOAR--80,XOAR,,,,80,,,,892,,,,,,,,,,,,,3615,,,,,,
XOAR,XOAR--80,XOAR,,,,80,,,,1034,,,,,,,,,,,,,3600,,,,,,
XOAR,XOAR--80,XOAR,,,,80,,,,2267,,,,,,,,,,,,,9000,,,,,,
XOAR,XOAR--80,XOAR,,,,80,,,,2482,,,,,,,,,,,,,10000,,,,,,
XOAR,XOAR--80,XOAR,,,,80,,,,515,,,,,,,,,,,,,1710,,,,,,
XOAR,XOAR--85,XOAR,,,,85,,,,738,,,,,,,,,,,,,2370,,,,,,
XOAR,XOAR--90,XOAR,,,,90,,,,892,,,,,,,,,,,,,3780,,,,,,
XOAR,XOAR--93,XOAR,,,,93,,,,1034,,,,,,,,,,,,,4380,,,,,,
XOAR,XOAR--96,XOAR,,,,96,,,,2267,,,,,,,,,,,,,9000,,,,,,
XOAR,XOAR--98,XOAR,,,,98,,,,2777,,,,,,,,,,,,,11000,,,,,,
XOAR,XOAR--100,XOAR,,,,100,,,,738,,,,,,,,,,,,,3150,,,,,,
XOAR,XOAR--100,XOAR,,,,100,,,,427,,,,,,,,,,,,,2300,,,,,,
XOAR,XOAR--100,XOAR,,,,100,,,,534,,,,,,,,,,,,,2940,,,,,,
XOAR,XOAR--100,XOAR,,,,100,,,,451,,,,,,,,,,,,,1620,,,,,,
XOAR,XOAR--100,XOAR,,,,100,,,,556,,,,,,,,,,,,,2270,,,,,,
XOAR,XOAR--102,XOAR,,,,102,,,,2482,,,,,,,,,,,,,10000,,,,,,
XOAR,XOAR--105,XOAR,,,,105,,,,670,,,,,,,,,,,,,3200,,,,,,
XOAR,XOAR--120,XOAR,,,,120,,,,788,,,,,,,,,,,,,4875,,,,,,
XOAR,XOAR--130,XOAR,,,,130,,,,253,,,,,,,,,,,,,955,,,,,,
XOAR,XOAR--140,XOAR,,,,140,,,,329,,,,,,,,,,,,,2300,,,,,,
XOAR,XOAR--140,XOAR,,,,140,,,,350,,,,,,,,,,,,,1820,,,,,,
XOAR,XOAR--250,XOAR,,,,250,,,,292,,,,,,,,,,,,,1175,,,,,,
XOAR,XOAR--250,XOAR,,,,250,,,,278,,,,,,,,,,,,,950,,,,,,
XOAR,XOAR--260,XOAR,,,,260,,,,255,,,,,,,,,,,,,920,,,,,,
XOAR,XOAR--260,XOAR,,,,260,,,,240,,,,,,,,,,,,,865,,,,,,
XOAR,XOAR--285,XOAR,,,,285,,,,267,,,,,,,,,,,,,1035,,,,,,
XOAR,XOAR--285,XOAR,,,,285,,,,177,,,,,,,,,,,,,635,,,,,,
XOAR,XOAR--300,XOAR,,,,300,,,,52,,,,,,,,,,,,,205,,,,,,
XOAR,XOAR--300,XOAR,,,,300,,,,200,,,,,,,,,,,,,780,,,,,,
XOAR,XOAR--300,XOAR,,,,300,,,,225,,,,,,,,,,,,,880,,,,,,
XOAR,XOAR--320,XOAR,,,,320,,,,82,,,,,,,,,,,,,435,,,,,,
XOAR,XOAR--320,XOAR,,,,320,,,,165,,,,,,,,,,,,,605,,,,,,
XOAR,XOAR--350,XOAR,,,,350,,,,66,,,,,,,,,,,,,315,,,,,,
XPOWER,XPow--180,XPower,,,,180,,,,1250,,,,,,,,,,,,,,,5000,,,,
XPOWER,XPow--210,XPower,,,,210,,,,490,,,,,,,,,,,,,,,2000,,,,
XPOWER,XPow--220,XPower,,,,220,,,,760,,,,,,,,,,,,,,,4000,,,,
XPOWER,XPow--225,XPower,,,,225,,,,530,,,,,,,,,,,,,,,3000,,,,
XPOWER,XPow--228,XPower,,,,228,,,,563,,,,,,,,,,,,,,,2500,,,,
XPOWER,XPow--260,XPower,,,,260,,,,695,,,,,,,,,,,,,,,3000,,,,
XPOWER,XPow--310,XPower,,,,310,,,,390,,,,,,,,,,,,,,,1800,,,,
XPOWER,XPow--410,XPower,,,,410,,,,450,,,,,,,,,,,,,,,1900,,,,
XPOWER,XPow--460,XPower,,,,460,,,,280,,,,,,,,,,,,,,,1000,,,,
XPOWER,XPow--470,XPower,,,,470,,,,340,,,,,,,,,,,,,,,1500,,,,
XPOWER,XPow--500,XPower,,,,500,,,,280,,,,,,,,,,,,,,,1700,,,,
XPOWER,XPow--660,XPower,,,,660,,,,250,,,,,,,,,,,,,,,1000,,,,
XPOWER,XPow--660,XPower,,,,660,,,,280,,,,,,,,,,,,,,,1000,,,,
XPOWER,XPow--670,XPower,,,,670,,,,298,,,,,,,,,,,,,,,1200,,,,
XPOWER,XPow--740,XPower,,,,740,,,,58,,,,,,,,,,,,,,,200,,,,
XPOWER,XPow--770,XPower,,,,770,,,,215,,,,,,,,,,,,,,,850,,,,
XPOWER,XPow--800,XPower,,,,800,,,,183,,,,,,,,,,,,,,,700,,,,
XPOWER,XPow--870,XPower,,,,870,,,,185,,,,,,,,,,,,,,,700,,,,
XPOWER,XPow--900,XPower,,,,900,,,,58,,,,,,,,,,,,,,,200,,,,
XPOWER,XPow--920,XPower,,,,920,,,,153,,,,,,,,,,,,,,,600,,,,
XPOWER,XPow--1000,XPower,,,,1000,,,,160,,,,,,,,,,,,,,,650,,,,
XPOWER,XPow--1000,XPower,,,,1000,,,,170,,,,,,,,,,,,,,,650,,,,
XPOWER,XPow--1050,XPower,,,,1050,,,,153,,,,,,,,,,,,,,,600,,,,
XPOWER,XPow--1060,XPower,,,,1060,,,,46,,,,,,,,,,,,,,,150,,,,
XPOWER,XPow--1100,XPower,,,,1100,,,,72,,,,,,,,,,,,,,,300,,,,
XPOWER,XPow--1100,XPower,,,,1100,,,,130,,,,,,,,,,,,,,,550,,,,
XPOWER,XPow--1100,XPower,,,,1100,,,,153,,,,,,,,,,,,,,,600,,,,
XPOWER,XPow--1150,XPower,,,,1150,,,,130,,,,,,,,,,,,,,,300,,,,
XPOWER,XPow--1200,XPower,,,,1200,,,,33,,,,,,,,,,,,,,,120,,,,
XPOWER,XPow--1200,XPower,,,,1200,,,,58,,,,,,,,,,,,,,,250,,,,
XPOWER,XPow--1200,XPower,,,,1200,,,,85,,,,,,,,,,,,,,,320,,,,
XPOWER,XPow--1200,XPower,,,,1200,,,,125,,,,,,,,,,,,,,,500,,,,
XPOWER,XPow--1200,XPower,,,,1200,,,,135,,,,,,,,,,,,,,,500,,,,
XPOWER,XPow--1250,XPower,,,,1250,,,,142,,,,,,,,,,,,,,,900,,,,
XPOWER,XPow--1300,XPower,,,,1300,,,,130,,,,,,,,,,,,,,,550,,,,
XPOWER,XPow--1380,XPower,,,,1380,,,,102,,,,,,,,,,,,,,,900,,,,
XPOWER,XPow--1430,XPower,,,,1430,,,,24,,,,,,,,,,,,,,,130,,,,
XPOWER,XPow--1450,XPower,,,,1450,,,,2023-03-14 00:00:00,,,,,,,,,,,,,,,85,,,,
XPOWER,XPow--1480,XPower,,,,1480,,,,81,,,,,,,,,,,,,,,400,,,,
XPOWER,XPow--1600,XPower,,,,1600,,,,72,,,,,,,,,,,,,,,450,,,,
XPOWER,XPow--1600,XPower,,,,1600,,,,70,,,,,,,,,,,,,,,450,,,,
XPOWER,XPow--1800,XPower,,,,1800,,,,2023-01-11 00:00:00,,,,,,,,,,,,,,,65,,,,
XPOWER,XPow--1800,XPower,,,,1800,,,,85,,,,,,,,,,,,,,,350,,,,
XPOWER,XPow--1860,XPower,,,,1860,,,,2023-05-16 00:00:00,,,,,,,,,,,,,,,100,,,,
XPOWER,XPow--2170,XPower,,,,2170,,,,65,,,,,,,,,,,,,,,450,,,,
XPOWER,XPow--2200,XPower,,,,2200,,,,15,,,,,,,,,,,,,,,50,,,,
XPOWER,XPow--2200,XPower,,,,2200,,,,2023-03-16 00:00:00,,,,,,,,,,,,,,,110,,,,
XPOWER,XPow--3650,XPower,,,,3650,,,,27,,,,,,,,,,,,,,,270,,,,
XPOWER,XPow--4200,XPower,,,,4200,,,,74,,,,,,,,,,,,,,,330,,,,
