REF,MARQUE,NOM,KV,SOURCE,TITRE
BADA-2207.5-1400,BadAss,2 2207.5,1400,https://www.racedayquads.com/products/rdq-badass-2-2207-5-motor-1400kv-1900kv-2400kv,RDQ Badass 2 - 2207.5 Motor - 1400KV/1900KV/2400KV
BADA-2207.5-1900,BadAss,2 2207.5,1900,https://www.racedayquads.com/products/rdq-badass-2-2207-5-motor-1400kv-1900kv-2400kv,RDQ Badass 2 - 2207.5 Motor - 1400KV/1900KV/2400KV
BADA-2207.5-2400,BadAss,2 2207.5,2400,https://www.racedayquads.com/products/rdq-badass-2-2207-5-motor-1400kv-1900kv-2400kv,RDQ Badass 2 - 2207.5 Motor - 1400KV/1900KV/2400KV
BADA-1507-2650,BadAss,2 1507,2650,https://www.racedayquads.com/products/rdq-badass-2-1507-motor-2650kv-4000kv,RDQ Badass 2 - 1507 Motor - 2650KV/4000KV
BADA-1507-4000,BadAss,2 1507,4000,https://www.racedayquads.com/products/rdq-badass-2-1507-motor-2650kv-4000kv,RDQ Badass 2 - 1507 Motor - 2650KV/4000KV
BADA-2306.5-1400,BadAss,2 2306.5,1400,https://www.racedayquads.com/products/rdq-badass-2-2306-5-motor-1400kv-1900kv-2400kv,RDQ Badass 2 - 2306.5 Motor - 1400KV/1900KV/2400KV
BADA-2306.5-1900,BadAss,2 2306.5,1900,https://www.racedayquads.com/products/rdq-badass-2-2306-5-motor-1400kv-1900kv-2400kv,RDQ Badass 2 - 2306.5 Motor - 1400KV/1900KV/2400KV
BADA-2306.5-2400,BadAss,2 2306.5,2400,https://www.racedayquads.com/products/rdq-badass-2-2306-5-motor-1400kv-1900kv-2400kv,RDQ Badass 2 - 2306.5 Motor - 1400KV/1900KV/2400KV
AXIS-2207.5-1960,AXIS,AF2207.5,1960,https://www.racedayquads.com/products/axisflying-af2207-5-fpv-motor-1960kv,Axisflying AF2207.5 FPV Motor - 1960KV
HAPP-1102-13500-2,HappyModel,RS1102,13500,https://www.racedayquads.com/products/happymodel-rs1102-micro-motors-4pcs-13500kv,Happymodel RS1102 Micro Motors (4pcs) - 13500KV
IFLI-2809-1250,iFlight,XING2 2809,1250,https://www.racedayquads.com/products/iflight-xing2-2809-1250kv-motor,iFlight Xing2 2809 1250Kv Motor
IFLI-2207-1750,iFlight,XING2 2207,1750,https://www.racedayquads.com/products/iflight-xing2-2207-1750kv-motor,iFlight Xing2 2207 1750Kv Motor - Black
HGLR-2306.5-1900,HGLRC,SPECTER 2306.5,1900,https://www.racedayquads.com/products/hglrc-specter-2306-5-1900kv-motor,HGLRC SPECTER 2306.5 1900Kv Motor
HGLR-1404-2750,HGLRC,SPECTER 1404,2750,https://www.racedayquads.com/products/hglrc-specter-1404-2750kv-micro-motor,HGLRC SPECTER 1404 2750Kv Micro Motor
RCIN-2207-2040,RCinPower,GTS V4 2207 8S,2040,https://www.racedayquads.com/products/rcinpower-gts-v4-2207-2040kv-motor-silver-pink,RCinPOWER GTS V4 2207 2040Kv Motor - Silver & Pink
HAPP-1103-11000,HappyModel,EX 1103,11000,https://www.racedayquads.com/products/happymodel-ex-1103-11000kv-micro-motor,HappyModel EX 1103 11000Kv Micro Motor
HAPP-1002-20000,HappyModel,EX 1002,20000,https://www.racedayquads.com/products/happymodel-ex1002-20000kv-micro-motor,HappyModel EX 1002 20000Kv Micro Motor - Choose Your Version
RCIN-1202.5-11500,RCinPower,GTS-V2 1202.5,11500,https://www.racedayquads.com/products/rcinpower-gts-v2-1202-5-11500kv-motor,RCinPOWER GTS-V2 1202.5 11500Kv Micro Motor - Choose Color
AOS-1605-3900,AOS,RC SUPERNOVA 1605,3900,https://www.racedayquads.com/products/pre-order-aos-rc-supernova-1605-fpv-motor-3900kv,AOS RC Supernova 1605 FPV Motor - 3900KV
AOS-1404-4000,AOS,RC SUPERNOVA 1404,4000,https://www.racedayquads.com/products/pre-order-aos-rc-supernova-1404-fpv-motor-4000kv,AOS RC Supernova 1404 FPV Motor - 4000KV
IFLI-3110-900,iFlight,HELION 10 3110,900,https://www.racedayquads.com/products/iflight-helion-10-3110-motor-900kv,iFlight Helion 10 3110 Motor - 900KV
AXIS-2307-1960,AXIS,BLACKBIRD V4 2307,1960,https://www.racedayquads.com/products/axisflying-blackbird-v4-2307-fpv-motor,Axisflying Blackbird V4 2307 FPV Motor
AXIS-2307-2060,AXIS,BLACKBIRD V4 2307,2060,https://www.racedayquads.com/products/axisflying-blackbird-v4-2307-fpv-motor,Axisflying Blackbird V4 2307 FPV Motor
LUME-2807-1700,Lumenier,ZIP V2 2807 BLACKOUT,1700,https://www.racedayquads.com/products/lumenier-zip-v2-2807-blackout-motor-1700kv,Lumenier ZIP V2 2807 Blackout Motor - 1700KV
XILO-1404-4500,XILO,STEALTH 1404,4500,https://www.racedayquads.com/products/xilo-stealth-1404-motor-4500kv,XILO Stealth 1404 Motor - 4500KV
LUME-2807-1350,Lumenier,2807 JOHNNYFPV V3 PRO,1350,https://www.racedayquads.com/products/lumenier-2807-johnnyfpv-v3-pro-cinematic-motor,Lumenier 2807 JohnnyFPV V3 Pro Cinematic Motor
LUME-2807-1750,Lumenier,2807 JOHNNYFPV V3 PRO,1750,https://www.racedayquads.com/products/lumenier-2807-johnnyfpv-v3-pro-cinematic-motor,Lumenier 2807 JohnnyFPV V3 Pro Cinematic Motor
BROT-2812-1115,BrotherHobby,AVENGER V3 2812,1115,https://www.racedayquads.com/products/brotherhobby-avenger-v3-2812-1115kv,BrotherHobby Avenger V3 2812 1115Kv Motor
AXIS-2207.5-1860,AXIS,X SUPAFLYFPV X SYNCFPV 2207.5,1860,https://www.racedayquads.com/products/axisflying-x-supaflyfpv-x-syncfpv-2207-5-1860kv-motor,AxisFlying x SupaflyFPV x SyncFPV 2207.5 1860Kv Motor
IFLI-1404-3000-2,iFlight,XING2 1404,3000,https://www.racedayquads.com/products/iflight-xing2-1404-3000kv-micro-motor,iFlight Xing2 1404 3000Kv Micro Motor
LUME-3115-900,Lumenier,ZIP V2 3115,900,https://www.racedayquads.com/products/lumenier-zip-v2-3115-cinematic-motor-900kv-1050kv,Lumenier ZIP V2 3115 Cinematic Motor - 900KV/1050KV
LUME-3115-1050,Lumenier,ZIP V2 3115,1050,https://www.racedayquads.com/products/lumenier-zip-v2-3115-cinematic-motor-900kv-1050kv,Lumenier ZIP V2 3115 Cinematic Motor - 900KV/1050KV
HGLR-1202.5-11000,HGLRC,SPECTER 1202.5,11000,https://www.racedayquads.com/products/hglrc-specter-1202-5-11000kv-micro-motor-titanium-green,HGLRC SPECTER 1202.5 11000Kv Micro Motor - Titanium Green
EMAX-2807-1300-2,EMAX,E3 2807,1300,https://www.racedayquads.com/products/emax-e3-series-2807-motor-1300kv-1500kv-1700kv,EMAX E3 Series 2807 Motor - 1300KV/1500KV/1700KV
EMAX-2807-1500-2,EMAX,E3 2807,1500,https://www.racedayquads.com/products/emax-e3-series-2807-motor-1300kv-1500kv-1700kv,EMAX E3 Series 2807 Motor - 1300KV/1500KV/1700KV
EMAX-2807-1700-2,EMAX,E3 2807,1700,https://www.racedayquads.com/products/emax-e3-series-2807-motor-1300kv-1500kv-1700kv,EMAX E3 Series 2807 Motor - 1300KV/1500KV/1700KV
FLYW-1303-6000,FLYWOO,ROBO 1303,6000,https://www.racedayquads.com/products/flywoo-robo-1303-motor-6000kv,Flywoo ROBO 1303 Motor - 6000KV
GEPR-2107.5-1960,GEPRC,SPEEDX2 2107.5,1960,https://www.racedayquads.com/products/geprc-speedx2-2107-5-motor-choose-version,GEPRC SPEEDX2 2107.5 Motor - Choose Version
BROT-2810-1350,BrotherHobby,AVENGER 2810,1350,https://www.racedayquads.com/products/brotherhobby-avenger-2810-motor-1350kv,BrotherHobby Avenger 2810 Motor - 1350KV
EMAX-2207-1900-2,EMAX,E3 2207,1900,https://www.racedayquads.com/products/emax-e3-series-2207-motor-1700kv-1900kv-2400kv,EMAX E3 Series 2207 Motor - 1700KV/1900KV/2400KV
EMAX-2207-2400-2,EMAX,E3 2207,2400,https://www.racedayquads.com/products/emax-e3-series-2207-motor-1700kv-1900kv-2400kv,EMAX E3 Series 2207 Motor - 1700KV/1900KV/2400KV
IFLI-1404-3800-2,iFlight,XING2 1404,3800,https://www.racedayquads.com/products/iflight-xing2-1404-3800kv-micro-motor,iFlight Xing2 1404 3800Kv Micro Motor
VCI-2207-2110,VCI,SPARK 2207 PRO YUKI,2110,https://www.racedayquads.com/products/vci-spark-2207-pro-2110kv-motor-yuki-edition,VCI Spark 2207 Pro 2110Kv Motor - Yuki Edition
VCI-1303-5400,VCI,SPARK 1303,5400,https://www.racedayquads.com/products/vci-hobby-spark-1303-motor-2-pcs-5400kv,VCI Hobby Spark 1303 Motor (2 Pcs) - 5400KV
XILO-2207-1800,XILO,STEALTH 2207,1800,https://www.racedayquads.com/products/xilo-stealth-2207-motor-1800kv-2450kv,XILO Stealth 2207 Motor - 1800KV/2450KV
XILO-2207-2450,XILO,STEALTH 2207,2450,https://www.racedayquads.com/products/xilo-stealth-2207-motor-1800kv-2450kv,XILO Stealth 2207 Motor - 1800KV/2450KV
AXIS-2207-1960-2,AXIS,AE2207 V2 2207,1960,https://www.racedayquads.com/products/pre-order-axisflying-ae2207-v2-2207-1960kv-motor,AxisFlying AE2207 V2 2207 1960Kv Motor
FLAS-1404-3000,FLASHHOBBY,ARTHUR 1404,3000,https://www.racedayquads.com/products/flash-hobby-arthur-1404-3000kv-micro-motor-1-5mm-shaft,Flash Hobby Arthur 1404 3000Kv Micro Motor (1.5mm Shaft)
LUME-2307-1750,Lumenier,2307 JOHNNYFPV V3 PRO,1750,https://www.racedayquads.com/products/lumenier-2307-johnnyfpv-v3-pro-cinematic-motor,Lumenier 2307 JohnnyFPV V3 Pro Cinematic Motor
LUME-2307-1950,Lumenier,2307 JOHNNYFPV V3 PRO,1950,https://www.racedayquads.com/products/lumenier-2307-johnnyfpv-v3-pro-cinematic-motor,Lumenier 2307 JohnnyFPV V3 Pro Cinematic Motor
LUME-2307-2550,Lumenier,2307 JOHNNYFPV V3 PRO,2550,https://www.racedayquads.com/products/lumenier-2307-johnnyfpv-v3-pro-cinematic-motor,Lumenier 2307 JohnnyFPV V3 Pro Cinematic Motor
BETA-2006-2400,BetaFPV,LAVA 2006,2400,https://www.racedayquads.com/products/betafpv-lava-2006-2400kv-motor,BetaFPV Lava 2006 2400Kv Motor
VCI-2006-2150,VCI,SPARK 2006,2150,https://www.racedayquads.com/products/vci-hobby-spark-2006-motor-2150kv,VCI Hobby Spark 2006 Motor - 2150KV
LUME-2807-1300,Lumenier,ZIP V2 2807 BLACKOUT,1300,https://www.racedayquads.com/products/lumenier-zip-v2-2807-cinematic-motor-1300kv-1700kv-1950kv,Lumenier ZIP V2 2807 Cinematic Motor - 1300KV/1700KV/1950KV
LUME-2807-1950,Lumenier,ZIP V2 2807 BLACKOUT,1950,https://www.racedayquads.com/products/lumenier-zip-v2-2807-cinematic-motor-1300kv-1700kv-1950kv,Lumenier ZIP V2 2807 Cinematic Motor - 1300KV/1700KV/1950KV
VCI-2207-2050,VCI,SPARK 2207 PRO YUKI,2050,https://www.racedayquads.com/products/vci-spark-2207-pro-2050kv-motor,VCI Spark 2207 Pro 2050Kv Motor
EMAX-3115-400,EMAX,ECO II 3115,400,https://www.racedayquads.com/products/emax-eco-ii-3115-motor-400kv-500kv-640kv-900kv,EMAX ECO II 3115 Motor - 400KV/500KV/640KV/900KV
EMAX-3115-500,EMAX,ECO II 3115,500,https://www.racedayquads.com/products/emax-eco-ii-3115-motor-400kv-500kv-640kv-900kv,EMAX ECO II 3115 Motor - 400KV/500KV/640KV/900KV
EMAX-3115-640,EMAX,ECO II 3115,640,https://www.racedayquads.com/products/emax-eco-ii-3115-motor-400kv-500kv-640kv-900kv,EMAX ECO II 3115 Motor - 400KV/500KV/640KV/900KV
EMAX-3115-900,EMAX,ECO II 3115,900,https://www.racedayquads.com/products/emax-eco-ii-3115-motor-400kv-500kv-640kv-900kv,EMAX ECO II 3115 Motor - 400KV/500KV/640KV/900KV
VCI-2208-2450,VCI,SPARK 2208,2450,https://www.racedayquads.com/products/vci-hobby-2208-2450kv-motor,VCI Hobby Spark 2208 2450Kv Motor
IFLI-1404-4600-2,iFlight,XING2 1404,4600,https://www.racedayquads.com/products/iflight-xing2-1404-4600kv-micro-motor,iFlight Xing2 1404 4600Kv Micro Motor
BROT-2004-3150,BrotherHobby,TC 2004,3150,https://www.racedayquads.com/products/brotherhobby-tc-2004-3150kv-micro-motor,BrotherHobby TC 2004 3150Kv Micro Motor
IFLI-2205-2300-2,iFlight,XING 2205,2300,https://www.racedayquads.com/products/iflight-xing-2205-2300kv-micro-motor,iFlight Xing 2205 2300Kv Motor
VCI-2207-2120,VCI,YUKI SAVAGE 2207,2120,https://www.racedayquads.com/products/vci-hobby-yuki-savage-2207-motor-2120kv,VCI Hobby Yuki Savage 2207 Motor - 2120KV
IFLI-2506-1500-2,iFlight,BOB57 2506,1500,https://www.racedayquads.com/products/iflight-bob57-2506-motor-1500kv,iFlight BOB57 2506 Motor - 1500KV
FLAS-1303-5000,FLASHHOBBY,KING 1303,5000,https://www.racedayquads.com/products/flash-hobby-king-1303-5000kv-micro-motor-1-5mm-shaft,Flash Hobby King 1303 5000Kv Micro Motor (1.5mm Shaft)
IFLI-2207-2050-2,iFlight,XING2 2207,2050,https://www.racedayquads.com/products/iflight-xing2-2207-unibell-motor-2050kv,iFlight XING2 2207 Unibell Motor - 2050KV
HAPP-0802-20000,HappyModel,RS 0802,20000,https://www.racedayquads.com/products/happymodel-rs0802-20000kv-micro-motor-choose-your-version,HappyModel RS 0802 20000Kv Micro Motor - Choose Your Version
FLYF-2207-1950-2,FlyFishRC,Flash 2207,1950,https://www.racedayquads.com/products/flyfishrc-flash-2207-1950kv-motor,FlyFishRC Flash 2207 1950Kv Motor
VCI-0702-27000,VCI,0702 PRO DB,27000,https://www.racedayquads.com/products/vci-hobby-0702-pro-db-motor-4-pcs-27000kv,VCI Hobby 0702 Pro DB Motor (4 Pcs) - 27000KV
AXIS-2207.5-1960-2,AXIS,X SUPAFLYFPV X SYNCFPV 2207.5,1960,https://www.racedayquads.com/products/axisflying-x-supaflyfpv-x-syncfpv-2207-5-1960kv-motor,AxisFlying x SupaflyFPV x SyncFPV 2207.5 1960Kv Motor
FLYW-1002-500,FLYWOO,ROBO 1002 23,500,https://www.racedayquads.com/products/flywoo-robo-1002-23500kv-micro-motor,"Flywoo Robo 1002 23,500Kv Micro Motor"
FLYF-1303.5-5500,FlyFishRC,FLASH 1303.5,5500,https://www.racedayquads.com/products/flyfishrc-flash-1303-5-5500kv-micro-motor,FlyFishRC Flash 1303.5 5500Kv Micro Motor
EMAX-2306-1700-2,EMAX,E3 2306,1700,https://www.racedayquads.com/products/emax-e3-series-2306-motor-1700kv-1900kv-2400kv,EMAX E3 Series 2306 Motor - 1700KV/1900KV/2400KV
EMAX-2306-1900-2,EMAX,E3 2306,1900,https://www.racedayquads.com/products/emax-e3-series-2306-motor-1700kv-1900kv-2400kv,EMAX E3 Series 2306 Motor - 1700KV/1900KV/2400KV
EMAX-2306-2400-2,EMAX,E3 2306,2400,https://www.racedayquads.com/products/emax-e3-series-2306-motor-1700kv-1900kv-2400kv,EMAX E3 Series 2306 Motor - 1700KV/1900KV/2400KV
HGLR-1404-4800-2,HGLRC,SPECTER 1404,4800,https://www.racedayquads.com/products/hglrc-specter-1404-4800kv-micro-motor,HGLRC SPECTER 1404 4800Kv Micro Motor
LUME-1303.5-5800,Lumenier,ZIP V2 1303.5,5800,https://www.racedayquads.com/products/lumenier-zip-v2-1303-5-5800kv-motor,Lumenier ZIP V2 1303.5 5800Kv Motor
CADD-1303-6000,CADDX,1303,6000,https://www.racedayquads.com/products/caddx-1303-6000kv-micro-motor,Caddx 1303 6000Kv Micro Motor
FLAS-1408-3650-2,FLASHHOBBY,ARTHUR 1408,3650,https://www.racedayquads.com/products/flash-hobby-arthur-1408-2800kv-micro-motor-1,Flash Hobby Arthur 1408 3650Kv Micro Motor (5mm Shaft)
AXIS-2207-1860,AXIS,AE2207 V2 2207,1860,https://www.racedayquads.com/products/in-progress-axisflying-ae2207-v2-2207-1860kv-motor,AxisFlying AE2207 V2 2207 1860Kv Motor
BROT-1407-3600,BrotherHobby,TORNADO T2 1407,3600,https://www.racedayquads.com/products/brotherhobby-tornado-t2-1407-3600kv-micro-motor,BrotherHobby Tornado T2 1407 3600Kv Micro Motor
EMAX-0802-15000,EMAX,0802 II,15000,https://www.racedayquads.com/products/emax-tinyhawk-3-spare-parts-0802-ii-15000kv-micro-motor,EMAX 0802 II 15000Kv Micro Motor
FLAS-1106-4500,FLASHHOBBY,ARTHUR 1106,4500,https://www.racedayquads.com/products/flash-hobby-arthur-1106-4500kv-micro-motor-1-5mm-shaft,Flash Hobby Arthur 1106 4500Kv Micro Motor (1.5mm Shaft)
HAPP-1103-7000-2,HappyModel,EX 1103,7000,https://www.racedayquads.com/products/happymodel-1103-7000kv-motor-4-pack-for-larva-x,HappyModel EX1103 7000Kv Micro Motor (4 Hole)
FLYW-1003-14800,FLYWOO,ROBO 1003,14800,https://www.racedayquads.com/products/flywoo-robo-1003-14-800kv-micro-motor-gold-purple,Flywoo Robo 1003 14800Kv Micro Motor - Gold/Purple
FLAS-1408-2800-2,FLASHHOBBY,ARTHUR 1408,2800,https://www.racedayquads.com/products/flash-hobby-arthur-1408-2800kv-micro-motor,Flash Hobby Arthur 1408 2800Kv Micro Motor (5mm Shaft)
VCI-0702-27000-2,VCI,0702 PRO LITE,27000,https://www.racedayquads.com/products/vci-hobby-0702-pro-lite-motor-4-pcs-27000kv,VCI Hobby 0702 Pro Lite Motor (4 Pcs) - 27000KV
FOXE-2306.5-2550,Foxeer,DATURA 2306.5,2550,https://www.racedayquads.com/products/foxeer-datura-2306-5-2550kv-motor,Foxeer Datura 2306.5 2550Kv Motor
FLAS-2004-1900,FLASHHOBBY,KING K2004 V2,1900,https://www.racedayquads.com/products/flash-hobby-king-k2004-v2-motor-1900kv-3600kv-silver,Flash Hobby King K2004 V2 Motor - 1900KV/3600KV (Silver)
FLAS-2004-3600,FLASHHOBBY,KING K2004 V2,3600,https://www.racedayquads.com/products/flash-hobby-king-k2004-v2-motor-1900kv-3600kv-silver,Flash Hobby King K2004 V2 Motor - 1900KV/3600KV (Silver)
SUB2-0803-19000,Sub250,M1 0803,19000,https://www.racedayquads.com/products/sub250-m1-0803-19000kv-micro-whoop-motor-4-pack,Sub250 M1 0803 19000Kv Micro/Whoop Motor 4 Pack
VCI-X-22000,VCI,SPARK 08028,22000,https://www.racedayquads.com/products/vci-hobby-spark-08028-motor-4-pcs-22000kv,VCI Hobby Spark 08028 Motor (4 Pcs) - 22000KV
FLAS-2807-1300,FLASHHOBBY,ARTHUR 2807,1300,https://www.racedayquads.com/products/flash-hobby-arthur-2807-1300kv-motor,Flash Hobby Arthur 2807 1300Kv Motor
AXIS-2004-2650,AXIS,C204 2004 T-MOUNT,2650,https://www.racedayquads.com/products/axisflying-c204-2004-2650kv-t-mount-motor,AxisFlying C204 2004 2650Kv T-Mount Motor
HAPP-0802-19000-2,HappyModel,SE 0802,19000,https://www.racedayquads.com/products/happymodel-se-0802-19000kv-micro-motor,HappyModel SE 0802 19000Kv Micro Motor
HGLR-1003-10000,HGLRC,SPECTER 1003,10000,https://www.racedayquads.com/products/hglrc-specter-1003-10000kv-micro-motor,HGLRC SPECTER 1003 10000Kv Micro Motor
FLAS-1207-5200-2,FLASHHOBBY,ARTHUR 1207,5200,https://www.racedayquads.com/products/flash-hobby-arthur-1207-5200kv-micro-motor-1-5mm-shaft,Flash Hobby Arthur 1207 5200Kv Micro Motor (1.5mm Shaft)
EMAX-1103-7000,EMAX,TH1103,7000,https://www.racedayquads.com/products/emax-th1103-7000kv-motor-for-tinyhawk-freestyle,EMAX TH1103 7000Kv Micro Motor
AXIS-2406-1860,AXIS,AF2406-X MODULAR,1860,https://www.racedayquads.com/products/axisflying-af2406-x-modular-motor-1860kv-2080kv,Axisflying AF2406-X Modular Motor - 1860KV/2080KV
AXIS-2406-2080,AXIS,AF2406-X MODULAR,2080,https://www.racedayquads.com/products/axisflying-af2406-x-modular-motor-1860kv-2080kv,Axisflying AF2406-X Modular Motor - 1860KV/2080KV
VCI-2010-1911,VCI,ZOE 2010,1911,https://www.racedayquads.com/products/vci-hobby-zoe-2010-motor-1911kv,VCI Hobby ZOE 2010 Motor - 1911KV
VCI-2808-1350,VCI,ARES 2808,1350,https://www.racedayquads.com/products/vci-hobby-ares-2808-motor-1350kv,VCI Hobby ARES 2808 Motor - 1350KV
HISI-8520-X,HISINGY,FIREFLY 8520,,https://www.racedayquads.com/products/hisingy-firefly-8520-fpv-motor-2pcs-gray,HISINGY Firefly 8520 FPV Motor (2pcs) - Gray
NEWB-0702-30000,NewBeeDrone,HUMMINGBIRD 0702 STANDARD,30000,https://www.racedayquads.com/products/newbeedrone-hummingbird-0702-fpv-motor-4pcs-30000kv-standard-version,NewBeeDrone Hummingbird 0702 FPV Motor (4pcs) - 30000KV Standard Version
LUME-2305-2400,Lumenier,ZIP V2 2305,2400,https://www.racedayquads.com/products/lumenier-zip-v2-2305-cinematic-motor-w-m5-shaft-2400kv,Lumenier ZIP V2 2305 Cinematic Motor w/ M5 Shaft - 2400KV
IFLI-2806.5-1300,iFlight,XING 2806.5,1300,https://www.racedayquads.com/products/iflight-xing-2806-5-race-motor-1300kv-1800kv,iFlight Xing 2806.5 Race Motor - 1300KV/1800KV
IFLI-2806.5-1800,iFlight,XING 2806.5,1800,https://www.racedayquads.com/products/iflight-xing-2806-5-race-motor-1300kv-1800kv,iFlight Xing 2806.5 Race Motor - 1300KV/1800KV
AOS-3220-700,AOS,RC SUPERNOVA 3220,700,https://www.racedayquads.com/products/aos-rc-supernova-3220-motor-700kv-925kv,AOS RC Supernova 3220 Motor - 700KV/925KV
AOS-3220-925,AOS,RC SUPERNOVA 3220,925,https://www.racedayquads.com/products/aos-rc-supernova-3220-motor-700kv-925kv,AOS RC Supernova 3220 Motor - 700KV/925KV
AOS-2207-1570,AOS,RC SUPERNOVA 2207,1570,https://www.racedayquads.com/products/aos-rc-supernova-2207-fpv-motor-1570kv,AOS RC Supernova 2207 FPV Motor - 1570KV
LUME-2812-1150,Lumenier,ZIP V2 2812,1150,https://www.racedayquads.com/products/lumenier-zip-v2-2812-cinematic-motor-1150kv-1300kv,Lumenier ZIP V2 2812 Cinematic Motor - 1150KV/1300KV
LUME-2812-1300,Lumenier,ZIP V2 2812,1300,https://www.racedayquads.com/products/lumenier-zip-v2-2812-cinematic-motor-1150kv-1300kv,Lumenier ZIP V2 2812 Cinematic Motor - 1150KV/1300KV
LUME-1404-2750,Lumenier,ZIP V2 1404,2750,https://www.racedayquads.com/products/lumenier-zip-v2-1404-micro-cinematic-motor-2750kv-4600kv,Lumenier ZIP V2 1404 Micro Cinematic Motor - 2750KV/4600KV
LUME-1404-4600,Lumenier,ZIP V2 1404,4600,https://www.racedayquads.com/products/lumenier-zip-v2-1404-micro-cinematic-motor-2750kv-4600kv,Lumenier ZIP V2 1404 Micro Cinematic Motor - 2750KV/4600KV
LUME-2305-1800,Lumenier,ZIP V2 2305,1800,https://www.racedayquads.com/products/lumenier-zip-v2-2305-cinematic-motor-w-m3-shaft-1800kv-2400kv-3200kv,Lumenier ZIP V2 2305 Cinematic Motor w/ M3 Shaft - 1800KV/2400KV/3200KV
LUME-2305-3200,Lumenier,ZIP V2 2305,3200,https://www.racedayquads.com/products/lumenier-zip-v2-2305-cinematic-motor-w-m3-shaft-1800kv-2400kv-3200kv,Lumenier ZIP V2 2305 Cinematic Motor w/ M3 Shaft - 1800KV/2400KV/3200KV
AXIS-1960-1960,AXIS,C227 1960,1960,https://www.racedayquads.com/products/axisflying-c227-motor-1960kv,Axisflying C227 Motor - 1960KV
RCIN-0703-27000,RCinPower,GTS V3 0703,27000,https://www.racedayquads.com/products/rcinpower-gts-v3-0703-27000kv-micro-motor,RCinPOWER GTS V3 0703 27000Kv Micro Motor
RCIN-0703-23000,RCinPower,GTS V3 0703,23000,https://www.racedayquads.com/products/rcinpower-gts-v3-0703-23000kv-micro-motor,RCinPOWER GTS V3 0703 23000Kv Micro Motor
AMAX-2004-1850,AMAX,COMPETITION 2004T,1850,https://www.racedayquads.com/products/draft-amax-competition-2004t-1850kv-motor,AMAX Competition 2004T 1850Kv Motor
LUME-2006-2450,Lumenier,ZIP V2 2006,2450,https://www.racedayquads.com/products/copy-of-lumenier-zip-v2-2006-2450kv-cinematic-motor,Lumenier ZIP V2 2006 2450Kv Cinematic Motor
LUME-2006-1800,Lumenier,ZIP V2 2006,1800,https://www.racedayquads.com/products/lumenier-zip-v2-2006-1800kv-cinematic-motor,Lumenier ZIP V2 2006 1800Kv Cinematic Motor
IFLI-3106-1500,iFlight,XING2 3106,1500,https://www.racedayquads.com/products/iflight-xing2-3106-1500kv-motor,iFlight XING2 3106 1500Kv Motor
VCI-2207-1950,VCI,SPARK 2207 PRO YUKI,1950,https://www.racedayquads.com/products/vci-spark-2207-pro-1950kv-motor,VCI Spark 2207 Pro 1950Kv Motor
BROT-2510-1250,BrotherHobby,AVENGER 2510,1250,https://www.racedayquads.com/products/brotherhobby-avenger-2510-1250kv-motor,BrotherHobby Avenger 2510 1250Kv Motor
FLYF-2004-1800,FlyFishRC,FLASH 2004,1800,https://www.racedayquads.com/products/flyfishrc-flash-2004-1800kv-micro-motor,FlyFishRC Flash 2004 1800Kv Motor
FLAS-2207.5-2500,FLASHHOBBY,KING 2207.5,2500,https://www.racedayquads.com/products/flash-hobby-king-2207-5-2500kv-motor,Flash Hobby King 2207.5 2500Kv Motor
FLAS-2207.5-1900,FLASHHOBBY,KING 2207.5,1900,https://www.racedayquads.com/products/flash-hobby-king-2207-5-1900kv-motor-2,Flash Hobby King 2207.5 1900Kv Motor
FLAS-2207.5-2500-2,FLASHHOBBY,ARTHUR 2207.5,2500,https://www.racedayquads.com/products/flash-hobby-arthur-2207-5-2500kv-motor,Flash Hobby Arthur 2207.5 2500Kv Motor
FOXE-2806.5-1750,Foxeer,DATURA 2806.5,1750,https://www.racedayquads.com/products/foxeer-datura-2806-5-1750kv-motor,Foxeer Datura 2806.5 1750Kv Motor
GEPR-0802-17000,GEPRC,SPEEDX2 0802,17000,https://www.racedayquads.com/products/geprc-speedx2-0802-micro-motor-choose-version,GEPRC SPEEDX2 0802 Micro Motor - 17000Kv
AXIS-2306.5-1960,AXIS,AE V2 2306.5,1960,https://www.racedayquads.com/products/axis-flying-ae2306-5-1960kv-motor,AxisFlying AE V2 2306.5 1960Kv Motor
AXIS-2306.5-1860,AXIS,AE V2 2306.5,1860,https://www.racedayquads.com/products/axis-flying-ae2306-5-1800kv-motor,AxisFlying AE V2 2306.5 1860Kv Motor
FOXE-2306.5-1850,Foxeer,DATURA 2306.5,1850,https://www.racedayquads.com/products/foxeer-datura-2306-5-1850kv-motor,Foxeer Datura 2306.5 1850Kv Motor
NEWB-2306.5-1750,NewBeeDrone,SMOOV V2 2306.5,1750,https://www.racedayquads.com/products/newbeedrone-smoov-v2-2306-5-1750kv-motor,NewBeeDrone Smoov V2 2306.5 1750Kv Motor
BROT-3115-400,BrotherHobby,TORNADO T5 3115 PRO,400,https://www.racedayquads.com/products/brotherhobby-tornado-t5-3115-pro-400kv-motor,BrotherHobby Tornado T5 3115 Pro 400Kv Motor
RCIN-2107-2480,RCinPower,GTS V3 2107 Plus,2480,https://www.racedayquads.com/products/rcinpower-gts-v3-2107-plus-2480kv-motor-choose-color,RCinPOWER GTS-V3 2107 Plus 2480Kv Motor - Choose Color
IFLI-2306-1700-2,iFlight,XING-E PRO 2306,1700,https://www.racedayquads.com/products/iflight-xing-e-pro-2306-1700kv-motor,iFlight Xing-E Pro 2306 1700Kv Motor
EMAX-1202.5-11000,EMAX,TH1202.5,11000,https://www.racedayquads.com/products/emax-th12025-11000kv-motor-for-nanohark-x,EMAX TH1202.5 11000Kv Motor
FLAS-1506-4300-2,FLASHHOBBY,ARTHUR 1506,4300,https://www.racedayquads.com/products/flash-hobby-arthur-1506-4300kv-motor,Flash Hobby Arthur 1506 4300Kv Motor
RCIN-1207-5000,RCinPower,GTS-V2 1207,5000,https://www.racedayquads.com/products/rcinpower-gts-v2-1207-5000kv-motor,RCinPOWER GTS-V2 1207 5000Kv Micro Motor
TMOT-2306.8-1950,T-Motor,F40 PRO,1950,https://www.racedayquads.com/products/t-motor-f40-pro-v-2306-8-1950kv-brushless-motor,T-Motor F40 Pro V 2306.8 1950Kv Brushless Motor
BROT-2306.5-2000,BrotherHobby,"LPD 2306,5",2000,https://www.racedayquads.com/products/brotherhobby-lpd-2306-5-2000kv-motor,BrotherHobby LPD 2306.5 2000Kv Motor
EMAX-2207-2100,EMAX,RSIII 2207,2100,https://www.racedayquads.com/products/emax-rsiii-series-2207-1800kv-motor-1,EMAX RSIII Series 2207 2100Kv Motor
FLYF-2207-2050,FlyFishRC,Sword 2207,2050,https://www.racedayquads.com/products/flyfishrc-sword-2207-2050kv-motor-non-unibell-black,FlyFishRC Sword 2207 2050Kv Motor - Black
VCI-1404-4000,VCI,SPARK 1404,4000,https://www.racedayquads.com/products/vci-hobby-spark-1404-motor-4000kv,VCI Hobby Spark 1404 Motor - 4000KV
AXIS-2006-2750,AXIS,C206 2006,2750,https://www.racedayquads.com/products/axisflying-c206-2006-motor-2750kv,Axisflying C206 2006 Motor - 2750KV
HAPP-1102-10000-2,HappyModel,RS1102,10000,https://www.racedayquads.com/products/happymodel-rs1102-motor-10000kv,Happymodel RS1102 Motor - 10000KV
FLYW-1002-800,FLYWOO,ROBO 1002 19,800,https://www.racedayquads.com/products/flywoo-robo-1002-19800kv-micro-motor,"Flywoo Robo 1002 19,800Kv Micro Motor"
FLAS-2306.5-1900,FLASHHOBBY,KING 2306.5,1900,https://www.racedayquads.com/products/flash-hobby-king-2306-5-1900kv-motor,Flash Hobby King 2306.5 1900Kv Motor
VCI-1605-3650,VCI,SPARK 1605,3650,https://www.racedayquads.com/products/vci-hobby-spark-1605-motor-3650kv,VCI Hobby Spark 1605 Motor - 3650KV
BETA-0702-36000-2,BetaFPV,CHAMPION 0702,36000,https://www.racedayquads.com/products/betafpv-champion-0702-motor-4-pcs-36000kv,BETAFPV Champion 0702 Motor (4 Pcs) - 36000KV
VCI-2406-1550,VCI,SPARK 2406,1550,https://www.racedayquads.com/products/vci-hobby-spark-2406-motor-1550kv,VCI Hobby Spark 2406 Motor - 1550KV
VCI-1204-5600,VCI,SPARK 1204,5600,https://www.racedayquads.com/products/vci-hobby-spark-1204-motor-2-pcs-5600kv,VCI Hobby Spark 1204 Motor (2 Pcs) - 5600KV
VCI-2207-2160,VCI,2207 LT,2160,https://www.racedayquads.com/products/vci-hobby-2207-lt-motor-2160kv-fire,VCI Hobby 2207 LT Motor - 2160KV (Fire)
GEPR-2306-1860,GEPRC,SPEEDX2 2306E,1860,https://www.racedayquads.com/products/geprc-speedx2-2306e-motor-1860kv,GEPRC SPEEDX2 2306E Motor - 1860KV
GEPR-2407-1750,GEPRC,SPEEDX2 2407E,1750,https://www.racedayquads.com/products/geprc-speedx2-2407e-motor-1750kv,GEPRC SPEEDX2 2407E Motor - 1750KV
GEPR-2207-1960,GEPRC,SPEEDX2 2207E,1960,https://www.racedayquads.com/products/geprc-speedx2-2207e-motor-1960kv,GEPRC SPEEDX2 2207E Motor - 1960KV
MAD-4530-380,MAD,TBS LIFTER CM4530 IPE V1 5384,380,https://www.racedayquads.com/products/tbs-mad-lifter-cm4530-ipe-v1-5384-motor-380kv,TBS Mad Lifter CM4530 IPE V1 5384 Motor - 380KV
LUME-3120-500,Lumenier,TOURQ 3120,500,https://www.racedayquads.com/products/lumenier-tourq-3120-fpv-motor-500kv,Lumenier TOURQ 3120 FPV Motor - 500KV
AXIS-2006-1960,AXIS,C206 2006,1960,https://www.racedayquads.com/products/axisflying-c206-2006-motor-1960kv,Axisflying C206 2006 Motor - 1960KV
IFLI-2208-1800-2,iFlight,XING 2208,1800,https://www.racedayquads.com/products/iflight-xing-2208-motor-1800kv,iFlight XING 2208 Motor - 1800KV
BETA-0702-30000-2,BetaFPV,0702 II,30000,https://www.racedayquads.com/products/betafpv-0702-ii-motors-4pcs-30000kv,BETAFPV 0702 II Motors (4pcs) - 30000KV
TMOT-5220-220,T-Motor,AT5220A,220,https://www.racedayquads.com/products/t-motor-at5220a-20-25cc-long-shaft-fixed-wing-power-motor-220kv,T-Motor AT5220A 20-25CC Long Shaft Fixed Wing Power Motor - 220KV
TMOT-2406-2060,T-Motor,PACER V4 P2406 JUICY 2406,2060,https://www.racedayquads.com/products/t-motor-pacer-v4-p2406-juicy-2406-motor-2060kv,T-Motor Pacer V4 P2406 Juicy 2406 Motor - 2060KV
TMOT-2207-2150,T-Motor,F50 2207,2150,https://www.racedayquads.com/products/t-motor-f50-2207-5-racing-motor-2150kv-2200kv,"T-Motor F50 2207 5"" Racing Motor - 2150KV/2200KV"
TMOT-2207-2200,T-Motor,F50 2207,2200,https://www.racedayquads.com/products/t-motor-f50-2207-5-racing-motor-2150kv-2200kv,"T-Motor F50 2207 5"" Racing Motor - 2150KV/2200KV"
TMOT-0802-27000,T-Motor,M0802 II,27000,https://www.racedayquads.com/products/t-motor-m0802-ii-micro-motor-27000kv,T-Motor M0802 II Micro Motor - 27000Kv
AMAX-2808-1400,AMAX,COMPETITION 2808,1400,https://www.racedayquads.com/products/amax-competition-2808-1400kv-motor,Amax Competition 2808 1400Kv Motor
TMOT-2207-1500,T-Motor,VELOX V2207 V3.0 2207,1500,https://www.racedayquads.com/products/t-motor-velox-v2207-v3-0-2207-1500kv-motor,T-Motor Velox V2207 V3.0 2207 1500Kv Motor
TMOT-2306-1500,T-Motor,VELOX V2306 V3.0 2306,1500,https://www.racedayquads.com/products/t-motor-velox-v3-2306-motor-choose-your-kv,T-Motor Velox V2306 V3.0 2306 1500Kv Motor
TMOT-2208-1750,T-Motor,IT'S 2208,1750,https://www.racedayquads.com/products/t-motor-its-2208-1750kv,T-Motor IT'S 2208 1750Kv
TMOT-2306.5-1750,T-Motor,IT'S 2306.5,1750,https://www.racedayquads.com/products/t-motor-its-2306-5-1750kv-olive-green,T-Motor IT'S 2306.5 - 1750Kv
WEBL-0702-X,weBLEEDfpv,0702 40 SKRRRT W/KNURLED SHAFT DESIGN,,https://www.racedayquads.com/products/webleedfpv-0702-40-000kv-skrrrt-w-knurled-shaft-design-set-of-4-motors,"weBLEEDfpv 0702 40,000kv SKRRRT Micro Motors w/Knurled Shaft Design SET OF (4 MOTORS)"
VCI-2208-1850,VCI,SPARK 2208,1850,https://www.racedayquads.com/products/vci-hobby-2208-1850kv-motor,VCI Hobby Spark 2208 1850Kv Motor
VCI-0702-29000,VCI,SPARK 0702,29000,https://www.racedayquads.com/products/vci-hobby-spark-0702-29000kv-micro-motor-4-pack,VCI Hobby Spark 0702 29000Kv Micro Motor - 4 Pack
VCI-0702-22000,VCI,SPARK 0702,22000,https://www.racedayquads.com/products/vci-hobby-spark-0702-22000kv-micro-motor-4-pack,VCI Hobby Spark 0702 22000Kv Micro Motor - 4 Pack
VCI-0703-16500,VCI,SPARK 0703,16500,https://www.racedayquads.com/products/vci-hobby-spark-0703-16500kv-micro-motor-4-pack,VCI Hobby Spark 0703 16500Kv Micro Motor - 4 Pack
ETHI-2507-1750,ETHIX,KONASTY MOON BOOT V2 2507 ARMY,1750,https://www.racedayquads.com/products/ethix-konasty-moon-boot-v2-2507-1750kv-motor-army-green,Ethix Konasty Moon Boot V2 2507 1750Kv Motor - Army Green
ETHI-1507-2800,ETHIX,FLAT RATS V2 1507 T-MOUNT,2800,https://www.racedayquads.com/products/ethix-flat-rats-v2-1507-2800kv-t-mount-motor-1-5mm-shaft,Ethix Flat Rats V2 1507 2800KV T-Mount Motor (1.5mm Shaft)
ETHI-2507-2200,ETHIX,KONASTY MOON BOOT V2 2507 ARMY,2200,https://www.racedayquads.com/products/ethix-konasty-moon-boot-v2-2507-2200kv-motor-army-green,Ethix Konasty Moon Boot V2 2507 2200Kv Motor - Army Green
ETHI-2307-1950,ETHIX,MR STEELE STOUT V5 2307,1950,https://www.racedayquads.com/products/ethix-mr-steele-stout-v5-2307-1950kv-motor-blue,Ethix Mr Steele Stout V5 2307 1950Kv Motor - Blue
ETHI-2307-1750,ETHIX,MR STEELE SILK V5 2307,1750,https://www.racedayquads.com/products/ethix-mr-steele-silk-v5-2307-1750kv-motor-choose-color,Ethix Mr Steele Silk V5 2307 1750Kv Motor - Choose Color
AMAX-1102-17000,AMAX,COMPETITION 1102,17000,https://www.racedayquads.com/products/draft-amax-competition-1102-17000kv-micro-motor,AMAX Competition 1102 17000Kv Micro Motor
AMAX-1102-11000,AMAX,COMPETITION 1102,11000,https://www.racedayquads.com/products/draft-amax-competition-1102-11000kv-micro-motor,AMAX Competition 1102 11000Kv Micro Motor
AMAX-1304-4500,AMAX,COMPETITION 1304,4500,https://www.racedayquads.com/products/draft-amax-competition-1304-4500kv-motor,AMAX Competition 1304 4500Kv Motor
AMAX-1304-6000,AMAX,COMPETITION 1304,6000,https://www.racedayquads.com/products/draft-amax-competition-1304-6000kv-motor,AMAX Competition 1304 6000Kv Motor
AMAX-2004-2600,AMAX,COMPETITION 2004T,2600,https://www.racedayquads.com/products/draft-amax-competition-2004t-2600kv-motor,AMAX Competition 2004T 2600Kv Motor
AMAX-2806-1300,AMAX,COMPETITION 2806,1300,https://www.racedayquads.com/products/draft-amax-competition-2806-1300kv-motor,AMAX Competition 2806 1300Kv Motor
AMAX-2806-1800,AMAX,COMPETITION 2806,1800,https://www.racedayquads.com/products/draft-amax-competition-2806-1800kv-motor,AMAX Competition 2806 1800Kv Motor
AXIS-2006-2500,AXIS,C206 2006,2500,https://www.racedayquads.com/products/draft-axis-flying,Axis Flying C206 2006 2500Kv T-Mount Motor
TBS-2814-1030,TBS,CAIPIRINHA 2 2814,1030,https://www.racedayquads.com/products/tbs-caipirinha-2-motor,TBS Caipirinha 2 2814 1030Kv Motor
TMOT-0802-25000,T-Motor,M0802 II,25000,https://www.racedayquads.com/products/t-motor-m0802-ii-micro-motor-25000kv,T-Motor M0802 II Micro Motor - 25000Kv
IFLI-3106-1200,iFlight,XING2 3106,1200,https://www.racedayquads.com/products/iflight-xing2-3106-1200kv-motor,iFlight XING2 3106 1200Kv Motor
UMMA-1605-3800,UMMAGAWD,AEROLITE 1605,3800,https://www.racedayquads.com/products/ummagawd-aerolite-1605-3800kv-micro-motor-gunmetal-purple,Ummagawd Aerolite 1605 3800Kv Micro Motor - Gunmetal & Purple
TMOT-3120-700,T-Motor,V3120 3120,700,https://www.racedayquads.com/products/t-motor-v3120-3120-700kv-motor,T-Motor V3120 3120 700Kv Motor
TMOT-2207.5-2020,T-Motor,F60 PRO,2020,https://www.racedayquads.com/products/draft-t-motor-f60-pro-v-lv-2020kv-motor,T-Motor F60 2207.5 Pro V-LV 2020Kv Motor
TMOT-3115-900,T-Motor,V3115 3115,900,https://www.racedayquads.com/products/t-motor-v3115-3115-900kv-motor,T-Motor V3115 3115 900Kv Motor
TMOT-3115-640,T-Motor,V3115 3115,640,https://www.racedayquads.com/products/t-motor-v3115-3115-640kv-motor,T-Motor V3115 3115 640Kv Motor
AXIS-1507-3750,AXIS,C157-2 1507,3750,https://www.racedayquads.com/products/axisflying-c157-2-1507-3750kv-micro-motor,AxisFlying C157-2 1507 3750Kv Micro Motor
AMAX-2207-1950-2,AMAX,COMPETITION BANDO 2207,1950,https://www.racedayquads.com/products/amaxinno-competition-bando-2207-1950kv-motor,AMAX Competition Bando 2207 1950Kv Motor
RCIN-2206.5-2420,RCinPower,WASP MAJOR 22.6-6.5 2206.5,2420,https://www.racedayquads.com/products/rcinpower-wasp-major-22-6-6-6-2420kv-motor-gold,RCinPOWER Wasp Major 22.6-6.5 2206.5 2420Kv Motor - Gold
RCIN-2206.5-1860,RCinPower,WASP MAJOR 22.6-6.5 2206.5,1860,https://www.racedayquads.com/products/rcinpower-wasp-major-22-6-6-6-1860kv-motor-gold,RCinPOWER Wasp Major 22.6-6.5 2206.5 1860Kv Motor - Gold
VCI-2207-2100,VCI,SPARK 2207 PRO YUKI,2100,https://www.racedayquads.com/products/vci-spark-2207-pro-2100kv-motor,VCI Spark 2207 Pro 2100Kv Motor
FIVE-2207-2070,Five33,2207 CHAMPIONS W/ MR30,2070,https://www.racedayquads.com/products/five33-2207-champions-edition-2070kv-motor-w-mr30,FIVE33 2207 “Champions Edition” 2070kv Motor w/ MR30
NEWB-0802-25000,NewBeeDrone,0802,25000,https://www.racedayquads.com/products/newbeedrone-hummingbird-0802-25-000kv-micro-motor-4-pack,NewBeeDrone HummingBird 0802 25000Kv Micro Motor 4 pack
AXIS-2204.5-1900,AXIS,C224 2204.5,1900,https://www.racedayquads.com/products/axisflying-c224-2204-5-1900kv-motor,AxisFlying C224 2204.5 1900Kv Motor
GEPR-2809-1280,GEPRC,SPEEDX2 2809,1280,https://www.racedayquads.com/products/geprc-speedx2-2809-1280kv-motor,GEPRC SPEEDX2 2809 1280Kv Motor
BETA-2022-22000,BetaFPV,2022 1102,22000,https://www.racedayquads.com/products/betafpv-1102-22000kv-motor-4-pack-choose-your-color,BetaFPV 2022 Series 1102 22000Kv Micro/Whoop Motor 4 Pack - Choose Your Color
FPVC-1300-1300,FPVCYCLE,28MM 1300,1300,https://www.racedayquads.com/products/fpv-cycle-28mm-1300kv-motor,FPV Cycle 28mm 1300Kv Motor
TMOT-2306-1950,T-Motor,VELOX V2306 V3.0 2306,1950,https://www.racedayquads.com/products/t-motor-velox-v2306-v3-0-2306-1950kv-motor,T-Motor Velox V2306 V3.0 2306 1950Kv Motor
TMOT-2306-2550,T-Motor,VELOX V2306 V3.0 2306,2550,https://www.racedayquads.com/products/t-motor-velox-v3-0-v2306-2306-2550kv-motor,T-Motor Velox V2306 V3.0 2306 2550Kv Motor
TMOT-2306-1750,T-Motor,VELOX V2306 V3.0 2306,1750,https://www.racedayquads.com/products/t-motor-velox-v3-0-v2306-2306-1750kv-motor,T-Motor Velox V2306 V3.0 2306 1750Kv Motor
TMOT-2207-2550,T-Motor,VELOX V2207 V3.0 2207,2550,https://www.racedayquads.com/products/t-motor-velox-v3-0-v2207-2207-2550kv-motor,T-Motor Velox V2207 V3.0 2207 2550Kv Motor
TMOT-2207-2050,T-Motor,VELOX V2207 V3.0 2207,2050,https://www.racedayquads.com/products/t-motor-velox-v3-0-v2207-2207-2050kv-motor,T-Motor Velox V2207 V3.0 2207 2050Kv Motor
TMOT-2207-1750,T-Motor,VELOX V2207 V3.0 2207,1750,https://www.racedayquads.com/products/t-motor-velox-v3-0-v2207-2207-1750kv-motor,T-Motor Velox V2207 V3.0 2207 1750Kv Motor
HAPP-0702-28000,HappyModel,SE0702 0702,28000,https://www.racedayquads.com/products/happymodel-se0702-0702-28000kv-micro-motor-choose-rotation,HappyModel SE0702 0702 28000Kv Micro Motor - Choose Rotation
BETA-0702-25000-2,BetaFPV,0702SE 0702 BRASS BUSHINGS,25000,https://www.racedayquads.com/products/betafpv-0702se-0702-25000kv-brass-bushings-micro-motor-4-pack,BetaFPV 0702SE 0702 25000Kv Brass Bushings Micro Motor 4 Pack
FOXE-1507-4150,Foxeer,DATURA 1507,4150,https://www.racedayquads.com/products/foxeer-datura-1507-4150kv-micro-motor,Foxeer Datura 1507 4150Kv Micro Motor
FOXE-1507-2750,Foxeer,DATURA 1507,2750,https://www.racedayquads.com/products/foxeer-datura-1507-2750kv-motor,Foxeer Datura 1507 2750Kv Micro Motor
FETT-1404-3850,FETTEC,FM1404T 1404,3850,https://www.racedayquads.com/products/fettec-fm1404t-1404-3850kv-micro-motor-silver,FETtec FM1404T 1404 3850Kv Micro Motor - Silver
TMOT-2207.5-1750,T-Motor,F60 PRO,1750,https://www.racedayquads.com/products/t-motor-f60-pro-iv-v2-2207-5-1750kv-racing-motor-grey,T-Motor F60 Pro IV V2 2207.5 1750Kv Motor - Grey
AXIS-2207-1975,AXIS,BLACKBIRD V3 2207,1975,https://www.racedayquads.com/products/axisflying-blackbird-v3-2207-1975kv-motor,AxisFlying Blackbird V3 2207 1975Kv Motor
UMMA-1605-3600,UMMAGAWD,AEROLITE 1605,3600,https://www.racedayquads.com/products/ummagawd-aerolite-1605-3600kv-motor-gunmetal-blue,Ummagawd Aerolite 1605 3600Kv Micro Motor - Gunmetal & Blue
RCIN-2207-2100,RCinPower,MCK GTS V4 2207,2100,https://www.racedayquads.com/products/rcinpower-mck-gts-v4-2207-2100kv-motor,RCinPOWER MCK GTS V4 2207 2100Kv Motor
TMOT-0703-19000,T-Motor,M0703,19000,https://www.racedayquads.com/products/t-motor-m0703-19000kv-micro-motor-1-0mm-shaft,T-Motor M0703 19000Kv Micro Motor (1.0mm Shaft)
BROT-2205-2140,BrotherHobby,R3.5 2205,2140,https://www.racedayquads.com/products/brotherhobby-r3-5-2205-2140kv-brushless-motor,BrotherHobby R3.5 2205 2140Kv Motor
TMOT-1002-18000,T-Motor,M1002 1002,18000,https://www.racedayquads.com/products/t-motor-m1002-18000kv-micro-motor,T-Motor M1002 1002 18000Kv Micro Motor (1.5mm Shaft)
TMOT-1804-2400,T-Motor,PACER P1804 1804,2400,https://www.racedayquads.com/products/t-motor-p1804-2400kv-motor-choose-version,T-Motor Pacer P1804 1804 2400Kv Motor - Choose Version
AXIS-2207-2020,AXIS,CNHL SPEEDYPIZZA DIAVOLA 2207,2020,https://www.racedayquads.com/products/cnhl-speedy-pizza-axis-flying-diavola-2207-2020kv-brushless-motors,CNHL SpeedyPizza AxisFlying Diavola 2207 2020Kv Brushless Motor
AXIS-2207-1960-3,AXIS,CNHL SPEEDYPIZZA DIAVOLA 2207,1960,https://www.racedayquads.com/products/cnhl-speedy-pizza-axisflying-diavola-2207-1960kv-brushless-motors,CNHL SpeedyPizza AxisFlying Diavola 2207 1960Kv Brushless Motor
TMOT-2306.8-2150,T-Motor,F40 PRO,2150,https://www.racedayquads.com/products/t-motor-f40-pro-v-2306-8-2150kv-brushless-motor,T-Motor F40 Pro V 2306.8 2150Kv Brushless Motor
TMOT-2306.3-2500,T-Motor,SLATTS 2306.3,2500,https://www.racedayquads.com/products/t-motor-slatts-2306-3-2500kv-motor-choose-color,T-Motor Slatts 2306.3 2500Kv Motor - Choose Color
FIVE-1404-4533,Five33,TINYTRAINER 1404,4533,https://www.racedayquads.com/products/five33-tiny-trainer-1404-4533kv-micro-motor,FIVE33 TinyTrainer 1404 4533Kv Micro Motor
FIVE-2207-1960,Five33,HEADSUP 2207,1960,https://www.racedayquads.com/products/five33-headsup-2207-1960kv-motor,FIVE33 HeadsUp 2207 1960Kv Motor
NEWB-0802-19000,NewBeeDrone,0802,19000,https://www.racedayquads.com/products/newbeedrone-flow-0802-19000kv-micro-motor-4-pack,NewBeeDrone Flow 0802 19000Kv Micro Motor 4 Pack
TMOT-2306.5-1950,T-Motor,VELOX V2 V2306.5,1950,https://www.racedayquads.com/products/t-motor-velox-v2-v2306-5-1950kv-motor,T-Motor Velox V2 V2306.5 1950Kv Motor
TMOT-1604-3800,T-Motor,PACER 1604,3800,https://www.racedayquads.com/products/t-motor-pacer-1604-3800kv-motor,T-Motor Pacer 1604 3800Kv Motor
TMOT-1604-2850,T-Motor,PACER 1604,2850,https://www.racedayquads.com/products/t-motor-pacer-1604-2850kv-motor,T-Motor Pacer 1604 2850Kv Motor
FOXE-2105.5-2650,Foxeer,DATURA 2105.5,2650,https://www.racedayquads.com/products/foxeer-datura-2105-5-2650kv-motor,Foxeer Datura 2105.5 2650Kv Motor
AXIS-2004-3500,AXIS,C204 2004 T-MOUNT,3500,https://www.racedayquads.com/products/axis-flying-c204-2004-3500kv-motor,AxisFlying C204 2004 3500Kv T-Mount Motor
TMOT-1103-11000,T-Motor,M1103,11000,https://www.racedayquads.com/products/t-motor-m1103-11000kv-micro-motor,T-Motor M1103 11000Kv Micro Motor
AXIS-2004-2910-2,AXIS,C204 2004 T-MOUNT,2910,https://www.racedayquads.com/products/axis-flying-c204-2910kv-motor,AxisFlying C204 2004 2910Kv T-Mount Motor
GEPR-0803-11000,GEPRC,SPEEDX2 0803,11000,https://www.racedayquads.com/products/geprc-speedx2-0803-micro-motor-11000kv,GEPRC SPEEDX2 0803 11000Kv Micro/Whoop Motor
TMOT-1103-8000,T-Motor,M1103,8000,https://www.racedayquads.com/products/t-motor-m1103-8000kv-micro-motor,T-Motor M1103 8000Kv Micro Motor
TMOT-0802-25000-2,T-Motor,M0802 0802 BLACK BLUE BELL,25000,https://www.racedayquads.com/products/t-motor-m0802-25000kv-micro-motor-choose-your-color,T-Motor M0802 0802 25000Kv Micro Motor - Black&Blue Bell
TMOT-2207.5-1950,T-Motor,F60 PRO,1950,https://www.racedayquads.com/products/t-motor-f60-pro-lv-1950kv-racing-motor-red-grey,T-Motor F60 Pro V-LV 2207.5 1950Kv Racing Motor - Red
TMOT-2306.3-1700,T-Motor,SLATTS 2306.3,1700,https://www.racedayquads.com/products/t-motor-slatts-2306-3-1700kv,T-Motor Slatts 2306.3 1700Kv Motor
TMOT-3008-1155,T-Motor,V3008,1155,https://www.racedayquads.com/products/copy-of-t-motor-v3008-1155kv-motor,T-Motor V3008 1155Kv Motor
TMOT-2808-1500,T-Motor,V2808,1500,https://www.racedayquads.com/products/t-motor-v2808-1500kv-motor,T-Motor V2808 1500Kv Motor
TMOT-2808-1300,T-Motor,V2808,1300,https://www.racedayquads.com/products/t-motor-v2808-1300kv-motor,T-Motor V2808 1300Kv Motor
AXIS-2207-1960-4,AXIS,AE 2207,1960,https://www.racedayquads.com/products/axis-flying-ae2207-1960kv-motor,AxisFlying AE 2207 1960Kv Motor
AXIS-2207-1850,AXIS,AE 2207,1850,https://www.racedayquads.com/products/axis-flying-ae2207-1850kv-motor,AxisFlying AE 2207 1850Kv Motor
TMOT-2207.5-2550,T-Motor,F60 PRO,2550,https://www.racedayquads.com/products/t-motor-f60-pro-v-2550kv-motor-gray,T-Motor F60 Pro V 2207.5 2550Kv Motor - Gray
TMOT-2306-1950-2,T-Motor,PACER V3-2 2306,1950,https://www.racedayquads.com/products/t-motor-pacer-v3-2306-1950kv-motor,T-Motor Pacer V3-2 2306 1950Kv Motor
TMOT-2306-1750-2,T-Motor,PACER V3-2 2306,1750,https://www.racedayquads.com/products/t-motor-pacer-v3-2306-1750kv-motor,T-Motor Pacer V3-2 2306 1750Kv Motor
TMOT-2207-1750-2,T-Motor,PACER V3.2 2207,1750,https://www.racedayquads.com/products/t-motor-pacer-v3-2207-1750kv-motor,T-Motor Pacer V3.2 2207 1750Kv Motor
NEWB-2306.5-2450,NewBeeDrone,SMOOV V2 2306.5,2450,https://www.racedayquads.com/products/newbeedrone-smoov-2306-5-2450kv-motor,NewBeeDrone Smoov V2 2306.5 2450Kv Motor
TMOT-2306-2550-2,T-Motor,PACER V3-2 2306,2550,https://www.racedayquads.com/products/t-motor-pacer-v3-2306-2550kv-motor,T-Motor Pacer V3.2 2306 2550KV Motor
TMOT-2207-2550-2,T-Motor,PACER V3.2 2207,2550,https://www.racedayquads.com/products/t-motor-pacer-v3-2207-2550kv-motor,T-Motor Pacer V3.2 2207 2550Kv Motor
TMOT-2207-2080,T-Motor,PACER V3.2 2207,2080,https://www.racedayquads.com/products/t-motor-pacer-v3-2207-2080kv-motor,T-Motor Pacer V3.2 2207 2080Kv Motor
TMOT-2207-1950,T-Motor,PACER V3.2 2207,1950,https://www.racedayquads.com/products/t-motor-pacer-v3-2207-1950kv-motor,T-Motor Pacer V3.2 2207 1950Kv Motor
RUSH-2207-1960,RUSH,REACTOR TRAINING 2207,1960,https://www.racedayquads.com/products/rush-fpv-reactor-training-2207-1960kv-motor,RUSHFPV Reactor Training 2207 1960Kv Motor
RUSH-2505.5-2000,RUSH,VROOM FAROUK 2505.5,2000,https://www.racedayquads.com/products/rush-fpv-vroom-farouk-2505-5-2000kv-motor,RUSHFPV Vroom Farouk 2505.5 2000Kv Motor
FOXE-1404-3850,Foxeer,DATURA 1404,3850,https://www.racedayquads.com/products/foxeer-datura-1404-3850kv-micro-motor,Foxeer Datura 1404 3850Kv Micro Motor
TMOT-2505-1850,T-Motor,PACER 2505 PALE ROSE,1850,https://www.racedayquads.com/products/t-motor-pacer-2505-1850kv-motor,T-Motor Pacer 2505 1850Kv Motor - Pale Rose
TMOT-2806.5-1950,T-Motor,F90,1950,https://www.racedayquads.com/products/t-motor-f90-2806-5-1950kv-motor,T-Motor F90 2806.5 1950Kv Motor
HAPP-0802-16000,HappyModel,SE 0802,16000,https://www.racedayquads.com/products/happymodel-se0802-16000kv-1-2s-whoop-micro-motor-for-mobula7-cw,HappyModel SE0802 16000Kv 1-2S Whoop/Micro Motor - CW
FPVC-X-11400,FPVCYCLE,13MM,11400,https://www.racedayquads.com/products/fpv-cycle-13mm-11400kv-micro-motor,FPV Cycle 13mm 11400Kv Micro Motor
TMOT-1203-7000,T-Motor,F1203,7000,https://www.racedayquads.com/products/t-motor-1203-7000kv-micro-motor,T-Motor F1203 7000Kv Micro Motor
TMOT-1408-3950,T-Motor,F1408-II 1408,3950,https://www.racedayquads.com/products/t-motor-f1408-1408-3950kv-motor,T-Motor F1408-II 1408 3950Kv Motor
TMOT-2207.5-1950-2,T-Motor,VELOX V2 2207.5,1950,https://www.racedayquads.com/products/t-motor-velox-v2-2207-5-1950kv-motor-royal-blue,T-Motor VELOX V2 2207.5 1950Kv Motor - Royal Blue
FPVC-2150-2150,FPVCYCLE,25MM IMPERIAL 2150,2150,https://www.racedayquads.com/products/fpv-cycle-25mm-imperial-2150kv-motor,FPV Cycle 25mm Imperial 2150Kv Motor
FPVC-6350-6350,FPVCYCLE,13MM,6350,https://www.racedayquads.com/products/fpv-cycle-13mm-6350kv-motor,FPV Cycle 13mm 6350Kv Motor
IFLI-2306-2450-2,iFlight,XING-E PRO 2306,2450,https://www.racedayquads.com/products/iflight-xing-2306-2450kv-motor,iFlight Xing 2306 2450Kv Motor
BROT-2207-2400,BrotherHobby,VS 2207,2400,https://www.racedayquads.com/products/brotherhobby-vs-2207-2400kv-motor,BrotherHobby VS 2207 2400Kv Motor
FPVC-5000-5000,FPVCYCLE,13MM,5000,https://www.racedayquads.com/products/fpv-cycle-13mm-5000kv-micro-motor,FPV Cycle 13mm 5000Kv Micro Motor
TMOT-2203.5-3550,T-Motor,2203.5,3550,https://www.racedayquads.com/products/t-motor-2203-5-3550kv-micro-motor,T-Motor 2203.5 3550Kv Micro Motor
TMOT-2207.5-1750-2,T-Motor,VELOX V2 2207.5,1750,https://www.racedayquads.com/products/t-motor-velox-v2-2207-5-1750kv-motor-royal-blue,T-Motor VELOX V2 2207.5 1750Kv Motor - Royal Blue
TMOT-2208-1750-2,T-Motor,VELOX V2 2208,1750,https://www.racedayquads.com/products/t-motor-velox-v2-2208-1750kv-motor-grey,T-Motor VELOX V2 2208 1750Kv Motor - Grey
TMOT-2208-1950,T-Motor,VELOX V2 2208,1950,https://www.racedayquads.com/products/t-motor-velox-v2-2208-1950kv-motor-grey,T-Motor VELOX V2 2208 1950Kv Motor - Grey
TMOT-2203.5-1500,T-Motor,2203.5,1500,https://www.racedayquads.com/products/t-motor-2203-5-1500kv-micro-motor,T-Motor 2203.5 1500Kv Micro Motor
TMOT-2306-2400,T-Motor,VELOX V2 2306,2400,https://www.racedayquads.com/products/t-motor-velox-v2-2306-2400kv-motor,T-Motor VELOX V2 2306 2400Kv Motor
TMOT-2306-1950-3,T-Motor,VELOX V2 2306,1950,https://www.racedayquads.com/products/t-motor-velox-v2-2306-1950kv-motor,T-Motor VELOX V2 2306 1950Kv Motor
TMOT-2207-1950-2,T-Motor,VELOX V2 2207,1950,https://www.racedayquads.com/products/t-motor-velox-v2-2207-1950kv-motor,T-Motor VELOX V2 2207 1950Kv Motor
EMAX-2207-1700-2,EMAX,ECO II 2207,1700,https://www.racedayquads.com/products/emax-eco-ii-series-2207-1700kv-motor,EMAX ECO II Series 2207 1700Kv Motor
RCIN-1202.5-6000,RCinPower,GTS-V2 1202.5,6000,https://www.racedayquads.com/products/rcinpower-gts-v2-1202-5-6000kv-motor,RCinPOWER GTS-V2 1202.5 6000Kv Micro Motor
TMOT-2207-2550-3,T-Motor,VELOX V2 2207,2550,https://www.racedayquads.com/products/t-motor-velox-2207-2550kv-motor-1,T-Motor VELOX V2 2207 2550Kv Motor
BROT-2507-1850,BrotherHobby,AVENGER 2507 V2,1850,https://www.racedayquads.com/products/avenger-v2-2507-1850kv-4-6s-long-range-fpv-motor-by-brotherhobby,BrotherHobby Avenger V2 2507 1850Kv Motor
TMOT-1900-1900,T-Motor,F80 PRO 1900,1900,https://www.racedayquads.com/products/t-motor-f80-pro-1900kv-racing-motor,T-Motor F80 Pro 1900Kv Racing Motor
BROT-2408.5-1322,BrotherHobby,HYPERLITE 2408.5 TEAM,1322,https://pyrodrone.com/products/hyperlite-2408-5-team-edition-choose-kv,HYPERLITE 2408.5 TEAM EDITION (CHOOSE KV)
BROT-2408.5-1622,BrotherHobby,HYPERLITE 2408.5 TEAM,1622,https://pyrodrone.com/products/hyperlite-2408-5-team-edition-choose-kv,HYPERLITE 2408.5 TEAM EDITION (CHOOSE KV)
BROT-2408.5-1922,BrotherHobby,HYPERLITE 2408.5 TEAM,1922,https://pyrodrone.com/products/hyperlite-2408-5-team-edition-choose-kv,HYPERLITE 2408.5 TEAM EDITION (CHOOSE KV)
BROT-2408.5-2222,BrotherHobby,HYPERLITE 2408.5 TEAM,2222,https://pyrodrone.com/products/hyperlite-2408-5-team-edition-choose-kv,HYPERLITE 2408.5 TEAM EDITION (CHOOSE KV)
BROT-2408.5-2522,BrotherHobby,HYPERLITE 2408.5 TEAM,2522,https://pyrodrone.com/products/hyperlite-2408-5-team-edition-choose-kv,HYPERLITE 2408.5 TEAM EDITION (CHOOSE KV)
XNOV-1804-2400-2,XNOVA,1804 LIGHTNING,2400,https://pyrodrone.com/products/xnova-1804-fpv-series-combo-4-pcs-choose-kv,Xnova 1804 Lightning Racing FPV Series Combo 4 Pcs - Choose KV
XNOV-1804-3100-2,XNOVA,1804 LIGHTNING,3100,https://pyrodrone.com/products/xnova-1804-fpv-series-combo-4-pcs-choose-kv,Xnova 1804 Lightning Racing FPV Series Combo 4 Pcs - Choose KV
XNOV-1804-3500-2,XNOVA,1804 LIGHTNING,3500,https://pyrodrone.com/products/xnova-1804-fpv-series-combo-4-pcs-choose-kv,Xnova 1804 Lightning Racing FPV Series Combo 4 Pcs - Choose KV
HAPP-1103-11000-2,HappyModel,EX1103 BASELINE,11000,https://pyrodrone.com/products/happymodel-ex1103-11000kv-brushless-fpv-drone-motor-for-happymodel-baseline-1-pc,Happymodel EX1103 11000KV Brushless FPV Drone Motor for Happymodel Baseline (1 Pc.)
BROT-2807.5-1322,BrotherHobby,HYPERLITE 2807.5 E CINELIFTER,1322,https://pyrodrone.com/products/hyperlite-2807-5-e-series-1322kv,Hyperlite 2807.5 E-Series Long Range & Cinelifter Motor - 1322KV
BETA-1102-22000-2,BetaFPV,1102,22000,https://pyrodrone.com/products/betafpv-1102-22000kv-brushless-motors-blue-for-meteor75-pro-4-pieces,BetaFPV 1102 22000KV Brushless Motors Blue for Meteor75 Pro (4 Pieces)
BROT-2812-900,BrotherHobby,AVENGER V3 2812,900,https://pyrodrone.com/products/brotherhobby-avenger-2812-motor-choose-kv,Brotherhobby Avenger 2812 V3 Motor (CHOOSE KV)
XNOV-2207-1700-2,XNOVA,LITE RACING LINE 2207,1700,https://pyrodrone.com/products/xnova-2207-lite-racing-series-combo-4-pcs,Xnova 2207 LITE Series Motor Combo 4 Pcs.
XNOV-2207-1800-2,XNOVA,LITE RACING LINE 2207,1800,https://pyrodrone.com/products/xnova-2207-lite-racing-series-combo-4-pcs,Xnova 2207 LITE Series Motor Combo 4 Pcs.
RCIN-1204-8000,RCinPower,GTS 1204,8000,https://pyrodrone.com/products/rcinpower-gts-1204-8000kv-motor-choose-color,RCINPOWER GTS 1204 8000KV Motor - Choose Color
XNOV-2808-1350,XNOVA,2808 SMOOTH LINE,1350,https://pyrodrone.com/products/xnova-2808-freestyle-smooth-line-motor-1350kv,Xnova 2808 Freestyle Smooth Line Motor -1350kv
BROT-2206.5-1722,BrotherHobby,HYPERLITE 2206.5 TEAM,1722,https://pyrodrone.com/products/copy-of-hyperlite-2206-5-2522kv-team-edition,Hyperlite 2206.5-1722KV TEAM EDITION
BROT-2807.5-1722,BrotherHobby,HYPERLITE 2807.5 E CINELIFTER,1722,https://pyrodrone.com/products/hyperlite-2807-5-e-series-1722kv,Hyperlite 2807.5 E-Series Long Range & Cinelifter Motor - 1722KV
TMOT-1604-3800-2,T-Motor,P1604,3800,https://pyrodrone.com/products/t-motor-p1604-fpv-drone-motor-3800kv,T-Motor P1604 FPV Drone Motor - 3800KV
RCIN-1207-6000,RCinPower,GTS-V2 1207,6000,https://pyrodrone.com/products/rcinpower-gts-v2-1207-6000kv-motor-choose-color,RCINPOWER GTS V2 1207 6000KV Motor - Choose Color
TMOT-2207.5-1950-3,T-Motor,VELOX VELOCE V2207.5 V2,1950,https://pyrodrone.com/products/t-motor-velox-veloce-v2207-5-v2-1950kv,T-Motor Velox Veloce V2207.5 V2 - 1950KV
TMOT-1604-2850-2,T-Motor,P1604,2850,https://pyrodrone.com/products/copy-of-t-motor-p1604-fpv-drone-motor-2850kv,T-Motor P1604 FPV Drone Motor - 2850KV
BROT-2207.5-1922,BrotherHobby,HYPERLITE 2207.5 E,1922,https://pyrodrone.com/products/hyperlite-2207-5-e-series-1922kv,Hyperlite 2207.5 E-Series Motor - 1922KV
BETA-1104-7200-2,BetaFPV,LAVA 1104 80MM WIRE QUADS,7200,https://pyrodrone.com/products/betafpv-lava-series-1104-7200kv-brushless-motor-with-80mm-wire-for-3s-2-2-quads-1pc,"BetaFPV LAVA Series 1104 7200KV Brushless Motor with 80mm Wire for 3S 2.2"" Quads (1Pc.)"
XNOV-1804-3500-3,XNOVA,T1804,3500,https://pyrodrone.com/products/xnova-t1804-fpv-racing-series-motor-3500kv-4pcs-combo,XNova T1804 FPV Racing Series Motor - 3500KV - 4PCS Combo
TBS-2207-1750,TBS,GRINDER 2207,1750,https://pyrodrone.com/products/tbs-grinder-v4-2207-1750kv-freestyle-motor,TBS Grinder V4 2207 1750KV Freestyle Motor
BROT-2810-1090,BrotherHobby,AVENGER 2810,1090,https://pyrodrone.com/products/brother-hobby-avenger-2810-1500kv,Brother Hobby Avenger 2810 (860KV-1090KV-1180KV-1500KV)
TMOT-2207-1950-3,T-Motor,VELOX V2207 V3.0 2207,1950,https://pyrodrone.com/products/t-motor-velox-v3-2207-1950kv-motor,T-Motor Velox V3 2207 1950KV Motor
RCIN-1207-7500,RCinPower,GTS-V2 1207,7500,https://pyrodrone.com/products/rcinpower-gts-v2-1207-7500kv-motor-choose-color,RCINPOWER GTS V2 1207 7500KV Motor - Choose Color
BROT-2807.5-1122,BrotherHobby,HYPERLITE 2807.5 E CINELIFTER,1122,https://pyrodrone.com/products/hyperlite-2807-5-e-series-long-range-motor-1122kv,Hyperlite 2807.5 E-Series Long Range & Cinelifter Motor- 1122KV
EMAX-0802-16000,EMAX,0802 REPLACEMENT,16000,https://pyrodrone.com/products/emax-0802-16000kv-tinyhawk-ii-replacement-brushless-motor,EMAX 0802 16000kv Tinyhawk II Replacement Brushless Motor
XNOV-2207-1850,XNOVA,FREESTYLE SMOOTH LINE 2207,1850,https://pyrodrone.com/products/xnova-2207-freestyle-smooth-line-combo-4-pcs,Xnova 2207 Freestyle smooth line Combo 4 Pcs. - Choose KV
TMOT-2806.5-1500,T-Motor,F90,1500,https://pyrodrone.com/products/t-motor-f90-2806-5-1500kv-long-range-motor,T-Motor F90 2806.5 1500KV Long Range Motor
TMOT-2200-2200,T-Motor,F80 PRO 2200,2200,https://pyrodrone.com/products/t-motor-f80-pro-2200kv-motor,T-Motor F80 PRO - 2200KV Motor
BROT-2306.5-1922,BrotherHobby,HYPERLITE 2306.5 E,1922,https://pyrodrone.com/products/hyperlite-2306-5-e-series-1922kv,Hyperlite 2306.5 E-Series Motor - 1922KV
XNOV-2208-1500-2,XNOVA,LIGHTNING 2208 V2N 4,1500,https://pyrodrone.com/products/xnova-lightning-2208-v2n-fpv-combo-4-motors,Xnova Lightning 2208 V2N FPV COMBO 4 Motors - Choose KV
XNOV-2208-1900-2,XNOVA,LIGHTNING 2208 V2N 4,1900,https://pyrodrone.com/products/xnova-lightning-2208-v2n-fpv-combo-4-motors,Xnova Lightning 2208 V2N FPV COMBO 4 Motors - Choose KV
XNOV-2208-2000,XNOVA,LIGHTNING 2208 V2N 4,2000,https://pyrodrone.com/products/xnova-lightning-2208-v2n-fpv-combo-4-motors,Xnova Lightning 2208 V2N FPV COMBO 4 Motors - Choose KV
XNOV-2208-2300-2,XNOVA,LIGHTNING 2208 V2N 4,2300,https://pyrodrone.com/products/xnova-lightning-2208-v2n-fpv-combo-4-motors,Xnova Lightning 2208 V2N FPV COMBO 4 Motors - Choose KV
XNOV-2208-2500-2,XNOVA,LIGHTNING 2208 V2N 4,2500,https://pyrodrone.com/products/xnova-lightning-2208-v2n-fpv-combo-4-motors,Xnova Lightning 2208 V2N FPV COMBO 4 Motors - Choose KV
HAPP-0702-28000-2,HappyModel,SE0702 WHOOPS,28000,https://pyrodrone.com/products/happymodel-se0702-28000kv-brushless-motor-for-1s-whoops,HappyModel SE0702 28000kv Brushless Motor for 1S Whoops - Choose Direction
TMOT-1404-2900,T-Motor,F1404,2900,https://pyrodrone.com/products/t-motor-f1404-micro-long-range-motors-2900kv,T-Motor F1404 Micro Long Range Motors 2900KV
BROT-2806.5-1300,BrotherHobby,LPD 2806.5,1300,https://pyrodrone.com/products/brotherhobby-lpd-2806-5-1300kv-motor,BrotherHobby LPD 2806.5 1300KV Motor
BROT-2206.5-2522,BrotherHobby,HYPERLITE 2206.5 TEAM,2522,https://pyrodrone.com/products/hyperlite-2206-5-2522kv-team-edition,Hyperlite 2206.5-2522KV TEAM EDITION
XNOV-2812-1100,XNOVA,2812 HEAVY LIFT,1100,https://pyrodrone.com/products/xnova-2812-heavy-lift-motor-1100kv,Xnova 2812 Heavy Lift Motor -1100kv
RCIN-1404.6-3850,RCinPower,GTS V3 1404.6,3850,https://pyrodrone.com/products/rcinpower-gts-v3-1404-6-3850kv-fpv-drone-motor-choose-color,RCINPOWER GTS V3 1404.6 3850KV FPV Drone Motor - Choose Color
EMAX-1404-4800,EMAX,ECO Micro 1404,4800,https://pyrodrone.com/products/emax-eco-micro-series-brushless-motor-1404-4800kv,Emax ECO Micro Series Brushless Motor 1404-4800kv
RCIN-1404.5-2722,RCinPower,HYPERLITE 1404.5 LR,2722,https://pyrodrone.com/products/hyperlite-1404-5-fpv-micro-lr-drone-motor-2722kv,Hyperlite 1404.5 FPV Micro LR Drone Motor - 2722KV
GEPR-2105.5-2650,GEPRC,SPEEDX2 2105.5 TOOTHPICK,2650,https://pyrodrone.com/products/geprc-speedx2-2105-5-2650kv-motor-for-3-4-inch-cinewhoop-4-5-inch-toothpick-1-pc,GEPRC SPEEDX2 2105.5 2650KV Motor for 3-4 inch Cinewhoop / 4-5 inch Toothpick (1 Pc.)
VCI-2207-2110-2,VCI,2207 PRO YUKI HIGH PERFORMANCE,2110,https://pyrodrone.com/products/vci-2207-pro-yuki-edition-high-performance-fpv-drone-motor-2110kv,VCI 2207 PRO YUKI Edition High Performance FPV Drone Motor - 2110Kv
XNOV-1404-4700,XNOVA,T1404,4700,https://pyrodrone.com/products/xnova-t1404-fpv-racing-series-motor-4700kv-4pcs-combo,XNova T1404 FPV Racing Series Motor - 4700KV - 4PCS Combo
PYRO-1804.5-2522,PYRODRONE,HYPERLITE 1804.5 UL,2522,https://pyrodrone.com/products/hyperlite-1804-5-2522kv-ul-series-by-pyrodrone,Hyperlite 1804.5-2522KV UL-Series By Pyrodrone
RCIN-1404.6-4680,RCinPower,GTS V3 1404.6,4680,https://pyrodrone.com/products/rcinpower-gts-v3-1404-6-4680kv-fpv-drone-motor-choose-color,RCINPOWER GTS V3 1404.6 4680KV FPV Drone Motor - Choose Color
RCIN-2207-1570,RCinPower,AOS Supernova 2207 (Chris Rosser),1570,https://pyrodrone.com/products/rcinpower-aos-supernova-2207-1570kv-8s-brushless-fpv-drone-motor,RCINPOWER AOS Supernova 2207 1570KV 8S Brushless FPV Drone Motor
TMOT-1104-7500,T-Motor,M1104 1104,7500,https://pyrodrone.com/products/t-motor-m1104-1104-7500kv-fpv-drone-motor-blue,T-Motor M1104 1104 7500KV FPV Drone Motor - Blue
BROT-2207.5-2222,BrotherHobby,HYPERLITE 2207.5 E,2222,https://pyrodrone.com/products/hyperlite-2207-5-e-series-2222kv,Hyperlite 2207.5 E-Series Motor - 2222KV
RCIN-1605-3900,RCinPower,AOS SUPERNOVA 1605,3900,https://pyrodrone.com/products/rcinpower-aos-supernova-1605-3900kv-brushless-fpv-drone-motor,RCINPOWER AOS Supernova 1605 3900KV Brushless FPV Drone Motor
SKYS-1404-3800,Skystars,1404,3800,https://pyrodrone.com/products/skystars-1404-brushless-motor-for-2-5-inch-to-4-inch-lighweight-drones-4s-3800kv-2-pcs,Skystars 1404 Brushless Motor for 2.5 inch to 4 inch Lighweight Drones 4S - 3800KV (2 PCS)
RCIN-1804-2450,RCinPower,GTS V3 1804,2450,https://pyrodrone.com/products/rcinpower-gts-v3-1804-2450kv-brushless-fpv-drone-motor-gun-metal-gold,RCINPOWER GTS V3 1804 2450KV Brushless FPV Drone Motor - Gun Metal/Gold
XNOV-2808-1900,XNOVA,2808 SMOOTH LINE,1900,https://pyrodrone.com/products/xnova-2808-freestyle-smooth-line-motor-1900kv,Xnova 2808 Freestyle Smooth Line Motor -1900kv
XNOV-3215-1050,XNOVA,3215 CINELIFTER LINE,1050,https://pyrodrone.com/products/xnova-3215-cinelifter-line-motor-series-1050kv,Xnova 3215 Cinelifter Line Motor Series - 1050KV
TMOT-2203.5-3550-2,T-Motor,"F2203,5",3550,https://pyrodrone.com/products/t-motor-f2203-5-3550kv-motor,T-Motor F2203.5 - 3550KV Motor
BROT-2306.5-2522,BrotherHobby,HYPERLITE 2306.5 E,2522,https://pyrodrone.com/products/hyperlite-2306-5-e-series-2522kv,Hyperlite 2306.5 E-Series Motor - 2522KV
TMOT-1303-5000,T-Motor,F1303 ULTRALITE,5000,https://pyrodrone.com/products/t-motor-f1303-5000kv-ultralite-motor,T-Motor F1303 5000KV Ultralite Motor - 2mm Shaft
VCI-2207-1950-2,VCI,SPARK 2207 PRO HIGH PERFORMANCE,1950,https://pyrodrone.com/products/vci-spark-2207-pro-high-performance-fpv-drone-motor-1950kv,VCI SPARK 2207 PRO High Performance FPV Drone Motor - 1950Kv
TMOT-2207-1950-4,T-Motor,P2207 V3,1950,https://pyrodrone.com/products/t-motor-p2207-v3-1950kv,T-Motor P2207 V3 1950KV
BROT-2207.5-1722,BrotherHobby,HYPERLITE 2207.5 E,1722,https://pyrodrone.com/products/hyperlite-2207-5-e-series-1722kv,Hyperlite 2207.5 E-Series Motor - 1722KV
FLAS-1204-5200-2,FLASHHOBBY,ARTHUR 1204,5200,https://pyrodrone.com/products/flash-hobby-arthur-1204-5200kv-micro-motor,Flash Hobby Arthur 1204 5200KV Micro Motor
GEPR-1303.5-5500,GEPRC,SPEEDX2 1303.5,5500,https://pyrodrone.com/products/geprc-speedx2-1303-5-5500kv-motor-for-2-or-2-5-inch-drones-1-pc,GEPRC SPEEDX2 1303.5 5500KV Motor for 2 or 2.5 inch Drones (1 Pc.)
TMOT-2208-1750-3,T-Motor,VELOX VELOCE V2208 V2,1750,https://pyrodrone.com/products/t-motor-velox-veloce-v2208-v2-1750kv,T-Motor Velox Veloce V2208 V2 - 1750KV
BROT-2206.5-1922,BrotherHobby,HYPERLITE 2206.5 TEAM,1922,https://pyrodrone.com/products/hyperlite-2206-5-1922kv-team-edition,Hyperlite 2206.5-1922KV TEAM EDITION
TMOT-2500-2500,T-Motor,F80 PRO 2500,2500,https://pyrodrone.com/products/t-motor-f80-pro-2500kv-motor,T-Motor F80 PRO - 2500KV Motor
TMOT-2207.5-2550-2,T-Motor,VELOX VELOCE V2207.5 V2,2550,https://pyrodrone.com/products/t-motor-velox-veloce-v2207-5-v2-2550kv,T-Motor Velox Veloce V2207.5 V2 - 2550KV
BROT-2207.5-2522,BrotherHobby,HYPERLITE 2207.5 E,2522,https://pyrodrone.com/products/hyperlite-2207-5-e-series-2522kv,Hyperlite 2207.5 E-Series Motor - 2522KV
TMOT-2208-1950-2,T-Motor,VELOX VELOCE V2208 V2,1950,https://pyrodrone.com/products/t-motor-velox-veloce-v2208-v2-1950kv,T-Motor Velox Veloce V2208 V2 - 1950KV
BROT-2808-1350,BrotherHobby,AVENGER 2808,1350,https://pyrodrone.com/products/brotherhobby-avenger-2808-1350kv-motor,BrotherHobby Avenger 2808 1350KV Motor
IFLI-2405-1800,iFlight,XING2 2405,1800,https://pyrodrone.com/products/iflight-xing2-2405-1800kv-motor,iFlight Xing2 2405 1800KV Motor
XNOV-2806.5-1700,XNOVA,2806.5 SMOOTH LINE,1700,https://pyrodrone.com/products/xnova-2806-5-freestyle-smooth-line-motor-1700kv,Xnova 2806.5 Freestyle Smooth Line Motor - 1700kv
VCI-0702-30000,VCI,0702 PRO LITE,30000,https://pyrodrone.com/products/vci-0702-pro-lite-brushless-motor-set-30000kv-4-pcs,VCI 0702 PRO LITE Brushless Motor Set - 30000KV (4 Pcs)
TMOT-1804-3400,T-Motor,PACER P1804 ULTRA LIGHT,3400,https://pyrodrone.com/products/t-motor-pacer-p1804-3400kv-5mm-shaft-ultra-light-freestyle-brushless-motor,T-Motor Pacer P1804 3400KV 5mm Shaft Ultra Light Freestyle Brushless Motor
SPEE-2006-1950,SpeedyBee,2006 BEE35,1950,https://pyrodrone.com/products/speedybee-2006-1950kv-bee35-3-5-inch-fpv-motor-4-pcs,SpeedyBee 2006 1950KV Bee35 3.5 inch FPV Motor (4 Pcs)
BROT-2205.5-2522,BrotherHobby,HYPERLITE 2205.5 E,2522,https://pyrodrone.com/products/hyperlite-2205-5-e-series-fpv-racing-motor-2522kv,Hyperlite 2205.5 E-Series FPV Racing Motor -2522KV
FLAS-2004-3150,FLASHHOBBY,2004,3150,https://pyrodrone.com/products/flash-hobby-2004-3150kv-brushless-fpv-drone-motor,Flash Hobby 2004 3150KV Brushless FPV Drone Motor
IFLI-2207-2755,iFlight,XING2 2207,2755,https://pyrodrone.com/products/iflight-xing2-2207-2755kv-motor,iFlight Xing2 2207 2755KV Motor
BROT-2208.5-2522,BrotherHobby,HYPERLITE 2208.5 TEAM,2522,https://pyrodrone.com/products/hyperlite-2208-5-2522kv-team-edition,Hyperlite 2208.5-2522KV TEAM EDITION
TMOT-2307-1950,T-Motor,VELOX VELOCE V2307 V2,1950,https://pyrodrone.com/products/t-motor-velox-veloce-v2307-v2-1950kv,T-Motor Velox Veloce V2307 V2 - 1950KV
TMOT-2505-1850-2,T-Motor,PACER P2505,1850,https://pyrodrone.com/products/t-motor-p2505-1850kv-motor,T-Motor Pacer P2505 1850KV Motor
SUB2-1002-21000,Sub250,M2 1002,21000,https://pyrodrone.com/products/sub250-m2-1002-21000kv-brushless-fpv-drone-motor-set-4-pc-choose-color,Sub250 M2 1002 21000KV Brushless FPV Drone Motor Set (4 Pc.) - Choose Color
TMOT-0802-27000-2,T-Motor,M0802 V2 0802,27000,https://pyrodrone.com/products/t-motor-m0802-0802-25000kv-fpv-drone-motor,T-Motor M0802 V2 0802 27000KV FPV Drone Motor
VCI-2207-2100-2,VCI,SPARK 2207 PRO HIGH PERFORMANCE,2100,https://pyrodrone.com/products/vci-spark-2207-pro-high-performance-fpv-drone-motor-2100kv,VCI SPARK 2207 PRO High Performance FPV Drone Motor - 2100Kv
TMOT-2207.5-2100,T-Motor,MCK 2207.5 V3,2100,https://pyrodrone.com/products/t-motor-mck-2207-5-v3-2100kv,T-MOTOR MCK 2207.5 V3 (2100KV)
IFLI-3110-900-2,iFlight,XING2 3110,900,https://pyrodrone.com/products/iflight-xing2-3110-fpv-motor-unibell-900kv,iFlight XING2 3110 FPV Motor Unibell - 900KV
RCIN-1203-8000,RCinPower,GTS V3 1203 PLUS,8000,https://pyrodrone.com/products/rcinpower-gts-v3-1203-8000kv-plus-2-3-inch-cinewhoop-micro-motor-choose-color,RCINPOWER GTS V3 1203 8000kv Plus 2-3 inch Cinewhoop Micro Motor - Choose Color
RCIN-1303-8000,RCinPower,GTS V3 1303 PLUS TEAL/PINK,8000,https://pyrodrone.com/products/rcinpower-gts-v3-1303-8000kv-plus-2-3-inch-cinewhoop-micro-motor-teal-pink,RCINPOWER GTS V3 1303 8000kv Plus 2-3 inch Cinewhoop Micro Motor - Teal/Pink
RCIN-2020-2020,RCinPower,WASP MAJOR 22.6-6.5 2020,2020,https://pyrodrone.com/products/rcinpower-wasp-major-22-6-6-5-2020kv-green,RCINPOWER WASP MAJOR 22.6-6.5 2020KV- (Green)
BETA-0802-22000-2,BetaFPV,0802 2026,22000,https://pyrodrone.com/products/betafpv-0802-brushless-motor-2026-4-pcs-choose-version,BETAFPV 0802 Brushless Motor 2026 (4 Pcs) - Choose Version
BETA-0802-25000-2,BetaFPV,0802 2026,25000,https://pyrodrone.com/products/betafpv-0802-brushless-motor-2026-4-pcs-choose-version,BETAFPV 0802 Brushless Motor 2026 (4 Pcs) - Choose Version
BETA-0802-28000-2,BetaFPV,0802 2026,28000,https://pyrodrone.com/products/betafpv-0802-brushless-motor-2026-4-pcs-choose-version,BETAFPV 0802 Brushless Motor 2026 (4 Pcs) - Choose Version
SPEE-1404-4600,SpeedyBee,1404 BEE25,4600,https://pyrodrone.com/products/speedybee-1404-4600kv-bee25-2-5-fpv-motor-4-pcs,"SpeedyBee 1404 4600KV Bee25 2.5"" FPV Motor (4 PCS)"
HAPP-1202.5-11500,HappyModel,"EX1202,5",11500,https://pyrodrone.com/products/happymodel-ex1202-5-motor-11500kv,Happymodel EX1202.5 Motor CW - 11500KV
RCIN-2105-1850-2,RCinPower,GTS V3 2105-M5 TEAL/PINK,1850,https://pyrodrone.com/products/rcinpower-gts-v3-2105-m5-1850kv-motor-teal-pink,RCINPOWER GTS V3 2105-M5 1850KV Motor - Teal/Pink
BROT-2816-1050,BrotherHobby,AVENGER 2816 CINELIFTER,1050,https://pyrodrone.com/products/brotherhobby-avenger-2816-1050kv-brushless-cinelifter-motor,BrotherHobby Avenger 2816 1050KV Brushless Cinelifter Motor
BROT-2005-2800,BrotherHobby,LA 2005,2800,https://pyrodrone.com/products/brother-hobby-la-2005-motor-2800kv-1,Brother Hobby LA 2005 Motor - 2800KV
IFLI-2405-1950,iFlight,XING2 2405,1950,https://pyrodrone.com/products/iflight-xing2-2405-1950kv-motor,iFlight Xing2 2405 1950KV Unibell Motor
IFLI-1504-3100,iFlight,XING 1504 AOS,3100,https://pyrodrone.com/products/iflight-xing-1504-3100kv-aos-3-5-drone-motor-black,"iFlight Xing 1504 3100KV AOS 3.5"" Drone Motor - Black"
SUB2-1002-14000,Sub250,M2 1002,14000,https://pyrodrone.com/products/sub250-m2-1002-14000kv-brushless-fpv-drone-motor-set-4-pc-choose-color,Sub250 M2 1002 14000KV Brushless FPV Drone Motor Set (4 Pc.) - Choose Color
RCIN-1404.6-2850,RCinPower,GTS V3 1404.6,2850,https://pyrodrone.com/products/rcinpower-gts-v3-1404-6-2850kv-fpv-drone-motor-choose-color,RCINPOWER GTS V3 1404.6 2850KV FPV Drone Motor - Choose Color
TMOT-1106-6000,T-Motor,M1106 1106,6000,https://pyrodrone.com/products/t-motor-m1106-1106-6000kv-fpv-drone-motor-blue,T-Motor M1106 1106 6000KV FPV Drone Motor - Blue
BROT-2005.5-2622,BrotherHobby,HYPERLITE 2005.5 E LIGHTEWEIGHT,2622,https://pyrodrone.com/products/hyperlite-2005-5-e-series-2622kv,Hyperlite 2005.5 E-Series Lighteweight Racing Motor - 2622KV
BROT-2205.5-1722,BrotherHobby,HYPERLITE 2205.5 E,1722,https://pyrodrone.com/products/hyperlite-2205-5-e-series-fpv-racing-motor-1722kv,Hyperlite 2205.5 E-Series FPV Racing Motor -1722KV
BROT-2005-3450,BrotherHobby,LA 2005,3450,https://pyrodrone.com/products/brother-hobby-la-2005-motor-3450kv-1,Brother Hobby LA 2005 Motor - 3450KV
RCIN-1303-6000,RCinPower,GTS V3 1303 PLUS TEAL/PINK,6000,https://pyrodrone.com/products/rcinpower-gts-v3-1303-6000kv-plus-2-3-inch-cinewhoop-micro-motor-teal-pink,RCINPOWER GTS V3 1303 6000kv Plus 2-3 inch Cinewhoop Micro Motor - Teal/Pink
SPEE-2306.5-1800,SpeedyBee,2306.5 MASTER5V2,1800,https://pyrodrone.com/products/speedybee-2306-5-1800kv-master5v2-5-inch-fpv-motor-4-pcs,SpeedyBee 2306.5 1800KV Master5V2 5 inch FPV Motor (4 Pcs)
XNOV-3220-490,XNOVA,3220 CINELIFTER LINE,490,https://pyrodrone.com/products/xnova-3220-cinelifter-line-motor-series-490kv,Xnova 3220 Cinelifter Line Motor Series - 490KV
TMOT-2306-1750-3,T-Motor,P2306 V3,1750,https://pyrodrone.com/products/t-motor-p2306-v3-fpv-drone-motor-1750kv,T-Motor P2306 V3 FPV Drone Motor - 1750KV
BETA-0702-27000-2,BetaFPV,0702 Brushless Motor,27000,https://pyrodrone.com/products/betafpv-0702-brushless-motor-set-27000kv-4-pcs,BETAFPV 0702 Brushless Motor Set - 27000KV (4 Pcs)
TMOT-2306.5-2550,T-Motor,VELOX V2 V2306.5,2550,https://pyrodrone.com/products/t-motor-velox-veloce-v2306-5-v2-2550kv,T-Motor Velox Veloce V2306.5 V2 - 2550KV
XNOV-3215-700,XNOVA,3215 CINELIFTER LINE,700,https://pyrodrone.com/products/xnova-3215-cinelifter-line-motor-series-700kv,Xnova 3215 Cinelifter Line Motor Series - 700KV
EMAX-X-11000,EMAX,TH12025 REPLACEMENT NANOHAWK X,11000,https://pyrodrone.com/products/emax-th12025-11000kv-replacement-nanohawk-x-motor,EMAX TH12025 11000kv Replacement Nanohawk X Motor
TMOT-2808-1950,T-Motor,V2808,1950,https://pyrodrone.com/products/t-motor-velox-victory-v2808-cinematic-fpv-drone-motor-1950kv,T-Motor Velox Victory V2808 Cinematic FPV Drone Motor - 1950KV
XNOV-2808-1500,XNOVA,2808 SMOOTH LINE,1500,https://pyrodrone.com/products/xnova-2808-freestyle-smooth-line-motor-1500kv,Xnova 2808 Freestyle Smooth Line Motor -1500kv
TMOT-0802-22000,T-Motor,M0802 V2 0802,22000,https://pyrodrone.com/products/t-motor-m0802-0802-25000kv-fpv-drone-motor-blue,T-Motor M0802 0802 V2 22000KV FPV Drone Motor - Blue
XNOV-2207-2050,XNOVA,LITE SPEED 2207 LINE,2050,https://pyrodrone.com/products/xnova-lite-speed-2207-2050kv-racing-line-motor-series-4-pcs,Xnova Lite Speed 2207-2050KV Racing Line Motor Series - 4 Pcs.
XNOV-2806.5-1300,XNOVA,2806.5 SMOOTH LINE,1300,https://pyrodrone.com/products/xnova-2806-5-freestyle-smooth-line-motor-1300kv,Xnova 2806.5 Freestyle Smooth Line Motor - 1300kv
XNOV-1804-3100-3,XNOVA,T1804,3100,https://pyrodrone.com/products/xnova-t1804-fpv-racing-series-motor-3100kv-4pcs-combo,XNova T1804 FPV Racing Series Motor - 3100KV - 4PCS Combo
DEEP-2207.3-1960,DeepSpaceFPV,AETHER 2207.3,1960,https://pyrodrone.com/products/deepspacefpv-aether-2207-3-fpv-brushless-motor-1960kv,DeepSpaceFPV Aether 2207.3 FPV Brushless Motor - 1960kv
TMOT-2207.5-1750-3,T-Motor,VELOX VELOCE V2207.5 V2,1750,https://pyrodrone.com/products/t-motor-velox-veloce-v2207-5-v2-1750kv,T-Motor Velox Veloce V2207.5 V2 - 1750KV
TMOT-2207-2080-2,T-Motor,P2207 V3,2080,https://pyrodrone.com/products/t-motor-p2207-v3-2080kv,T-Motor P2207 V3 2080KV
BROT-1404-4600,BrotherHobby,TC 1404,4600,https://pyrodrone.com/products/brotherhobby-tc-1404-motor-4800kv,BrotherHobby TC 1404 Motor - 4600KV
VCI-2207-2050-2,VCI,SPARK 2207 PRO HIGH PERFORMANCE,2050,https://pyrodrone.com/products/vci-spark-2207-pro-high-performance-fpv-drone-motor-2050kv,VCI SPARK 2207 PRO High Performance FPV Drone Motor - 2050Kv
PYRO-1804.5-1922,PYRODRONE,HYPERLITE 1804.5 UL,1922,https://pyrodrone.com/products/hyperlite-1804-5-1922kv-ul-series-by-pyrodrone,Hyperlite 1804.5-1922KV UL-Series By Pyrodrone
XNOV-2207-1800-3,XNOVA,2207 HARD LINE V2,1800,https://pyrodrone.com/products/xnova-2207-freestyle-hard-line-motor-1800kv-4pcs,XNOVA 2207 Freestyle Hard Line V2 Motors - 1800KV - 4PCS
BROT-2004-1950,BrotherHobby,TC 2004,1950,https://pyrodrone.com/products/brotherhobby-tc-2004-1950kv-ultralite-motor,BrotherHobby TC 2004 1950Kv Ultralite Motor
XNOV-2812-1300,XNOVA,2812 HEAVY LIFT,1300,https://pyrodrone.com/products/xnova-2812-heavy-lift-motor-1300kv,Xnova 2812 Heavy Lift Motor -1300kv
BROT-2806.5-1700,BrotherHobby,LPD 2806.5,1700,https://pyrodrone.com/products/brotherhobby-lpd-2806-5-1700kv-motor,BrotherHobby LPD 2806.5 1700KV Motor
XNOV-2203.5-2800,XNOVA,LIGHTNING 2203.5 V2,2800,https://pyrodrone.com/products/xnova-lightning-2203-5-v2-fpv-racing-series-motor-set-2800kv-4-pc,XNova Lightning 2203.5 V2 FPV Racing Series Motor Set - 2800KV - (4 Pc.)
TMOT-0803-22000,T-Motor,F0803,22000,https://pyrodrone.com/products/t-motor-f0803-22000kv-motor,T-Motor F0803 22000KV Motor
GEPR-1102-10000-2,GEPRC,SPEEDX2 1102 3 HOLES,10000,https://pyrodrone.com/products/geprc-speedx2-1102-10000kv-3-holes-1-5mm-shaft-whoop-motor-1-pc,GEPRC SPEEDX2 1102 10000KV 3 Holes 1.5mm Shaft Whoop Motor (1 Pc)
XNOV-2207-2100,XNOVA,BLACK THUNDER 2207,2100,https://pyrodrone.com/products/xnova-black-thunder-2207-2100kv-racing-motor-combo-4-pcs,Xnova Black Thunder 2207-2100Kv Racing Motor Combo 4 Pcs.
RCIN-2105.5-2950,RCinPower,GTS V3 2105.5-M5 TEAL/PINK,2950,https://pyrodrone.com/products/rcinpower-gts-v3-2105-m5-2950kv-motor-teal-pink,RCINPOWER GTS V3 2105.5-M5 2950KV Motor - Teal/Pink
BROT-2203.5-2822,BrotherHobby,HYPERLITE 2203.5 E,2822,https://pyrodrone.com/products/hyperlite-2203-5-e-series-motor-2822kv,Hyperlite 2203.5 E-Series Motor - 2822KV
BROT-2205.5-2222,BrotherHobby,HYPERLITE 2205.5 E,2222,https://pyrodrone.com/products/hyperlite-2205-5-e-series-fpv-racing-motor-2222kv,Hyperlite 2205.5 E-Series FPV Racing Motor -2222KV
TMOT-2207-2800,T-Motor,BLACK BIRD 2207 V2.0,2800,https://pyrodrone.com/products/copy-of-t-motor-black-bird-2207-v2-0-2800kv,T-Motor Black Bird 2207 V2.0 2800KV
VCI-0702-30000-2,VCI,0702 PRO DB,30000,https://pyrodrone.com/products/vci-0702-pro-db-brushless-motor-set-30000kv-4-pcs,VCI 0702 PRO DB Brushless Motor Set - 30000KV (4 Pcs)
RCIN-1800-1800,RCinPower,BISON 22.5-7 1800,1800,https://pyrodrone.com/products/rcinpower-bison-22-5-7-1800kv-fpv-drone-motor-gun-metal,RCINPOWER Bison 22.5-7 1800KV FPV Drone Motor - (Gun Metal)
BROT-2005-2450,BrotherHobby,LA 2005,2450,https://pyrodrone.com/products/brother-hobby-la-2005-motor-2450kv-1,Brother Hobby LA 2005 Motor - 2450KV
IFLI-1806-2500,iFlight,XING2 1806,2500,https://pyrodrone.com/products/iflight-xing2-1806-2500kv-motor,iFlight Xing2 1806 2500KV Motor
XNOV-2806.5-1900,XNOVA,2806.5 SMOOTH LINE,1900,https://pyrodrone.com/products/xnova-2806-5-freestyle-smooth-line-motor-1900kv,Xnova 2806.5 Freestyle Smooth Line Motor - 1900kv
SKYS-1404-4600,Skystars,1404,4600,https://pyrodrone.com/products/skystars-1404-brushless-motor-for-2-5-inch-to-4-inch-lighweight-drones-3-4s-4600kv-2-pcs,Skystars 1404 Brushless Motor for 2.5 inch to 4 inch Lighweight Drones 3-4S - 4600KV (2 PCS)
RCIN-2105-3600,RCinPower,GTS V3 2105-M5 TEAL/PINK,3600,https://pyrodrone.com/products/rcinpower-gts-v3-2105-m5-3600kv-motor-teal-pink,RCINPOWER GTS V3 2105-M5 3600KV Motor - Teal/Pink
RCIN-3220-700,RCinPower,AOS SUPERNOVA 3220 CINELIFTER WING,700,https://pyrodrone.com/products/rcinpower-aos-supernova-3220-cinelifter-wing-motor-700kv,RCINPOWER AOS Supernova 3220 Cinelifter / Wing Motor - 700KV
RCIN-2105-1850-3,RCinPower,GTS V3 2105 Plus,1850,https://pyrodrone.com/products/rcinpower-gts-v3-2105-plus-m5-mount-1850kv-motor-gunmetal-gold,RCINPOWER GTS V3 2105 Plus M5-Mount 1850KV Motor (Gunmetal/Gold)
TMOT-1804-2400-2,T-Motor,PACER P1804 ULTRA LIGHT,2400,https://pyrodrone.com/products/t-motor-pacer-p1804-2400kv-5mm-shaft-ultra-light-freestyle-brushless-motor,T-Motor Pacer P1804 2400KV 5mm Shaft Ultra Light Freestyle Brushless Motor
BROT-2203.5-1522,BrotherHobby,HYPERLITE 2203.5 E,1522,https://pyrodrone.com/products/hyperlite-2203-5-e-series-motor-1522kv,Hyperlite 2203.5 E-Series Motor - 1522KV
RCIN-2306-2280,RCinPower,SMOOX 2306 PLUS,2280,https://pyrodrone.com/products/rcinpower-smoox-2306-plus-motor-2280kv-chrome,RCINPOWER SmooX 2306 Plus Motor 2280KV Gun Metal
RCIN-3220-925,RCinPower,AOS SUPERNOVA 3220 CINELIFTER WING,925,https://pyrodrone.com/products/rcinpower-aos-supernova-3220-cinelifter-wing-motor-925kv,RCINPOWER AOS Supernova 3220 Cinelifter / Wing Motor - 925KV
RCIN-2104-1800-2,RCinPower,GTS V3 2104-T TEAL/PINK,1800,https://pyrodrone.com/products/rcinpower-gts-v3-2104-t-1800kv-teal-pink,RCINPOWER GTS V3 2104-T 1800KV Motor - Teal/Pink
SUB2-1404-4500,Sub250,1404,4500,https://pyrodrone.com/products/sub250-1404-4500kv-for-2-5-tiny-whoops-and-3-freestyle-fpv-drone-motor-1-pc,"Sub250 1404 4500KV for 2.5"" Tiny Whoops and 3"" Freestyle FPV Drone Motor (1 Pc.)"
GEPR-1404-3000,GEPRC,SPEEDX2 1404,3000,https://pyrodrone.com/products/geprc-speedx2-1404-3000kv-motor-for-3-inch-to-4-inch-lighweight-drones-1-pc,GEPRC SPEEDX2 1404 3000KV Motor for 3 inch to 4 inch Lighweight Drones (1 Pc.)
EMAX-2808-1350,EMAX,PRO 2808 CINELIFTER,1350,https://pyrodrone.com/products/emax-pro-series-2808-1350kv-brushless-motor,Emax Pro Series 2808 1350kv Cinelifter Motor
RCIN-2809-1280,RCinPower,EX2809 PLUS CINELIFTER,1280,https://pyrodrone.com/products/rcinpower-ex2809-plus-1280kv-4-6s-brushless-cinelifter-motors,RCINPOWER EX2809 Plus 1280KV 4-6S Brushless Cinelifter Motors
BROT-2005.5-2022,BrotherHobby,HYPERLITE 2005.5 E LIGHTEWEIGHT,2022,https://pyrodrone.com/products/hyperlite-2005-5-e-series-2022kv,Hyperlite 2005.5 E-Series Lighteweight Racing Motor - 2022KV
XNOV-1804-2800-2,XNOVA,T1804,2800,https://pyrodrone.com/products/xnova-t1804-fpv-racing-series-motor-2800kv-4pcs-combo,XNova T1804 FPV Racing Series Motor - 2800KV - 4PCS Combo
FLAS-1404-4300-2,FLASHHOBBY,ARTHUR 1404,4300,https://pyrodrone.com/products/flash-hobby-arthur-1404-4300kv-micro-motor,Flash Hobby Arthur 1404 4300KV Micro Motor
BROT-2208.5-2222,BrotherHobby,HYPERLITE 2208.5 TEAM,2222,https://pyrodrone.com/products/hyperlite-2208-5-2222kvteam-edition,Hyperlite 2208.5-2222KV TEAM EDITION
VCI-0702-27000-3,VCI,SPARK 0702,27000,https://pyrodrone.com/products/vci-spark-0702-brushless-motor-set-27000kv-4-pcs,VCI SPARK 0702 Brushless Motor Set - 27000KV (4 Pcs)
TMOT-1408-2800,T-Motor,F1408-II 1408,2800,https://pyrodrone.com/products/t-motor-f1408-motor-titanium-red-2800kv-9x9mm-mounting,T-Motor F1408-II 2800KV FPV Drone Motor - Titanium Red
XNOV-3220-700,XNOVA,3220 CINELIFTER LINE,700,https://pyrodrone.com/products/xnova-3220-cinelifter-line-motor-series-700kv,Xnova 3220 Cinelifter Line Motor Series - 700KV
BROT-2203.5-3522,BrotherHobby,HYPERLITE 2203.5 E,3522,https://pyrodrone.com/products/hyperlite-2203-5-e-series-motor-3522kv,Hyperlite 2203.5 E-Series Motor - 3522KV
FLAS-2004-2100,FLASHHOBBY,2004,2100,https://pyrodrone.com/products/flash-hobby-2004-2100kv-brushless-fpv-drone-motor,Flash Hobby 2004 2100KV Brushless FPV Drone Motor
TMOT-2208-2450,T-Motor,VELOX VELOCE V2208 V2,2450,https://pyrodrone.com/products/t-motor-velox-veloce-v2208-v2-2450kv,T-Motor Velox Veloce V2208 V2 - 2450KV
TMOT-3008-1350,T-Motor,V3008,1350,https://pyrodrone.com/products/t-motor-velox-v3008-cinematic-fpv-drone-motor-1350kv,T-Motor Velox Victory V3008 Cinematic FPV Drone Motor - 1350KV
BROT-3008-1900,BrotherHobby,AVENGER 3008,1900,https://pyrodrone.com/products/brother-hobby-avenger-3008-fpv-motor-1900kv,Brother Hobby Avenger 3008 FPV Motor - 1900KV
SPEE-2807-1050,SpeedyBee,2807,1050,https://pyrodrone.com/products/speedybee-2807-1050kv-6s-mario-fold-8-dc-motor,SpeedyBee 2807 1050KV 6S (Mario Fold 8 DeadCat) FPV Motor
FLAS-1506-3100-2,FLASHHOBBY,ARTHUR 1506,3100,https://pyrodrone.com/products/flash-hobby-arthur-1506-3100kv-motor,Flash Hobby Arthur 1506 3100KV Motor
BETA-0702-25000-3,BetaFPV,0702 2026,25000,https://pyrodrone.com/products/betafpv-0702-brushless-motor-2026-4-pcs-choose-version,BETAFPV 0702 Brushless Motor 2026 (4 Pcs) - Choose Version
BETA-0702-30000-3,BetaFPV,0702 2026,30000,https://pyrodrone.com/products/betafpv-0702-brushless-motor-2026-4-pcs-choose-version,BETAFPV 0702 Brushless Motor 2026 (4 Pcs) - Choose Version
BETA-0702-36000-3,BetaFPV,0702 2026,36000,https://pyrodrone.com/products/betafpv-0702-brushless-motor-2026-4-pcs-choose-version,BETAFPV 0702 Brushless Motor 2026 (4 Pcs) - Choose Version
RCIN-1980-1980,RCinPower,WASP MAJOR V2 22.6-6.6 1980,1980,https://pyrodrone.com/products/rcinpower-wasp-major-v2-22-6-6-6-1980kv,RCINPOWER WASP MAJOR V2 22.6-6.6 - 1980KV
BROT-3110-730,BrotherHobby,AVENGER 3110 CINELIFTER,730,https://pyrodrone.com/products/brotherhobby-avenger-3110-730kv-cinelifter-motor,BrotherHobby Avenger 3110 730KV Cinelifter Motor
RCIN-1303-11500,RCinPower,GTS V3 1303 PLUS TEAL/PINK,11500,https://pyrodrone.com/products/rcinpower-gts-v3-1303-11500kv-plus-2-3-inch-cinewhoop-micro-motor-teal-pink,RCINPOWER GTS V3 1303 11500kv Plus 2-3 inch Cinewhoop Micro Motor - Teal/Pink
FLYF-2207-1850-2,FlyFishRC,Sword 2207,1850,https://pyrodrone.com/products/flyfishrc-sword-2207-6s-fpv-motor-1850kv,FlyFishRC Sword 2207 6S FPV Motor - 1850KV
XNOV-2207-1980,XNOVA,2207 V2 LITE,1980,https://pyrodrone.com/products/xnova-2207-v2-lite-racing-series-motor-1980kv-4pcs,Xnova 2207 V2 LITE RACING series Motor - 1980KV - 4PCS
TMOT-2207-1750-3,T-Motor,P2207 V3,1750,https://pyrodrone.com/products/t-motor-p2207-v3-1750kv,T-Motor P2207 V3 1750KV
FLAS-1207-6000-2,FLASHHOBBY,ARTHUR 1207,6000,https://pyrodrone.com/products/flash-hobby-arthur-1207-6000kv-micro-motor,Flash Hobby Arthur 1207 6000KV Micro Motor
GEPR-1404-3850-2,GEPRC,SPEEDX2 1404,3850,https://pyrodrone.com/products/geprc-speedx2-1404-3850kv-motor-1-pc,GEPRC SPEEDX2 1404 3850KV Motor - (1 Pc.)
AXIS-2207-1960-5,AXIS,AE2207 V2 ECONOMIC,1960,https://pyrodrone.com/products/axisflying-ae2207-v2-6s-economic-freestyle-fpv-drone-motor-1960kv,AxisFlying AE2207 V2 6S Economic Freestyle FPV Drone Motor - 1960KV
BROT-3110-900,BrotherHobby,AVENGER 3110 CINELIFTER,900,https://pyrodrone.com/products/brotherhobby-avenger-3110-900kv-cinelifter-motor,BrotherHobby Avenger 3110 900KV Cinelifter Motor
RCIN-1303-5000,RCinPower,GTS V3 1303 PLUS TEAL/PINK,5000,https://pyrodrone.com/products/rcinpower-gts-v3-1303-5000kv-plus-brushless-motor,RCINPOWER GTS V3 1303 5000kv Plus 2-3 inch Cinewhoop Micro Motor - Teal/Pink
TMOT-2306-1950-4,T-Motor,P2306 V3,1950,https://pyrodrone.com/products/t-motor-p2306-v3-fpv-drone-motor-1950kv,T-Motor P2306 V3 FPV Drone Motor - 1950KV
FOXE-1404-4533,Foxeer,DATURA 1404,4533,https://pyrodrone.com/products/foxeer-datura-1404-fpv-motor-4533kv,Foxeer Datura 1404 FPV Motor - 4533KV
EMAX-0802-19000,EMAX,NANOHAWK 0802,19000,https://pyrodrone.com/products/emax-nanohawk-spare-parts-0802-19000kv-brushless-motor,EMAX Nanohawk 0802 19000KV Brushless Motor
XNOV-1804-2400-3,XNOVA,T1804,2400,https://pyrodrone.com/products/xnova-t1804-fpv-racing-series-motor-2400kv-4pcs-combo,XNova T1804 FPV Racing Series Motor - 2400KV - 4PCS Combo
BROT-1404-3800,BrotherHobby,TC 1404,3800,https://pyrodrone.com/products/brotherhobby-tc-1404-motor-3600kv,BrotherHobby TC 1404 Motor - 3800KV
BROT-1404-2750,BrotherHobby,TC 1404,2750,https://pyrodrone.com/products/brotherhobby-tc-1404-motor-2750kv,BrotherHobby TC 1404 Motor- 2750KV
BROT-2004-2100,BrotherHobby,TC 2004,2100,https://pyrodrone.com/products/brotherhobby-tc-2004-2100kv-ultralite-motor,BrotherHobby TC 2004 2100Kv Ultralite Motor
FLAS-1207-7000-2,FLASHHOBBY,ARTHUR 1207,7000,https://pyrodrone.com/products/flash-hobby-arthur-1207-7200kv-micro-motor,Flash Hobby Arthur 1207 7000KV Micro Motor
RCIN-2100-2100,RCinPower,WASP MAJOR V2 22.6-6.6 2100,2100,https://pyrodrone.com/products/rcinpower-wasp-major-v2-22-6-6-6-2100kv,RCINPOWER WASP MAJOR V2 22.6-6.6 - 2100KV - Choose Color
SKYS-1404-3000,Skystars,1404,3000,https://pyrodrone.com/products/skystars-1404-brushless-motor-for-2-5-inch-to-4-inch-lighweight-drones-4-6s-3000kv,Skystars 1404 Brushless Motor for 2.5 inch to 4 inch Lighweight Drones 4-6S - 3000KV (2 PCS)
FLYF-2004-2900,FlyFishRC,FLASH 2004,2900,https://pyrodrone.com/products/flyfishrc-flash-2004-brushless-fpv-drone-motor-2900kv,FlyFishRC Flash 2004 Brushless FPV Drone Motor - 2900KV
FLAS-2004-1750,FLASHHOBBY,2004,1750,https://pyrodrone.com/products/flash-hobby-2004-1750kv-brushless-fpv-drone-motor,Flash Hobby 2004 1750KV Brushless FPV Drone Motor
RCIN-2105-3600-2,RCinPower,GTS V3 2105 Plus,3600,https://pyrodrone.com/products/rcinpower-gts-v3-2105-plus-m5-mount-3600kv-motor-gunmetal-gold,RCINPOWER GTS V3 2105 Plus M5-Mount 3600KV Motor (Gunmetal/Gold)
BROT-2005.5-3122,BrotherHobby,HYPERLITE 2005.5 E LIGHTEWEIGHT,3122,https://pyrodrone.com/products/hyperlite-2005-5-e-series-3122kv,Hyperlite 2005.5 E-Series Lighteweight Racing Motor - 3122KV
AXIS-1404.5-4500,AXIS,C145 1404.5,4500,https://pyrodrone.com/products/axisflying-c145-1404-5-4s-2-5inch-cinewhoop-and-cinematic-fpv-drone-motor-4500kv,AxisFlying C145 1404.5 4S 2.5inch Cinewhoop And Cinematic FPV Drone Motor - 4500KV
XNOV-3215-800,XNOVA,3215 CINELIFTER LINE,800,https://pyrodrone.com/products/xnova-3215-cinelifter-line-motor-series-800kv,Xnova 3215 Cinelifter Line Motor Series - 800KV
HGLR-0802-25000,HGLRC,AEOLUS 0802,25000,https://pyrodrone.com/products/hglrc-aeolus-0802-25000kv-micro-motor,HGLRC Aeolus 0802 25000Kv Micro Motor
TMOT-2306.5-2000,T-Motor,BMS 2306.5 V2,2000,https://pyrodrone.com/products/t-motor-bms2306-5-v2-fpv-drone-motor,T-Motor BMS 2306.5-2000kv V2 FPV Drone Motor
RCIN-2104-3000,RCinPower,GTS V3 2104-T TEAL/PINK,3000,https://pyrodrone.com/products/rcinpower-gts-v3-2104-t-3000kv-motor-teal-pink,RCINPOWER GTS V3 2104-T 3000KV Motor - Teal/Pink
BROT-3120-500,BrotherHobby,AVENGER 3120,500,https://pyrodrone.com/products/brother-hobby-avenger-3120-fpv-motor-500kv,Brother Hobby Avenger 3120 FPV Motor - 500KV
BROT-2816-620,BrotherHobby,AVENGER 2816 CINELIFTER,620,https://pyrodrone.com/products/brotherhobby-avenger-2816-620kv-brushless-cinelifter-motor,BrotherHobby Avenger 2816 620KV Brushless Cinelifter Motor
XNOV-2810-1400,XNOVA,2810 SMOOTH LINE,1400,https://pyrodrone.com/products/xnova-2810-freestyle-smooth-line-motor-1400kv,Xnova 2810 Freestyle Smooth Line Motor - 1400kv
BROT-2306.5-2222,BrotherHobby,HYPERLITE 2306.5 E,2222,https://pyrodrone.com/products/hyperlite-2306-5-e-series-2222kv,Hyperlite 2306.5 E-Series Motor - 2222KV
TMOT-3115-900-2,T-Motor,VELOX V3115,900,https://pyrodrone.com/products/t-motor-velox-v3115-cinematic-fpv-drone-motor-900kv,T-Motor Velox V3115 Cinematic FPV Drone Motor - 900KV
TMOT-2207-1750-4,T-Motor,PACER V2 P2207 POWERFULL,1750,https://pyrodrone.com/products/t-motor-p2207-v2-kv1750,T-Motor P2207 V2 KV1750
FLAS-1106-6500-2,FLASHHOBBY,ARTHUR 1106,6500,https://pyrodrone.com/products/flash-hobby-arthur-1106-6500kv-micro-motor,Flash Hobby Arthur 1106 6500KV Micro Motor
RCIN-2207-2040-2,RCinPower,GTS V4 2207 TRINX,2040,https://pyrodrone.com/products/rcinpower-gts-v4-2207-trinx-edition-2040kv-brushless-fpv-drone-motor,RCINPOWER GTS V4 2207 Trinx Edition 2040KV Brushless FPV Drone Motor
BROT-2207.5-2122,BrotherHobby,HYPERLITE 2207.5 E,2122,https://pyrodrone.com/products/hyperlite-2207-5-e-series-racing-motor-combo-2122kv-4-pcs,Hyperlite 2207.5 E-Series Racing Motor Combo - 2122KV (4 Pcs.)
EMAX-2808-1900,EMAX,PRO 2808 CINELIFTER,1900,https://pyrodrone.com/products/emax-pro-series-2808-1900kv-cinelifter-motor,Emax Pro Series 2808 1900kv Cinelifter Motor
FLAS-2004-1900-2,FLASHHOBBY,2004,1900,https://pyrodrone.com/products/flash-hobby-2004-1900kv-brushless-fpv-drone-motor,Flash Hobby 2004 1900KV Brushless FPV Drone Motor
DEEP-2006-2550,DeepSpaceFPV,AETHER 2006,2550,https://pyrodrone.com/products/deepspacefpv-aether-2006-6s-3-5inch-fpv-brushless-motor-2550kv,DeepSpaceFPV Aether 2006 6S 3.5inch FPV Brushless Motor - 2550kv
NEWB-0702-30000-2,NewBeeDrone,HUMMINGBIRD 0702 TRUE RACESPEC,30000,https://pyrodrone.com/products/newbeedrone-hummingbird-0702-true-30000kv-racespec-brushless-motor-set-4-pcs,NewBeeDrone Hummingbird 0702 True 30000kv RaceSpec Brushless Motor Set (4 Pcs)
VCI-0702-25000,VCI,SPARK 0702,25000,https://pyrodrone.com/products/vci-spark-0702-brushless-motor-set-25000kv-4-pcs,VCI SPARK 0702 Brushless Motor Set - 25000KV (4 Pcs)
BROT-2816-750,BrotherHobby,AVENGER 2816 CINELIFTER,750,https://pyrodrone.com/products/brotherhobby-avenger-2816-750kv-brushless-cinelifter-motor,BrotherHobby Avenger 2816 750KV Brushless Cinelifter Motor
BROT-2004-1700,BrotherHobby,TC 2004,1700,https://pyrodrone.com/products/brotherhobby-tc-2004-1700kv-ultralite-motor,BrotherHobby TC 2004 1700Kv Ultralite Motor
XNOV-3215-430,XNOVA,3215 CINELIFTER LINE,430,https://pyrodrone.com/products/xnova-3215-cinelifter-line-motor-series-430kv,Xnova 3215 Cinelifter Line Motor Series - 430KV
IFLI-1806-1600,iFlight,XING2 1806,1600,https://pyrodrone.com/products/iflight-xing2-1806-1600kv-motor,iFlight Xing2 1806 1600KV Motor
TMOT-2307-2550,T-Motor,VELOX VELOCE V2307 V2,2550,https://pyrodrone.com/products/t-motor-velox-veloce-v2307-v2-2550kv,T-Motor Velox Veloce V2307 V2 - 2550KV
AXIS-2207-1860-2,AXIS,AE2207 V2 ECONOMIC,1860,https://pyrodrone.com/products/axisflying-ae2207-v2-6s-economic-freestyle-fpv-drone-motor-1860kv,AxisFlying AE2207 V2 6S Economic Freestyle FPV Drone Motor - 1860KV
XNOV-2812-900,XNOVA,2812 HEAVY LIFT,900,https://pyrodrone.com/products/xnova-2812-heavy-lift-motor-900kv,Xnova 2812 Heavy Lift Motor - 900kv
RCIN-2500-2500,RCinPower,BISON 22.5-7 2500,2500,https://pyrodrone.com/products/rcinpower-bison-22-5-7-2500kv-fpv-drone-motor-gun-metal,RCINPOWER Bison 22.5-7 2500KV FPV Drone Motor - (Gun Metal)
FOXE-2207.5-1960,Foxeer,DATURA 2207.5,1960,https://pyrodrone.com/products/foxeer-datura-2207-5-fpv-motor-1960kv,Foxeer Datura 2207.5 FPV Motor - 1960KV
BROT-3008-1150,BrotherHobby,AVENGER 3008,1150,https://pyrodrone.com/products/brother-hobby-avenger-3008-fpv-motor-1150kv,Brother Hobby Avenger 3008 FPV Motor - 1150KV
TMOT-2207-2550-4,T-Motor,P2207 V3,2550,https://pyrodrone.com/products/t-motor-p2207-v3-2550kv,T-Motor P2207 V3 2550KV
TMOT-1155-1155,T-Motor,CINE66 1155,1155,https://pyrodrone.com/products/t-motor-cine66-cinematic-motor-1155kv,T-Motor Cine66 Cinematic Motor 1155KV
XNOV-2203.5-2800-2,XNOVA,T2203.5,2800,https://pyrodrone.com/products/xnova-t2203-5-fpv-racing-series-motor-2800kv-4pcs,XNova T2203.5 FPV Racing Series Motor - 2800KV - 4PCS
GOOS-X-X,Goosky,S1 3D HELICOPTER TAIL,,https://pyrodrone.com/products/goosky-s1-3d-helicopter-tail-brushless-motor,Goosky S1 3D Helicopter Tail Brushless Motor
BROT-2207-1720,BrotherHobby,VS 2207,1720,https://pyrodrone.com/products/brotherhobby-vs-2207-1720kv-fpv-motor,Brotherhobby VS 2207-1720KV FPV Motor
FLAS-2207.5-1900-2,FLASHHOBBY,ARTHUR 2207.5,1900,https://pyrodrone.com/products/flash-hobby-arthur-2207-5-1900kv-motor,Flash Hobby Arthur 2207.5 1900KV Motor
BROT-X-950,BrotherHobby,SPECIAL V4 32.5-12 CINELIFTER,950,https://pyrodrone.com/products/brotherhobby-special-edition-v4-32-5-12-950kv-cinelifter-motor,BrotherHobby Special Edition V4 32.5-12 950KV Cinelifter Motor
EMAX-2812-930,EMAX,PRO 2812 CINELIFTER,930,https://pyrodrone.com/products/emax-pro-series-2812-930kv-cinelifter-motor,Emax Pro Series 2812 930kv Cinelifter Motor
EMAX-2808-1500-2,EMAX,PRO 2808 CINELIFTER,1500,https://pyrodrone.com/products/emax-pro-series-2808-1500kv-cinelifter-motor,Emax Pro Series 2808 1500kv Cinelifter Motor
TINY-1002-19000,TINYWHOOP,T M1002,19000,https://pyrodrone.com/products/t-motor-m1002-18000kv-tinywhoop-brushless-motor,T-Motor M1002 19000KV Tinywhoop Brushless Motor
BROT-2005-1450,BrotherHobby,LA 2005,1450,https://pyrodrone.com/products/brother-hobby-la-2005-motor-1450kv-1,Brother Hobby LA 2005 Motor - 1450KV
TMOT-3120-700-2,T-Motor,VELOX V3120,700,https://pyrodrone.com/products/t-motor-velox-v3120-cinematic-fpv-drone-motor-700kv,T-Motor Velox V3120 Cinematic FPV Drone Motor - 700KV
TMOT-2207.5-1950-4,T-Motor,2207.5 CHRISTMAS,1950,https://pyrodrone.com/products/t-motor-2207-5-1950kv-christmas-edition-brushless-motor-choose-color,T-Motor 2207.5 1950KV Christmas Edition Brushless Motor - Choose Color
AXIS-2207-2020-2,AXIS,SPEEDYPIZZADRONES DIAVOLA 2207,2020,https://pyrodrone.com/products/axis-flying-speedypizzadrones-diavola-2207-fpv-drone-racing-and-freestyle-motor-2020kv,AxisFlying & SpeedyPizzaDrones DIAVOLA 2207 FPV Drone Racing and Freestyle Motor - 2020KV
BROT-2005.5-1722,BrotherHobby,HYPERLITE 2005.5 E LIGHTEWEIGHT,1722,https://pyrodrone.com/products/hyperlite-2005-5-e-series-1722kv,Hyperlite 2005.5 E-Series Lighteweight Racing Motor - 1722KV
FLAS-2306.5-1400,FLASHHOBBY,ARTHUR 2306.5,1400,https://pyrodrone.com/products/flash-hobby-arthur-2306-5-1400kv-motor,Flash Hobby Arthur 2306.5 1400KV Motor
XNOV-X-450,XNOVA,CINELIFTER CL11 LINE,450,https://pyrodrone.com/products/xnova-cinelifter-cl11-line-motor-series-450kv-1,Xnova Cinelifter CL11 Line Motor Series - 450KV
EMAX-2812-1100,EMAX,PRO 2812 CINELIFTER,1100,https://pyrodrone.com/products/emax-pro-series-2812-1100kv-cinelifter-motor,Emax Pro Series 2812 1100kv Cinelifter Motor
RCIN-2809-800,RCinPower,EX2809 PLUS CINELIFTER,800,https://pyrodrone.com/products/rcinpower-ex2809-plus-800kv-4-6s-brushless-cinelifter-motors,RCINPOWER EX2809 Plus 800KV 4-6S Brushless Cinelifter Motors
TMOT-3008-1500,T-Motor,V3008,1500,https://pyrodrone.com/products/t-motor-velox-victory-v3008-cinematic-fpv-drone-motor-1500kv,T-Motor Velox Victory V3008 Cinematic FPV Drone Motor - 1500KV
VCI-0702-23000,VCI,0702 PRO DB,23000,https://pyrodrone.com/products/vci-0702-pro-db-brushless-motor-set-23000kv-4-pcs,VCI 0702 PRO DB Brushless Motor Set - 23000KV (4 Pcs)
RCIN-1404-2750,RCinPower,SMOOX PLUS 1404,2750,https://pyrodrone.com/products/rcinpower-smoox-plus-1404-2750kv-fpv-drone-motor-gun-metal-orange,RCINPOWER Smoox Plus 1404 2750KV FPV Drone Motor - (Gun Metal & Orange)
DEEP-2207.3-2050,DeepSpaceFPV,AETHER 2207.3,2050,https://pyrodrone.com/products/deepspacefpv-aether-2207-3-fpv-brushless-motor-2050kv,DeepSpaceFPV Aether 2207.3 FPV Brushless Motor - 2050kv
RCIN-2160-2160,RCinPower,WASP MAJOR V2 22.6-6.6 CHAMPION 2160,2160,https://pyrodrone.com/products/rcinpower-wasp-major-v2-22-6-6-6-champion-edition-2160kv,RCINPOWER WASP MAJOR V2 22.6-6.6 Champion Edition - 2160KV
TMOT-2150-2150,T-Motor,F50 2150,2150,https://pyrodrone.com/products/t-motor-f50-2150kv-fpv-drone-motor,T-Motor F50 2150KV FPV Drone Motor
TMOT-2208-1750-4,T-Motor,ITS 2208 POWERFUL,1750,https://pyrodrone.com/products/t-motor-its-2208-powerful-freestyle-drone-motor-1750kv,T-Motor ITS 2208 Powerful Freestyle Drone Motor - 1750KV
EMAX-2810-1150,EMAX,PRO 2810 CINELIFTER,1150,https://pyrodrone.com/products/emax-pro-series-2810-1150kv-cinelifter-motor,Emax Pro Series 2810 1150kv Cinelifter Motor
TMOT-3115-640-2,T-Motor,VELOX V3115,640,https://pyrodrone.com/products/t-motor-velox-v3115-cinematic-fpv-drone-motor-640kv,T-Motor Velox V3115 Cinematic FPV Drone Motor - 640KV
XNOV-2207-1900-2,XNOVA,2207 HARD LINE V2,1900,https://pyrodrone.com/products/xnova-2207-freestyle-hard-line-v2-motors-1900kv-4pcs,XNOVA 2207 Freestyle Hard Line V2 Motors - 1900KV - 4PCS
TMOT-2812-1155,T-Motor,VELOX VICTORY V2812,1155,https://pyrodrone.com/products/t-motor-velox-victory-v2812-cinematic-fpv-drone-motor-1155kv,T-Motor Velox Victory V2812 Cinematic FPV Drone Motor - 1155KV
HGLR-1804-3500,HGLRC,AEOLUS 1804,3500,https://pyrodrone.com/products/hglrc-aeolus-1804-3500kv-fpv-drone-motor,HGLRC Aeolus 1804 3500KV FPV Drone Motor
TMOT-2306-2550-3,T-Motor,P2306 V3,2550,https://pyrodrone.com/products/t-motor-p2306-v3-fpv-drone-motor-2550kv,T-Motor P2306 V3 FPV Drone Motor - 2550KV
HGLR-2105.5-3600,HGLRC,AEOLUS 2105.5,3600,https://pyrodrone.com/products/hglrc-aeolus-2105-5-brushless-motor-3600kv,HGLRC AEOLUS 2105.5 Brushless Motor - 3600KV
XNOV-2203.5-1800,XNOVA,T2203.5,1800,https://pyrodrone.com/products/xnova-t2203-5-fpv-racing-series-motor-1800kv-4pcs,XNova T2203.5 FPV Racing Series Motor - 1800KV - 4PCS
TMOT-3115-1050,T-Motor,VELOX V3115,1050,https://pyrodrone.com/products/t-motor-velox-v3115-cinematic-fpv-drone-motor-1050kv,T-Motor Velox V3115 Cinematic FPV Drone Motor - 1050KV
BROT-3008-1500,BrotherHobby,AVENGER 3008,1500,https://pyrodrone.com/products/brother-hobby-avenger-3008-fpv-motor-1500kv,Brother Hobby Avenger 3008 FPV Motor - 1500KV
BROT-3008-1300,BrotherHobby,AVENGER 3008,1300,https://pyrodrone.com/products/brother-hobby-avenger-3008-fpv-motor-1300kv,Brother Hobby Avenger 3008 FPV Motor - 1300KV
BROT-2207-2700,BrotherHobby,VS 2207,2700,https://pyrodrone.com/products/brotherhobby-vs-2207-2700kv-fpv-motor,Brotherhobby VS 2207-2700KV FPV Motor
XNOV-2204-2900-2,XNOVA,T2204,2900,https://pyrodrone.com/products/xnova-t2204-fpv-racing-series-motor-2900kv-4pcs,XNova T2204 FPV Racing Series Motor - 2900KV - 4PCS
XNOV-2204-1800,XNOVA,T2204,1800,https://pyrodrone.com/products/xnova-t2204-fpv-racing-series-motor-1800kv-4pcs,XNova T2204 FPV Racing Series Motor - 1800KV - 4PCS
VCI-0702-23000-2,VCI,0702 PRO LITE,23000,https://pyrodrone.com/products/vci-0702-pro-lite-brushless-motor-set-23000kv-4-pcs,VCI 0702 PRO LITE Brushless Motor Set - 23000KV (4 Pcs)
TMOT-3610-777,T-Motor,CINE77 3610 6KG THRUST CINELIFTER,777,https://pyrodrone.com/products/t-motor-cine77-3120-6kg-thrust-cinematic-motor-777kv,T-Motor Cine77 3610 6kg Thrust Cinelifter Motor - 777KV
XNOV-3220-450,XNOVA,3220 CINELIFTER LINE,450,https://pyrodrone.com/products/xnova-cinelifter-line-3220-sk-motor-series-450kv,Xnova Cinelifter Line 3220 SK Motor Series - 450KV
HGLR-1404-2800,HGLRC,AEOLUS 1404,2800,https://pyrodrone.com/products/hglrc-aeolus-1404-2800kv-micro-motor,HGLRC Aeolus 1404 2800Kv Micro Motor
BROT-1507.5-2922,BrotherHobby,HYPERSHOT 1507.5 M5 SHAFT,2922,https://pyrodrone.com/products/hypershot-1507-5-2922kv-cinewhoop-fpv-motor-regular-shaft,Hypershot 1507.5 2922kv Cinewhoop FPV Motor - M5 Shaft
BROT-3120-700,BrotherHobby,AVENGER 3120,700,https://pyrodrone.com/products/brotherhobby-avenger-3120-700kv-cinelifter-motor,BrotherHobby Avenger 3120 700KV Cinelifter Motor
EMAX-2814-730,EMAX,PRO 2814 CINELIFTER,730,https://pyrodrone.com/products/emax-pro-series-2814-730kv-cinelifter-motor,Emax Pro Series 2814 730kv Cinelifter Motor
TINY-0703-19000,TINYWHOOP,T M0703,19000,https://pyrodrone.com/products/t-motor-m0703-19000kv-tinywhoop-brushless-motor,T-Motor M0703 19000KV Tinywhoop Brushless Motor
XNOV-2810-1150,XNOVA,2810 SMOOTH LINE,1150,https://pyrodrone.com/products/xnova-2810-freestyle-smooth-line-motor-1100kv,Xnova 2810 Freestyle Smooth Line Motor - 1150kv
HGLR-1102-18000,HGLRC,AEOLUS 1102,18000,https://pyrodrone.com/products/hglrc-aeolus-1102-18000kv-fpv-drone-motor,HGLRC Aeolus 1102 18000KV FPV Drone Motor
FOXE-2207.5-2750,Foxeer,DATURA 2207.5,2750,https://pyrodrone.com/products/foxeer-datura-2207-5-fpv-motor-2750kv,Foxeer Datura 2207.5 FPV Motor - 2750KV
HGLR-2105.5-2800,HGLRC,AEOLUS 2105.5,2800,https://pyrodrone.com/products/hglrc-aeolus-2105-5-brushless-motor-2800kv-1,HGLRC AEOLUS 2105.5 Brushless Motor - 2800KV
BETA-1102-21000-2,BetaFPV,1102,21000,https://pyrodrone.com/products/betafpv-1102-21000kv-brushless-motors-2026-blue-for-meteor75-pro-ii-4-pieces,BetaFPV 1102 21000KV Brushless Motors (2026) Blue for Meteor75 Pro II (4 Pieces)
BROT-2207.5-1322,BrotherHobby,HYPERLITE 2207.5 E,1322,https://pyrodrone.com/products/hyperlite-2207-5-e-series-motor-1322kv,Hyperlite 2207.5 E-Series Motor - 1322KV
AXIS-2207-1960-6,AXIS,C227 2207,1960,https://pyrodrone.com/products/axisflying-c227-5-inch-2207-6s-cinematic-fpv-drone-motor-1960kv,AxisFlying C227 5 Inch 2207 6S Cinematic FPV Drone Motor - 1960KV
FOXE-2105.5-3650,Foxeer,DATURA 2105.5,3650,https://pyrodrone.com/products/foxeer-datura-2105-5-t-mount-fpv-motor-3650kv,Foxeer Datura 2105.5 T-Mount FPV Motor - 3650KV
FOXE-2105.5-2950,Foxeer,DATURA 2105.5,2950,https://pyrodrone.com/products/foxeer-datura-2105-5-fpv-motor-2950kv,Foxeer Datura 2105.5 FPV Motor - 2950KV
FLAS-2306.5-1900-2,FLASHHOBBY,ARTHUR 2306.5,1900,https://pyrodrone.com/products/flash-hobby-arthur-2306-5-1900kv-motor,Flash Hobby Arthur 2306.5 1900KV Motor
TMOT-2306.5-1750-2,T-Motor,ITS 2306.5 POWERFUL,1750,https://pyrodrone.com/products/t-motor-its-2306-5-powerful-freestyle-drone-motor-1750kv,T-Motor ITS 2306.5 Powerful Freestyle Drone Motor - 1750KV
TMOT-3120-500,T-Motor,VELOX V3120,500,https://pyrodrone.com/products/t-motor-velox-v3120-cinematic-fpv-drone-motor-500kv,T-Motor Velox V3120 Cinematic FPV Drone Motor - 500KV
FOXE-2806.5-1350,Foxeer,DATURA 2806.5,1350,https://pyrodrone.com/products/foxeer-datura-2806-5-fpv-drone-motor-1350kv,Foxeer Datura 2806.5 FPV Drone Motor - 1350KV
FOXE-2105.5-1650,Foxeer,DATURA 2105.5,1650,https://pyrodrone.com/products/foxeer-datura-2105-5-fpv-motor-1650kv,Foxeer Datura 2105.5 FPV Motor - 1650KV
BROT-2816-810,BrotherHobby,AVENGER 2816 CINELIFTER,810,https://pyrodrone.com/products/brotherhobby-avenger-2816-810kv-brushless-cinelifter-motor,BrotherHobby Avenger 2816 810KV Brushless Cinelifter Motor
TMOT-2406-2060-2,T-Motor,PACER V4 P2406 JUICY SBANG ACRO,2060,https://pyrodrone.com/products/t-motor-pacer-v4-p2406-5-6-juicy-sbang-acro-motor-2060kv-1,"T-Motor Pacer V4 P2406 5-6"" Juicy Sbang Acro Motor - 2060KV"
EMAX-X-22000,EMAX,08015,22000,https://pyrodrone.com/products/emax-tinyhawk-nanoscout-08015-22000kv-brushless-motor,Emax Tinyhawk Nanoscout 08015 22000KV Brushless Motor
BROT-X-580,BrotherHobby,SPECIAL V4 32.5-12 CINELIFTER,580,https://pyrodrone.com/products/brotherhobby-special-edition-v4-32-5-12-580kv-cinelifter-motor,BrotherHobby Special Edition V4 32.5-12 580KV Cinelifter Motor
XNOV-2207-2150-2,XNOVA,2207 HARD LINE V2,2150,https://pyrodrone.com/products/xnova-2207-freestyle-hard-line-v2-motors-2150kv,XNOVA 2207 Freestyle Hard Line V2 Motors - 2150KV
FOXE-2306.5-2020,Foxeer,DATURA 2306.5,2020,https://pyrodrone.com/products/foxeer-datura-2306-5-fpv-drone-motor-2020kv,Foxeer Datura 2306.5 FPV Drone Motor - 2020KV
TMOT-1507-2700,T-Motor,V1507 1.5,2700,https://pyrodrone.com/products/t-motor-v1507-1-5-6s-2700kv-1-5mm-shaft-3-4-inch-fpv-brushless-motor,T-Motor V1507 1.5 6S 2700KV 1.5mm Shaft 3-4 Inch FPV Brushless Motor
GOOS-X-X-2,Goosky,S2 3D HELICOPTER TAIL,,https://pyrodrone.com/products/goosky-s2-3d-helicopter-tail-motor,Goosky S2 3D Helicopter Tail Motor
TMOT-2812-925,T-Motor,VELOX VICTORY V2812,925,https://pyrodrone.com/products/t-motor-velox-victory-v2812-cinematic-fpv-drone-motor-925kv,T-Motor Velox Victory V2812 Cinematic FPV Drone Motor - 925KV
FLAS-2306.5-2550,FLASHHOBBY,ARTHUR 2306.5,2550,https://pyrodrone.com/products/flash-hobby-arthur-2306-5-2550kv-motor,Flash Hobby Arthur 2306.5 2550KV Motor
RCIN-1203-11500,RCinPower,GTS V3 1203 PLUS,11500,https://pyrodrone.com/products/rcinpower-gts-v3-1203-11500kv-plus-2-3-inch-cinewhoop-micro-motor-choose-color,RCINPOWER GTS V3 1203 11500kv Plus 2-3 inch Cinewhoop Micro Motor - Choose Color
RCIN-0702-31800,RCinPower,0702,31800,https://pyrodrone.com/products/rcinpower-evo-0702-31800kv-1s-brushless-motor-for-fpv-green-pink,RCINPower Evo 0702 31800KV 1S Brushless Motor for FPV - Green & Pink
BROT-2205.5-1922,BrotherHobby,HYPERLITE 2205.5 E,1922,https://pyrodrone.com/products/hyperlite-2205-5-e-series-fpv-racing-motor-combo-1922kv-4-pcs,Hyperlite 2205.5 E-Series FPV Racing Motor Combo - 1922KV (4 Pcs.)
TMOT-2200-2200-2,T-Motor,F50 2200,2200,https://pyrodrone.com/products/t-motor-f50-2200kv-fpv-drone-motor,T-Motor F50 2200KV FPV Drone Motor
TMOT-3610-977,T-Motor,CINE77 3610 6KG THRUST CINELIFTER,977,https://pyrodrone.com/products/t-motor-cine77-3120-6kg-thrust-cinematic-motor-977kv,T-Motor Cine77 3610 6kg Thrust Cinelifter Motor - 977KV
XNOV-2208-1500-3,XNOVA,HARD LINE 2208,1500,https://pyrodrone.com/products/xnova-hard-line-2208-1500kv-freestyle-fpv-motor,Xnova Hard Line 2208 1500KV Freestyle FPV Motor
XNOV-2208-1700-2,XNOVA,HARD LINE 2208,1700,https://pyrodrone.com/products/xnova-hard-line-2208-1700kv-freestyle-fpv-combo-4-motors,Xnova Hard Line 2208 1700KV Freestyle FPV COMBO (4 Motors)
FOXE-3210-930,Foxeer,BLACK HORNET 3210,930,https://pyrodrone.com/products/foxeer-black-hornet-3210-930kv-fpv-motor,Foxeer Black Hornet 3210 930KV FPV Motor
FOXE-2809-1300,Foxeer,BLACK HORNET 2809 CINELIFTER,1300,https://pyrodrone.com/products/foxeer-black-hornet-2809-1300kv-cinelifter-fpv-motor,Foxeer Black Hornet 2809 1300KV Cinelifter FPV Motor
AMAX-2306-2550-2,AMAXinno,PERFORMANTE 2306 A-BELL,2550,https://pyrodrone.com/products/amaxinno-performante-2306-a-bell-fpv-drone-motor-2550kv,AMAXinno Performante 2306 A-Bell FPV Drone Motor - 2550KV
HGLR-2207.5-1900,HGLRC,AEOLUS 2207.5,1900,https://pyrodrone.com/products/hglrc-aeolus-2207-5-1900kv-motor,HGLRC Aeolus 2207.5 1900Kv Motor
XNOV-2204-1700,XNOVA,T2204,1700,https://pyrodrone.com/products/xnova-t2204-fpv-racing-series-motor-1700kv-4pcs,XNova T2204 FPV Racing Series Motor - 1700KV - 4PCS
XNOV-2207-1650-2,XNOVA,2207 HARD LINE V2,1650,https://pyrodrone.com/products/xnova-2207-freestyle-hard-line-motors-1650kv-4pcs,XNOVA 2207 Freestyle Hard Line V2 Motors - 1650KV - 4PCS
TMOT-1507-4100,T-Motor,V1507 M5,4100,https://pyrodrone.com/products/t-motor-v1507-m5-4s-4100kv-5mm-shaft-3-4-inch-fpv-brushless-motor,T-Motor V1507 M5 4S 4100KV 5mm Shaft 3-4 Inch FPV Brushless Motor
TMOT-3610-477,T-Motor,CINE77 3610 6KG THRUST CINELIFTER,477,https://pyrodrone.com/products/t-motor-cine77-3120-477kv-6kg-thrust-cinematic-motor,T-Motor Cine77 3610 6kg Thrust Cinelifter Motor - 477KV
BROT-1050-1050,BrotherHobby,SPECIAL V4 32.5-12 CINELIFTER,1050,https://pyrodrone.com/products/brotherhobby-special-edition-v4-32-5-12-1050kv-cinelifter-motor,BrotherHobby Special Edition V4 32.5-12 1050KV Cinelifter Motor
XNOV-2207-2450-2,XNOVA,2207 HARD LINE V2,2450,https://pyrodrone.com/products/xnova-2207-freestyle-hard-line-v2-motors-2450kv-4pcs,XNOVA 2207 Freestyle Hard Line V2 Motors - 2450KV - 4PCS
XNOV-2208-1900-3,XNOVA,HARD LINE 2208,1900,https://pyrodrone.com/products/xnova-hard-line-2208-1900kv-freestyle-fpv-combo-4-motors,Xnova Hard Line 2208 1900KV Freestyle FPV COMBO (4 Motors)
TMOT-0803-19000,T-Motor,M0803,19000,https://pyrodrone.com/products/t-motor-m0803-19000kv-motor,T-Motor M0803 19000KV Motor
AMAX-2305.5-1950,AMAXinno,SUPERLEGGERA 2305.5 A-BELL,1950,https://pyrodrone.com/products/amaxinno-superleggera-2303-5-a-bell-fpv-drone-motor-1950kv,AMAXinno Superleggera 2305.5 A-Bell FPV Drone Motor - 1950KV
HGLR-1102-10000,HGLRC,AEOLUS 1102,10000,https://pyrodrone.com/products/hglrc-aeolus-1102-10000kv-fpv-drone-motor,HGLRC Aeolus 1102 10000KV FPV Drone Motor
RCIN-1203-6000,RCinPower,GTS V3 1203 PLUS,6000,https://pyrodrone.com/products/rcinpower-gts-v3-1203-6000kv-plus-2-3-inch-cinewhoop-micro-motor,RCINPOWER GTS V3 1203 6000kv Plus 2-3 inch Cinewhoop Micro Motor - Choose Color
AXIS-2505-1750,AXIS,AE2505 AE,1750,https://pyrodrone.com/products/axisflying-ae2505-ae-series-freestyle-fpv-drone-motor-1750kv-1,AxisFlying AE2505 AE Series Freestyle FPV Drone Motor - 1750KV
AXIS-2505-2050,AXIS,AE2505 AE,2050,https://pyrodrone.com/products/axisflying-ae2505-ae-series-freestyle-fpv-drone-motor-2050kv,AxisFlying AE2505 AE Series Freestyle FPV Drone Motor - 2050KV
TMOT-1507-2700-2,T-Motor,V1507 M5,2700,https://pyrodrone.com/products/t-motor-v1507-m5-6s-2700kv-5mm-shaft-3-4-inch-fpv-brushless-motor,T-Motor V1507 M5 6S 2700KV 5mm Shaft 3-4 Inch FPV Brushless Motor
EMAX-2810-950,EMAX,PRO 2810 CINELIFTER,950,https://pyrodrone.com/products/emax-pro-series-2810-950kv-cinelifter-motor,Emax Pro Series 2810 950kv Cinelifter Motor
TMOT-3115-400,T-Motor,VELOX V3115,400,https://pyrodrone.com/products/t-motor-velox-v3115-cinematic-fpv-drone-motor-400kv,T-Motor Velox V3115 Cinematic FPV Drone Motor - 400KV
AMAX-2305.5-1500,AMAXinno,SUPERLEGGERA 2305.5 A-BELL,1500,https://pyrodrone.com/products/amaxinno-superleggera-2303-5-a-bell-fpv-drone-motor-1500kv,AMAXinno Superleggera 2305.5 A-Bell FPV Drone Motor - 1500KV
HGLR-2207.5-1750,HGLRC,AEOLUS 2207.5,1750,https://pyrodrone.com/products/hglrc-aeolus-2207-5-1750kv-motor,HGLRC Aeolus 2207.5 1750Kv Motor
IFLI-5215-300,iFlight,XING-E 5215 X CLASS,300,https://pyrodrone.com/products/iflight-xing-e-5215-x-class-fpv-motor-300kv,iFlight XING-E 5215 X Class FPV Motor 300KV
HAPP-0702-26000-2,HappyModel,SE0702 WHOOPS,26000,https://pyrodrone.com/products/happymodel-se0702-26000kv-cw-brushless-motor-for-1s-whoops,HappyModel SE0702 26000kv CW Brushless Motor for 1S Whoops
TMOT-1507-4100-2,T-Motor,V1507 1.5,4100,https://pyrodrone.com/products/t-motor-v1507-1-5-4s-4100kv-1-5mm-shaft-3-4-inch-fpv-brushless-motor,T-Motor V1507 1.5 4S 4100KV 1.5mm Shaft 3-4 Inch FPV Brushless Motor
GOOS-X-X-3,Goosky,S2 3D HELICOPTER MAIN,,https://pyrodrone.com/products/goosky-s2-3d-helicopter-main-motor,Goosky S2 3D Helicopter Main Motor
FOXE-2806.5-1350-2,Foxeer,BLACK HORNET 2806.5 CINELIFTER,1350,https://pyrodrone.com/products/foxeer-black-hornet-2806-5-1350kv-cinelifter-fpv-motor,Foxeer Black Hornet 2806.5 1350KV Cinelifter FPV Motor
AMAX-2305.5-2550,AMAXinno,SUPERLEGGERA 2305.5 A-BELL,2550,https://pyrodrone.com/products/amaxinno-superleggera-2303-5-a-bell-fpv-drone-motor-2550kv,AMAXinno Superleggera 2305.5 A-Bell FPV Drone Motor - 2550KV
AMAX-2305.5-2150,AMAXinno,SUPERLEGGERA 2305.5 A-BELL,2150,https://pyrodrone.com/products/amaxinno-superleggera-2303-5-a-bell-fpv-drone-motor-2150kv,AMAXinno Superleggera 2305.5 A-Bell FPV Drone Motor - 2150KV
AMAX-2207-2550-2,AMAXinno,PERFORMANTE 2207 A-BELL,2550,https://pyrodrone.com/products/amaxinno-performante-2207-a-bell-fpv-drone-motor-2550kv,AMAXinno Performante 2207 A-Bell FPV Drone Motor - 2550KV
AMAX-2207-2050,AMAXinno,PERFORMANTE 2207 A-BELL,2050,https://pyrodrone.com/products/amaxinno-performante-2207-a-bell-fpv-drone-motor-2050kv,AMAXinno Performante 2207 A-Bell FPV Drone Motor - 2050KV
XNOV-2203.5-2400,XNOVA,T2203.5,2400,https://pyrodrone.com/products/xnova-t2203-5-fpv-racing-series-motor-2400kv,XNova T2203.5 FPV Racing Series Motor - 2400KV
XNOV-2208-2700-2,XNOVA,HARD LINE 2208,2700,https://pyrodrone.com/products/xnova-hard-line-2208-2700kv-freestyle-fpv-combo-4-motors,Xnova Hard Line 2208 2700KV Freestyle FPV COMBO (4 Motors)
XNOV-2208-2300-3,XNOVA,HARD LINE 2208,2300,https://pyrodrone.com/products/xnova-hard-line-2208-2300kv-freestyle-fpv-combo-4-motors,Xnova Hard Line 2208 2300KV Freestyle FPV COMBO (4 Motors)
XNOV-2208-2000-2,XNOVA,HARD LINE 2208,2000,https://pyrodrone.com/products/xnova-hard-line-2208-2000kv-freestyle-fpv-combo-4-motors,Xnova Hard Line 2208 2000KV Freestyle FPV COMBO (4 Motors)
AMAX-2305.5-2350,AMAXinno,SUPERLEGGERA 2305.5 A-BELL,2350,https://pyrodrone.com/products/amaxinno-superleggera-2303-5-a-bell-fpv-drone-motor-2350kv-1,AMAXinno Superleggera 2305.5 A-Bell FPV Drone Motor - 2350KV
FLAS-2306.5-2300,FLASHHOBBY,ARTHUR 2306.5,2300,https://pyrodrone.com/products/flash-hobby-arthur-2306-5-2300kv-motor,Flash Hobby Arthur 2306.5 2300KV Motor
XNOV-2203.5-2400-2,XNOVA,LIGHTNING 2203.5 V2,2400,https://pyrodrone.com/products/xnova-lightning-2203-5-v2-fpv-racing-series-motor-2400kv,XNova Lightning 2203.5 V2 FPV Racing Series Motor - 2400KV
XNOV-2203.5-1800-2,XNOVA,LIGHTNING 2203.5 V2,1800,https://pyrodrone.com/products/xnova-lightning-2203-5-v2-fpv-racing-series-motor-set-1800kv-4-pc-99-copy,XNova Lightning 2203.5 V2 FPV Racing Series Motor Set - 1800KV - (4 Pc.)
GOOS-X-X-4,Goosky,S1 3D HELICOPTER MAIN,,https://pyrodrone.com/products/goosky-s1-3d-helicopter-main-brushless-motor,Goosky S1 3D Helicopter Main Brushless Motor
XNOV-2208-2500-3,XNOVA,HARD LINE 2208,2500,https://pyrodrone.com/products/xnova-hard-line-2208-2500kv-freestyle-fpv-combo-4-motors,Xnova Hard Line 2208 2500KV Freestyle FPV COMBO (4 Motors)
VCI-2207-2160-2,VCI,2207 PRO YUKI HIGH PERFORMANCE,2160,https://pyrodrone.com/products/vci-2207-pro-yuki-edition-high-performance-fpv-drone-motor-2160kv,VCI 2207 PRO YUKI Edition High Performance FPV Drone Motor - 2160Kv
GOOS-X-X-5,Goosky,RS4 HELICOPTER MAIN,,https://pyrodrone.com/products/goosky-rs4-helicopter-main-motor,Goosky RS4 Helicopter Main Motor
RCIN-2200-2200,RCinPower,WASP MAJOR EVO PLUS RED PURPLE 2200,2200,https://newbeedrone.com/products/rcinpower-wasp-major-evo-plus-22-6-7-2-2200kv-red-purple,Rcinpower Wasp Major EVO Plus (22.6-7.2) 2200KV Red &Purple
NEWB-1204-15000,NewBeeDrone,FLOW 1204,15000,https://newbeedrone.com/products/newbeedrone-flow-1204-racing-and-freestyle-fpv-micro-motor-set-of-4-15000kv,NewBeeDrone FLOW 1204 Racing and Freestyle FPV Micro Motor (Set of 4) 15000KV
HUMM-0702-30000,Hummingbird,0702 V2 TRUE -STANDARD,30000,https://newbeedrone.com/products/hummingbird-0702-v2-true-30000kv-brushless-motors-standard-version,Hummingbird 0702 V2 True 30000kv Brushless Motors -Standard Version
DEEP-2807-1350,DeepSpaceFPV,RED LINE 2807,1350,https://newbeedrone.com/products/deepspace-red-line-2807-brushless-motor-1350kv-6s-for-fpv-7-8inch-freestyle-long-range-drones-1350kv,DeepSpace RED LINE 2807 Brushless motor 1350KV 6S for FPV 7-8inch Freestyle Long Range Drones-1350KV
DEEP-2207-2150,DeepSpaceFPV,PULSAR 2207,2150,https://newbeedrone.com/products/deepspace-pulsar-2207-2150kv-4-6s-brushless-motor-for-rc-drone-fpv-racing-2150kv,DeepSpace PULSAR 2207 2150KV 4-6S Brushless Motor for RC Drone FPV Racing-2150KV
NEWB-2204-2100,NewBeeDrone,FLOW 2204 T-MOUNT,2100,https://newbeedrone.com/products/newbeedrone-flow-2204-2100kv-motor-t-mount,NewBeeDrone Flow 2204 2100kv Motor T-Mount 4Pack
DEEP-1404-4600,DeepSpaceFPV,AETHER 1404,4600,https://newbeedrone.com/products/deepspace-aether-1404-4600kv-4s-brushless-motor-for-2-5-4inch-toothpick-rc-drone,DeepSpace Aether 1404 4600KV 4S Brushless Motor For 2.5-4inch Toothpick RC Drone
DEEP-1505-4000,DeepSpaceFPV,AETHER 1505,4000,https://newbeedrone.com/products/deepspace-aether-1505-4000kv-4s-brushless-motor-for-2-5-3-5inch-fpv-freestyle-drones,DeepSpace Aether 1505 4000KV Brushless Motor – 4S Motor for FPV Drones
HUMM-0702-30000-2,Hummingbird,0702 TRUE RACESPEC,30000,https://newbeedrone.com/products/hummingbird-0702-30000kv-racespec-brushless-motors-set-of-4,Hummingbird 0702 True 30000kv RaceSpec Brushless Motors
GEPR-3215-750,GEPRC,EM3215,750,https://newbeedrone.com/products/pre-ordergeprc-em3215-900kv-750kv-motor,GEPRC EM3215 900KV/750KV Motor
GEPR-3215-900,GEPRC,EM3215,900,https://newbeedrone.com/products/pre-ordergeprc-em3215-900kv-750kv-motor,GEPRC EM3215 900KV/750KV Motor
NEWB-2808-1300,NewBeeDrone,FLOW 2808,1300,https://newbeedrone.com/products/newbeedrone-flow-2808-1300kv-motor,NewBeeDrone Flow 2808 1300KV Motor
AXIS-2306.5-1860-2,AXIS,ECONOMIC AE2306.5 V2 ARCO FLOW BANDO,1860,https://newbeedrone.com/products/axisflying-5inch-brushless-economic-fpv-motor-ae2306-5-v2-for-arco-flow-bando-freestyle,Axisflying 5inch Brushless Economic Fpv Motor AE2306.5 V2 For Arco / Flow / Bando Freestyle
AXIS-2306.5-1960-2,AXIS,ECONOMIC AE2306.5 V2 ARCO FLOW BANDO,1960,https://newbeedrone.com/products/axisflying-5inch-brushless-economic-fpv-motor-ae2306-5-v2-for-arco-flow-bando-freestyle,Axisflying 5inch Brushless Economic Fpv Motor AE2306.5 V2 For Arco / Flow / Bando Freestyle
VCI-2812-1000,VCI,2812,1000,https://newbeedrone.com/products/vci-2812-motor-1000kv-1200kv,VCI-2812 MOTOR- 1000KV/1200KV
VCI-2812-1200,VCI,2812,1200,https://newbeedrone.com/products/vci-2812-motor-1000kv-1200kv,VCI-2812 MOTOR- 1000KV/1200KV
AXIS-2207.5-1860-2,AXIS,2207.5 BANDO,1860,https://newbeedrone.com/products/axisflying-brushless-motor-2207,Axisflying Brushless Motor 2207.5 / For FPV Drone / Freestyle / Bando
AXIS-2207.5-1960-3,AXIS,2207.5 BANDO,1960,https://newbeedrone.com/products/axisflying-brushless-motor-2207,Axisflying Brushless Motor 2207.5 / For FPV Drone / Freestyle / Bando
TMOT-1950-1950,T-Motor,F40PROV 1950,1950,https://newbeedrone.com/products/t-motor-f40prov-1950kv-2150kv,T-MOTOR F40PROV - 1950KV / 2150KV
TMOT-1950-2150,T-Motor,F40PROV 1950,2150,https://newbeedrone.com/products/t-motor-f40prov-1950kv-2150kv,T-MOTOR F40PROV - 1950KV / 2150KV
NEWB-1404-4000,NewBeeDrone,FLOW 1404 T MOUNT,4000,https://newbeedrone.com/products/newbeedrone-flow-motor-1404-4000kv-t-mount,NewBeeDrone FLOW Motor 1404 4000KV - T Mount (Set of 4)
TMOT-1804-2400-3,T-Motor,P1804-5MM,2400,https://newbeedrone.com/products/t-motor-p1804-5mm-motor-2400kv-3400kv,T-MOTOR P1804-5mm Motor - 2400KV/3400KV
TMOT-1804-3400-2,T-Motor,P1804-5MM,3400,https://newbeedrone.com/products/t-motor-p1804-5mm-motor-2400kv-3400kv,T-MOTOR P1804-5mm Motor - 2400KV/3400KV
AXIS-1507-3650,AXIS,C157 1507 UPGRADING DJI AVATA,3650,https://newbeedrone.com/products/axisflying-fpv-brushless-motor-c157-1507-3650kv-for-upgrading-dji-avata,Axisflying Fpv Brushless Motor C157 1507 3650KV For Upgrading DJI AVATA
AXIS-2207-1960-7,AXIS,SPEEDYPIZZADRONES DIAVOLA 2207,1960,https://newbeedrone.com/products/axisflying-speedypizzadrones-co-brand-motor-diavola-2207-for-fpv-racing-and-freestyle,Axisflying & SpeedyPizzaDrones Co-brand motor DIAVOLA 2207 for FPV racing and freestyle
AXIS-X-1650,AXIS,C246 SHOOTING,1650,https://newbeedrone.com/products/axisflying-cinematic-series-c246-motors,Axisflying Cinematic series C246 motors for shooting and freestyle
AXIS-X-1850,AXIS,C246 SHOOTING,1850,https://newbeedrone.com/products/axisflying-cinematic-series-c246-motors,Axisflying Cinematic series C246 motors for shooting and freestyle
AXIS-X-2050,AXIS,C246 SHOOTING,2050,https://newbeedrone.com/products/axisflying-cinematic-series-c246-motors,Axisflying Cinematic series C246 motors for shooting and freestyle
NEWB-1102-19000,NewBeeDrone,FLOW 1102,19000,https://newbeedrone.com/products/newbeedrone-flow-1102-motor-19000kv-4-pack,NewBeeDrone FLOW 1102 Motor - 19000KV (4 Pack)
NEWB-1102-10000,NewBeeDrone,FLOW 1102,10000,https://newbeedrone.com/products/newbeedrone-flow-1102-motor-10000kv-4-pack,NewBeeDrone FLOW 1102 Motor - 10000KV (4 Pack)
TMOT-1750-1750,T-Motor,F60PRO V 1750,1750,https://newbeedrone.com/products/t-motor-f60pro-v-motor-1750kv-1950kv-2020kv-2550kv,T-MOTOR F60PRO V Motor - 1750KV/1950KV/2020KV/2550KV
TMOT-1750-1950,T-Motor,F60PRO V 1750,1950,https://newbeedrone.com/products/t-motor-f60pro-v-motor-1750kv-1950kv-2020kv-2550kv,T-MOTOR F60PRO V Motor - 1750KV/1950KV/2020KV/2550KV
TMOT-1750-2020,T-Motor,F60PRO V 1750,2020,https://newbeedrone.com/products/t-motor-f60pro-v-motor-1750kv-1950kv-2020kv-2550kv,T-MOTOR F60PRO V Motor - 1750KV/1950KV/2020KV/2550KV
TMOT-1750-2550,T-Motor,F60PRO V 1750,2550,https://newbeedrone.com/products/t-motor-f60pro-v-motor-1750kv-1950kv-2020kv-2550kv,T-MOTOR F60PRO V Motor - 1750KV/1950KV/2020KV/2550KV
NEWB-2004-2000,NewBeeDrone,FLOW 2004,2000,https://newbeedrone.com/products/newbeedrone-flow-2004-motor-t-mount-2000kv-8-motors,NewBeeDrone FLOW 2004 Motor T-Mount 2000KV Crazy Deal (2 Packs/8 Motors)
NEWB-2004-3100,NewBeeDrone,FLOW 2004,3100,https://newbeedrone.com/products/newbeedrone-flow-2004-motor-t-mount-3100kv-crazy-deal-8pack,NewBeeDrone FLOW 2004 Motor T-Mount 3100KV Crazy Deal (2 Packs/8 Motors)
AXIS-2207-1975-2,AXIS,BB2207 V3 2207,1975,https://newbeedrone.com/products/axisflying-bb2207-v3-2207-motor-1975kv,AxisFlying BB2207 v3 2207 Motor - 1975KV
ETHI-1607-2450,ETHIX,FSP 1607 M5 MOUNT,2450,https://newbeedrone.com/products/ethix-fsp-1607-2450kv-m5-mount-motor,Ethix FSP 1607 2450KV M5 Mount Motor
AXIS-2203.5-1610,AXIS,AF223 2203.5,1610,https://newbeedrone.com/products/axisflying-af223-2203-5-motor,AxisFlying AF223 2203.5 Motor - 1610KV/2910KV/3710KV
AXIS-2203.5-2910,AXIS,AF223 2203.5,2910,https://newbeedrone.com/products/axisflying-af223-2203-5-motor,AxisFlying AF223 2203.5 Motor - 1610KV/2910KV/3710KV
AXIS-2203.5-3710,AXIS,AF223 2203.5,3710,https://newbeedrone.com/products/axisflying-af223-2203-5-motor,AxisFlying AF223 2203.5 Motor - 1610KV/2910KV/3710KV
NEWB-0802-14000-2,NewBeeDrone,0802,14000,https://newbeedrone.com/products/newbeedrone-0802-14000kv-brushless-motors-espresso-edition-set-of-4,NewBeeDrone 0802 14000KV Brushless Motors - Unibell Espresso Edition (Set of 4)
HUMM-0802-25000,Hummingbird,0802,25000,https://newbeedrone.com/products/hummingbird-0802-25000kv-brushless-motors-set-of-4,Hummingbird 0802 25000kv Brushless Motors - (Set of 4)
NEWB-X-X,NewBeeDrone,BDR PLAID 6MM BRUSHED,,https://newbeedrone.com/products/bdr-plaid-edition-6mm-brushed-motor,NewBeeDrone BDR PLAID Edition - 6mm Brushed Motor
NEWB-X-X-2,NewBeeDrone,BDR SILVER 6MM BRUSHED,,https://newbeedrone.com/products/newbeedrone-bdr-silver-edition-6mm-brushed-motor,NewBeeDrone BDR SILVER Edition - 6mm Brushed Motor
NEWB-X-X-3,NewBeeDrone,BDR GOLD 6MM BRUSHED,,https://newbeedrone.com/products/newbeedrone-bdr-gold-edition-6mm-brushed-motor,NewBeeDrone BDR GOLD Edition - 6mm Brushed Motor
NEWB-X-X-4,NewBeeDrone,BDR UNICORN 6MM BRUSHED,,https://newbeedrone.com/products/newbeedrone-bdr-unicorn-edition-motors-6mm-brushed-motors,NewBeeDrone BDR Unicorn Edition Motors - 6mm Brushed Motors
NEWB-X-X-5,NewBeeDrone,BDR BLACK 6MM BRUSHED,,https://newbeedrone.com/products/newbeedrone-bdr-black-edition-6mm-brushed-motor,NewBeeDrone BDR BLACK Edition - 6mm Brushed Motor
READ-1104-7500,Readytosky,1104,7500,https://www.speedyfpv.com/products/4pcs-readytosky-1104-brushless-motors-7500kv-2s-3s,4pcs Readytosky 1104 Brushless Motors 7500KV 2S-3S
READ-2806.5-1300,Readytosky,2806.5 2807,1300,https://www.speedyfpv.com/products/4pcs-readytosky-2806-5-2807-brushless-motor-1300kv-3-6s,4pcs Readytosky 2806.5 2807 Brushless Motor 1300kV 3-6S
HAPP-0802-25000-2,HappyModel,RS0802 0802,25000,https://www.speedyfpv.com/products/4pcs-happymodel-rs0802-1s-0802-1-5mm-shaft-brushless-motor-set-25000kv,4pcs Happymodel RS0802 1S 0802 1.5mm Shaft Brushless Motor Set 25000KV
HAPP-1002-20000-2,HappyModel,EX1002 1002,20000,https://www.speedyfpv.com/products/4pcs-happymodel-ex1002-1s-1002-1-5mm-shaft-brushless-motor-set-20000kv,4pcs Happymodel EX1002 1S 1002 1.5mm Shaft Brushless Motor Set 20000KV
EMAX-3115-800,EMAX,ECO II 3115,800,https://www.speedyfpv.com/products/emax-eco-ii-series-3115-brushless-motor-6-12s-400kv-500kv-640kv-800kv-900kv-new,EMAX ECO II Series 3115 Brushless Motor 6-12s (400KV / 500KV / 640kV / 800kV / 900kV)
HAPP-0702-X,HappyModel,SE0702 28,,https://www.speedyfpv.com/products/4pcs-happymodel-se0702-28-0000kv-brushless-motor-1s,"4pcs Happymodel SE0702 28,0000KV Brushless Motor 1S"
LDAR-1204-4250,LDARC,1204,4250,https://www.speedyfpv.com/products/4pcs-ldarc-1204-brushless-motor-425kv-3-4s-2x-cw-2x-ccw,4pcs LDARC 1204 Brushless Motor 4250KV 3-4S (2x CW / 2x CCW)
LDAR-1204-4400,LDARC,1204,4400,https://www.speedyfpv.com/products/4pcs-ldarc-1204-brushless-motor-4400kv-3-4s-2x-cw-2x-ccw,4pcs LDARC 1204 Brushless Motor 4400KV 3-4S (2x CW / 2x CCW)
HAPP-1102-19000,HappyModel,EX1102,19000,https://www.speedyfpv.com/products/happymodel-ex1102-2-3s-brushless-motor-1-5mm-shaft-8500kv-9000kv-10000kv-13500kv-19000kv,Happymodel EX1102 2-3S Brushless Motor 1.5mm Shaft (8500KV / 9000KV / 10000KV / 13500KV / 19000KV)
READ-2204-1800,Readytosky,LE2204,1800,https://www.speedyfpv.com/products/le2204-18000kv-2-3s-brushless-motor,Readytosky LE2204 1800KV 2-3S Brushless Motor
HAPP-1103-6000-2,HappyModel,EX 1103,6000,https://www.speedyfpv.com/products/happymodel-ex1103-2-4s-brushless-motor-1mm-shaft-6000kv-8000kv-12000kv-red-black,Happymodel EX1103 2-4S Brushless Motor 1.5mm Shaft (6000KV/8000KV/12000KV) (Red/Black)
HAPP-1103-8000-2,HappyModel,EX 1103,8000,https://www.speedyfpv.com/products/happymodel-ex1103-2-4s-brushless-motor-1mm-shaft-6000kv-8000kv-12000kv-red-black,Happymodel EX1103 2-4S Brushless Motor 1.5mm Shaft (6000KV/8000KV/12000KV) (Red/Black)
HAPP-1103-12000-2,HappyModel,EX 1103,12000,https://www.speedyfpv.com/products/happymodel-ex1103-2-4s-brushless-motor-1mm-shaft-6000kv-8000kv-12000kv-red-black,Happymodel EX1103 2-4S Brushless Motor 1.5mm Shaft (6000KV/8000KV/12000KV) (Red/Black)
HAPP-0703-15000,HappyModel,SE0703,15000,https://www.speedyfpv.com/products/happymodel-se0703-1s-brushless-motor-1mm-shaft-15000kv-19000kv,Happymodel SE0703 1S Brushless Motor 1mm Shaft (15000KV/19000KV) (CW / CCW)
HAPP-0703-19000,HappyModel,SE0703,19000,https://www.speedyfpv.com/products/happymodel-se0703-1s-brushless-motor-1mm-shaft-15000kv-19000kv,Happymodel SE0703 1S Brushless Motor 1mm Shaft (15000KV/19000KV) (CW / CCW)
READ-2205-2300,Readytosky,2205 RS2205,2300,https://www.speedyfpv.com/products/4pcs-rs2205-2300kv-3-4s-brushless-motor,4pcs 2205 2300kV 3-4S RS2205 Brushless Motors (2x CW / 2x CCW)
READ-2205-2300-2,Readytosky,GT2205,2300,https://www.speedyfpv.com/products/set-of-4-rs2205-2300kv-3-4s-brushless-counter-clockwise-2xccw-motor,4PCS GT2205 2300kV 3-4S Brushless Motors (2x CW / 2x CCW)
EMAX-1407-2800-2,EMAX,ECO 1407 2800/3300,2800,https://www.speedyfpv.com/products/emax-eco-series-1407-brushless-motor-2-4s-2800-3300-4100kv,EMAX ECO Series 1407 Brushless Motor 2-4S 2800/3300/4100kV
EMAX-1407-3300-2,EMAX,ECO 1407 2800/3300,3300,https://www.speedyfpv.com/products/emax-eco-series-1407-brushless-motor-2-4s-2800-3300-4100kv,EMAX ECO Series 1407 Brushless Motor 2-4S 2800/3300/4100kV
EMAX-1407-4100-2,EMAX,ECO 1407 2800/3300,4100,https://www.speedyfpv.com/products/emax-eco-series-1407-brushless-motor-2-4s-2800-3300-4100kv,EMAX ECO Series 1407 Brushless Motor 2-4S 2800/3300/4100kV
READ-3800-3800,Readytosky,280W 33MM DIAMETER 3800,3800,https://www.speedyfpv.com/products/3800kv-2-4s-brushless-motor-280w-33mm-diameter,3800kV 2-4S Brushless Motor 280W 33mm Diameter
READ-2204-2300,Readytosky,2204,2300,https://www.speedyfpv.com/products/4pcs-readytosky-2204-2300kv-2-3s-brushless-motor-2-cw-2-ccw-set-qav250,Set of 4 Readytosky 2204 2300kV 2-3S Brushless Motors (2x CW / 2x CCW )
EMAX-2207-1700-3,EMAX,ECO III 2207,1700,https://www.fpvfaster.com/products/emax-eco-iii-2207-motor-brushless-3-6s-1700kv-2400kv,EMAX ECO III 2207 Motor Brushless 3-6S 1700KV 2400KV
EMAX-2207-2400-3,EMAX,ECO III 2207,2400,https://www.fpvfaster.com/products/emax-eco-iii-2207-motor-brushless-3-6s-1700kv-2400kv,EMAX ECO III 2207 Motor Brushless 3-6S 1700KV 2400KV
EMAX-2306-1700-3,EMAX,ECO 2306,1700,https://www.fpvfaster.com/products/emax-eco-iii-2306-motor-brushless-3-6s-1700kv-2400kv,EMAX ECO III 2306 Motor Brushless 3-6S 1700KV 2400KV
EMAX-2306-2400-3,EMAX,ECO 2306,2400,https://www.fpvfaster.com/products/emax-eco-iii-2306-motor-brushless-3-6s-1700kv-2400kv,EMAX ECO III 2306 Motor Brushless 3-6S 1700KV 2400KV
IFLI-X-X,iFlight,M3 DAMPER FLIGHT CONTROL,,https://www.fpvfaster.com/products/m3-damper-for-flight-control-4-pack,M3 Damper for Flight Control (4 Pack)
HAPP-0802-16000-2,HappyModel,SE0802 16000,16000,https://www.fpvfaster.com/products/happymodel-se0802-1-2s-16000kv-19000kv-brushless-motor-for-mobula7-snapper7-rc-drone,HappyModel SE0802 Brushless Motor 1-2S 16000/19000KV Mobula7 Mobula6 (1PC)
HAPP-0802-19000-3,HappyModel,SE0802 16000,19000,https://www.fpvfaster.com/products/happymodel-se0802-1-2s-16000kv-19000kv-brushless-motor-for-mobula7-snapper7-rc-drone,HappyModel SE0802 Brushless Motor 1-2S 16000/19000KV Mobula7 Mobula6 (1PC)
TINY-1002-22000,TINYWHOOP,IFLIGHT XING 1002,22000,https://www.fpvfaster.com/products/iflight-xing-1002-tinywhoop-fpv-1s-motor-22000kv,iFlight XING 1002 TinyWhoop FPV 1S Motor 22000KV
TMOT-2207-1750-5,T-Motor,VELOX V2207 V3 1750/1950/2050,1750,https://www.fpvfaster.com/products/t-motor-velox-v2207-v3-brushless-racing-4-6s-motor-1750-1950-2050-2550kv,T-Motor Velox V2207 V3 Brushless Racing 4-6S Motor 1750/1950/2050/2550KV
TMOT-2207-1950-5,T-Motor,VELOX V2207 V3 1750/1950/2050,1950,https://www.fpvfaster.com/products/t-motor-velox-v2207-v3-brushless-racing-4-6s-motor-1750-1950-2050-2550kv,T-Motor Velox V2207 V3 Brushless Racing 4-6S Motor 1750/1950/2050/2550KV
TMOT-2207-2050-2,T-Motor,VELOX V2207 V3 1750/1950/2050,2050,https://www.fpvfaster.com/products/t-motor-velox-v2207-v3-brushless-racing-4-6s-motor-1750-1950-2050-2550kv,T-Motor Velox V2207 V3 Brushless Racing 4-6S Motor 1750/1950/2050/2550KV
TMOT-2207-2550-5,T-Motor,VELOX V2207 V3 1750/1950/2050,2550,https://www.fpvfaster.com/products/t-motor-velox-v2207-v3-brushless-racing-4-6s-motor-1750-1950-2050-2550kv,T-Motor Velox V2207 V3 Brushless Racing 4-6S Motor 1750/1950/2050/2550KV
TINY-1202.5-15000,TINYWHOOP,GEPRC SPEEDX2 1202.5,15000,https://www.fpvfaster.com/products/geprc-speedx2-1202-5-motor-1-2s-tinywhoop-15000kv,GEPRC SPEEDX2 1202.5 Motor 1-2S TinyWhoop 15000KV
EMAX-2807-1300-3,EMAX,ECO III 2807,1300,https://www.fpvfaster.com/products/emax-eco-iii-2807-motor-brushless-3-6s-1300kv,EMAX ECO III 2807 Motor Brushless 3-6S 1300KV
TMOT-2406-2060-3,T-Motor,PACER P2406 V4 JUICY SBANG STYLE,2060,https://www.fpvfaster.com/products/t-motor-pacer-p2406-v4-juicy-motor-fpv-sbang-style-2060kv,T-Motor Pacer P2406 V4 Juicy Motor FPV SBANG Style 2060KV
TMOT-2306-1750-4,T-Motor,VELOX V3 V2306 1750/1950,1750,https://www.fpvfaster.com/products/t-motor-velox-v3-v2306-brushless-racing-4-6s-motor-1750-1950-2550kv,T-Motor Velox V3 V2306 Brushless Racing 4-6S Motor 1750/1950/2550KV
TMOT-2306-1950-5,T-Motor,VELOX V3 V2306 1750/1950,1950,https://www.fpvfaster.com/products/t-motor-velox-v3-v2306-brushless-racing-4-6s-motor-1750-1950-2550kv,T-Motor Velox V3 V2306 Brushless Racing 4-6S Motor 1750/1950/2550KV
TMOT-2306-2550-4,T-Motor,VELOX V3 V2306 1750/1950,2550,https://www.fpvfaster.com/products/t-motor-velox-v3-v2306-brushless-racing-4-6s-motor-1750-1950-2550kv,T-Motor Velox V3 V2306 Brushless Racing 4-6S Motor 1750/1950/2550KV
IFLI-1000-X,iFlight,SANYO 25V 1000UF 105 C LOW ESR CAPACITOR,,https://www.fpvfaster.com/products/sanyo-25v-1000uf-105-c-capacitor,SANYO 25V 1000uF 105°C Low ESR Capacitor
IFLI-X-X-2,iFlight,PANASONIC 35V 680UF CAPACITOR,,https://www.fpvfaster.com/products/35v-680uf-capacitor,Panasonic 35V 680UF Capacitor
IFLI-X-X-3,iFlight,PANASONIC 25V 220UF CAPACITOR,,https://www.fpvfaster.com/products/25v-220uf-capacitor,Panasonic 25V 220UF Capacitor
EMAX-1306-2700-2,EMAX,RS1306 V2 1306B,2700,https://www.fpvfaster.com/products/emax-rs1306-v2-1306b-micro-brushless-fpv-racing-motor,EMAX RS1306 V2 1306B Micro Brushless 2700KV/4000KV FPV Racing Motor
EMAX-1306-4000-2,EMAX,RS1306 V2 1306B,4000,https://www.fpvfaster.com/products/emax-rs1306-v2-1306b-micro-brushless-fpv-racing-motor,EMAX RS1306 V2 1306B Micro Brushless 2700KV/4000KV FPV Racing Motor
HAPP-0803-16000,HappyModel,SE0803,16000,https://www.fpvfaster.com/products/happymodel-se0803-12000kv-16000kv-19000kv-1-3s-brushless-motor-for-mobula7-rc-drone-fpv-racing-12000kv-cw,HappyModel SE0803 Brushless Motor 16000KV Mobula7
DIAT-1408-4000,Diatone,MAMBA 1408,4000,https://www.fpvfaster.com/products/mamba-1408-4000kv-3-4s-brushless-motor-for-diatone-gt-r349-fpv-racing-rc-drone,MAMBA 1408 Brushless Motor 4000KV 3-4S FPV Racing RC Drone
IFLI-2306-2450-3,iFlight,XING 2306 RC,2450,https://www.fpvfaster.com/products/motor-xing-x2306-2-6s-fpv-nextgen-motor,iFlight XING 2306 Motor 2450KV RC FPV Racing Drone
IFLI-1105-6000-2,iFlight,XING NANO X1105 NEXTGEN,6000,https://www.fpvfaster.com/products/motor-xing-nano-x1105-6500kv-fpv-nextgen-motor,iFlight XING NANO X1105 FPV NextGen Motor 6000KV Racing Drone
IFLI-2208-1700,iFlight,XING X2208,1700,https://www.fpvfaster.com/products/motor-xing-x2208-1700kv-2-6s-fpv-nextgen-motor,iFlight MOTOR XING X2208 FPV NextGen Motor 1700KV 2-6S
IFLI-2207-2450-2,iFlight,XING-E 2207,2450,https://www.fpvfaster.com/products/motor-xing-x2207-2-6s-fpv-nextgen-motor-unibell,iFlight MOTOR XING 2207 FPV NextGen Motor (unibell) 2450KV 2-6S
IFLI-2207.5-1999,iFlight,CYBER XING 2207.5,1999,https://www.fpvfaster.com/products/iflight-cyber-xing-2207-5-2-6s-fpv-motor,iFlight CYBER XING 2207.5 FPV Motor 2-6S 1999KV
SKYS-2307-1750,Skystars,RC TITANX 2307,1750,https://www.fpvfaster.com/products/skystar-titanx-2307-1750kv-motor-for-fpv-drone,SkyStars RC TITANX 2307 Motor FPV Drone 1750KV
TMOT-2207-2550-6,T-Motor,V2207 V2,2550,https://www.fpvfaster.com/products/t-motor-velox-v2-v2207-motor-fpv-drone-2550kv,T-Motor VELOX V2 V2207 Motor FPV Drone 2550KV
EMAX-1404-3700-2,EMAX,ECO 1404 HIGH EFFICIENCY,3700,https://www.unmannedtechshop.co.uk/products/emax-eco-1404-high-efficiency-micro-motor-3700kv-6000kv,"Emax Eco 1404 High Efficiency Micro Motor (3700Kv, 6000Kv)"
EMAX-1404-6000-2,EMAX,ECO 1404 HIGH EFFICIENCY,6000,https://www.unmannedtechshop.co.uk/products/emax-eco-1404-high-efficiency-micro-motor-3700kv-6000kv,"Emax Eco 1404 High Efficiency Micro Motor (3700Kv, 6000Kv)"
EMAX-2807-1500-3,EMAX,ECO III 2807,1500,https://www.unmannedtechshop.co.uk/products/emax-eco-iii-series-2807-motor-1300kv-1500kv,"EMAX ECO III Series 2807 Motor (1300kV, 1500kV)"
FLYW-1202.5-11500,FLYWOO,ROBO 1202.5 GOLD/PURPLE,11500,https://www.unmannedtechshop.co.uk/products/flywoo-robo-1202-5-11500kv-fpv-motor-gold-purple,Flywoo ROBO 1202.5 11500kv FPV Motor Gold/Purple
EMAX-2808-1300-2,EMAX,ECO III 2808,1300,https://www.unmannedtechshop.co.uk/products/emax-eco-iii-series-2808-motor-1300kv-1500kv,"EMAX ECO III Series 2808 Motor (1300kV, 1500kV)"
EMAX-2808-1500-3,EMAX,ECO III 2808,1500,https://www.unmannedtechshop.co.uk/products/emax-eco-iii-series-2808-motor-1300kv-1500kv,"EMAX ECO III Series 2808 Motor (1300kV, 1500kV)"
XNOV-2812-X,XNOVA,SMOOTH LINE 2812,,https://www.unmannedtechshop.co.uk/products/xnova-smooth-line-2812-brushless-motors,Xnova Smooth Line 2812 Brushless Motors
HAPP-1404-2700,HappyModel,EX1404,2700,https://www.unmannedtechshop.co.uk/products/happymodel-ex1404-brushless-motor-2700kv-3500kv-for-crux35,"HappyModel EX1404 Brushless Motor (2700kV, 3500kV) for Crux35"
AOS-2207-1980,AOS,SUPERNOVA 2207/2308,1980,https://www.unmannedtechshop.co.uk/products/aos-supernova-2207-2308-1980kv-motor,AOS Supernova 2207/2308 1980KV Motor
SPEE-1507-3600,SpeedyBee,1507 MASTER3X,3600,https://www.unmannedtechshop.co.uk/products/speedybee-1507-3600kv-master3x-3-3-6-inch-fpv-motor,SpeedyBee 1507-3600KV Master3X 3-3.6 inch FPV Motor
HAPP-1002-20000-3,HappyModel,EX1002 RS1002 MOBLITE7 HD,20000,https://www.unmannedtechshop.co.uk/products/happymodel-ex1002-rs1002-20000kv-unibell-brushless-motor-for-moblite7-hd,Happymodel EX1002 / RS1002 20000kV Unibell Brushless Motor for Moblite7 HD
BROT-2207-1700,BrotherHobby,VS 2207,1700,https://www.unmannedtechshop.co.uk/products/brotherhobby-vs-2207-motor-1700kv-2400kv-2700kv,"BrotherHobby VS 2207 Motor (1700kV, 2400kV, 2700kV)"
BETA-1102-18000-2,BetaFPV,1102,18000,https://www.unmannedtechshop.co.uk/products/betafpv-1102-v2-18000kv-brushless-motors-pack-of-4-2022-version,BetaFPV 1102 V2 18000kV Brushless Motors (Pack of 4) 2022 Version
BROT-3115-900,BrotherHobby,SE 3115,900,https://www.unmannedtechshop.co.uk/products/brotherhobby-se-3115-900kv-motor,BrotherHobby SE 3115 900KV Motor
FLYW-1002-23500,FLYWOO,ROBO 1002 GOLD/PURPLE,23500,https://www.unmannedtechshop.co.uk/products/flywoo-robo-1002-23500kv-fpv-motor-gold-purple,Flywoo ROBO 1002  23500KV Fpv Motor Gold/Purple
GEPR-1104-7500,GEPRC,SPEEDX2 1104,7500,https://www.unmannedtechshop.co.uk/products/geprc-speedx2-1104-7500kv-brushless-motor-the-pocket-rocket-for-micro-shredding,GEPRC SPEEDX2 1104 7500KV Brushless Motor
RCIN-2306-X,RCinPower,EX 2306 PLUS,,https://www.unmannedtechshop.co.uk/products/rcinpower-ex-2306-plus-brushless-fpv-drone-motor,RCinPower EX 2306 Plus Brushless FPV Drone Motor
RCIN-2104-X,RCinPower,GTS V3 2104T LIGHT,,https://www.unmannedtechshop.co.uk/products/rcinpower-gts-v3-2104t-light-motor,RCinPower GTS V3 2104T Light Motor
TMOT-1507-4100-3,T-Motor,VELOX V1507,4100,https://www.unmannedtechshop.co.uk/products/v1507-4s-4100kv-motor-5mm,T-Motor Velox V1507 4S Motor - 4100KV - 5mm Shaft
TBS-2306-1750,TBS,MR STEELE SILK V6 2306,1750,https://www.unmannedtechshop.co.uk/products/tbs-mr-steele-silk-motor-v6-white-gold,TBS Mr Steele Silk Motor V6 White Gold (2306 1750kv)
EMAX-7000-7000,EMAX,TH12025 PLUS 7000,7000,https://www.unmannedtechshop.co.uk/products/emax-th12025-7000kv-motor-for-tinyhawk-iii-plus-freestyle,Emax TH12025 7000KV Motor for Tinyhawk III PLUS Freestyle
SUB2-1103-14000,Sub250,1103,14000,https://www.unmannedtechshop.co.uk/products/sub250-1103-14000kv-motor-1pc,Sub250 1103 14000KV Brushless Motor (1pc)
BROT-1503-3850,BrotherHobby,F1503 W/ FOLDING PROPELLER,3850,https://www.unmannedtechshop.co.uk/products/brotherhobby-f1503-3850kv-motor-w-folding-propeller,BrotherHobby F1503 3850kV Motor w/ Folding Propeller
RCIN-3215-X,RCinPower,GTS 3215,,https://www.unmannedtechshop.co.uk/products/rcinpower-gts-3215-brushless-fpv-drone-motor,RCinPower GTS 3215 Brushless FPV Drone Motor
EMAX-1303.5-4500,EMAX,ECOII 1303.5,4500,https://www.unmannedtechshop.co.uk/products/emax-ecoii-1303-5-4500kv-brushless-motor-cinehawk,Emax ECOII 1303.5 4500KV Brushless Motor (CineHawk)
IFLI-3314-900,iFlight,XING2 3314 CINELIFTER,900,https://www.unmannedtechshop.co.uk/products/xing2-3314-fpv-cinelifter-motor-900kv,XING2 3314 FPV Cinelifter Motor 900KV
GEPR-1404-4500,GEPRC,GR1404,4500,https://www.unmannedtechshop.co.uk/products/geprc-gr1404-4500kv-motor,GepRC GR1404 4500kV Motor
SUNN-2216-1250,SunnySky,X2216 II,1250,https://www.unmannedtechshop.co.uk/products/sunnysky-x2216-1250kv-ii-brushless-motor,SunnySky X2216 1250kV II Brushless Motor
TINY-0802-X,TINYWHOOP,T M0802II /TOOTHPICK,,https://www.unmannedtechshop.co.uk/products/t-motor-m0802ii-micro-tiny-whoop-toothpick-motor,T-Motor M0802II Micro Tiny Whoop/Toothpick Motor
EMAX-0802-15000-2,EMAX,TH0802,15000,https://www.unmannedtechshop.co.uk/products/emax-th0802-brushless-motor-tinyhawk-iii-spare-part-15000kv,Emax TH0802 Brushless Motor (Tinyhawk III) Spare Part (15000Kv)
BROT-2216-880,BrotherHobby,REUNION 2216,880,https://www.unmannedtechshop.co.uk/products/brotherhobby-reunion-2216-motor-880kv,BrotherHobby Reunion 2216 Motor 880KV
LDAR-1406-3150,LDARC,HEE WING T1 RANGER TAIL REPLACEMENT FX1406,3150,https://www.unmannedtechshop.co.uk/products/hee-wing-t1-ranger-tail-replacement-motor-fx1406-3150kv,Hee Wing T1 Ranger Tail Replacement Motor FX1406 3150KV
BETA-0716-19000,BetaFPV,7X16MM CORELESS BRUSHED 0716,19000,https://www.unmannedtechshop.co.uk/products/betafpv-7x16mm-0716-19000kv-coreless-brushed-motor-pack,BetaFPV 7x16mm (0716) 19000kV Coreless Brushed Motor Pack
IFLI-1204-6200,iFlight,DEFENDER 20 1204,6200,https://www.unmannedtechshop.co.uk/products/iflight-defender-20-1204-6200kv-brushless-motor,iFlight Defender 20 1204 6200KV Brushless Motor
LDAR-1806-2000,LDARC,REPLACEMENT HEE WING T1 VTOL 1806,2000,https://www.unmannedtechshop.co.uk/products/replacement-hee-wing-t1-vtol-motor-1806-2000kv,Replacement Hee Wing T1 VTOL Motor 1806-2000KV
BROT-2806.5-870,BrotherHobby,"AVENGER 2806,5",870,https://www.unmannedtechshop.co.uk/products/brotherhobby-avenger-2806-5-motor-870kv-1300kv-1700kv,"BrotherHobby Avenger 2806.5 Motor (870Kv, 1300Kv, 1700KV)"
HOBB-3115-900,HOBBYWING,XROTOR 3115,900,https://www.unmannedtechshop.co.uk/products/hobbywing-xrotor-3115-high-efficiency-brushless-fpv-motor-the-cinelifter-choice,"Hobbywing XRotor 3115 900Kv Brushless 10"" FPV Motor"
HOBB-2807-1300,HOBBYWING,XROTOR 2807,1300,https://www.unmannedtechshop.co.uk/products/hobbywing-xrotor-2807-fpv-motors-high-torque-muscle-for-7-inch-long-range-builds,Hobbywing XRotor 2807 FPV Brushless Motor
HOBB-2807-1500,HOBBYWING,XROTOR 2807,1500,https://www.unmannedtechshop.co.uk/products/hobbywing-xrotor-2807-fpv-motors-high-torque-muscle-for-7-inch-long-range-builds,Hobbywing XRotor 2807 FPV Brushless Motor
HOBB-2807-1700,HOBBYWING,XROTOR 2807,1700,https://www.unmannedtechshop.co.uk/products/hobbywing-xrotor-2807-fpv-motors-high-torque-muscle-for-7-inch-long-range-builds,Hobbywing XRotor 2807 FPV Brushless Motor
THOB-1880-1880,T-Hobby,PACER P22.6-7 BANDO 1880,1880,https://www.unmannedtechshop.co.uk/products/t-hobby-pacer-p22-6-7-bando-series-6s-fpv-motor-1880kv-1980kv,T-Hobby Pacer P22.6-7 Bando Series 6S FPV Motor - 1880KV/1980KV
THOB-1880-1980,T-Hobby,PACER P22.6-7 BANDO 1880,1980,https://www.unmannedtechshop.co.uk/products/t-hobby-pacer-p22-6-7-bando-series-6s-fpv-motor-1880kv-1980kv,T-Hobby Pacer P22.6-7 Bando Series 6S FPV Motor - 1880KV/1980KV
AXIS-X-X,AXIS,C155 2.5INCH,,https://www.unmannedtechshop.co.uk/products/axisflying-c155-motor-for-2-5inch-3-5inch-cinewhoop,AxisFlying C155 Brushless Motor for 2.5inch/3.5inch Cinewhoop
EMAX-3515-650-2,EMAX,ECOII 3515,650,https://www.unmannedtechshop.co.uk/products/emax-ecoii-3515-650kv,Emax ECOII 3515 650KV
TMOT-X-X,T-Motor,CINE25,,https://www.unmannedtechshop.co.uk/products/cine25-combo-4s-2-5-fpv-motors-4pc,"Cine25 Combo 4S 2.5"" FPV Motors (4pc)"
HGLR-1002-2100,HGLRC,SPECTER 1002,2100,https://www.unmannedtechshop.co.uk/products/hglrc-specter-1002-2100kv-brushless-motor,HGLRC Specter 1002 2100Kv brushless Motor
GEPR-4214-660,GEPRC,EM4214,660,https://www.unmannedtechshop.co.uk/products/geprc-em4214-660kv-motor,GEPRC EM4214 660KV Motor
IFLI-2809-1250-2,iFlight,XING-E 2809 CINELIFTER,1250,https://www.unmannedtechshop.co.uk/products/xing-e-2809-cinelifter-motor-1250kv,XING-E 2809 Cinelifter Motor 1250kV
RCIN-2306.5-2280,RCinPower,"SMOOX 2306,5",2280,https://www.unmannedtechshop.co.uk/products/rcinpower-smoox-2306-5-motor-1880kv-2280kv-2580kv-4-6s,RCinPower Smoox 2306.5 Motor (1880kV / 2280kV / 2580kV) (4-6S)
IFLI-3110-X,iFlight,XING-E 3110 CINELIFTER,,https://www.unmannedtechshop.co.uk/products/iflight-xing-e-3110-cinelifter-motor,iFlight XING-E 3110 CineLifter Motor
DEEP-1203-8000,DeepSpaceFPV,AETHER 1203,8000,https://www.unmannedtechshop.co.uk/products/deepspace-aether-1203-8000kv-micro-fpv-motor-2-3s,DeepSpace Aether 1203 8000KV Micro FPV Motor (2-3S)
RCIN-1404-3850,RCinPower,1404 PLUS M2 CHECKING,3850,https://www.unmannedtechshop.co.uk/products/rcinpower-1404-plus-m2-micro-fpv-drone-motor-3850kv-4680kv,RCINPower 1404 Plus M2 Micro FPV Drone Motor 3850kv - for checking
RCIN-2506-1960,RCinPower,SOCCERX 2506 PLUS,1960,https://www.unmannedtechshop.co.uk/products/rcinpower-soccerx-2506-plus-1960kv-6s-fpv-brushless-motor,RCinPower SoccerX 2506 PLUS 1960kV 6S FPV Brushless Motor
HOBB-2812-900,HOBBYWING,XROTOR 2812,900,https://www.unmannedtechshop.co.uk/products/hobbywing-xrotor-2812-fpv-motor-cinematic-heavy-lift-power,Hobbywing XRotor 2812 FPV Brushless Motor
HOBB-2812-1100,HOBBYWING,XROTOR 2812,1100,https://www.unmannedtechshop.co.uk/products/hobbywing-xrotor-2812-fpv-motor-cinematic-heavy-lift-power,Hobbywing XRotor 2812 FPV Brushless Motor
DARW-1504-3800,DarwinFPV,1504,3800,https://www.unmannedtechshop.co.uk/products/darwinfpv-1504-3800kv-3s-brushless-motor,DarwinFPV 1504 3800KV 3S Brushless Motor
GEPR-4218-350,GEPRC,EM4218,350,https://www.unmannedtechshop.co.uk/products/geprc-em4218-350kv-motor,GEPRC EM4218 350KV Motor
AXIS-2807.5-X,AXIS,C287 2807.5,,https://www.unmannedtechshop.co.uk/products/axisflying-brushless-motor-c287-2807-5,Axisflying Brushless Motor C287 2807.5
IFLI-2306-1777,iFlight,CYBER XING 2306,1777,https://www.unmannedtechshop.co.uk/products/iflight-cyber-xing-2306-4-6s-brushless-motor-1777kv-1999kv-2555kv,"iFlight Cyber XING 2306 4-6S Brushless Motor (1777kV, 1999kV, 2555kV)"
IFLI-2306-1999,iFlight,CYBER XING 2306,1999,https://www.unmannedtechshop.co.uk/products/iflight-cyber-xing-2306-4-6s-brushless-motor-1777kv-1999kv-2555kv,"iFlight Cyber XING 2306 4-6S Brushless Motor (1777kV, 1999kV, 2555kV)"
IFLI-2306-2555-2,iFlight,CYBER XING 2306,2555,https://www.unmannedtechshop.co.uk/products/iflight-cyber-xing-2306-4-6s-brushless-motor-1777kv-1999kv-2555kv,"iFlight Cyber XING 2306 4-6S Brushless Motor (1777kV, 1999kV, 2555kV)"
RCIN-2807-1300,RCinPower,EX2807,1300,https://www.unmannedtechshop.co.uk/products/rcinpower-ex2807-1300kv-brushless-motor-for-6-7-inch-fpv-drones,RCinPower EX2807 1300KV Brushless Motor
RCIN-1303-8000-2,RCinPower,GTS V3 1303 ORANGE/GOLD,8000,https://www.unmannedtechshop.co.uk/products/rcinpower-gts-v3-1303-fpv-motor-5000-8000-11500kv-teal-blue,RCinPower GTS V3 1303 FPV Brushless Motor 8000KV/11500KV Orange/Gold
RCIN-1303-11500-2,RCinPower,GTS V3 1303 ORANGE/GOLD,11500,https://www.unmannedtechshop.co.uk/products/rcinpower-gts-v3-1303-fpv-motor-5000-8000-11500kv-teal-blue,RCinPower GTS V3 1303 FPV Brushless Motor 8000KV/11500KV Orange/Gold
RCIN-2200-2200-2,RCinPower,WASP MAJOR EVO PLUS 22.6-7.2 2200,2200,https://www.unmannedtechshop.co.uk/products/rcinpower-wasp-major-evo-plus-22-6-7-2-2200kv-motor,RCINPOWER Wasp Major EVO Plus 22.6-7.2 2200KV Motor
FTX-X-X,FTX,VANTAGE/CARNAGE 550 BRUSHED 15T,,https://www.unmannedtechshop.co.uk/products/ftx-vantage-carnage-550-brushed-15t-motor,FTX Vantage/Carnage 550 Brushed 15T Motor
HGLR-2004-1800-2,HGLRC,SPECTER 2004,1800,https://www.unmannedtechshop.co.uk/products/hglrc-specter-2004-1800kv-motor,HGLRC SPecter 2004 1800kV Motor
TMOT-X-X-2,T-Motor,CINE35,,https://www.unmannedtechshop.co.uk/products/t-motor-cine35-combo-6s-3-5-fpv-motors-4pc,"T-Motor Cine35 Combo 6S 3.5"" FPV Motors (4pc)"
EMAX-2812-930-2,EMAX,ECOII 2812,930,https://www.unmannedtechshop.co.uk/products/emax-ecoii-2812-3-6s-930kv-motor,Emax ECOII 2812 3-6S 930kV Motor
ETHI-2207-1750,ETHIX,CATS 2207,1750,https://www.unmannedtechshop.co.uk/products/tbs-ethix-cats-motor-2207-4-6s-2400kv-1750kv,"TBS Ethix CATS Motor 2207 4-6S (2400kV, 1750KV)"
BITC-X-X,BitCraze,7 MM DC CRAZYFLIE 2.X,,https://www.unmannedtechshop.co.uk/products/4-x-7-mm-dc-motor-pack-for-crazyflie-2-x,4 x 7 mm DC-motor pack for Crazyflie 2.X
IFLI-1404-4150,iFlight,DEFENDER 25 1404,4150,https://www.unmannedtechshop.co.uk/products/iflight-defender-25-1404-motor-4150kv,iFlight Defender 25 1404 Motor 4150kV
THEF-2208-1650-2,THEFPV,THE 2208,1650,https://www.unmannedtechshop.co.uk/products/thefpv-the-motor-2208-1650kv-2150kv-2400kv,"TheFPV - The Motor. 2208 (1650Kv, 2150Kv, 2400Kv)"
THEF-2208-2150-2,THEFPV,THE 2208,2150,https://www.unmannedtechshop.co.uk/products/thefpv-the-motor-2208-1650kv-2150kv-2400kv,"TheFPV - The Motor. 2208 (1650Kv, 2150Kv, 2400Kv)"
THEF-2208-2400-2,THEFPV,THE 2208,2400,https://www.unmannedtechshop.co.uk/products/thefpv-the-motor-2208-1650kv-2150kv-2400kv,"TheFPV - The Motor. 2208 (1650Kv, 2150Kv, 2400Kv)"
RCIN-0802-25000-2,RCinPower,EVO 0802,25000,https://www.unmannedtechshop.co.uk/products/rcinpower-evo-0802-25000kv-brushless-motor-1s-65-75mm-whoop,RCinPower EVO 0802 25000Kv Brushless Motor
RCIN-2160-2160-2,RCinPower,WASP MAJOR EVO 22.6-6.6 2160,2160,https://www.unmannedtechshop.co.uk/products/rcinpower-wasp-major-evo-2160kv-5-6s-fpv-motor,RCINPOWER Wasp Major EVO 22.6-6.6 2160KV 5-6S FPV Motor
MAD-5008-340,MAD,COMPONENTS 5008 IPE V3.0 HIGH-EFFICIENCY INDUSTRIAL,340,https://www.unmannedtechshop.co.uk/products/mad-components-5008-ipe-v3-0-high-efficiency-industrial-drone-motor,MAD Components 5008 IPE 340KV V3.0 High-Efficiency Industrial Drone Motor
EMAX-2812-1100-2,EMAX,ECOII 2812,1100,https://www.unmannedtechshop.co.uk/products/emax-ecoii-2812-1100kv-brushless-motor,Emax ECOII 2812 1100KV Brushless Motor
BETA-2204-2400,BetaFPV,2204,2400,https://www.unmannedtechshop.co.uk/products/betafpv-2204-2400kv-brushless-motor-pack-of-4,BetaFPV 2204 2400kV Brushless Motor (Pack of 4)
BROT-0804-10000,BrotherHobby,AVENGER 0804,10000,https://www.unmannedtechshop.co.uk/products/brotherhobby-avenger-0804-10000kv-micro-fpv-motor,BrotherHobby Avenger 0804 10000kV Micro FPV Motor
AXIS-2207-X,AXIS,BB2207 BLACKBIRD V3 SBANG,,https://www.unmannedtechshop.co.uk/products/axisflying-bb2207-blackbird-v3-freestyle-sbang-motor,Axisflying BB2207 BlackBird V3 Freestyle Sbang Motor
BETA-1505-4600,BetaFPV,1505,4600,https://www.unmannedtechshop.co.uk/products/betafpv-1505-4600kv-brushless-motor,BetaFPV 1505 4600KV Brushless Motor
OMPH-2310-900,OMP Hobby,ZMO VTOL REPLACEMENT FRONT RIGHT 2310R,900,https://www.unmannedtechshop.co.uk/products/zmo-vtol-replacement-front-right-motor-2310r-6s-900kv,ZMO VTOL Replacement Front Right Motor 2310R (6S 900kV)
OMPH-2310-900-2,OMP Hobby,ZMO VTOL REPLACEMENT FRONT LEFT 2310L,900,https://www.unmannedtechshop.co.uk/products/zmo-vtol-replacement-front-left-motor-2310l-6s-900kv,ZMO VTOL Replacement Front Left Motor 2310L (6S 900kV)
EMAX-1408-2600,EMAX,RS1408,2600,https://www.unmannedtechshop.co.uk/products/emax-rs1408-brushless-motor-2300kv-2600kv-3600kv-2-5s,"Emax RS1408 Brushless Motor (2300Kv, 2600Kv, 3600Kv) (2-5S)"
FLAS-2004-1750-2,FLASHHOBBY,FLASH K2004,1750,https://www.unmannedtechshop.co.uk/products/flash-k2004-brushless-motor-1750kv-1900kv-2100kv-3150kv,"Flash K2004 Brushless Motor (1750kV, 1900kV, 2100kV, 3150kV)"
FLAS-2004-1900-3,FLASHHOBBY,FLASH K2004,1900,https://www.unmannedtechshop.co.uk/products/flash-k2004-brushless-motor-1750kv-1900kv-2100kv-3150kv,"Flash K2004 Brushless Motor (1750kV, 1900kV, 2100kV, 3150kV)"
FLAS-2004-2100-2,FLASHHOBBY,FLASH K2004,2100,https://www.unmannedtechshop.co.uk/products/flash-k2004-brushless-motor-1750kv-1900kv-2100kv-3150kv,"Flash K2004 Brushless Motor (1750kV, 1900kV, 2100kV, 3150kV)"
FLAS-2004-3150-2,FLASHHOBBY,FLASH K2004,3150,https://www.unmannedtechshop.co.uk/products/flash-k2004-brushless-motor-1750kv-1900kv-2100kv-3150kv,"Flash K2004 Brushless Motor (1750kV, 1900kV, 2100kV, 3150kV)"
FLAS-2306.5-1900-3,FLASHHOBBY,FLASH K2306.5,1900,https://www.unmannedtechshop.co.uk/products/flash-k2306-5-brushless-motor-1900kv-2300kv-2550kv,"Flash K2306.5 Brushless Motor (1900kV, 2300kV, 2550kV)"
FLAS-2306.5-2300-2,FLASHHOBBY,FLASH K2306.5,2300,https://www.unmannedtechshop.co.uk/products/flash-k2306-5-brushless-motor-1900kv-2300kv-2550kv,"Flash K2306.5 Brushless Motor (1900kV, 2300kV, 2550kV)"
FLAS-2306.5-2550-2,FLASHHOBBY,FLASH K2306.5,2550,https://www.unmannedtechshop.co.uk/products/flash-k2306-5-brushless-motor-1900kv-2300kv-2550kv,"Flash K2306.5 Brushless Motor (1900kV, 2300kV, 2550kV)"
EMAX-1106-4500-2,EMAX,RS1106 II,4500,https://www.unmannedtechshop.co.uk/products/rs-1106-ii-micro-brushless-motor-4500kv-6000kv-7500kv,"RS 1106 II Micro Brushless Motor (4500Kv, 6000Kv, 7500Kv)"
EMAX-1106-6000-2,EMAX,RS1106 II,6000,https://www.unmannedtechshop.co.uk/products/rs-1106-ii-micro-brushless-motor-4500kv-6000kv-7500kv,"RS 1106 II Micro Brushless Motor (4500Kv, 6000Kv, 7500Kv)"
LUME-2207-1750,Lumenier,2207 JOHNNYFPV V2,1750,https://www.unmannedtechshop.co.uk/products/lumenier-2207-johnnyfpv-v2-motor-1750kv-2400kv,"Lumenier 2207 JohnnyFPV V2 Motor (1750KV, 2400KV)"
LUME-2207-2400,Lumenier,2207 JOHNNYFPV V2,2400,https://www.unmannedtechshop.co.uk/products/lumenier-2207-johnnyfpv-v2-motor-1750kv-2400kv,"Lumenier 2207 JohnnyFPV V2 Motor (1750KV, 2400KV)"
GEPR-1103-10000,GEPRC,GR1103,10000,https://www.unmannedtechshop.co.uk/products/geprc-gr-1103-1-3s-brushless-motor-8000kv-10000kv,"GepRC GR 1103 1-3S Brushless Motor (8000Kv, 10000Kv)"
LUME-2407-1750,Lumenier,JB2407-7 BARDWELL,1750,https://www.unmannedtechshop.co.uk/products/lumenier-jb2407-bardwell-motor-1750kv-2500kv,Lumenier JB2407 Bardwell Motor (1750kV / 2500kV)
BROT-2207.5-1750,BrotherHobby,"AVENGER 2207,5 V3",1750,https://www.unmannedtechshop.co.uk/products/brotherhobby-avenger-v3-2207-5-1750kv-1900kv-2350kv-4-6s,"BrotherHobby Avenger V3 2207.5 (1750kV, 1900kV, 2350kV) 4-6S"
TMOT-2207.5-1750-4,T-Motor,PACER V2 P2207.5,1750,https://www.unmannedtechshop.co.uk/products/t-motor-pacer-v2-p2207-5-motor-1750kv-1950kv-2550kv,"T-Motor PACER V2 P2207.5 Motor (1750kV, 1950kV, 2550kV)"
TMOT-2207.5-1950-5,T-Motor,PACER V2 P2207.5,1950,https://www.unmannedtechshop.co.uk/products/t-motor-pacer-v2-p2207-5-motor-1750kv-1950kv-2550kv,"T-Motor PACER V2 P2207.5 Motor (1750kV, 1950kV, 2550kV)"
TMOT-2207.5-2550-3,T-Motor,PACER V2 P2207.5,2550,https://www.unmannedtechshop.co.uk/products/t-motor-pacer-v2-p2207-5-motor-1750kv-1950kv-2550kv,"T-Motor PACER V2 P2207.5 Motor (1750kV, 1950kV, 2550kV)"
BROT-2306-1650,BrotherHobby,RETURNER R6 2306 RAINBOW,1650,https://www.unmannedtechshop.co.uk/products/brotherhobby-returner-r6-2306-1650kv-2450kv-4-6s,"BrotherHobby Returner R6 2306 (1650KV, 2450Kv) 4-6S"
BROT-2306-2450,BrotherHobby,RETURNER R6 2306 RAINBOW,2450,https://www.unmannedtechshop.co.uk/products/brotherhobby-returner-r6-2306-1650kv-2450kv-4-6s,"BrotherHobby Returner R6 2306 (1650KV, 2450Kv) 4-6S"
RCIN-1202.5-600,RCinPower,GTS-V2 1202.5,600,https://www.unmannedtechshop.co.uk/products/rcinpower-gts-v2-1202-5-motor-600kv-11500kv,"RCINPOWER GTS V2 1202.5 Motor (600KV, 11500KV)"
ZOHD-2204-1870-2,ZOHD,BL2204,1870,https://www.unmannedtechshop.co.uk/products/bl2204-1870kv-brushless-motor-zohd-nano-talon,BL2204 1870KV Brushless Motor (ZOHD Nano Talon)
IFLI-2207.5-1777,iFlight,CYBER XING 2207.5,1777,https://www.unmannedtechshop.co.uk/products/iflight-cyber-xing-2207-5-4-6s-brushless-motor-1777kv-1999kv-2555kv,"iFlight Cyber XING 2207.5 4-6S Brushless Motor (1777kV, 1999kV, 2555kV)"
IFLI-2207.5-2555,iFlight,CYBER XING 2207.5,2555,https://www.unmannedtechshop.co.uk/products/iflight-cyber-xing-2207-5-4-6s-brushless-motor-1777kv-1999kv-2555kv,"iFlight Cyber XING 2207.5 4-6S Brushless Motor (1777kV, 1999kV, 2555kV)"
LUME-2206-2650,Lumenier,RB2206-8 SKITZO,2650,https://www.unmannedtechshop.co.uk/products/lumenier-rb2206-8-2650kv-skitzo-motor,Lumenier RB2206-8 2650KV SKITZO Motor
IFLI-2207-1950,iFlight,XING2 2207,1950,https://www.unmannedtechshop.co.uk/products/iflight-xing2-2207-rainbow-fpv-motor-1950kv,iFlight XING2 2207 Rainbow FPV Motor (1950kV)
DYS-2812-1400,DYS,D2812,1400,https://www.unmannedtechshop.co.uk/products/dys-d2812-14-1400kv-brushless-motor,DYS D2812-14 1400KV Brushless Motor
THEF-1202.5-8000,THEFPV,"THEFPV 1202,5",8000,https://www.unmannedtechshop.co.uk/products/thefpv-1202-5-8000kv-brushless-motor-for-c2,TheFPV 1202.5 8000kV Brushless Motor (for C2)
UMMA-2306-1800,UMMAGAWD,AEROLITE 2306,1800,https://www.unmannedtechshop.co.uk/products/ummagawd-aerolite-2306-1800kv-motor-gunmetal-red,Ummagawd Aerolite 2306 1800KV Motor - Gunmetal/Red
IFLI-1404-3800-3,iFlight,XING NANO 1404,3800,https://www.unmannedtechshop.co.uk/products/iflight-xing-nano-1404-2-4s-brushless-motor-3800kv-4600kv,"iFlight XING Nano 1404 2-4S Brushless Motor (3800Kv, 4600Kv)"
IFLI-1404-4600-3,iFlight,XING NANO 1404,4600,https://www.unmannedtechshop.co.uk/products/iflight-xing-nano-1404-2-4s-brushless-motor-3800kv-4600kv,"iFlight XING Nano 1404 2-4S Brushless Motor (3800Kv, 4600Kv)"
IFLI-1206-4500,iFlight,XING NANO 1206,4500,https://www.unmannedtechshop.co.uk/products/iflight-xing-nano-1206-3-4s-brushless-motor-4500kv-6500kv,"iFlight XING Nano 1206 3-4S Brushless Motor (4500Kv, 6500Kv)"
IFLI-1206-6500,iFlight,XING NANO 1206,6500,https://www.unmannedtechshop.co.uk/products/iflight-xing-nano-1206-3-4s-brushless-motor-4500kv-6500kv,"iFlight XING Nano 1206 3-4S Brushless Motor (4500Kv, 6500Kv)"
IFLI-1408-2800-2,iFlight,XING 1408,2800,https://www.unmannedtechshop.co.uk/products/iflight-xing-1408-motor-2800kv-3600kv-4100kv,"iFlight Xing 1408 Motor (2800kV, 3600kV, 4100kV)"
IFLI-1408-3600-2,iFlight,XING 1408,3600,https://www.unmannedtechshop.co.uk/products/iflight-xing-1408-motor-2800kv-3600kv-4100kv,"iFlight Xing 1408 Motor (2800kV, 3600kV, 4100kV)"
IFLI-1408-4100-2,iFlight,XING 1408,4100,https://www.unmannedtechshop.co.uk/products/iflight-xing-1408-motor-2800kv-3600kv-4100kv,"iFlight Xing 1408 Motor (2800kV, 3600kV, 4100kV)"
THEF-2207-1750,THEFPV,THE DIME. 2207,1750,https://www.unmannedtechshop.co.uk/products/thefpv-the-dime-2207-motors-2450kv-1750kv,TheFPV - The Dime. 2207 Motors (2450Kv / 1750Kv)
THEF-2207-2450-2,THEFPV,THE DIME. 2207,2450,https://www.unmannedtechshop.co.uk/products/thefpv-the-dime-2207-motors-2450kv-1750kv,TheFPV - The Dime. 2207 Motors (2450Kv / 1750Kv)
IFLI-2306-2750,iFlight,XING-E PRO 2306,2750,https://www.unmannedtechshop.co.uk/products/iflight-xing-2306-2-6s-brushless-motor-1700kv-2450kv-2750kv,"iFlight XING 2306 2-6S Brushless Motor (1700kV, 2450kV, 2750kV)"
IFLI-2207-1700,iFlight,XING-E PRO 2207,1700,https://www.unmannedtechshop.co.uk/products/iflight-xing-2207-2-6s-brushless-motor-1700kv-1800kv-2450kv,iFlight XING 2207 2-6S Brushless Motor (1700KV 1800KV 2450KV)
TINY-0716-17500,TINYWHOOP,0716 CORELESS,17500,https://www.unmannedtechshop.co.uk/products/4x-0716-tiny-whoop-coreless-motor-17500kv,4x 0716 Tiny Whoop Coreless Motor 17500KV
IFLI-2208-1700-2,iFlight,XING 2208,1700,https://www.unmannedtechshop.co.uk/products/iflight-xing-2208-2-6s-brushless-motor-1700kv-2450kv,"iFlight XING 2208 2-6S Brushless Motor (1700Kv, 2450Kv)"
IFLI-2208-2450-2,iFlight,XING 2208,2450,https://www.unmannedtechshop.co.uk/products/iflight-xing-2208-2-6s-brushless-motor-1700kv-2450kv,"iFlight XING 2208 2-6S Brushless Motor (1700Kv, 2450Kv)"
DYS-1806-2300-2,DYS,BX1806,2300,https://www.unmannedtechshop.co.uk/products/bx1806-2300kv-multirotor-motor-pack-2x-motors,BX1806 2300Kv Multirotor Motor Pack (2x Motors)
IFLI-1002-14000,iFlight,XING 1002,14000,https://www.unmannedtechshop.co.uk/products/iflight-xing-1002-14000kv-brushless-motor-defender16,iFlight XING 1002 14000KV Brushless Motor (Defender16)
FLAS-0802-19000,FLASHHOBBY,FLASH A0802,19000,https://www.unmannedtechshop.co.uk/products/flash-a0802-19000kv-motor,Flash A0802 19000KV Motor
TMOT-X-X-3,T-Motor,CINE60,,https://www.unmannedtechshop.co.uk/products/t-motor-cine60-cinematic-6s-fpv-motor,T-Motor Cine60 Cinematic 6s FPV Motor
TMOT-X-X-4,T-Motor,CINE30,,https://www.unmannedtechshop.co.uk/products/t-motor-cine30-combo-6s-3-fpv-motors-4pc,"T-motor Cine30 Combo 6S 3"" FPV Motors (4pc)"
TMOT-X-X-5,T-Motor,CINE20,,https://www.unmannedtechshop.co.uk/products/t-motor-cine20-combo-4s-2-fpv-motors-4pc,"T-Motor Cine20 Combo 4s 2"" FPV Motors (4pc)"
TMOT-1002-18000-2,T-Motor,M1002 75X,18000,https://www.unmannedtechshop.co.uk/products/tmotor-m1002-18000kv-brushless-75x-whoop-1s-motor,Tmotor M1002 18000kV Brushless 75x Whoop 1S Motor
HGLR-0802-21000,HGLRC,SPECTER 0802,21000,https://www.unmannedtechshop.co.uk/products/hglrc-specter-0802-21000kv-motor,HGLRC Specter 0802 21000kV Motor
EMAX-3214-450,EMAX,ECO II 3214,450,https://shop.emax-usa.com/products/emax-eco-ii-3214-brushless-motor,EMAX ECO II 3214 Brushless Motor
EMAX-3214-800,EMAX,ECO II 3214,800,https://shop.emax-usa.com/products/emax-eco-ii-3214-brushless-motor,EMAX ECO II 3214 Brushless Motor
EMAX-3214-900,EMAX,ECO II 3214,900,https://shop.emax-usa.com/products/emax-eco-ii-3214-brushless-motor,EMAX ECO II 3214 Brushless Motor
EMAX-3214-1050,EMAX,ECO II 3214,1050,https://shop.emax-usa.com/products/emax-eco-ii-3214-brushless-motor,EMAX ECO II 3214 Brushless Motor
EMAX-3210-800,EMAX,ECO II 3210,800,https://shop.emax-usa.com/products/emax-eco-ii-3210-brushless-motor-choose-kv,EMAX ECO II 3210 Brushless Motor
EMAX-3210-900,EMAX,ECO II 3210,900,https://shop.emax-usa.com/products/emax-eco-ii-3210-brushless-motor-choose-kv,EMAX ECO II 3210 Brushless Motor
EMAX-3210-1050,EMAX,ECO II 3210,1050,https://shop.emax-usa.com/products/emax-eco-ii-3210-brushless-motor-choose-kv,EMAX ECO II 3210 Brushless Motor
EMAX-3210-1200,EMAX,ECO II 3210,1200,https://shop.emax-usa.com/products/emax-eco-ii-3210-brushless-motor-choose-kv,EMAX ECO II 3210 Brushless Motor
EMAX-3220-500,EMAX,ECO II 3220,500,https://shop.emax-usa.com/products/emax-eco-ii-3220-brushless-motor-choose-kv,EMAX ECO II 3220 Brushless Motor
EMAX-3220-700,EMAX,ECO II 3220,700,https://shop.emax-usa.com/products/emax-eco-ii-3220-brushless-motor-choose-kv,EMAX ECO II 3220 Brushless Motor
EMAX-3220-1000,EMAX,ECO II 3220,1000,https://shop.emax-usa.com/products/emax-eco-ii-3220-brushless-motor-choose-kv,EMAX ECO II 3220 Brushless Motor
EMAX-6218-180,EMAX,ECOII 6218,180,https://shop.emax-usa.com/products/emax-ecoii-6218-brushless-motor,EMAX ECOII 6218 Brushless Motor
EMAX-6218-200,EMAX,ECOII 6218,200,https://shop.emax-usa.com/products/emax-ecoii-6218-brushless-motor,EMAX ECOII 6218 Brushless Motor
EMAX-6215-180,EMAX,ECOII 6215,180,https://shop.emax-usa.com/products/emax-ecoii-6215-brushless-motor,EMAX ECOII 6215 Brushless Motor
EMAX-6215-200,EMAX,ECOII 6215,200,https://shop.emax-usa.com/products/emax-ecoii-6215-brushless-motor,EMAX ECOII 6215 Brushless Motor
EMAX-5215-230,EMAX,ECOII 5215,230,https://shop.emax-usa.com/products/emax-ecoii-5215-brushless-motor,EMAX ECOII 5215 Brushless Motor
EMAX-5215-260,EMAX,ECOII 5215,260,https://shop.emax-usa.com/products/emax-ecoii-5215-brushless-motor,EMAX ECOII 5215 Brushless Motor
EMAX-5215-300,EMAX,ECOII 5215,300,https://shop.emax-usa.com/products/emax-ecoii-5215-brushless-motor,EMAX ECOII 5215 Brushless Motor
EMAX-5215-360,EMAX,ECOII 5215,360,https://shop.emax-usa.com/products/emax-ecoii-5215-brushless-motor,EMAX ECOII 5215 Brushless Motor
EMAX-5215-420,EMAX,ECOII 5215,420,https://shop.emax-usa.com/products/emax-ecoii-5215-brushless-motor,EMAX ECOII 5215 Brushless Motor
EMAX-4215-350,EMAX,ECOII 4215,350,https://shop.emax-usa.com/products/emax-ecoii-4215-brushless-motor,EMAX ECOII 4215 Brushless Motor
EMAX-4215-420,EMAX,ECOII 4215,420,https://shop.emax-usa.com/products/emax-ecoii-4215-brushless-motor,EMAX ECOII 4215 Brushless Motor
EMAX-4215-520,EMAX,ECOII 4215,520,https://shop.emax-usa.com/products/emax-ecoii-4215-brushless-motor,EMAX ECOII 4215 Brushless Motor
EMAX-4215-660,EMAX,ECOII 4215,660,https://shop.emax-usa.com/products/emax-ecoii-4215-brushless-motor,EMAX ECOII 4215 Brushless Motor
EMAX-4320-350,EMAX,ECOII 4320,350,https://shop.emax-usa.com/products/emax-ecoii-4320-brushless-motor,EMAX ECOII 4320 Brushless Motor
EMAX-4320-380,EMAX,ECOII 4320,380,https://shop.emax-usa.com/products/emax-ecoii-4320-brushless-motor,EMAX ECOII 4320 Brushless Motor
EMAX-4320-420,EMAX,ECOII 4320,420,https://shop.emax-usa.com/products/emax-ecoii-4320-brushless-motor,EMAX ECOII 4320 Brushless Motor
EMAX-4320-500,EMAX,ECOII 4320,500,https://shop.emax-usa.com/products/emax-ecoii-4320-brushless-motor,EMAX ECOII 4320 Brushless Motor
EMAX-4315-360,EMAX,ECOII 4315,360,https://shop.emax-usa.com/products/emax-ecoii-4315-brushless-motor,EMAX ECOII 4315 Brushless Motor
EMAX-4315-380,EMAX,ECOII 4315,380,https://shop.emax-usa.com/products/emax-ecoii-4315-brushless-motor,EMAX ECOII 4315 Brushless Motor
EMAX-4315-450,EMAX,ECOII 4315,450,https://shop.emax-usa.com/products/emax-ecoii-4315-brushless-motor,EMAX ECOII 4315 Brushless Motor
EMAX-4315-520,EMAX,ECOII 4315,520,https://shop.emax-usa.com/products/emax-ecoii-4315-brushless-motor,EMAX ECOII 4315 Brushless Motor
EMAX-3530-280,EMAX,ECOII 3530,280,https://shop.emax-usa.com/products/emax-ecoii-3530-brushless-motor,EMAX ECOII 3530 Brushless Motor
EMAX-3530-445,EMAX,ECOII 3530,445,https://shop.emax-usa.com/products/emax-ecoii-3530-brushless-motor,EMAX ECOII 3530 Brushless Motor
EMAX-3530-520,EMAX,ECOII 3530,520,https://shop.emax-usa.com/products/emax-ecoii-3530-brushless-motor,EMAX ECOII 3530 Brushless Motor
EMAX-3530-650,EMAX,ECOII 3530,650,https://shop.emax-usa.com/products/emax-ecoii-3530-brushless-motor,EMAX ECOII 3530 Brushless Motor
EMAX-3520-330,EMAX,ECOII 3520,330,https://shop.emax-usa.com/products/emax-ecoii-3520-brushless-motor,EMAX ECOII 3520 Brushless Motor
EMAX-3520-495,EMAX,ECOII 3520,495,https://shop.emax-usa.com/products/emax-ecoii-3520-brushless-motor,EMAX ECOII 3520 Brushless Motor
EMAX-3520-560,EMAX,ECOII 3520,560,https://shop.emax-usa.com/products/emax-ecoii-3520-brushless-motor,EMAX ECOII 3520 Brushless Motor
EMAX-3520-770,EMAX,ECOII 3520,770,https://shop.emax-usa.com/products/emax-ecoii-3520-brushless-motor,EMAX ECOII 3520 Brushless Motor
EMAX-3115-400-2,EMAX,E3 3115,400,https://shop.emax-usa.com/products/emax-e3-3115-brushless-motor,EMAX E3 3115 Brushless Motor
EMAX-3115-640-2,EMAX,E3 3115,640,https://shop.emax-usa.com/products/emax-e3-3115-brushless-motor,EMAX E3 3115 Brushless Motor
EMAX-3115-900-2,EMAX,E3 3115,900,https://shop.emax-usa.com/products/emax-e3-3115-brushless-motor,EMAX E3 3115 Brushless Motor
EMAX-3115-1050,EMAX,E3 3115,1050,https://shop.emax-usa.com/products/emax-e3-3115-brushless-motor,EMAX E3 3115 Brushless Motor
EMAX-2814-850,EMAX,E3 2814,850,https://shop.emax-usa.com/products/emax-e3-2814-brushless-motor,EMAX E3 2814 Brushless Motor
EMAX-2814-1100,EMAX,E3 2814,1100,https://shop.emax-usa.com/products/emax-e3-2814-brushless-motor,EMAX E3 2814 Brushless Motor
EMAX-2812-920,EMAX,E3 2812,920,https://shop.emax-usa.com/products/emax-e3-2812-brushless-motor,EMAX E3 2812 Brushless Motor
EMAX-2812-1150,EMAX,E3 2812,1150,https://shop.emax-usa.com/products/emax-e3-2812-brushless-motor,EMAX E3 2812 Brushless Motor
EMAX-1407-2800-3,EMAX,E3 1407,2800,https://shop.emax-usa.com/products/emax-e3-1407-brushless-motor,EMAX E3 1407 Brushless Motor
EMAX-1407-3300-3,EMAX,E3 1407,3300,https://shop.emax-usa.com/products/emax-e3-1407-brushless-motor,EMAX E3 1407 Brushless Motor
EMAX-1407-4100-3,EMAX,E3 1407,4100,https://shop.emax-usa.com/products/emax-e3-1407-brushless-motor,EMAX E3 1407 Brushless Motor
EMAX-1404-3700-3,EMAX,E3 1404,3700,https://shop.emax-usa.com/products/emax-e3-1404-brushless-motor,EMAX E3 1404 Brushless Motor
EMAX-1404-4800-2,EMAX,E3 1404,4800,https://shop.emax-usa.com/products/emax-e3-1404-brushless-motor,EMAX E3 1404 Brushless Motor
EMAX-1404-6000-3,EMAX,E3 1404,6000,https://shop.emax-usa.com/products/emax-e3-1404-brushless-motor,EMAX E3 1404 Brushless Motor
EMAX-1303-5000,EMAX,E3 1303,5000,https://shop.emax-usa.com/products/emax-e3-1303-brushless-motor,EMAX E3 1303 Brushless Motor
EMAX-1303-8000,EMAX,E3 1303,8000,https://shop.emax-usa.com/products/emax-e3-1303-brushless-motor,EMAX E3 1303 Brushless Motor
EMAX-1303-11000,EMAX,E3 1303,11000,https://shop.emax-usa.com/products/emax-e3-1303-brushless-motor,EMAX E3 1303 Brushless Motor
EMAX-4720-290,EMAX,ECO II 4720,290,https://shop.emax-usa.com/products/eco-ii-4720-brushless-motor-choose-kv,ECO II 4720 Brushless Motor
EMAX-4720-380,EMAX,ECO II 4720,380,https://shop.emax-usa.com/products/eco-ii-4720-brushless-motor-choose-kv,ECO II 4720 Brushless Motor
EMAX-2306-2100-2,EMAX,E3 2306,2100,https://shop.emax-usa.com/products/e3-series-2306-2100kv-rainbow-limited-edition-brushless-motor,E3 Series 2306 2100kv Rainbow Limited Edition Brushless Motor
EMAX-2207-2100-2,EMAX,E3 2207,2100,https://shop.emax-usa.com/products/e3-series-2207-rainbow-limited-edition-brushless-motor,E3 Series 2207 2100kv Rainbow Limited Edition Brushless Motor
EMAX-1303.5-4500-2,EMAX,CINEHAWK MINI 1303.5,4500,https://shop.emax-usa.com/products/cinehawk-mini-spare-parts-1303-5-4500kv-motor,Cinehawk Mini Spare Parts - 1303.5 4500KV Motor
EMAX-2814-830,EMAX,PRO 2814 CINELIFTER,830,https://shop.emax-usa.com/products/pro-series-2814-730kv-brushless-motor,Pro Series 2814 Brushless Motor
EMAX-X-15000,EMAX,EZ PILOT PRO 08025 II,15000,https://shop.emax-usa.com/products/ez-pilot-pro-spare-part-08025-ii-15000kv-motor,EZ Pilot Pro Spare Part - 08025 II 15000kv Motor
EMAX-0802-15000-3,EMAX,3 PLUS 0802,15000,https://shop.emax-usa.com/products/tinyhawk-3-spare-parts-15000kv-motor,Tinyhawk 3 / 3 Plus Spare Parts - 0802 15000kv Motor
EMAX-1103-7500,EMAX,TH1103,7500,https://shop.emax-usa.com/products/emax-th1103-tinyhawk-ii-race-replacement-motor-7500kv,EMAX TH1103 - Tinyhawk II Race Replacement Motor 7500kv
EMAX-2212-2200-2,EMAX,GTII-2212T THREADED SHAFT,2200,https://shop.emax-usa.com/products/gtii-2212t-brushless-motor-2200kv-threaded-shaft,GTII-2212T Brushless Motor - 2200kv - Threaded Shaft
EMAX-2212-2450-2,EMAX,GTII-2212T THREADED SHAFT,2450,https://shop.emax-usa.com/products/gtii-2212t-brushless-motor-2450kv-threaded-shaft,GTII-2212T Brushless Motor - 2450kv - Threaded Shaft
EMAX-2212-1800-2,EMAX,GTII-2212T THREADED SHAFT,1800,https://shop.emax-usa.com/products/gtii-2212t-brushless-motor-1800kv-threaded-shaft,GTII-2212T Brushless Motor - 1800kv - Threaded Shaft
EMAX-2208-2500-2,EMAX,SPEC PERFORMANCE FS 2208,2500,https://shop.emax-usa.com/products/freestyle-fs2208-2500kv-brushless-motor,EMAX Freestyle Spec Brushless Performance Motor FS 2208 2500kv
EMAX-2306-1700-4,EMAX,PULSAR LED 2306,1700,https://shop.emax-usa.com/products/pulsar-led-motor-2306-1700kv,Pulsar LED Motor - 2306 1700kv
EMAX-2306-2400-4,EMAX,PULSAR LED 2306,2400,https://shop.emax-usa.com/products/pulsar-led-motor-2306-2400kv,Pulsar LED Motor - 2306 2400kv
EMAX-2306-2400-5,EMAX,SPEC PERFORMANCE FS 2306,2400,https://shop.emax-usa.com/products/emax-freestyle-brushless-performance-motor-2400kv,EMAX Freestyle Spec Brushless Performance motor FS 2306 2400kv
EMAX-2306-1700-5,EMAX,SPEC PERFORMANCE FS 2306,1700,https://shop.emax-usa.com/products/emax-freestyle-brushless-performance-motor-1700kv,EMAX Freestyle Spec Brushless Performance motor FS 2306 1700kv
EMAX-0802-15500,EMAX,0802 PERFORMANCE PART,15500,https://shop.emax-usa.com/products/emax-0802-brushless-motor-for-indoor-racing-drone-tinyhawk-s-performance-part,EMAX 0802 15500kv Brushless Motor For Indoor Racing Drone/ Tinyhawk S Performance Part
EMAX-1641-X,EMAX,MT-1641 MT2205 II,,https://shop.emax-usa.com/products/emx-mt-1641-mt2205,EMAX-MT-1641 MT2205 II CW
EMAX-1640-X,EMAX,EMX-MT-1640 MT2205 LL,,https://shop.emax-usa.com/products/emx-mt-1640-mt2205ll-ccw,EMX-MT-1640 MT2205 ll CCW
EMAX-0120-110,EMAX,EMX-MT-0120-GB2210,110,https://shop.emax-usa.com/products/emx-mt-0120-gb2210-110kv,EMX-MT-0120-GB2210-110KV
EMAX-0487-1200,EMAX,EMX-MT-0487-CF2822,1200,https://shop.emax-usa.com/products/emx-mt-0487-cf2822-1200kv,EMX-MT-0487-CF2822-1200KV
EMAX-0449-250,EMAX,EMX-MT-0449-GT5335,250,https://shop.emax-usa.com/products/emx-mt-0449-gt5335-250kv,EMX-MT-0449-GT5335-250KV
EMAX-0421-1100,EMAX,EMX-MT-0421-GT2815,1100,https://shop.emax-usa.com/products/emx-mt-0421-gt2815-1100kv,EMX-MT-0421-GT2815-1100KV
EMAX-0415-970,EMAX,EMX-MT-0415-GT2812,970,https://shop.emax-usa.com/products/emx-mt-0415-gt2812-970kv,EMX-MT-0415-GT2812-970KV
EMAX-0408-1100,EMAX,EMX-MT-0408 GT2215,1100,https://shop.emax-usa.com/products/emx-mt-0408-gt2215-1100kv,EMX-MT-0408 GT2215 -1100KV
EMAX-0409-1180,EMAX,EMX MT-0409 GT2215,1180,https://shop.emax-usa.com/products/emx-mt-0409-gt2215-1180kv,EMX=MT-0409 GT2215-1180KV
EMAX-1306-2700-3,EMAX,RS1306 2,2700,https://shop.emax-usa.com/products/rs1306-brushless-racing-motor,RS1306 Version 2 - Brushless Racing Motor
EMAX-1306-4000-3,EMAX,RS1306 2,4000,https://shop.emax-usa.com/products/rs1306-brushless-racing-motor,RS1306 Version 2 - Brushless Racing Motor
EMAX-2205-2600-2,EMAX,RS2205S RACESPEC W/ BULLET 30A,2600,https://shop.emax-usa.com/products/emax-rs2205s-racespec-motor-cooling-series-with-bullet-30a-combo,EMAX RS2205S RaceSpec Motor 2600kv w/ Bullet 30A Power System Combo Kit
EMAX-2204-2300-2,EMAX,MTII 2204,2300,https://shop.emax-usa.com/products/emx-mt-1576-emax-mt2204-2300kv-multirotor-motor-cooling-series,MTII Series - 2204 2300kv Brushless Motor
EMAX-0003-1430,EMAX,EMX-MT-0003 MT1806,1430,https://shop.emax-usa.com/products/emx-mt-0003-emax-multicopter-motor-mt1806-1430kv,EMX-MT-0003 EMAX Multicopter Motor MT1806 1430KV
RUSH-1930-1930,RUSH,V2 1930,1930,https://rushfpv.net/products/rush-racing-v2-1930kv,RUSH Racing v2 1930kv/2030kv
RUSH-1930-2030,RUSH,V2 1930,2030,https://rushfpv.net/products/rush-racing-v2-1930kv,RUSH Racing v2 1930kv/2030kv
RUSH-2505.5-1500,RUSH,VROOM FAROUK 2505.5,1500,https://rushfpv.net/products/rush-vroom-farouk-sbang-2505-5,RUSHFPV Vroom Farouk 2505.5 2000KV/1850KV/1500KV Motor
RUSH-2505.5-1850,RUSH,VROOM FAROUK 2505.5,1850,https://rushfpv.net/products/rush-vroom-farouk-sbang-2505-5,RUSHFPV Vroom Farouk 2505.5 2000KV/1850KV/1500KV Motor
RUSH-3110-850,RUSH,3110 USE,850,https://rushfpv.net/products/rush-3110-900kv-850kv-motor-use-for-9-10-drone,RUSH 3110  900KV/850KV Motor Use for 9''&10'' Drone
RUSH-3110-900,RUSH,3110 USE,900,https://rushfpv.net/products/rush-3110-900kv-850kv-motor-use-for-9-10-drone,RUSH 3110  900KV/850KV Motor Use for 9''&10'' Drone
RUSH-3115-830,RUSH,3115 USE,830,https://rushfpv.net/products/rush-3115-830kv-motor-use-for-10-drone,RUSH 3115 830KV  MOTOR USE FOR 10'' DRONE
RUSH-1106-6000,RUSH,HAMO 1106,6000,https://rushfpv.net/products/hamo-hobby-1106-6000kv,HAMO HOBBY 1106 6000kv
RUSH-1404-3800,RUSH,HAMO 1404,3800,https://rushfpv.net/products/hamo-hobby-1404-3800kv-4600kv,HAMO HOBBY 1404 3800kv/4600kv
RUSH-1404-4600,RUSH,HAMO 1404,4600,https://rushfpv.net/products/hamo-hobby-1404-3800kv-4600kv,HAMO HOBBY 1404 3800kv/4600kv
RUSH-1505-3750,RUSH,HAMO 1505,3750,https://rushfpv.net/products/hamo-hobby-1505-3750kv,HAMO HOBBY 1505 3750kv
RUSH-1606-2300,RUSH,ARMOR 1606,2300,https://rushfpv.net/products/armor-motor-1606-2300kv-2850kv,ARMOR MOTOR 1606 2300kv/2850kv
RUSH-1606-2850,RUSH,ARMOR 1606,2850,https://rushfpv.net/products/armor-motor-1606-2300kv-2850kv,ARMOR MOTOR 1606 2300kv/2850kv
RUSH-2207-1750,RUSH,HAMO 2207,1750,https://rushfpv.net/products/hamo-hobby-2207-1750kv-1950kv-2050kv,HAMO HOBBY 2207 1750kv/1950kv/2050kv
RUSH-2207-1950,RUSH,HAMO 2207,1950,https://rushfpv.net/products/hamo-hobby-2207-1750kv-1950kv-2050kv,HAMO HOBBY 2207 1750kv/1950kv/2050kv
RUSH-2207-2050,RUSH,HAMO 2207,2050,https://rushfpv.net/products/hamo-hobby-2207-1750kv-1950kv-2050kv,HAMO HOBBY 2207 1750kv/1950kv/2050kv
RUSH-2306-1750,RUSH,HAMO 2306,1750,https://rushfpv.net/products/hamo-hobby-2306-1750kv-1950kv,HAMO HOBBY 2306 1750kv/1950kv
RUSH-2306-1950,RUSH,HAMO 2306,1950,https://rushfpv.net/products/hamo-hobby-2306-1750kv-1950kv,HAMO HOBBY 2306 1750kv/1950kv
RUSH-2407-1750,RUSH,HAMO 2407,1750,https://rushfpv.net/products/hamo-hobby-2407-1750kv,HAMO HOBBY 2407 1750kv
RUSH-2807-1300,RUSH,HAMO 2807,1300,https://rushfpv.net/products/hamo-hobby-2807-1300kv,HAMO HOBBY 2807 1300kv
RUSH-3115-640,RUSH,HAMO 3115,640,https://rushfpv.net/products/hamo-hobby-3115-640kv,HAMO HOBBY 3115 640kv
RUSH-4214-600,RUSH,HAMO 4214,600,https://rushfpv.net/products/hamo-hobby-4214-600kv,HAMO HOBBY 4214 600kv
BETA-0702-23000-2,BetaFPV,0702 II,23000,https://betafpv.com/products/0702-ii-brushless-motors,0702 II Brushless Motors
BETA-0702-27000-3,BetaFPV,0702 II,27000,https://betafpv.com/products/0702-ii-brushless-motors,0702 II Brushless Motors
BETA-0802-22000-3,BetaFPV,0802SE,22000,https://betafpv.com/products/0802se-22000kv-brushless-motors,0802SE Brushless Motors
BETA-0802-23000,BetaFPV,0802SE,23000,https://betafpv.com/products/0802se-22000kv-brushless-motors,0802SE Brushless Motors
BETA-2306-1860,BetaFPV,SNOW 2306,1860,https://betafpv.com/products/snow-2306-brushless-motors,Snow 2306 Brushless Motors
BETA-2306-2500,BetaFPV,SNOW 2306,2500,https://betafpv.com/products/snow-2306-brushless-motors,Snow 2306 Brushless Motors
HGLR-1404-5500,HGLRC,SPECTER 1404,5500,https://www.hglrc.com/products/hglrc-specter-1404-2750kv-brushless-motor,HGLRC SPECTER 1404 2750KV/4800KV/5500KV 4-6S Brushless Motor for FPV Freestyle 2inch Cinewhoop 4inch Toothpick Drones
HGLR-1303.5-5500,HGLRC,SPECTER 1303.5,5500,https://www.hglrc.com/products/hglrc-specter-1303-5-5500kv-brushless-motor,HGLRC SPECTER 1303.5 5500KV brushless motor
HGLR-1804-3500-2,HGLRC,SPECTER 1804,3500,https://www.hglrc.com/products/hglrc-specter-1804-3500kv-brushless-motor,HGLRC SPECTER 1804-2450/3500KV brushless motor
HGLR-2806.5-1350,HGLRC,SPECTER 2806.5,1350,https://www.hglrc.com/products/hglrc-specter-2806-5-1350kv-brushless-motor,HGLRC SPECTER 2806.5 1350KV brushless motor
HGLR-3215-900,HGLRC,MY 3215 HIGH LOAD 10-INCH,900,https://www.hglrc.com/products/hglrc-my-3215-900kv-brushless-motor-high-load-6s-10-inch-fpv-motor,HGLRC MY 3215 900kV brushless motor high load 6S 10-inch FPV Motor
HGLR-2810-1350,HGLRC,MY 2810 HIGH LOAD,1350,https://www.hglrc.com/products/hglrc-my-2810-1350kv-brushless-motor-high-load-6s-7-8-inch,HGLRC MY 2810 1350kv brushless motor high load 6S  7-8 inch
HGLR-4215-400,HGLRC,MY 4215 HIGH LOAD 16-INCH,400,https://www.hglrc.com/products/hglrc-my-4215-400kv-6-8s-brushless-motor-high-load-16-inch,"HGLRC MY 4215 400KV 6-8S Brushless Motor, High Load, 16-inch"
HGLR-2812-1155,HGLRC,SPECTER 2812,1155,https://www.hglrc.com/products/hglrc-specter-2812-1155kv-brushless-motor,HGLRC SPECTER 2812 1155KV brushless motor
HGLR-3115-900,HGLRC,MY 3115 HIGH LOAD 10-INCH,900,https://www.hglrc.com/products/hglrc-my-3115-900kv-motor-brushless-motor-high-load-6s-10-inch,HGLRC MY 3115 900KV Motor Brushless motor high load 6S 10-inch
DIAT-2808-1100,DIATONE,MAMBA 2808 ROMA F7,1100,https://www.diatone.us/products/2808-1100kv-motor-for-roma-f7,MAMBA  2808 1100KV Racing Motor For Roma F7
SUNN-4006-X,SunnySky,V4006 HIGH EFFICIENCY,,https://sunnyskyusa.com/products/sunnysky-v4006-motors,SunnySky V4006 High Efficiency Brushless Motors
SUNN-2806-X,SunnySky,V2806 HIGH EFFICIENCY,,https://sunnyskyusa.com/products/sunnysky-v2806-motor,SunnySky V2806 High Efficiency Brushless Motors
SUNN-3508-X,SunnySky,V3508 HIGH EFFICIENCY,,https://sunnyskyusa.com/products/sunnysky-v3508-motor,SunnySky V3508 High Efficiency Brushless Motors
SUNN-2212-980,SunnySky,X2212 NO ACCESSORY,980,https://sunnyskyusa.com/products/sunnysky-x2212-brushless-motors-new,SunnySky X2212 KV980 Brushless Motors - Multirotor Version No Accessory
SUNN-4008-X,SunnySky,V4008 HIGH EFFICIENCY,,https://sunnyskyusa.com/products/sunnysky-v4008-motors,SunnySky V4008 High Efficiency Brushless Motors
SUNN-2212-980-2,SunnySky,A2212,980,https://sunnyskyusa.com/products/sunnysky-a2212-motors-multirotor-version,SunnySky A2212 980KV Brushless Motors Multirotor Version
SUNN-4112-X,SunnySky,XS HIGH X4112S,,https://sunnyskyusa.com/products/x4212s,SunnySky XS High Power X4112S Brushless Motors
SUNN-4004-X,SunnySky,V4004 HIGH EFFICIENCY,,https://sunnyskyusa.com/products/sunnysky-v4004-motors,SunnySky V4004 High Efficiency Brushless Motors
SUNN-4014-X,SunnySky,V4014 HIGH EFFICIENCY,,https://sunnyskyusa.com/products/sunnysky-v4014-motors,SunnySky V4014 High Efficiency Brushless Motors
SUNN-2207-X,SunnySky,EDGE R2207,,https://sunnyskyusa.com/products/sunnysky-edge-racing-r2207-fpv-racing-motors-1800kv-2580kv,SunnySky Edge Racing R2207 FPV Brushless Motors
SUNN-3506-X,SunnySky,V3506 HIGH EFFICIENCY,,https://sunnyskyusa.com/products/sunnysky-v3506-motor,SunnySky V3506 High Efficiency Brushless Motors
SUNN-6215-X,SunnySky,XS HIGH X6215S,,https://sunnyskyusa.com/products/x6215s,SunnySky XS High Power X6215S Brushless Motors
SUNN-4110-X,SunnySky,XS HIGH X4110S,,https://sunnyskyusa.com/products/sunnysky-x4110s-motors,SunnySky XS High Power X4110S Brushless Motors
SUNN-5208-X,SunnySky,V5208 HIGH EFFICIENCY,,https://sunnyskyusa.com/products/sunnysky-v5208-motors,SunnySky V5208 High Efficiency Brushless Motors
SUNN-X-X,SunnySky,M8,,https://sunnyskyusa.com/products/sunnysky-m8-motors,SunnySky M8 Brushless Motors
SUNN-5210-X,SunnySky,V5210 HIGH EFFICIENCY,,https://sunnyskyusa.com/products/sunnysky-v5210-motor,SunnySky V5210 High Efficiency Brushless Motors
SUNN-4010-X,SunnySky,V4010 HIGH EFFICIENCY,,https://sunnyskyusa.com/products/sunnysky-v4010-motors,SunnySky V4010 High Efficiency Brushless Motors
SUNN-3515-X,SunnySky,XS HIGH X3515S,,https://sunnyskyusa.com/products/x3515s,SunnySky XS High Power X3515S Brushless Motors
SUNN-2216-X,SunnySky,V2216,,https://sunnyskyusa.com/products/sunnysky-v2216-motors,SunnySky V2216 Multirotor Brushless Motors
SUNN-2205-X,SunnySky,R2205,,https://sunnyskyusa.com/products/sunnysky-r2205-brushless-motors,SunnySky R2205 FPV Brushless Motors
SUNN-5212-X,SunnySky,XS HIGH X5212S,,https://sunnyskyusa.com/products/x5212s,SunnySky XS High Power X5212S Brushless Motors
SUNN-0705-15000,SunnySky,R0705 QUAD BRUSHELSS,15000,https://sunnyskyusa.com/products/0705,SunnySky R0705 15000KV Micro Quad Brushelss Motor
SUNN-3108-X,SunnySky,XS HIGH X3108S,,https://sunnyskyusa.com/products/sunnysky-x3108s-motors,SunnySky XS High Power X3108S Brushless Motors
SUNN-6212-X,SunnySky,XS HIGH X6212S,,https://sunnyskyusa.com/products/x6212s,SunnySky XS High Power X6212S Brushless Motors
SUNN-2204-X,SunnySky,R2204,,https://sunnyskyusa.com/products/sunnysky-r2204-brushless-motors,SunnySky R2204 FPV Brushless Motors
SUNN-2814-X,SunnySky,V2814,,https://sunnyskyusa.com/products/sunnysky-v2814-motors,SunnySky V2814 Multirotor Brushless Motors
SUNN-8016-X,SunnySky,XS HIGH X8016S,,https://sunnyskyusa.com/products/x8016s,SunnySky XS High Power X8016S Brushless Motors
SUNN-8030-X,SunnySky,XS HIGH X8030S,,https://sunnyskyusa.com/products/x8030s,SunnySky XS High Power X8030S Brushless Motors
SUNN-8020-X,SunnySky,XS HIGH X8020S,,https://sunnyskyusa.com/products/sunnysky-x8020-motors,SunnySky XS High Power X8020S Brushless Motors
SUNN-7208-240,SunnySky,EOLO 7208 24X7.5 PROPELLERS,240,https://sunnyskyusa.com/products/sunnysky-eolo-7208-240kv-motor-and-24x7-5-prop-combo,SunnySky Eolo 7208 240kv Motors and 24x7.5 Propellers Combo
SUNN-8117-X,SunnySky,V8117 HIGH EFFICIENCY,,https://sunnyskyusa.com/products/sunnysky-v8117-motors,SunnySky V8117 High Efficiency Brushless Motors
SUNN-8012-X,SunnySky,XS HIGH X8012S,,https://sunnyskyusa.com/products/x8012s,SunnySky XS High Power X8012S Brushless Motors
SUNN-X-X-2,SunnySky,T1.5P18-6,,https://sunnyskyusa.com/products/t1-5p18-6-multirotor-power-system-combo,SunnySky T1.5P18-6 Multirotor Power System Combo CW & CCW Pair Set
SUNN-X-X-3,SunnySky,T1.3P15-6,,https://sunnyskyusa.com/products/t1-3p15-6-multirotor-power-system-combo,SunnySky T1.3P15-6 Multirotor Power System Combo CW & CCW Pair Set
SUNN-X-X-4,SunnySky,T1P16-6,,https://sunnyskyusa.com/products/t1p16-6-multirotor-power-system-combo,SunnySky T1P16-6 Multirotor Power System Combo CW & CCW Pair Set
SUNN-X-X-5,SunnySky,T06P13-6,,https://sunnyskyusa.com/products/t06p13-6-multirotor-power-system-combo,SunnySky T06P13-6 Multirotor Power System Combo CW & CCW Pair Set
SUNN-8110-X,SunnySky,V8110 HIGH EFFICIENCY,,https://sunnyskyusa.com/products/sunnysky-v8110-motors,SunnySky V8110 High Efficiency Brushless Motors
SUNN-X-X-6,SunnySky,T1.3P17-6,,https://sunnyskyusa.com/products/t1-3p17-6-multirotor-power-system-combo,SunnySky T1.3P17-6 Multirotor Power System Combo CW & CCW Pair Set
SUNN-X-X-7,SunnySky,T1P15-6,,https://sunnyskyusa.com/products/t1p15-6-multirotor-power-system-combo-1,SunnySky T1P15-6 Multirotor Power System Combo CW & CCW Pair Set
SUNN-X-X-8,SunnySky,T08P15-4,,https://sunnyskyusa.com/products/t08p15-4,SunnySky T08P15-4 Multirotor Power System Combo CW & CCW Pair Set
SUNN-X-X-9,SunnySky,T08P15-6,,https://sunnyskyusa.com/products/t08p15-6-multirotor-power-system-combo,SunnySky T08P15-6 Multirotor Power System Combo CW & CCW Pair Set
SUNN-8318-X,SunnySky,XS HIGH X8318S,,https://sunnyskyusa.com/products/x8318s,SunnySky XS High Power X8318S Brushless Motors
SUNN-X-X-10,SunnySky,XS HIGH X10635S,,https://sunnyskyusa.com/products/xs10635s,SunnySky XS High Power X10635S Brushless Motors
THOB-2808-1300,T-Hobby,F70 2808,1300,https://www.drone-fpv-racer.com/t-hobby-f70-2808-1300kv-moteur-fpv-7-pouces-16353.html,"T-HOBBY F70 2808 6-8S 7"" FPV Racing Motor 1300KV"
RCIN-0702-33800,RCinPower,0702,33800,https://www.drone-fpv-racer.com/evo-0702-33800kv-moteur-fpv-whoop-16249.html,Moteur RCinpower EVO 0702 33800KV
DEEP-1404-3000,DeepSpaceFPV,AETHER 1404,3000,https://www.drone-fpv-racer.com/deepspace-aether-1404-brushless-motor-4s-moteur-fpv-15732.html,DeepSpace Moteur Brushless Aether 1404 3000KV 4S
THOB-1604.5-3650,T-Hobby,X ITS 1604.5,3650,https://www.drone-fpv-racer.com/t-hobby-its-fpv-1604-5-3650kv-moteur-fpv-3-5-pouces-15647.html,"Moteur T-HOBBY x ITS FPV 1604.5 3650KV pour Drone FPV 3.5"""
IFLI-5215-500-2,iFlight,XING-E 5215 X CLASS,500,https://www.drone-fpv-racer.com/moteur-iflight-xing-e-5215-brushless-fpv-15560.html,Moteur Iflight XING-E 5215 - 500KV
RCIN-1404-3850-2,RCinPower,SOCCERX 1404 PLUS,3850,https://www.drone-fpv-racer.com/rcinpower-soccerx-1404-plus-3850kv-moteur-brushless-fpv-15032.html,Moteur RCinPower SoccerX 1404 PLUS 3850KV Brushless FPV Racing
THOB-1980-1980,T-Hobby,PACER P22.6-7 1980,1980,https://www.drone-fpv-racer.com/moteur-brushless-p226-7-1980kv-t-hobby-14845.html,Moteur Pacer P22.6-7 - 1980KV - T-Hobby
VCI-1204-8250,VCI,SPARK 1204,8250,https://www.drone-fpv-racer.com/moteur-vci-spark-1204-8250kv-2pcs-vci-14834.html,Moteur VCI Spark 1204 - 8250KV (2pcs) - VCI
VCI-1103-11000,VCI,SPARK 1103,11000,https://www.drone-fpv-racer.com/moteur-vci-spark-1103-11000kv-2pcs-vci-14833.html,Moteur VCI Spark 1103 - 11000KV (2pcs) - VCI
AXIS-2207.5-1860-3,AXIS,AF2207.5,1860,https://www.drone-fpv-racer.com/moteur-af22075-1860kv-axisflying-14730.html,AF2207.5 - 1860KV Motor By AxisFlying
AXIS-4800-4800,AXIS,C155 4800,4800,https://www.drone-fpv-racer.com/moteur-c155-4800kv-axisflying-14726.html,Moteur C155 - 4800KV - AxisFlying
AXIS-2650-2650,AXIS,C204 2650,2650,https://www.drone-fpv-racer.com/moteur-c204-2650kv-axisflying-14592.html,C204 - 2650KV Motor By AxisFlying
HOBB-2207.5-1980,HOBBYWING,XROTOR 2207.5,1980,https://www.drone-fpv-racer.com/moteur-xrotor-22075-1980kv-hobbywing-14510.html,Moteur XRotor 2207.5 - 1980KV - Hobbywing
GEPR-2809-1450,GEPRC,SPEEDX2 2809,1450,https://www.drone-fpv-racer.com/moteur-speedx2-2809-v11-1450kv-geprc-14499.html,Moteur SPEEDX2 2809 V1.1 - 1450KV - GEPRC
GEPR-1202.5-15000,GEPRC,SPEEDX2 1202.5,15000,https://www.drone-fpv-racer.com/moteur-speedx2-12025-15000kv-geprc-14479.html,Moteur SPEEDX2 1202.5 - 15000KV - GEPRC
GEPR-1202.5-10000,GEPRC,SPEEDX2 1202.5,10000,https://www.drone-fpv-racer.com/moteur-speedx2-12025-10000kv-geprc-14474.html,Moteur SPEEDX2 1202.5 - 10000KV - GEPRC
TMOT-1002-22000,T-Motor,M1002 1002,22000,https://www.drone-fpv-racer.com/moteur-m1002-22000kv-t-motor-14332.html,Moteur M1002 - 22000KV - T-Motor
TMOT-1002-14000,T-Motor,M1002 1002,14000,https://www.drone-fpv-racer.com/moteur-m1002-14000kv-t-motor-14331.html,Moteur M1002 - 14000KV - T-Motor
TMOT-0803-27000,T-Motor,M0803II,27000,https://www.drone-fpv-racer.com/moteur-m0803ii-27000kv-t-motor-14329.html,Moteur M0803II - 27000KV - T-Motor
TMOT-0803-22000-2,T-Motor,M0803II,22000,https://www.drone-fpv-racer.com/moteur-m0803ii-22000kv-t-motor-14328.html,Moteur M0803II - 22000KV - T-Motor
TMOT-0703-27000,T-Motor,M0703II,27000,https://www.drone-fpv-racer.com/moteur-m0703ii-27000kv-t-motor-14327.html,Moteur M0703II - 27000KV - T-Motor
AXIS-2207-2100,AXIS,AE2207 V2 2207,2100,https://www.drone-fpv-racer.com/moteur-ae2207-v2-2100kv-axisflying-14180.html,Moteur AE2207 V2 - 2100KV - AxisFlying
AXIS-2207-1750,AXIS,AE2207 V2 2207,1750,https://www.drone-fpv-racer.com/moteur-ae2207-v2-1750kv-axisflying-14179.html,Moteur AE2207 V2 - 1750KV - AxisFlying
GEPR-1002-18000,GEPRC,SPEEDX2 1002,18000,https://www.drone-fpv-racer.com/moteur-speedx2-1002-18000kv-geprc-14050.html,Moteur SPEEDX2 1002 18000KV - GEPRC
VCI-1403-4300,VCI,SPARK 1403,4300,https://www.drone-fpv-racer.com/moteur-vci-spark-1403-4300kv-vci-14018.html,Moteur VCI Spark 1403 - 4300KV - VCI
VCI-1204-4500,VCI,SPARK 1204,4500,https://www.drone-fpv-racer.com/moteur-vci-spark-1204-4500kv-2pcs-vci-14016.html,Moteur VCI Spark 1204 - 4500KV (2pcs) - VCI
VCI-1203-10000,VCI,SPARK 1203,10000,https://www.drone-fpv-racer.com/moteur-vci-spark-1203-10000kv-2pcs-vci-14015.html,Moteur VCI Spark 1203 - 10000KV (2pcs) - VCI
VCI-1203-7000,VCI,SPARK 1203,7000,https://www.drone-fpv-racer.com/moteur-vci-spark-1203-7000kv-2pcs-vci-14014.html,Moteur VCI Spark 1203 - 7000KV (2pcs) - VCI
VCI-0702-30000-3,VCI,0702 PRO DUAL BALLBEARING,30000,https://www.drone-fpv-racer.com/moteur-vci-0702-pro-dual-ballbearing-30000kv-4pcs-vci-14010.html,Moteur VCI 0702 PRO Dual Ballbearing - 30000KV (4pcs) - VCI
VCI-0702-27000-4,VCI,0702 PRO DUAL BALLBEARING,27000,https://www.drone-fpv-racer.com/moteur-vci-0702-pro-dual-ballbearing-27000kv-4pcs-vci-14009.html,Moteur VCI 0702 PRO Dual Ballbearing - 27000KV (4pcs) - VCI
VCI-0702-23000-3,VCI,0702 PRO DUAL BALLBEARING,23000,https://www.drone-fpv-racer.com/moteur-vci-0702-pro-dual-ballbearing-23000kv-4pcs-vci-14008.html,Moteur VCI 0702 PRO Dual Ballbearing - 23000KV (4pcs) - VCI
EMAX-2207-1900-3,EMAX,ECO III 2207,1900,https://www.drone-fpv-racer.com/moteur-eco-iii-series-2207-1900kv-emax-13991.html,Moteur ECO III Series 2207 - 1900KV - Emax
TMOT-3800-3800,T-Motor,F30,3800,https://www.drone-fpv-racer.com/moteur-f30-4s-3800kv-t-motor-4pcs-13882.html,Moteur F30 4S (3800KV) - T-Motor (4pcs)
RCIN-3220-1000,RCinPower,AOS SUPERNOVA 3220 CINELIFTER WING,1000,https://www.drone-fpv-racer.com/moteur-brushless-aos-supernova-3220-1000kv-rcinpower-13878.html,Moteur Brushless AOS Supernova 3220 1000KV - Rcinpower
VCI-2204-2950,VCI,SPARK 2204,2950,https://www.drone-fpv-racer.com/moteur-vci-spark-2204-2950kv-vci-13587.html,Moteur VCI Spark 2204 - 2950KV - VCI
VCI-2204-2550,VCI,SPARK 2204,2550,https://www.drone-fpv-racer.com/moteur-vci-spark-2204-2550kv-vci-13586.html,Moteur VCI Spark 2204 - 2550KV - VCI
VCI-1507.2-3900,VCI,SPARK 1507.2,3900,https://www.drone-fpv-racer.com/moteur-vci-spark-15072-3900kv-vci-13585.html,Moteur VCI Spark 1507.2 - 3900KV - VCI
VCI-1405-4550,VCI,SPARK 1405,4550,https://www.drone-fpv-racer.com/moteur-vci-spark-1405-4550kv-vci-13584.html,Moteur VCI Spark 1405 - 4550KV - VCI
VCI-1303-7200,VCI,SPARK 1303,7200,https://www.drone-fpv-racer.com/moteur-vci-spark-1303-7200kv-2pcs-vci-13583.html,Moteur VCI Spark 1303 - 7200KV (2pcs) - VCI
VCI-1202-11000,VCI,SPARK 1202,11000,https://www.drone-fpv-racer.com/moteur-vci-spark-1202-11000kv-2pcs-vci-13582.html,Moteur VCI Spark 1202 - 11000KV (2pcs) - VCI
VCI-1202-7500,VCI,SPARK 1202,7500,https://www.drone-fpv-racer.com/moteur-vci-spark-1202-7500kv-2pcs-vci-13581.html,Moteur VCI Spark 1202 - 7500KV (2pcs) - VCI
VCI-1102-21000,VCI,SPARK 1102,21000,https://www.drone-fpv-racer.com/moteur-vci-spark-1102-21000kv-2pcs-vci-13580.html,Moteur VCI Spark 1102 - 21000KV (2pcs) - VCI
SPEE-1404-4600-2,SpeedyBee,1404 V2,4600,https://www.drone-fpv-racer.com/moteur-1404-v2-4600kv-speedybee-13530.html,Moteur 1404 V2 - 4600KV - SpeedyBee
TMOT-1507-2700-3,T-Motor,VELOX V1507,2700,https://www.drone-fpv-racer.com/moteur-velox-v1507-shaft-5mm-2700kv-t-motor-13317.html,Moteur Velox V1507 Shaft 5mm - 2700KV - T-Motor
VCI-2306-1950,VCI,24K 2306,1950,https://www.drone-fpv-racer.com/moteur-vci-24k-2306-1950kv-vci-12876.html,Moteur VCI 24K 2306 - 1950KV - VCI
VCI-2203.4-2550,VCI,SPARK 2203.4,2550,https://www.drone-fpv-racer.com/moteur-vci-spark-22034-2550kv-vci-12867.html,Moteur VCI Spark 2203.4 - 2550KV - VCI
VCI-1102-13000,VCI,SPARK 1102,13000,https://www.drone-fpv-racer.com/moteur-vci-spark-1102-13000kv-2pcs-vci-12866.html,Moteur VCI Spark 1102 - 13000KV (2pcs) - VCI
PARA-2207-1875,Parallax,PEGASUS 2207,1875,https://www.drone-fpv-racer.com/moteur-pegasus-2207-1875kv-parallax-12456.html,Moteur Pegasus 2207 - 1875KV - Parallax
FLYW-1002-19800,FLYWOO,ROBO 1002 23,19800,https://www.drone-fpv-racer.com/moteur-robo-1002-19800kv-flywoo-11581.html,Moteur ROBO 1002 19800KV - Flywoo
AXIS-1960-1960-2,AXIS,C206 1960,1960,https://www.drone-fpv-racer.com/moteur-c206-1960kv-axisflying-10880.html,Moteur C206 - 1960KV - AxisFlying
AXIS-3500-3500,AXIS,C204 3500,3500,https://www.drone-fpv-racer.com/moteur-c204-3500kv-axisflying-10469.html,Moteur C204 - 3500KV - AxisFlying
AXIS-4500-4500,AXIS,C145 4500,4500,https://www.drone-fpv-racer.com/moteur-c145-4500kv-axisflying-10466.html,C145 - 4500KV Motor By AxisFlying
AXIS-1350-1350,AXIS,C287 1350,1350,https://www.drone-fpv-racer.com/moteur-c287-1350kv-axisflying-10344.html,C287 - 1350KV Motor By AxisFlying
AXIS-2050-2050,AXIS,C246 2050,2050,https://www.drone-fpv-racer.com/moteur-c246-cinematic-series-2050kv-axisflying-10104.html,Moteur C246 Cinematic Series 2050KV - AxisFlying
AXIS-1850-1850,AXIS,C246 1850,1850,https://www.drone-fpv-racer.com/moteur-c246-cinematic-series-1850kv-axisflying-10103.html,Cinematic Series C246 1850KV Motor By AxisFlying
AXIS-1650-1650,AXIS,C246 1650,1650,https://www.drone-fpv-racer.com/moteur-c246-cinematic-series-1650kv-axisflying-10102.html,Cinematic Series C246 1650KV Motor By AxisFlying
XNOV-2812-1300-2,XNOVA,SMOOTH LINE 2812,1300,https://www.drone-fpv-racer.com/moteurs-xnova-smooth-line-2812-1300kv-unite-8891.html,XNOVA Smooth Line - 2812 - 1300Kv Motor (Unit)
XNOV-2812-1100-2,XNOVA,SMOOTH LINE 2812,1100,https://www.drone-fpv-racer.com/moteurs-xnova-smooth-line-2812-1100kv-unite-8889.html,Moteurs XNOVA Smooth Line - 2812 - 1100Kv (Unité)
TMOT-1103-8000-2,T-Motor,F1103II,8000,https://www.drone-fpv-racer.com/t-motor-f1103ii-8000kv-8053.html,T-Motor F1103II-8000KV
RCIN-1860-1860,RCinPower,WASP MAJOR 22.6-6.6 1860,1860,https://www.drone-fpv-racer.com/rcinpower-moteur-wasp-major-226-66-1860kv-6332-68822.html,Rcinpower Moteur Wasp Major 22.6-6.6 - 1860kv
TMOT-2408-2500,T-Motor,F80PRO 2408,2500,https://www.drone-fpv-racer.com/t-motor-f80pro-2408-2500kv-3523.html,T-Motor F80Pro 2408 - 2500kv
TMOT-2408-2200,T-Motor,F80PRO 2408,2200,https://www.drone-fpv-racer.com/t-motor-f80pro-2408-2200kv-3522.html,T-Motor F80Pro 2408 - 2200kv
TMOT-2408-1900,T-Motor,F80PRO 2408,1900,https://www.drone-fpv-racer.com/t-motor-f80pro-2408-1900kv-3521.html,T-Motor F80Pro 2408 - 1900kv
THOB-2812-1100,T-Hobby,CINÉMATIQUE CINE66 PRO 2812,1100,https://www.drone-fpv-racer.com/moteur-brushless-cinematique-cine66-pro-2812-1100kv-t-hobby-14788.html,Moteur Brushless Cinématique Cine66 PRO 2812 - 1100KV - T-Hobby
TBS-2207-2000,TBS,CHUPITO EX2207,2000,https://www.drone-fpv-racer.com/tbs-chupito-ex2207-2000kv-14607.html,TBS Chupito EX2207 2000KV
EMAX-2807-1700-3,EMAX,ECO III 2807,1700,https://www.drone-fpv-racer.com/moteur-eco-iii-series-2807-1700kv-emax-13998.html,Moteur ECO III Series 2807 - 1700KV - Emax
TMOT-2900-2900,T-Motor,F30,2900,https://www.drone-fpv-racer.com/moteur-f30-6s-2900kv-t-motor-4pcs-13883.html,Moteur F30 6S (2900KV) - T-Motor (4pcs)
TMOT-4600-4600,T-Motor,F30,4600,https://www.drone-fpv-racer.com/moteur-f30-3s-4600kv-t-motor-4pcs-13881.html,Moteur F30 3S (4600KV) - T-Motor (4pcs)
VCI-2306-1850,VCI,TITAN 2306,1850,https://www.drone-fpv-racer.com/moteur-vci-titan-2306-1850kv-vci-12874.html,Moteur VCI Titan 2306 - 1850KV - VCI
XNOV-1204-6000,XNOVA,T1204,6000,https://www.drone-fpv-racer.com/moteurs-t1204-6000kv-4pcs-xnova-12711.html,Moteurs T1204 - 6000KV (4pcs) - XNOVA
AXIS-2750-2750,AXIS,C206 2750,2750,https://www.drone-fpv-racer.com/moteur-c206-2750kv-axisflying-12602.html,Moteur C206 - 2750KV - AxisFlying
HISI-0805-15000,HISINGY,COLD BOOT 0805,15000,https://www.drone-fpv-racer.com/moteur-cold-boot-0805-15000kv-4pcs-hisingy-12487.html,Moteur Cold Boot 0805 - 15000KV (4pcs) - HISINGY
HISI-0805-14000,HISINGY,MATRIX 0805,14000,https://www.drone-fpv-racer.com/moteur-matrix-0805-14000kv-4pcs-hisingy-12486.html,Moteur Matrix 0805 - 14000KV (4pcs) - HISINGY
PARA-2207-1420,Parallax,PEGASUS 2207,1420,https://www.drone-fpv-racer.com/moteur-pegasus-2207-1420kv-parallax-12457.html,Moteur Pegasus 2207 - 1420KV - Parallax
PARA-2207-2070,Parallax,PEGASUS 2207,2070,https://www.drone-fpv-racer.com/moteur-pegasus-2207-2070kv-parallax-12455.html,Moteur Pegasus 2207 - 2070KV - Parallax
AXIS-2100-2100,AXIS,AF227 2100,2100,https://www.drone-fpv-racer.com/moteur-af227-racing-2100kv-axisflying-12440.html,Moteur AF227 Racing - 2100KV - AxisFlying
AXIS-1960-1960-3,AXIS,AF227 1960,1960,https://www.drone-fpv-racer.com/moteur-af227-racing-1960kv-axisflying-12439.html,Moteur AF227 Racing - 1960KV - AxisFlying
HISI-0805-16000,HISINGY,HERCULES 0805,16000,https://www.drone-fpv-racer.com/moteur-hercules-0805-16000kv-4pcs-hisingy-12433.html,Moteur Hercules 0805 - 16000KV (4pcs) - HISINGY
HISI-0805-15000-2,HISINGY,MAGIC STAR 0805,15000,https://www.drone-fpv-racer.com/moteur-magic-star-0805-15000kv-4pcs-hisingy-12431.html,Moteur Magic Star 0805 - 15000KV (4pcs) - HISINGY
AXIS-3750-3750,AXIS,C157-2 AVATA 3750,3750,https://www.drone-fpv-racer.com/moteur-c157-2-3750kv-pour-avata-35-axisflying-10933.html,"Moteur C157-2 - 3750KV Pour Avata 3.5"" - AxisFlying"
AXIS-5500-5500,AXIS,C135 5500,5500,https://www.drone-fpv-racer.com/moteur-c135-5500kv-axisflying-10468.html,Moteur C135 - 5500KV - AxisFlying
XNOV-2812-900-2,XNOVA,SMOOTH LINE 2812,900,https://www.drone-fpv-racer.com/moteur-x-nova-smooth-line-2812-900kv-unite-10394.html,Moteur X-NOVA Smooth Line 2812 - 900KV (Unité)
IFLI-2205-3200,iFlight,XING 2205,3200,https://www.drone-fpv-racer.com/moteur-xing-2205-3200kv-iflight-9704.html,Moteur XING 2205 - 3200KV - Iflight
AXIS-1210-1210,AXIS,FLYING AF310 1210,1210,https://www.drone-fpv-racer.com/axis-flying-moteur-af310-1210kv-8214.html,AXIS Flying Moteur AF310 - 1210KV
XNOV-2207-2700-2,XNOVA,LITE RACING LINE 2207,2700,https://www.drone-fpv-racer.com/x-nova-lite-racing-2207-2700kv-boite-de-4-fpv-4662.html,X-NOVA LITE RACING 2207-2700KV (Boite de 4)
XNOV-2207-1900-3,XNOVA,LIGHTNING 2207 V2N,1900,https://www.drone-fpv-racer.com/x-nova-lightning-2207-1900kv-v2n-unite-3617.html,X-Nova Lightning 2207-1900KV V2N (Unite)
XNOV-2207-1700-3,XNOVA,LIGHTNING 2207 V2N,1700,https://www.drone-fpv-racer.com/x-nova-lightning-2207-1700kv-v2n-unite-3615.html,X-Nova Lightning 2207-1700KV V2N (Unite)
XNOV-2204-2900-3,XNOVA,LIGHTNING 2204,2900,https://www.drone-fpv-racer.com/x-nova-lightning-2204-2900kv-unite-2600.html,X-NOVA LIGHTNING 2204-2900KV (UNITE)
RUSH-2207.5-X,RUSH,REACTOR V2 2207.5,,https://www.studiosport.fr/moteur-reactor-racing-v2-22075-1930kv-6s-rushfpv-a25870.html,Moteur Reactor Racing V2 2207.5 6S - RushFPV
ETHI-2306-1750-2,ETHIX,SILK,1750,https://www.studiosport.fr/moteur-mr-steel-silk-v6-2306-1750kv-ethix-a33698.html,Moteur Mr Steele Silk V6 2306 1750kv - Ethix
HEEW-3110-680,HEEWING,FX-3110 T2 CRUZA VTOL,680,https://www.studiosport.fr/moteur-fx-3110-680kv-brushless-pour-heewing-t2-vtol-heewing-a34734.html,Moteur FX-3110 680Kv brushless pour T2 Cruza VTOL - HEEWING
IFLI-2807-1300,iFlight,NIDICI 2807,1300,https://www.studiosport.fr/moteur-fpv-nidici-2807-1300-kv-iflight-a31691.html,Moteur FPV NIDICI 2807 1300 Kv - iFlight
MAD-2207.5-X,MAD,FS2207.5 TURBO,,https://www.studiosport.fr/moteur-fpv-fs22075-turbo-mad-components-a30679.html,Moteur FPV FS2207.5 Turbo - MAD Components
MAD-2306-X,MAD,FS2306 THRUSTER,,https://www.studiosport.fr/moteur-fpv-fs2306-thruster-mad-components-a30683.html,Moteur FPV FS2306 Thruster - MAD Components
MAD-2407-X,MAD,FS2407 SPARK,,https://www.studiosport.fr/moteur-fpv-fs2407-spark-mad-components-a30684.html,Moteur FPV FS2407 SPARK (rouge) - MAD Components
MAD-2810-X,MAD,FS2810 PRIUS,,https://www.studiosport.fr/motor-fs2810-1180kv-green-a30685.html,Moteur FPV FS2810 Prius - MAD Components
MAD-2207.5-X-2,MAD,BSC2207.5,,https://www.studiosport.fr/moteur-fpv-bsc22075-mad-components-a30686.html,Moteur FPV BSC2207.5 - MAD Components
MAD-2306-X-2,MAD,BSC2306,,https://www.studiosport.fr/moteur-fpv-bsc2306-mad-components-a30687.html,Moteur FPV BSC2306 - MAD Components
MAD-2807-X,MAD,BSC2807,,https://www.studiosport.fr/moteur-fpv-bsc2807-mad-components-a30688.html,Moteur FPV BSC2807 - MAD Components
MAD-2810-X-2,MAD,BSC2810,,https://www.studiosport.fr/moteur-fpv-bsc2810-mad-components-a30689.html,Moteur FPV BSC2810 - MAD Components
MAD-2812-X,MAD,BSC2812,,https://www.studiosport.fr/moteur-fpv-bsc2812-mad-components-a30690.html,Moteur FPV BSC2812 - MAD Components
MAD-3115-X,MAD,BSC3115,,https://www.studiosport.fr/moteur-fpv-bsc3115-mad-components-a30692.html,Moteur FPV BSC3115 - MAD Components
MAD-3120-X,MAD,BSC3120,,https://www.studiosport.fr/motor-bsc3120-500kv-a30693.html,Moteur FPV BSC3120 - MAD Components
TMOT-4215-420,T-Motor,VELOX V4215,420,https://www.studiosport.fr/moteur-velox-v4215-420kv-6-12s-t-motor-a34704.html,Moteur Velox V4215 420KV 6-12S - T-Motor
MAD-3110-X,MAD,BSC3110,,https://www.studiosport.fr/moteur-fpv-bsc3110-mad-components-a30691.html,Moteur FPV BSC3110 - MAD Components
SUB2-1003-10000,Sub250,1003,10000,https://www.studiosport.fr/moteur-fpv-1003-10000kv-19000kv-sub250-a30738.html,Moteur FPV 1003 10000KV / 19000KV - Sub250
SUB2-1003-19000,Sub250,1003,19000,https://www.studiosport.fr/moteur-fpv-1003-10000kv-19000kv-sub250-a30738.html,Moteur FPV 1003 10000KV / 19000KV - Sub250
SUB2-1804-2450,Sub250,1804,2450,https://www.studiosport.fr/moteur-fpv-1804-2450kv-3450kv-sub250-a30741.html,Moteur FPV 1804 2450KV / 3450KV - Sub250
SUB2-1804-3450,Sub250,1804,3450,https://www.studiosport.fr/moteur-fpv-1804-2450kv-3450kv-sub250-a30741.html,Moteur FPV 1804 2450KV / 3450KV - Sub250
AXIS-6000-6000,AXIS,C134 6000,6000,https://www.studiosport.fr/moteur-c134-6000kv-3-4s-axisflying-a34230.html,Moteur C134 6000Kv 3-4S - Axisflying
TMOT-4215-320,T-Motor,VELOX V4215,320,https://www.studiosport.fr/moteur-velox-v4215-320kv-6-12s-t-motor-a34526.html,Moteur Velox V4215 320KV 6-12S - T-Motor
TMOT-1880-1980,T-Motor,PACER P22.6-7 1880/ DRONES,1980,https://www.studiosport.fr/moteur-fpv-pacer-p226-7-1880-1980kv-pour-drones-5-6-t-motor-a34532.html,"Moteur FPV Pacer P22.6-7 1880/1980Kv pour drones 5-6"" - T-Motor"
AXIS-X-X-2,AXIS,C157-2 AVATA 3.5,,https://www.studiosport.fr/moteur-c157-2-pour-avata-35-axisflying-a26237.html,Moteur C157-2 pour Avata 3.5 - Axisflying
ETHI-1950-1950,ETHIX,MR STEELE STOUT V6 1950,1950,https://www.studiosport.fr/moteur-mr-steele-stout-v6-1950kv-6s-ethix-a34377.html,Moteur Mr Steele Stout V6 1950Kv 6S - ETHIX
HEEW-3110-680-2,HEEWING,FX-3110 ARRIÈRE T2 VTOL,680,https://www.studiosport.fr/moteur-fx-3110-680kv-arriere-pour-t2-vtol-heewing-a34735.html,Moteur FX-3110-680KV arrière pour T2 VTOL - HEEWING
TBS-3220-1000,TBS,SUPERNOVA 3220,1000,https://www.studiosport.fr/moteur-supernova-3220-1000kv-6-8s-team-blacksheep-a35124.html,Moteur Supernova 3220 1000Kv 6-8S - Team BlackSheep
AXIS-2406-X,AXIS,MODULAIRE AF2406,,https://www.studiosport.fr/moteur-modulaire-af2406-4-6s-avec-base-axisflying-a35779.html,Moteur modulaire AF2406 4-6S (avec base) - Axisflying
RATE-1303.5-5500,RateFPV,1303.5,5500,https://www.studiosport.fr/moteur-brushless-13035-5500kv-ratefpv-a35922.html,Moteur brushless 1303.5 5500Kv - RateFPV
RATE-1404-X,RateFPV,1404,,https://www.studiosport.fr/moteur-brushless-1404-ratefpv-a35924.html,Moteur brushless 1404 - RateFPV
RATE-1202.5-11500,RateFPV,1202.5,11500,https://www.studiosport.fr/moteur-brushless-12025-11500kv-ratefpv-a35927.html,Moteur brushless 1202.5 11500Kv - RateFPV
RATE-1505-X,RateFPV,1505,,https://www.studiosport.fr/moteur-brushless-1505-ratefpv-a35928.html,Moteur brushless 1505 - RateFPV
RATE-1507-3600,RateFPV,1507,3600,https://www.studiosport.fr/moteur-brushless-1507-3600kv-ratefpv-a35932.html,Moteur brushless 1507 3600Kv - RATEFPV
RATE-3115-900,RateFPV,RATE 3115,900,https://www.studiosport.fr/moteur-rate-3115-900kv-ratefpv-a35934.html,Moteur RATE 3115 900Kv - RATEFPV
HGLR-X-X,HGLRC,REMPLACEMENT A125,,https://www.studiosport.fr/moteur-de-remplacement-pour-drone-a125-hglrc-a31087.html,Moteur de remplacement pour drone A125 - HGLRC
IFLI-2812-900,iFlight,NIDICI 2812,900,https://www.studiosport.fr/moteur-fpv-nidici-2812-900-kv-iflight-a31693.html,Moteur FPV NIDICI 2812 900 Kv - iFlight
IFLI-3115-1250,iFlight,NIDICI 3115 900,1250,https://www.studiosport.fr/moteur-fpv-nidici-3115-900-1250-kv-iflight-a31694.html,Moteur FPV NIDICI 3115 900-1250 Kv - iFlight
TMOT-U8LITEL-95,T-Motor,U8 LITE L,95,https://store.tmotor.com/product/u8lite-l-kv110-u-efficiency.html,U8 Lite L Efficiency Multirotor UAV Motor KV110
TMOT-U8LITEL-110,T-Motor,U8 LITE L,110,https://store.tmotor.com/product/u8lite-l-kv110-u-efficiency.html,U8 Lite L Efficiency Multirotor UAV Motor KV110
TMOT-U15XXL-29,T-Motor,U15XXL,29,https://store.tmotor.com/product/u15xxl-manned-aircraft-uav-motor.html,U15XXL Manned Aircraft Type UAV Motor 12-24S 29KV
TMOT-U15XL-38,T-Motor,U15XL,38,https://store.tmotor.com/product/u15xl-manned-aircraft-uav-motor.html,U15XL Manned Aircraft Type UAV Motor 12-24S 38KV
TMOT-U7-280,T-Motor,U7,280,https://store.tmotor.com/product/tmotor-u7-v2-motor-u-power.html,U7 Power Type UAV Motor KV490
TMOT-U11II-120,T-Motor,U11II,120,https://store.tmotor.com/product/u11-v2-motor-u-power.html,U11Ⅱ Power Type UAV Motor KV120
TMOT-U15II-100,T-Motor,U15II,100,https://store.tmotor.com/product/u15-v2-motor-u-power-kv80.html,U15II Power Type Heavy Lift Drone Motor KV80
TMOT-U15L-43,T-Motor,U15L,43,https://store.tmotor.com/product/u15l-manned-aircraft-uav-motor.html,U15L Manned Aircraft Type UAV Motor 12-24S 43KV
TMOT-U8LITE-85,T-Motor,U8 LITE,85,https://store.tmotor.com/product/u8-lite-kv100-u-efficiency.html,U8 Lite Efficiency Type Multirotor UAV Motor KV100
TMOT-U8LITE-100,T-Motor,U8 LITE,100,https://store.tmotor.com/product/u8-lite-kv100-u-efficiency.html,U8 Lite Efficiency Type Multirotor UAV Motor KV100
TMOT-U8LITE-150,T-Motor,U8 LITE,150,https://store.tmotor.com/product/u8-lite-kv100-u-efficiency.html,U8 Lite Efficiency Type Multirotor UAV Motor KV100
TMOT-U8LITE-190,T-Motor,U8 LITE,190,https://store.tmotor.com/product/u8-lite-kv100-u-efficiency.html,U8 Lite Efficiency Type Multirotor UAV Motor KV100
TMOT-U8II-85,T-Motor,U8 II,85,https://store.tmotor.com/product/u8-v2-u-efficiency-kv85.html,U8Ⅱ Efficiency Multirotor UAV Motor KV85
TMOT-U8II-100,T-Motor,U8 II,100,https://store.tmotor.com/product/u8-v2-u-efficiency-kv85.html,U8Ⅱ Efficiency Multirotor UAV Motor KV85
TMOT-U8II-150,T-Motor,U8 II,150,https://store.tmotor.com/product/u8-v2-u-efficiency-kv85.html,U8Ⅱ Efficiency Multirotor UAV Motor KV85
TMOT-U8IILITE-100,T-Motor,U8II LITE,100,https://store.tmotor.com/product/u8-v2-lite-u-efficiency.html,U8ⅡLite Efficiency Type Multirotor UAV Motor KV100/KV85
TMOT-U8IIPRO-100,T-Motor,U8II PRO,100,https://store.tmotor.com/product/u8-2-pro-u-efficiency.html,U8ⅡPRO Efficiency Type Multirotor UAV Motor KV100
TMOT-U10II-100,T-Motor,U10II,100,https://store.tmotor.com/product/u10-2-u-efficiency.html,U10Ⅱ Efficiency Multirotor UAV Motor KV100
TMOT-U12II-120,T-Motor,U12II,120,https://store.tmotor.com/product/u12-v2-kv60-u-efficiency.html,U12Ⅱ Efficiency Multirotor UAV Motor KV60
TMOT-U12II-60,T-Motor,U12II,60,https://store.tmotor.com/product/u12-v2-kv60-u-efficiency.html,U12Ⅱ Efficiency Multirotor UAV Motor KV60
TMOT-1118-90,T-Motor,MN1118,90,https://store.tmotor.com/product/mn1118-multirotor-uav-motor.html,MN1118 KV90/KV108
TMOT-1118-108,T-Motor,MN1118,108,https://store.tmotor.com/product/mn1118-multirotor-uav-motor.html,MN1118 KV90/KV108
TMOT-1123-53,T-Motor,MN1123,53,https://store.tmotor.com/product/mn1123-multirotor-uav-motor.html,MN1123 KV53
TMOT-1130-45,T-Motor,MN1130,45,https://store.tmotor.com/product/mn1130-multirotor-uav-motor.html,MN1130 KV45/KV53
TMOT-1130-53,T-Motor,MN1130,53,https://store.tmotor.com/product/mn1130-multirotor-uav-motor.html,MN1130 KV45/KV53
TMOT-1315-100,T-Motor,MN1315,100,https://store.tmotor.com/product/mn1315-multirotor-uav-motor.html,MN1315 KV100
TMOT-1320-49,T-Motor,MN1320,49,https://store.tmotor.com/product/mn1320-multirotor-uav-motor.html,MN1320 KV49
TMOT-1325-47,T-Motor,MN1325,47,https://store.tmotor.com/product/mn1325-multirotor-uav-motor.html,MN1325 KV47
TMOT-1115-110,T-Motor,MN1115,110,https://store.tmotor.com/product/mn1115-multirotor-uav-motor.html,MN1115 KV110/KV130
TMOT-1115-130,T-Motor,MN1115,130,https://store.tmotor.com/product/mn1115-multirotor-uav-motor.html,MN1115 KV110/KV130
TMOT-1330-40,T-Motor,MN1330,40,https://store.tmotor.com/product/mn1330-multirotor-uav-motor.html,MN1330 KV40
TMOT-2806-400,T-Motor,MN2806,400,https://store.tmotor.com/product/mn2806-motor-antigravity-type.html,MN2806 Antigravity Multirotor UAVs Motor KV400/KV650
TMOT-2806-650,T-Motor,MN2806,650,https://store.tmotor.com/product/mn2806-motor-antigravity-type.html,MN2806 Antigravity Multirotor UAVs Motor KV400/KV650
TMOT-8012-100,T-Motor,MN8012,100,https://store.tmotor.com/product/mn8012-motor-antigravity-type.html,MN8012 Antigravity Multirotor VTOL UAV Motor KV100
TMOT-GB362-30,T-Motor,GB36-2,30,https://store.tmotor.com/product/gb36-2-gimbal-type.html,GB36-2 Gimbal Type 3-6S UAV Drone Motor KV30
TMOT-2317-1400,T-Motor,AS 2317 LONG SHAFT,1400,https://store.tmotor.com/product/at2317-long-shaft-fixed-wing-motor.html,AT2317 Long Shaft Outdoor 3D Trainer Glider Motor-KV1400/KV880/KV1250
TMOT-AX435A-220,T-Motor,AX435-A,220,https://store.tmotor.com/product/ax435-a-kv220-fixed-wing-motor.html,AX435-A
TMOT-AX435A-250,T-Motor,AX435-A,250,https://store.tmotor.com/product/ax435-a-kv220-fixed-wing-motor.html,AX435-A
TMOT-AX435B-220,T-Motor,AX435-B,220,https://store.tmotor.com/product/ax435-b-kv220-fixed-wing-motor.html,AX435-B
TMOT-AX435B-250,T-Motor,AX435-B,250,https://store.tmotor.com/product/ax435-b-kv220-fixed-wing-motor.html,AX435-B
TMOT-AX525A-250,T-Motor,AX525-A,250,https://store.tmotor.com/product/ax525-a-kv250-fixed-wing-motor.html,AX525-A
TMOT-AX525B-250,T-Motor,AX525-B,250,https://store.tmotor.com/product/ax525-b-kv250-fixed-wing-motor.html,AX525-B
TMOT-AX530A-260,T-Motor,AX530-A,260,https://store.tmotor.com/product/ax530-a-kv260-fixed-wing-motor.html,AX530-A
TMOT-AX530B-260,T-Motor,AX530-B,260,https://store.tmotor.com/product/ax530-b-kv260-fixed-wing-motor.html,AX530-B
TMOT-V505-260,T-Motor,V505,260,https://store.tmotor.com/product/v505-vtol-motor.html,V505 KV260 12S Vtol Drone Power
TMOT-V602-180,T-Motor,V602,180,https://store.tmotor.com/product/v602-vtol-motor.html,V602 KV180 12S Vtol Brushless Drone Motor
TMOT-V605-210,T-Motor,V605,210,https://store.tmotor.com/product/v605-vtol-motor.html,V605 KV210 12S Vtol Brushless Drone Motor
TMOT-V804-170,T-Motor,V804,170,https://store.tmotor.com/product/v804-vtol-motor.html,V804 KV170 12S Brushless Motor for Vtol Drone
TMOT-V807-170,T-Motor,V807,170,https://store.tmotor.com/product/v807-vtol-motor.html,V807 KV170 12S Vtol Brushless Drone Motor
TMOT-V10-160,T-Motor,V10,160,https://store.tmotor.com/product/v10-vtol-motor.html,V10 KV160 12S Brushless Motor for Large Vtol
TMOT-V10L-170,T-Motor,V10L,170,https://store.tmotor.com/product/v10l-vtol-motor.html,V10L KV170 12S Brushless Vtol Drone Motor
TMOT-V13L-65,T-Motor,V13L,65,https://store.tmotor.com/product/v13l-vtol-motor.html,V13L KV65 24S Brushless Big Vtol Drone Motor
TMOT-1040-150,T-Motor,VL1040,150,https://store.tmotor.com/product/vl1040-kv150-vtol-uav-motor.html,VL1040 KV150
TMOT-1155-65,T-Motor,VL1155,65,https://store.tmotor.com/product/vl1155-kv65-vtol-uav-motor.html,VL1155 KV65
TMOT-1165-60,T-Motor,VL1165,60,https://store.tmotor.com/product/vl1165-kv60-vtol-uav-motor.html,VL1165 KV60
TMOT-1180-60,T-Motor,VL1180,60,https://store.tmotor.com/product/vl1180-kv60-vtol-uav-motor.html,VL1180 KV60
TMOT-1380-60,T-Motor,VL1380,60,https://store.tmotor.com/product/vl1380-kv60-vtol-uav-motor.html,VL1380 KV60
TMOT-5009-275,T-Motor,VL5009,275,https://store.tmotor.com/product/vl5009-brushless-motor-for-uavs.html,VL5009
TMOT-6011-180,T-Motor,VL6011,180,https://store.tmotor.com/product/vl6011-powerful-drone-motor-for-uavs.html,VL6011
TMOT-6013-210,T-Motor,VL6013,210,https://store.tmotor.com/product/vl6013-heavy-drone-motor-for-uavs.html,VL6013
TMOT-8020-180,T-Motor,AT8020,180,https://store.tmotor.com/product/at8020-fixed-wing-motor.html,AT8020 55CC VTOL UAV Fixed Wing Aircraft Long Shaft Motor 180KV/210KV
TMOT-8020-210,T-Motor,AT8020,210,https://store.tmotor.com/product/at8020-fixed-wing-motor.html,AT8020 55CC VTOL UAV Fixed Wing Aircraft Long Shaft Motor 180KV/210KV
TMOT-8025-160,T-Motor,AT8025,160,https://store.tmotor.com/product/at8025-fixed-wing-motor.html,AT8025 70CC VTOL UAV Fixed Wing Aircraft Long Shaft Motor KV160/KV190
TMOT-8025-190,T-Motor,AT8025,190,https://store.tmotor.com/product/at8025-fixed-wing-motor.html,AT8025 70CC VTOL UAV Fixed Wing Aircraft Long Shaft Motor KV160/KV190
TMOT-8030-160,T-Motor,AT8030,160,https://store.tmotor.com/product/at8030-brushless-outdoor-fixed-wing-motor.html,AT8030 85CC VTOL UAV Fixed Wing Aircraft Long Shaft MotorKV160/KV190
TMOT-8030-190,T-Motor,AT8030,190,https://store.tmotor.com/product/at8030-brushless-outdoor-fixed-wing-motor.html,AT8030 85CC VTOL UAV Fixed Wing Aircraft Long Shaft MotorKV160/KV190
TMOT-5220-380,T-Motor,AT5220A,380,https://store.tmotor.com/product/at5220-a-fixed-wing-motor.html,AT5220A 20-25CC VTOL Fixed Wing Aircraft Shaft Motor KV220/KV380
TMOT-5230-200,T-Motor,AT5230B,200,https://store.tmotor.com/product/at5230-b-fixed-wing-motor.html,AT5230B 25-30CC VTOL Fixed Wing Aircraft Shaft Motor KV200
TMOT-5330-220,T-Motor,AT5330A,220,https://store.tmotor.com/product/at5330-a-fixed-wing-motor.html,AT5330A 25-30CC VTOL Fixed Wing Aircraft Shaft Motor KV220
TMOT-1030-90,T-Motor,AT1030,90,https://store.tmotor.com/product/fixed-wing-motor-at1030.html,AT1030 110CC
TMOT-1040-90,T-Motor,AT1040,90,https://store.tmotor.com/product/fixed-wing-motor-at1040.html,AT1040 130CC
TMOT-1050-90,T-Motor,AT1050,90,https://store.tmotor.com/product/fixed-wing-motor-at1050.html,AT1050 150CC
TMOT-2806-650-2,T-Motor,MN2806 EVO,650,https://store.tmotor.com/product/antigravity-mn2806-evo-motor.html,Antigravity MN2806 EVO KV650
TMOT-6007-160,T-Motor,MN6007 II,160,https://store.tmotor.com/product/mn6007-v2-motor-antigravity-type.html,MN6007 II Multirotor VTOL UAV Motor KV160/KV320
TMOT-6007-320,T-Motor,MN6007 II,320,https://store.tmotor.com/product/mn6007-v2-motor-antigravity-type.html,MN6007 II Multirotor VTOL UAV Motor KV160/KV320
TMOT-8014-100,T-Motor,MN8014,100,https://store.tmotor.com/product/mn8014-motor-antigravity-type.html,MN8014 Antigravity Multirotor VTOL UAV Motor KV100
TMOT-8017-120,T-Motor,MN8017,120,https://store.tmotor.com/product/mn8017-motor-antigravity-type.html,MN8017 Antigravity Multirotor UAVs Motor KV120
TMOT-4116-340,T-Motor,MN4116,340,https://store.tmotor.com/product/mn4116-motor-navigator-type.html,MN4116 Multi-Motor Fixed Wing UAV Motor KV340/KV450
TMOT-4116-450,T-Motor,MN4116,450,https://store.tmotor.com/product/mn4116-motor-navigator-type.html,MN4116 Multi-Motor Fixed Wing UAV Motor KV340/KV450
TMOT-4112-320,T-Motor,MN4112,320,https://store.tmotor.com/product/mn4112-motor-navigator-type.html,MN4112 Multi-Motor Fixed Wing UAV Motor KV320/KV420
TMOT-4112-420,T-Motor,MN4112,420,https://store.tmotor.com/product/mn4112-motor-navigator-type.html,MN4112 Multi-Motor Fixed Wing UAV Motor KV320/KV420
TMOT-4110-300,T-Motor,MN4110,300,https://store.tmotor.com/product/mn4110-motor-navigator-type.html,MN4110 Multirotor Fixed Wing UAV Motor KV300/KV340/KV400
TMOT-4110-340,T-Motor,MN4110,340,https://store.tmotor.com/product/mn4110-motor-navigator-type.html,MN4110 Multirotor Fixed Wing UAV Motor KV300/KV340/KV400
TMOT-4110-400,T-Motor,MN4110,400,https://store.tmotor.com/product/mn4110-motor-navigator-type.html,MN4110 Multirotor Fixed Wing UAV Motor KV300/KV340/KV400
TMOT-MN501S-300,T-Motor,MN501-S,300,https://store.tmotor.com/product/mn501-s-kv240-motor-navigator-type.html,MN501-S IP45 Multirotor Fixed Wing UAV Motor KV240
TMOT-MN601S-320,T-Motor,MN601-S,320,https://store.tmotor.com/product/mn601-s-kv170-motor-navigator-type.html,MN601-S IP45 Multirotor Fixed Wing UAV KV170 2PCS/SET
TMOT-MN605S-170,T-Motor,MN605-S,170,https://store.tmotor.com/product/mn605-s-kv170-motor-navigator-type.html,MN605-S IP45 Multirotor Fixed Wing UAV Motor KV170 2PCS/SET
TMOT-MN605S-320,T-Motor,MN605-S,320,https://store.tmotor.com/product/mn605-s-kv170-motor-navigator-type.html,MN605-S IP45 Multirotor Fixed Wing UAV Motor KV170 2PCS/SET
TMOT-MN805S-120,T-Motor,MN805-S,120,https://store.tmotor.com/product/mn805-s-kv120-motor-navigator-type.html,MN805-S IP45 Multirotor Fixed Wing UAV Motor KV120
TMOT-MN805S-150,T-Motor,MN805-S,150,https://store.tmotor.com/product/mn805-s-kv120-motor-navigator-type.html,MN805-S IP45 Multirotor Fixed Wing UAV Motor KV120
TMOT-MN805S-170,T-Motor,MN805-S,170,https://store.tmotor.com/product/mn805-s-kv120-motor-navigator-type.html,MN805-S IP45 Multirotor Fixed Wing UAV Motor KV120
TMOT-1950-1950-2,T-Motor,F60 PRO,1950,https://pyrodrone.com/products/t-motor-f60-pro-v-1950kv-fpv-drone-motor-grey,T-Motor F60 PRO V 1950KV FPV Drone Motor - Grey
TMOT-2020-2020,T-Motor,F60 PRO,2020,https://pyrodrone.com/products/t-motor-f60-pro-v-2020kv-fpv-drone-motor-grey,T-Motor F60 PRO V 2020KV FPV Drone Motor - Grey
TMOT-2150-2150-2,T-Motor,F40 PRO,2150,https://pyrodrone.com/products/t-motor-f40-pro-v-2150kv-fpv-brushless-drone-motor,T-Motor F40 PRO V 2150KV FPV Brushless Drone Motor
TMOT-2550-2550,T-Motor,F60 PRO,2550,https://pyrodrone.com/products/t-motor-f60-pro-v-2550kv-fpv-drone-motor-grey,T-Motor F60 PRO V 2550KV FPV Drone Motor - Grey
HEEW-1406-3150,HEEWING,T1 RANGER TAIL REPLACEMENT FX1406,3150,https://www.unmannedtechshop.co.uk/products/hee-wing-t1-ranger-tail-replacement-motor-fx1406-3150kv,Hee Wing T1 Ranger Tail Replacement Motor FX1406 3150KV
HEEW-1806-2000,HEEWING,REPLACEMENT T1 VTOL 1806,2000,https://www.unmannedtechshop.co.uk/products/replacement-hee-wing-t1-vtol-motor-1806-2000kv,Replacement Hee Wing T1 VTOL Motor 1806-2000KV
EMAX-0120-110-2,EMAX,EMX-MT-0120-GB2210,110,https://shop.emax-usa.com/products/emx-mt-0120-gb2210-110kv,EMX-MT-0120-GB2210-110KV
EMAX-0487-1200-2,EMAX,EMX-MT-0487-CF2822,1200,https://shop.emax-usa.com/products/emx-mt-0487-cf2822-1200kv,EMX-MT-0487-CF2822-1200KV
EMAX-0449-250-2,EMAX,EMX-MT-0449-GT5335,250,https://shop.emax-usa.com/products/emx-mt-0449-gt5335-250kv,EMX-MT-0449-GT5335-250KV
EMAX-0421-1100-2,EMAX,EMX-MT-0421-GT2815,1100,https://shop.emax-usa.com/products/emx-mt-0421-gt2815-1100kv,EMX-MT-0421-GT2815-1100KV
EMAX-0415-970-2,EMAX,EMX-MT-0415-GT2812,970,https://shop.emax-usa.com/products/emx-mt-0415-gt2812-970kv,EMX-MT-0415-GT2812-970KV
EMAX-0408-1100-2,EMAX,EMX-MT-0408 GT2215,1100,https://shop.emax-usa.com/products/emx-mt-0408-gt2215-1100kv,EMX-MT-0408 GT2215 -1100KV
EMAX-0409-1180-2,EMAX,EMX MT-0409 GT2215,1180,https://shop.emax-usa.com/products/emx-mt-0409-gt2215-1180kv,EMX=MT-0409 GT2215-1180KV
EMAX-0003-1430-2,EMAX,EMX-MT-0003 MT1806,1430,https://shop.emax-usa.com/products/emx-mt-0003-emax-multicopter-motor-mt1806-1430kv,EMX-MT-0003 EMAX Multicopter Motor MT1806 1430KV
VCI-1507.2-4000,VCI,1507.2 RED SOCCER,4000,https://www.drone-fpv-racer.com/moteur-1507-4000kv-4s-fpv-16357.html,Moteur VCI 1507.2 4000KV Red Drone Soccer
VCI-1404-4500,VCI,1404 RED SOCCER,4500,https://www.drone-fpv-racer.com/vci-1404-4500kv-red-drone-soccer-moteur-fpv-16356.html,Moteur VCI 1404 4500KV Red Drone Soccer
VCI-0802-25666,VCI,0802 PRO,25666,https://www.drone-fpv-racer.com/vci-hobby-0802-pro-25666kv-moteur-brushless-1s-x4-15517.html,Moteur VCI 0802 PRO - 25666KV (4pcs)
SPEE-2306.5-1880,SpeedyBee,BEESTORM 2306.5 PRO,1880,https://www.drone-fpv-racer.com/speedybee-beestorm-2306-5-pro-1880kv-15016.html,SpeedyBee BeeStorm 2306.5 PRO-1880KV – Moteur Brushless FPV 5″ (4pcs)
TBS-3600-3600,TBS,PODRACER 1505 3600,3600,https://pyrodrone.com/products/tbs-podracer-1505-kv3600-fpv-drone-motor,TBS Podracer 1505 KV3600 FPV Drone Motor
RCIN-X-1980,RCinPower,"WASP MAJOR 22,6-6,6",1980,https://newbeedrone.com/products/rcinpower-wasp-major-v2-22-6-6-6-1980kv-gold-gun-metal,RCinpower Wasp Major V2 22.6-6.6 1980KV Gold & Gun Metal
EMAX-2205-X,EMAX,MT2205 LL,,https://shop.emax-usa.com/products/emx-mt-1640-mt2205ll-ccw,EMX-MT-1640 MT2205 ll CCW
DEMO-3120-X,Demon Power System,SURGE H.O 3120 BEAST CLASS,,https://wrekd.com/products/demon-power-systems-surge-h-o-3120-beast-class-motor,Demon Power Systems Surge H.O 3120 Beast Class Motor
DEMO-2808-X,Demon Power System,FURY 2808,,https://wrekd.com/products/demon-power-systems-fury-2808-motor,Demon Power Systems Fury 2808 Motor
STRE-2808-1350,Street League,2808,1350,https://wrekd.com/products/street-league-2808-motor-1350kv,Street League 2808 Motor - 1350Kv
VCI-1606-2850,VCI,SPARK 1606,2850,https://wrekd.com/products/vci-1606-motor-choose-kv,VCI Spark 1606 Motor - 2850Kv
ARMA-1404-2750,Armattan,1404,2750,https://wrekd.com/products/armattan-1404-2750kv-motor-1-piece,Armattan 1404 2750kv Motor (1 piece)
ARMA-2206-2300,Armattan,OOMPH VELVET 2206,2300,https://wrekd.com/products/armattan-oomph-velvet-edition-2206-2300-kv-motor-cw-or-ccw,Armattan Oomph Velvet Edition 2206 2300 KV Motor - CW or CCW
WEBL-0802-21500,weBLEEDfpv,0802 BORGSLAYER,21500,https://wrekd.com/products/borgslayer-assimilation-edition-0802-21-500kv,"weBLEEDfpv 0802 ""BORGSLAYER"" Whoop Motors (4 pack) - 21500Kv"
WEBL-0702-500,weBLEEDfpv,0702 40 SKRRRT W/KNURLED SHAFT DESIGN,500,https://wrekd.com/products/webleedfpv-0702-special-edition-brushless-motors-set-of-4-motors,weBLEEDfpv 0702 Whoop Motors (4 pack) - Choose Kv
WEBL-0702-32500,weBLEEDfpv,0702 SCREAMERS W/ KNURLED SHAFT,32500,https://wrekd.com/products/webleedfpv-0702-32-500kv-screamers-w-knurled-shaft-design-set-of-4-motors,"weBLEEDfpv 0702 ""SCREAMERS"" Whoop Motors w/ Knurled Shaft (4 pack) - 32500Kv"
WEBL-0702-26500,weBLEEDfpv,0702 40 SKRRRT W/KNURLED SHAFT DESIGN,26500,https://wrekd.com/products/webleedfpv-0702-special-edition-brushless-motors-v2-w-knurled-shaft-design-set-of-4-motors,weBLEEDfpv 0702 Whoop Motors w/ Knurled Shaft (4 pack) - Choose 26500Kv/28500Kv
WEBL-0702-28500,weBLEEDfpv,0702 40 SKRRRT W/KNURLED SHAFT DESIGN,28500,https://wrekd.com/products/webleedfpv-0702-special-edition-brushless-motors-v2-w-knurled-shaft-design-set-of-4-motors,weBLEEDfpv 0702 Whoop Motors w/ Knurled Shaft (4 pack) - Choose 26500Kv/28500Kv
WEBL-0702-40000,weBLEEDfpv,0702 40 SKRRRT W/KNURLED SHAFT DESIGN,40000,https://wrekd.com/products/webleedfpv-0702-40-000kv-skrrrt-w-knurled-shaft-design-set-of-4-motors,"weBLEEDfpv 0702 ""SKRRRT"" Whoop Motors w/ Knurled Shaft (4 pack) - 40000Kv"
EMAX-0802-16000-2,EMAX,PARTS 0802,16000,https://wrekd.com/products/tinyhawk-ii-parts-brushless-motor-0802-16000kv,Tinyhawk II Parts - Brushless Motor 0802 16000KV
EMAX-2205-X-2,EMAX,MT2205 II,,https://wrekd.com/products/emx-mt-1641-mt2205-ii-cw,EMX-MT-1641 MT2205 II CW
EMAX-5250-5250,EMAX,BABYHAWK PARTS 1104 5250,5250,https://wrekd.com/products/babyhawk-parts-1104-kv5250-motor,Babyhawk Parts - 1104 KV5250 Motor
TMOT-2812-1155-2,T-Motor,VELOX V2812 2812,1155,https://wrekd.com/products/t-motor-velox-v2812-2812-1155kv-motor,T-Motor Velox V2812 2812 1155Kv Motor
FPVC-X-1920,FPVCYCLE,22.6-6.5 W/ 16X16 MOUNTING,1920,https://wrekd.com/products/fpvcycle-22-6-6-5-1920kv-fpv-drone-motor-w-16x16-mounting-choose-color,FPV Cycle 22.6-6.5 1920Kv FPV Drone Motor w/ 16x16 Mounting - Choose Color
FPVC-X-2350,FPVCYCLE,23MM SHORT THE,2350,https://wrekd.com/products/fpvcycle-23mm-short-motor-the-cinewhoop-motor,FPVCycle 23mm Short Motor - The Cinewhoop Motor
FPVC-X-3450,FPVCYCLE,23MM SHORT THE,3450,https://wrekd.com/products/fpvcycle-23mm-short-motor-the-cinewhoop-motor,FPVCycle 23mm Short Motor - The Cinewhoop Motor
FPVC-X-1870,FPVCYCLE,25MM THE EXTRA SMOOTH ONE,1870,https://wrekd.com/products/fpvcycle-25mm-motor-the-extra-smooth-one,FPVCycle 25mm Motor - The Extra Smooth One
FPVC-X-1320,FPVCYCLE,22.6MM,1320,https://wrekd.com/products/fpvcycle-22-6mm-motor-1920kv,FPVCycle 22.6mm Motor
FPVC-X-1920-2,FPVCYCLE,22.6MM,1920,https://wrekd.com/products/fpvcycle-22-6mm-motor-1920kv,FPVCycle 22.6mm Motor
FPVC-X-4100,FPVCYCLE,16MM,4100,https://wrekd.com/products/fpvcycle-16mm-motor-4100kv,FPVCycle 16mm Motor - 4100Kv
VCI-2808-1350-2,VCI,2808 THE KEG,1350,https://wrekd.com/products/vci-2808-fpv-drone-motor,"VCI 2808 1350Kv ""The Keg"" FPV Drone Motor"
VCI-2306-2600,VCI,24K 2306,2600,https://wrekd.com/products/vci-2306-motor-high-performance-fpv-drone-freestyle-motor,VCI Freestyle 2306 Drone Motor - Choose Kv
NEWB-0802-27000,NewBeeDrone,0802,27000,https://wrekd.com/products/newbeedrone-flow-0802-27000kv-brushless-motors-set-of-4,NewBeeDrone Flow 0802 Brushless Motors (Set of 4) - Choose KV
BETA-0702-25000-4,BetaFPV,0702 SE,25000,https://wrekd.com/products/betafpv-0702se-brushless-motor-set-25000kv-4-pcs,BETAFPV 0702 SE Brushless Motors (Set of 4) - Choose KV
BETA-0702-27000-4,BetaFPV,0702 SE,27000,https://wrekd.com/products/betafpv-0702se-brushless-motor-set-25000kv-4-pcs,BETAFPV 0702 SE Brushless Motors (Set of 4) - Choose KV
RCIN-2806-1350,RCinPower,SMOOX 2806 PLUS,1350,https://wrekd.com/products/rcinpower-smoox-2806-plus-motor-choose-kv-color,RCinPOWER Smoox 2806 Plus Motor - Choose KV / Color
RCIN-2806-1750,RCinPower,SMOOX 2806 PLUS,1750,https://wrekd.com/products/rcinpower-smoox-2806-plus-motor-choose-kv-color,RCinPOWER Smoox 2806 Plus Motor - Choose KV / Color
RCIN-X-1960,RCinPower,"WASP MAJOR 22,6-6,6",1960,https://wrekd.com/products/rcinpower-wasp-major-22-6-6-5-gold,RCinPOWER WASP MAJOR 22.6-6.5 - Choose KV/Color
TMOT-2207-1950-6,T-Motor,V2207 V2,1950,https://wrekd.com/products/t-motor-v2207-v2-kv1750,T-Motor Velox V2 V2207 Motor - Choose KV
TMOT-2306-2400-2,T-Motor,V2306 V2,2400,https://wrekd.com/products/t-motor-v2306-v2-kv1950,T-Motor VELOX V2 V2306 Motor - Choose KV
RCIN-2207-1980-2,RCinPower,GTS 2207 PLUS,1980,https://www.drone-doctors.fr/moteurs/1637-moteur-rcinpower-gts-v3-2207-plus-1980kv.html,Moteur RCInpower GTS V3 2207 Plus - 1980KV
RCIN-2306-1800,RCinPower,EX 2306 PLUS,1800,https://www.drone-doctors.fr/moteurs/1634-1815-moteur-rcinpower-ex2306-plus-1800kv-2750kv.html,Moteur RCInpower EX2306 Plus - 1800KV / 2750KV
RCIN-2306-2750,RCinPower,EX 2306 PLUS,2750,https://www.drone-doctors.fr/moteurs/1634-1815-moteur-rcinpower-ex2306-plus-1800kv-2750kv.html,Moteur RCInpower EX2306 Plus - 1800KV / 2750KV
HGLR-2004-2600,HGLRC,AEOLUS 2004,2600,https://www.drone-doctors.fr/moteurs/1550-1734-moteur-aeolus-2004-2600kv-3600kv-hglrc.html,Moteur Aeolus 2004 - 2600KV / 3600KV HGLRC
HGLR-2004-3600,HGLRC,AEOLUS 2004,3600,https://www.drone-doctors.fr/moteurs/1550-1734-moteur-aeolus-2004-2600kv-3600kv-hglrc.html,Moteur Aeolus 2004 - 2600KV / 3600KV HGLRC
FLYW-2207.5-1860,FLYWOO,NIN2207.5,1860,https://www.drone-doctors.fr/moteurs/908-1245-moteur-flywoo-nin22075-1860kv-2450kv-3-6s-titanium.html,Moteur Flywoo NIN2207.5 - 1860KV / 2450KV (3-6S) Titanium
FLYW-2207.5-2450,FLYWOO,NIN2207.5,2450,https://www.drone-doctors.fr/moteurs/908-1245-moteur-flywoo-nin22075-1860kv-2450kv-3-6s-titanium.html,Moteur Flywoo NIN2207.5 - 1860KV / 2450KV (3-6S) Titanium
AMAX-2306-1750-2,AMAX,WORLD MASTER CLASS WM2306,1750,https://www.drone-doctors.fr/moteurs/999-1177-moteur-amax-world-master-class-wm2306-1750kv-2550kv-3-6s.html,Moteur AMAX World Master Class WM2306 - 1750KV / 2550KV (3-6S)
AMAX-2306-2550-3,AMAX,WORLD MASTER CLASS WM2306,2550,https://www.drone-doctors.fr/moteurs/999-1177-moteur-amax-world-master-class-wm2306-1750kv-2550kv-3-6s.html,Moteur AMAX World Master Class WM2306 - 1750KV / 2550KV (3-6S)
AMAX-2207-1750-2,AMAX,ELITE CLASS ET2207,1750,https://www.drone-doctors.fr/moteurs/865-1171-moteur-amax-elite-class-et2207-1750kv-1950kv-2550kv-3-4s.html,Moteur AMAX Elite Class ET2207 - 1750KV / 1950KV / 2550KV (3-6S)
AMAX-2207-1950-3,AMAX,ELITE CLASS ET2207,1950,https://www.drone-doctors.fr/moteurs/865-1171-moteur-amax-elite-class-et2207-1750kv-1950kv-2550kv-3-4s.html,Moteur AMAX Elite Class ET2207 - 1750KV / 1950KV / 2550KV (3-6S)
AMAX-2207-2550-3,AMAX,ELITE CLASS ET2207,2550,https://www.drone-doctors.fr/moteurs/865-1171-moteur-amax-elite-class-et2207-1750kv-1950kv-2550kv-3-4s.html,Moteur AMAX Elite Class ET2207 - 1750KV / 1950KV / 2550KV (3-6S)
AMAX-1407-3100,AMAX,1407,3100,https://www.drone-doctors.fr/moteurs/499-702-moteur-amax-1407-3100kv-4100kv-2-4s.html,Moteur AMAX 1407 - 3100KV / 4100KV (2-4S)
AMAX-1407-4100,AMAX,1407,4100,https://www.drone-doctors.fr/moteurs/499-702-moteur-amax-1407-3100kv-4100kv-2-4s.html,Moteur AMAX 1407 - 3100KV / 4100KV (2-4S)
HGLR-2306-1600-2,HGLRC,FD2306,1600,https://www.drone-doctors.fr/moteurs/603-777-moteur-fd2306-1600kv-2450kv-forward-hglrc-4s-6s.html,Moteur FD2306 - 1600KV / 2450KV Forward HGLRC 4S / 6S
HGLR-2306-2450-2,HGLRC,FD2306,2450,https://www.drone-doctors.fr/moteurs/603-777-moteur-fd2306-1600kv-2450kv-forward-hglrc-4s-6s.html,Moteur FD2306 - 1600KV / 2450KV Forward HGLRC 4S / 6S
READ-2305-2450,Readytosky,GTS2305,2450,https://www.drone-doctors.fr/moteurs/783-951-moteur-gts2305-2450kv-readytosky.html,Moteur GTS2305 - 2450KV ReadyToSky
READ-2212-920,Readytosky,RS2212,920,https://www.drone-doctors.fr/moteurs/372-510-moteur-2212-920kv-readytosky.html,Moteur RS2212 - 920KV ReadyToSky
HGLR-0802-17000,HGLRC,AEOLUS 0802,17000,https://www.fpv-fly.fr/quadcopter/moteurs/moteurs-08xx-16xx/hglrc-aeolus-0802-17000kv-brushless-motor.html,HGLRC Aeolus 0802 17000KV Brushless Motor
IFLI-2208-2150,iFlight,XING 2208,2150,https://www.fpv-fly.fr/quadcopter/moteurs/moteurs-22xx/iflight-xing-e-2208-2150kv-4s.html,IFlight XING-E 2208 2150KV 4S
BROT-2207.5-X,BrotherHobby,7LE 2207.5 1750,,https://www.fpv-fly.fr/quadcopter/moteurs/moteurs-22xx/moteur-brotherhobby-7le-2207-5-1750-6s.html,Moteur BrotherHobby 7LE 2207.5 1750 – 6S
SUNN-2820-1100,SunnySky,X2820,1100,https://www.fpv-fly.fr/avion-fpv/moteurs/sunnysky-x2820-920kv.html,Sunnysky X2820 1100KV
SUNN-2814-900,SunnySky,X2814,900,https://www.fpv-fly.fr/catalog/product/view/id/230/s/sunnysky-x2814-900kv/category/41/,Sunnysky X2814 900KV
SUNN-2820-920,SunnySky,X2820,920,https://www.fpv-fly.fr/catalog/product/view/id/231/s/sunnysky-x2820-920kv/category/41/,Sunnysky X2820 920KV
HEEW-2205-X,HEEWING,FX-2205-2350,,https://www.fpv-fly.fr/avion-fpv/moteurs/moteur-fx-2205-2350-heewing.html,Moteur FX-2205-2350 - Heewing
HEEW-1406-3150-2,HEEWING,FX-1406 RANGER T1,3150,https://www.fpv-fly.fr/avion-fpv/moteurs/moteur-fx-1406-3150kv-t1-ranger-heewing.html,Moteur FX-1406-3150KV - Ranger T1 - Heewing
GEPR-1505-4300,GEPRC,SPEEDX2 1505,4300,https://www.team-blacksheep.com/products/product:7711,GEPRC SpeedX2 1505 4300KV Motor
GEPR-1804-3450,GEPRC,SPEEDX2 1804,3450,https://www.team-blacksheep.com/products/product:8279,GEPRC SpeedX2 1804 3450KV Motor
GEPR-1804-2450,GEPRC,SPEEDX2 1804,2450,https://www.team-blacksheep.com/products/product:8278,GEPRC SpeedX2 1804 2450KV Motor
VCI-2207-2160-3,VCI,2207LT FIRE,2160,https://www.team-blacksheep.com/products/product:8272,VCI 2207LT 2160KV Fire
AXIS-2207-2100-2,AXIS,AF227,2100,https://www.team-blacksheep.com/products/product:7687,Axis AF227 2207 2100kv Racing
VCI-2207-2110-3,VCI,2207PRO YUKI,2110,https://www.team-blacksheep.com/products/product:7404,VCI 2207PRO 2110KV Yuki Edition
AXIS-2306-2100,AXIS,AF236,2100,https://www.team-blacksheep.com/products/product:7689,Axis AF236 2306 2100kv Racing BLOWOUT
AXIS-X-2650,AXIS,C246 SHOOTING,2650,https://www.team-blacksheep.com/products/product:7012,Axis Flying C246 2650kv
MAD-2812-925,MAD,DEXTERITY CM2812 V1,925,https://www.team-blacksheep.com/products/product:7788,MAD Dexterity CM2812 V1 925KV
GEPR-2812-900,GEPRC,EM2812,900,https://www.team-blacksheep.com/products/product:7713,GEPRC EM2812 900KV Motor
MAD-3120-700,MAD,BANSHEE CM3120 V1,700,https://www.team-blacksheep.com/products/product:7790,MAD Banshee CM3120 V1 700 KV
MAD-3115-900,MAD,TAURUS CM3115 V1,900,https://www.team-blacksheep.com/products/product:7789,MAD TAURUS CM3115 V1 900 KV
GEPR-3115-900,GEPRC,EM3115,900,https://www.team-blacksheep.com/products/product:7714,GEPRC EM3115 900KV Motor
MAD-4320-380,MAD,SWIFT CM4320 V1,380,https://www.team-blacksheep.com/products/product:7791,MAD Swift CM4320 V1 KV380
MAD-4520-350,MAD,BADGER CM4520 IPE V1,350,https://www.team-blacksheep.com/products/product:7792,MAD Badger CM4520 IPE V1 350 KV
TBS-3600-3600-2,TBS,PODRACER 1505 3600,3600,https://pyrodrone.com/products/tbs-podracer-1505-kv3600-fpv-drone-motor,TBS Podracer 1505 KV3600 FPV Drone Motor
EMAX-2822-1200,EMAX,CF2822,1200,https://shop.emax-usa.com/products/emx-mt-0487-cf2822-1200kv,EMX-MT-0487-CF2822-1200KV
EMAX-5250-5250-2,EMAX,BABYHAWK PARTS 1104 5250,5250,https://wrekd.com/products/babyhawk-parts-1104-kv5250-motor,Babyhawk Parts - 1104 KV5250 Motor
TBS-3600-3600,TBS,PODRACER 1505 3600,3600,https://pyrodrone.com/products/tbs-podracer-1505-kv3600-fpv-drone-motor,TBS Podracer 1505 KV3600 FPV Drone Motor
EMAX-5250-5250-2,EMAX,BABYHAWK PARTS 1104 5250,5250,https://wrekd.com/products/babyhawk-parts-1104-kv5250-motor,Babyhawk Parts - 1104 KV5250 Motor
TBS-3600-3600,TBS,PODRACER 1505 3600,3600,https://pyrodrone.com/products/tbs-podracer-1505-kv3600-fpv-drone-motor,TBS Podracer 1505 KV3600 FPV Drone Motor
EMAX-5250-5250-2,EMAX,BABYHAWK PARTS 1104 5250,5250,https://wrekd.com/products/babyhawk-parts-1104-kv5250-motor,Babyhawk Parts - 1104 KV5250 Motor
TBS-3600-3600,TBS,PODRACER 1505 3600,3600,https://pyrodrone.com/products/tbs-podracer-1505-kv3600-fpv-drone-motor,TBS Podracer 1505 KV3600 FPV Drone Motor
EMAX-5250-5250-2,EMAX,BABYHAWK PARTS 1104 5250,5250,https://wrekd.com/products/babyhawk-parts-1104-kv5250-motor,Babyhawk Parts - 1104 KV5250 Motor
