REF,CHAMP,VALEUR,SOURCE
EMAX-2207-1800,RESISTANCE,72m Ω,https://www.racedayquads.com/products/emax-rsiii-series-2207-1800kv-motor
EMAX-2207-1800,UTILISATION,Racing,https://www.racedayquads.com/products/emax-rsiii-series-2207-1800kv-motor
EMAX-2207-2500,UTILISATION,Racing,https://www.racedayquads.com/products/emax-rsiii-series-2207-1800kv-motor
RCIN-0802-25000,D MOTEUR,11.2,https://www.racedayquads.com/products/rcinpower-gts-v3-1s-0802-25000kv-motors-choose-color
RCIN-0802-25000,H MOTEUR,8.2,https://www.racedayquads.com/products/rcinpower-gts-v3-1s-0802-25000kv-motors-choose-color
RCIN-0802-25000,RESISTANCE,105mΩ,https://www.racedayquads.com/products/rcinpower-gts-v3-1s-0802-25000kv-motors-choose-color
RCIN-0802-22000,D MOTEUR,11.2,https://www.racedayquads.com/products/rcinpower-gts-v3-1s-0802-25000kv-motors-choose-color
RCIN-0802-22000,H MOTEUR,8.2,https://www.racedayquads.com/products/rcinpower-gts-v3-1s-0802-25000kv-motors-choose-color
RCIN-0802-27000,D MOTEUR,11.2,https://www.racedayquads.com/products/rcinpower-gts-v3-1s-0802-25000kv-motors-choose-color
RCIN-0802-27000,H MOTEUR,8.2,https://www.racedayquads.com/products/rcinpower-gts-v3-1s-0802-25000kv-motors-choose-color
RCIN-0802-22000,RESISTANCE,117mΩ,https://www.racedayquads.com/products/rcinpower-gts-v3-1s-0802-22000kv-motors-choose-color
RCIN-1002-22000,RESISTANCE,75mΩ,https://www.racedayquads.com/products/rcinpower-gts-v3-1002-22000kv-motor-choose-color
RCIN-1002-14000,RESISTANCE,175mΩ,https://www.racedayquads.com/products/rcinpower-gts-v3-1002-14000kv-motor-choose-color
RCIN-1002-19000,RESISTANCE,89mΩ,https://www.racedayquads.com/products/rcinpower-gts-v3-1002-19000kv-motor-choose-color
RCIN-1003-22000,RESISTANCE,46mΩ,https://www.racedayquads.com/products/rcinpower-gts-v3-1003-22000kv-micro-motor-choose-color
RCIN-1003-10000,RESISTANCE,162m Ω,https://www.racedayquads.com/products/rcinpower-gts-v3-1003-10000kv-motor-choose-your-color
RCIN-1003-18000,RESISTANCE,162mΩ,https://www.racedayquads.com/products/rcinpower-gts-v3-1003-18000kv-micro-motor-choose-color
RCIN-2105-2950,RESISTANCE,60mΩ,https://www.racedayquads.com/products/rcinpower-gts-v3-2105-plus-2950kv-motor-choose-color
RCIN-2107-2080,RESISTANCE,53mΩ,https://www.racedayquads.com/products/rcinpower-gts-v3-2107-plus-2080kv-motor-choose-color
RCIN-2104-1800,RESISTANCE,210mΩ,https://www.racedayquads.com/products/rcinpower-gts-v3-2104-light-1800kv-motor-choose-color
HAPP-0702-26000,UTILISATION,Whoop,https://www.racedayquads.com/products/happymodel-se0702-0702-26000kv-motor
HAPP-0702-23000,UTILISATION,Whoop,https://www.racedayquads.com/products/happymodel-se0702-0702-26000kv-motor
EMAX-2808-1300,RESISTANCE,56mΩ,https://www.racedayquads.com/products/emax-e3-series-2808-motor-1300kv-1500kv
EMAX-2808-1300,UTILISATION,Long Range,https://www.racedayquads.com/products/emax-e3-series-2808-motor-1300kv-1500kv
EMAX-2808-1500,RESISTANCE,56mΩ,https://www.racedayquads.com/products/emax-e3-series-2808-motor-1300kv-1500kv
EMAX-2808-1500,UTILISATION,Long Range,https://www.racedayquads.com/products/emax-e3-series-2808-motor-1300kv-1500kv
IFLI-2205-2300,RESISTANCE,72.41mΩ / 50.63mΩ / ,https://www.racedayquads.com/products/iflight-xing2-2205-motor-2300kv-unibell
IFLI-2205-2300,UTILISATION,Freestyle,https://www.racedayquads.com/products/iflight-xing2-2205-motor-2300kv-unibell
RCIN-2207-1980,RESISTANCE,45mΩ,https://www.racedayquads.com/products/rcinpower-aos-supernova-2207-1980kv-motor-chris-rosser
RCIN-1804-3450,RESISTANCE,116m Ω,https://pyrodrone.com/products/rcinpower-gts-v3-1804-3450kv-brushless-fpv-drone-motor-teal-blue-pink
RCIN-1404-4000,UTILISATION,Freestyle,https://pyrodrone.com/products/rcinpower-aos-supernova-1404-4000kv-brushless-fpv-drone-motor
RCIN-1507-2680,RESISTANCE,113mΩ,https://www.racedayquads.com/products/rcinpower-smoox-1507-2680kv-micro-motor-gunmetal
RCIN-1507-2680,UTILISATION,Racing,https://www.racedayquads.com/products/rcinpower-smoox-1507-2680kv-micro-motor-gunmetal
RCIN-2807-1400,RESISTANCE,58mΩ,https://www.racedayquads.com/products/draft-rcinpower-aos-supernova-2807-1400kv-motor
RCIN-2207-1920,UTILISATION,Racing,https://pyrodrone.com/products/rcinpower-vanover-v3-2207-brushless-fpv-drone-motor-2060kv
RCIN-2207-2060,RESISTANCE,46mΩ,https://pyrodrone.com/products/rcinpower-vanover-v3-2207-brushless-fpv-drone-motor-2060kv
RCIN-2207-2060,UTILISATION,Racing,https://pyrodrone.com/products/rcinpower-vanover-v3-2207-brushless-fpv-drone-motor-2060kv
RCIN-2207-1920,RESISTANCE,50mΩ,https://pyrodrone.com/products/rcinpower-vanover-v3-2207-brushless-fpv-drone-motor-1920kv
EMAX-2207-1700,RESISTANCE,74mΩ,https://www.racedayquads.com/products/emax-e3-series-2207-motor-1700kv-1900kv-2400kv
IFLI-2806-1300,RESISTANCE,48.5mΩ,https://www.racedayquads.com/products/iflight-xing-2806-5-race-motor-1300kv-1800kv
IFLI-2806-1300,UTILISATION,Long Range,https://www.racedayquads.com/products/iflight-xing-2806-5-race-motor-1300kv-1800kv
IFLI-2806-1800,RESISTANCE,48.5mΩ,https://www.racedayquads.com/products/iflight-xing-2806-5-race-motor-1300kv-1800kv
IFLI-2806-1800,UTILISATION,Long Range,https://www.racedayquads.com/products/iflight-xing-2806-5-race-motor-1300kv-1800kv
IFLI-2207-1590,RESISTANCE,95.6mΩ,https://www.racedayquads.com/products/iflight-r5-2207-motor-1590kv-2050kv
IFLI-2207-1590,UTILISATION,Racing,https://www.racedayquads.com/products/iflight-r5-2207-motor-1590kv-2050kv
IFLI-2207-2050,RESISTANCE,95.6mΩ,https://www.racedayquads.com/products/iflight-r5-2207-motor-1590kv-2050kv
IFLI-2207-2050,UTILISATION,Racing,https://www.racedayquads.com/products/iflight-r5-2207-motor-1590kv-2050kv
AMAX-2306-1950,PUISSANCE,1000,https://www.racedayquads.com/products/amaxinno-competition-2306-1950kv-motor-1
AMAX-2306-1950,UTILISATION,Racing,https://www.racedayquads.com/products/amaxinno-competition-2306-1950kv-motor-1
BETA-1104-5500,UTILISATION,Freestyle,https://pyrodrone.com/products/betafpv-lava-series-1104-7200kv-brushless-motor-with-80mm-wire-for-3s-2-2-quads-1pc
BETA-1104-7200,UTILISATION,Freestyle,https://pyrodrone.com/products/betafpv-lava-series-1104-7200kv-brushless-motor-with-80mm-wire-for-3s-2-2-quads-1pc
BETA-0702-25000,UTILISATION,Whoop,https://pyrodrone.com/products/betafpv-0702-brushless-motor-set-27000kv-4-pcs
BETA-0702-36000,UTILISATION,Whoop,https://pyrodrone.com/products/betafpv-0702-brushless-motor-set-27000kv-4-pcs
BETA-0702-30000,UTILISATION,Whoop,https://pyrodrone.com/products/betafpv-0702-brushless-motor-set-27000kv-4-pcs
HGLR-1804-2450,D MOTEUR,22.68,https://www.racedayquads.com/products/hglrc-specter-1804-2450kv-micro-motor
HGLR-1804-2450,H MOTEUR,13.2,https://www.racedayquads.com/products/hglrc-specter-1804-2450kv-micro-motor
HGLR-1804-2450,UTILISATION,Freestyle,https://www.racedayquads.com/products/hglrc-specter-1804-2450kv-micro-motor
HGLR-1002-21000,D MOTEUR,13.59,https://www.racedayquads.com/products/hglrc-specter-1002-21000kv-micro-motor
HGLR-1002-21000,H MOTEUR,8.25,https://www.racedayquads.com/products/hglrc-specter-1002-21000kv-micro-motor
HGLR-2306-1900,D MOTEUR,28.97,https://www.racedayquads.com/products/hglrc-specter-2306-5-1900kv-motor
HGLR-2306-1900,H MOTEUR,32.15,https://www.racedayquads.com/products/hglrc-specter-2306-5-1900kv-motor
BETA-0802-28000,UTILISATION,Racing,https://pyrodrone.com/products/betafpv-0802-brushless-motor-2026-4-pcs-choose-version
BETA-0802-25000,UTILISATION,Racing,https://pyrodrone.com/products/betafpv-0802-brushless-motor-2026-4-pcs-choose-version
BETA-0802-22000,UTILISATION,Racing,https://pyrodrone.com/products/betafpv-0802-brushless-motor-2026-4-pcs-choose-version
NEWB-0703-16420,UTILISATION,Whoop,https://www.racedayquads.com/products/newbeedrone-0703-16420kv-brushless-motors-silver-edition-set-of-4
GEPR-2107-1960,D MOTEUR,26.83,https://pyrodrone.com/products/geprc-speedx2-2107-5-1960kv-motor-for-5-inch-frames-titanium
GEPR-2107-1960,H MOTEUR,30.85,https://pyrodrone.com/products/geprc-speedx2-2107-5-1960kv-motor-for-5-inch-frames-titanium
GEPR-2107-2450,D MOTEUR,26.83,https://pyrodrone.com/products/geprc-speedx2-2107-5-1960kv-motor-for-5-inch-frames-titanium
GEPR-2107-2450,H MOTEUR,30.85,https://pyrodrone.com/products/geprc-speedx2-2107-5-1960kv-motor-for-5-inch-frames-titanium
NEWB-1202-8420,UTILISATION,Racing,https://www.racedayquads.com/products/newbeedrone-flow-1202-racing-and-freestyle-fpv-micro-motor-set-of-4-8420kv-11420kv
NEWB-1202-11420,UTILISATION,Racing,https://www.racedayquads.com/products/newbeedrone-flow-1202-racing-and-freestyle-fpv-micro-motor-set-of-4-8420kv-11420kv
RCIN-0702-29000,RESISTANCE,222mΩ,https://www.racedayquads.com/products/rcinpower-gts-v3-0702-27000kv-micro-motor-teal-pink
RCIN-0702-27000,D MOTEUR,9.6,https://www.racedayquads.com/products/rcinpower-gts-v3-0702-27000kv-micro-motor-teal-pink
RCIN-0702-27000,H MOTEUR,8.1,https://www.racedayquads.com/products/rcinpower-gts-v3-0702-27000kv-micro-motor-teal-pink
RCIN-0702-27000,PUISSANCE,17.6,https://www.racedayquads.com/products/rcinpower-gts-v3-0702-27000kv-micro-motor-teal-pink
RCIN-0702-27000,RESISTANCE,222mΩ,https://www.racedayquads.com/products/rcinpower-gts-v3-0702-27000kv-micro-motor-teal-pink
RCIN-0702-27000,AMP,4.2,https://www.racedayquads.com/products/rcinpower-gts-v3-0702-27000kv-micro-motor-teal-pink
AMAX-2207-1750,CONFIG,12N14P,https://pyrodrone.com/products/amaxinno-performante-2207-a-bell-fpv-drone-motor-2550kv
AMAX-2207-1950,CONFIG,12N14P,https://pyrodrone.com/products/amaxinno-performante-2207-a-bell-fpv-drone-motor-2550kv
AMAX-2207-2550,CONFIG,12N14P,https://pyrodrone.com/products/amaxinno-performante-2207-a-bell-fpv-drone-motor-2550kv
AMAX-2207-2550,LIEN,https://pyrodrone.com/products/amaxinno-performante-2207-a-bell-fpv-drone-motor-2550kv,https://pyrodrone.com/products/amaxinno-performante-2207-a-bell-fpv-drone-motor-2550kv
"AMAX-2305,5-2550",LIEN,https://www.racedayquads.com/products/amax-superleggera-a-bell-2305-5-2550kv-motor,https://www.racedayquads.com/products/amax-superleggera-a-bell-2305-5-2550kv-motor
"AMAX-2305,5-1750",LIEN,https://www.racedayquads.com/products/amax-superleggera-2305-5-1750kv-motor,https://www.racedayquads.com/products/amax-superleggera-2305-5-1750kv-motor
AMAX-2306-1750,CONFIG,12N14P,https://pyrodrone.com/products/amaxinno-performante-2306-a-bell-fpv-drone-motor-2550kv
AMAX-2306-1750,LIEN,https://pyrodrone.com/products/amaxinno-performante-2306-a-bell-fpv-drone-motor-2550kv,https://pyrodrone.com/products/amaxinno-performante-2306-a-bell-fpv-drone-motor-2550kv
AMAX-2306-2550,CONFIG,12N14P,https://pyrodrone.com/products/amaxinno-performante-2306-a-bell-fpv-drone-motor-2550kv
AMAX-2306-2550,LIEN,https://pyrodrone.com/products/amaxinno-performante-2306-a-bell-fpv-drone-motor-2550kv,https://pyrodrone.com/products/amaxinno-performante-2306-a-bell-fpv-drone-motor-2550kv
AXIS-1404-4510,LIEN,https://www.unmannedtechshop.co.uk/products/axis-af144-1404-brushless-fpv-motor-4510kv,https://www.unmannedtechshop.co.uk/products/axis-af144-1404-brushless-fpv-motor-4510kv
AXIS-1404-4510,IMG,https://cdn.shopify.com/s/files/1/0914/9972/5181/files/AF144-1.jpg?v=1754245347,https://www.unmannedtechshop.co.uk/products/axis-af144-1404-brushless-fpv-motor-4510kv
AXIS-2203-1610,CONFIG,12N14P,https://newbeedrone.com/products/axisflying-af223-2203-5-motor
AXIS-2203-1610,VIS HEL,M5,https://newbeedrone.com/products/axisflying-af223-2203-5-motor
AXIS-2203-1610,LIPO,3S-6S,https://newbeedrone.com/products/axisflying-af223-2203-5-motor
AXIS-2203-1610,TYPE CABLE,24AWG,https://newbeedrone.com/products/axisflying-af223-2203-5-motor
AXIS-2203-1610,UTILISATION,Racing,https://newbeedrone.com/products/axisflying-af223-2203-5-motor
AXIS-2203-1610,LIEN,https://newbeedrone.com/products/axisflying-af223-2203-5-motor,https://newbeedrone.com/products/axisflying-af223-2203-5-motor
AXIS-2203-1610,IMG,https://cdn.shopify.com/s/files/1/1126/9610/products/Axis-Flying-AF223-2203.5-Motor-1610KV-2910KV-3710KV.jpg?v=1728778638,https://newbeedrone.com/products/axisflying-af223-2203-5-motor
AXIS-2203-2910,CONFIG,12N14P,https://newbeedrone.com/products/axisflying-af223-2203-5-motor
AXIS-2203-2910,VIS HEL,M5,https://newbeedrone.com/products/axisflying-af223-2203-5-motor
AXIS-2203-2910,LIPO,3S-6S,https://newbeedrone.com/products/axisflying-af223-2203-5-motor
AXIS-2203-2910,TYPE CABLE,24AWG,https://newbeedrone.com/products/axisflying-af223-2203-5-motor
AXIS-2203-2910,UTILISATION,Racing,https://newbeedrone.com/products/axisflying-af223-2203-5-motor
AXIS-2203-2910,LIEN,https://newbeedrone.com/products/axisflying-af223-2203-5-motor,https://newbeedrone.com/products/axisflying-af223-2203-5-motor
AXIS-2203-2910,IMG,https://cdn.shopify.com/s/files/1/1126/9610/products/Axis-Flying-AF223-2203.5-Motor-1610KV-2910KV-3710KV.jpg?v=1728778638,https://newbeedrone.com/products/axisflying-af223-2203-5-motor
AXIS-2203-3710,CONFIG,12N14P,https://newbeedrone.com/products/axisflying-af223-2203-5-motor
AXIS-2203-3710,VIS HEL,M5,https://newbeedrone.com/products/axisflying-af223-2203-5-motor
AXIS-2203-3710,LIPO,3S-6S,https://newbeedrone.com/products/axisflying-af223-2203-5-motor
AXIS-2203-3710,TYPE CABLE,24AWG,https://newbeedrone.com/products/axisflying-af223-2203-5-motor
AXIS-2203-3710,UTILISATION,Racing,https://newbeedrone.com/products/axisflying-af223-2203-5-motor
AXIS-2203-3710,LIEN,https://newbeedrone.com/products/axisflying-af223-2203-5-motor,https://newbeedrone.com/products/axisflying-af223-2203-5-motor
AXIS-2203-3710,IMG,https://cdn.shopify.com/s/files/1/1126/9610/products/Axis-Flying-AF223-2203.5-Motor-1610KV-2910KV-3710KV.jpg?v=1728778638,https://newbeedrone.com/products/axisflying-af223-2203-5-motor
AXIS-2207-1960,LIEN,https://pyrodrone.com/products/axis-flying-af227-2207-fpv-drone-motor-2710kv,https://pyrodrone.com/products/axis-flying-af227-2207-fpv-drone-motor-2710kv
AXIS-2207-1960,IMG,https://cdn.shopify.com/s/files/1/2778/6650/products/1960KV_b0c59001-70ef-4ed9-a171-7e845d0e2f53.jpg?v=1624913697,https://pyrodrone.com/products/axis-flying-af227-2207-fpv-drone-motor-2710kv
AXIS-2207-2010,LIEN,https://pyrodrone.com/products/axis-flying-af227-2207-fpv-drone-motor-2710kv,https://pyrodrone.com/products/axis-flying-af227-2207-fpv-drone-motor-2710kv
AXIS-2207-2010,IMG,https://cdn.shopify.com/s/files/1/2778/6650/products/1960KV_b0c59001-70ef-4ed9-a171-7e845d0e2f53.jpg?v=1624913697,https://pyrodrone.com/products/axis-flying-af227-2207-fpv-drone-motor-2710kv
AXIS-2207-2710,LIPO,3S-6S,https://pyrodrone.com/products/axis-flying-af227-2207-fpv-drone-motor-2710kv
AXIS-2207-2710,LIEN,https://pyrodrone.com/products/axis-flying-af227-2207-fpv-drone-motor-2710kv,https://pyrodrone.com/products/axis-flying-af227-2207-fpv-drone-motor-2710kv
AXIS-2207-2710,IMG,https://cdn.shopify.com/s/files/1/2778/6650/products/1960KV_b0c59001-70ef-4ed9-a171-7e845d0e2f53.jpg?v=1624913697,https://pyrodrone.com/products/axis-flying-af227-2207-fpv-drone-motor-2710kv
AXIS-3010-1010,CONFIG,12N14P,https://pyrodrone.com/products/axis-flying-af310-3010-fpv-drone-motor-1210kv
AXIS-3010-1010,L CABLE,350mm,https://pyrodrone.com/products/axis-flying-af310-3010-fpv-drone-motor-1210kv
AXIS-3010-1010,UTILISATION,Freestyle,https://pyrodrone.com/products/axis-flying-af310-3010-fpv-drone-motor-1210kv
AXIS-3010-1010,LIEN,https://pyrodrone.com/products/axis-flying-af310-3010-fpv-drone-motor-1210kv,https://pyrodrone.com/products/axis-flying-af310-3010-fpv-drone-motor-1210kv
AXIS-3010-1010,IMG,https://cdn.shopify.com/s/files/1/2778/6650/products/Axisflying_brushless_top_quality_fpv_motor_AF310_3010_for_cinelifter__1665568465543_0.webp?v=1678480367,https://pyrodrone.com/products/axis-flying-af310-3010-fpv-drone-motor-1210kv
AXIS-3010-1210,LIPO,4S-6S,https://pyrodrone.com/products/axis-flying-af310-3010-fpv-drone-motor-1210kv
AXIS-3010-1210,PUISSANCE,1300,https://pyrodrone.com/products/axis-flying-af310-3010-fpv-drone-motor-1210kv
AXIS-3010-1210,CONFIG,12N14P,https://pyrodrone.com/products/axis-flying-af310-3010-fpv-drone-motor-1210kv
AXIS-3010-1210,L CABLE,350mm,https://pyrodrone.com/products/axis-flying-af310-3010-fpv-drone-motor-1210kv
AXIS-3010-1210,AMP,60,https://pyrodrone.com/products/axis-flying-af310-3010-fpv-drone-motor-1210kv
AXIS-3010-1210,UTILISATION,Freestyle,https://pyrodrone.com/products/axis-flying-af310-3010-fpv-drone-motor-1210kv
AXIS-3010-1210,LIEN,https://pyrodrone.com/products/axis-flying-af310-3010-fpv-drone-motor-1210kv,https://pyrodrone.com/products/axis-flying-af310-3010-fpv-drone-motor-1210kv
AXIS-3010-1210,IMG,https://cdn.shopify.com/s/files/1/2778/6650/products/Axisflying_brushless_top_quality_fpv_motor_AF310_3010_for_cinelifter__1665568465543_0.webp?v=1678480367,https://pyrodrone.com/products/axis-flying-af310-3010-fpv-drone-motor-1210kv
BETA-0802-19500,L SHAFT,5,https://www.racedayquads.com/products/betafpv-0802se-19500kv-micro-motor
BETA-0802-19500,VIS FIX,M1.4,https://www.racedayquads.com/products/betafpv-0802se-19500kv-micro-motor
BETA-0802-19500,LIPO,1S,https://www.racedayquads.com/products/betafpv-0802se-19500kv-micro-motor
BETA-0802-19500,TYPE CABLE,30AWG,https://www.racedayquads.com/products/betafpv-0802se-19500kv-micro-motor
BETA-0802-19500,L CABLE,35mm,https://www.racedayquads.com/products/betafpv-0802se-19500kv-micro-motor
BETA-0802-19500,UTILISATION,Whoop,https://www.racedayquads.com/products/betafpv-0802se-19500kv-micro-motor
BETA-0802-19500,LIEN,https://www.racedayquads.com/products/betafpv-0802se-19500kv-micro-motor,https://www.racedayquads.com/products/betafpv-0802se-19500kv-micro-motor
BETA-0802-19500,IMG,https://cdn.shopify.com/s/files/1/1285/4651/products/betafpv-betafpv-0802se-0802-19500kv-micro-motor-set-of-4-motor-30555820621937.jpg?v=1762442361,https://www.racedayquads.com/products/betafpv-0802se-19500kv-micro-motor
BETA-1102-13500,PUISSANCE,35,https://pyrodrone.com/products/betafpv-1102-21000kv-brushless-motors-2026-blue-for-meteor75-pro-ii-4-pieces
BETA-1102-13500,AMP,9.2,https://pyrodrone.com/products/betafpv-1102-21000kv-brushless-motors-2026-blue-for-meteor75-pro-ii-4-pieces
BETA-1102-13500,LIPO,1S,https://pyrodrone.com/products/betafpv-1102-21000kv-brushless-motors-2026-blue-for-meteor75-pro-ii-4-pieces
BETA-1102-13500,D SHAFT,1.5,https://pyrodrone.com/products/betafpv-1102-21000kv-brushless-motors-2026-blue-for-meteor75-pro-ii-4-pieces
BETA-1102-13500,L SHAFT,5,https://pyrodrone.com/products/betafpv-1102-21000kv-brushless-motors-2026-blue-for-meteor75-pro-ii-4-pieces
BETA-1102-13500,TYPE CABLE,28AWG,https://pyrodrone.com/products/betafpv-1102-21000kv-brushless-motors-2026-blue-for-meteor75-pro-ii-4-pieces
BETA-1102-13500,L CABLE,37mm,https://pyrodrone.com/products/betafpv-1102-21000kv-brushless-motors-2026-blue-for-meteor75-pro-ii-4-pieces
BETA-1102-13500,LIEN,https://pyrodrone.com/products/betafpv-1102-21000kv-brushless-motors-2026-blue-for-meteor75-pro-ii-4-pieces,https://pyrodrone.com/products/betafpv-1102-21000kv-brushless-motors-2026-blue-for-meteor75-pro-ii-4-pieces
BETA-1102-13500,IMG,https://cdn.shopify.com/s/files/1/2778/6650/files/1102_Brushless_Motors_2026_4PCS_1080x_8f7ca502-16b5-44c5-bd9e-8cc150232764.jpg?v=1783956423,https://pyrodrone.com/products/betafpv-1102-21000kv-brushless-motors-2026-blue-for-meteor75-pro-ii-4-pieces
BETA-1102-13500,ENTRAXE FIX,Ø3,https://www.unmannedtechshop.co.uk/products/betafpv-1102-2026-edition-21000kv-brushless-motors-the-i-cant-believe-its-not-broken-1s-whoop-pack
BETA-1102-13500,VIS FIX,M1.4,https://www.unmannedtechshop.co.uk/products/betafpv-1102-2026-edition-21000kv-brushless-motors-the-i-cant-believe-its-not-broken-1s-whoop-pack
BETA-1102-13500,UTILISATION,Whoop,https://www.unmannedtechshop.co.uk/products/betafpv-1102-2026-edition-21000kv-brushless-motors-the-i-cant-believe-its-not-broken-1s-whoop-pack
BETA-1102-13500,HELICE,40mm 3-Blade Props,https://www.unmannedtechshop.co.uk/products/betafpv-1102-v2-18000kv-brushless-motors-pack-of-4-2022-version
BETA-1506-3000,PUISSANCE,313.44,https://pyrodrone.com/products/betafpv-lava-series-1506-brushless-motor-4200kv-1pc
BETA-1506-3000,AMP,19.59,https://pyrodrone.com/products/betafpv-lava-series-1506-brushless-motor-4200kv-1pc
BETA-1506-3000,L SHAFT,4,https://pyrodrone.com/products/betafpv-lava-series-1506-brushless-motor-4200kv-1pc
BETA-1506-3000,TYPE CABLE,24AWG,https://pyrodrone.com/products/betafpv-lava-series-1506-brushless-motor-4200kv-1pc
BETA-1506-3000,L CABLE,80mm,https://pyrodrone.com/products/betafpv-lava-series-1506-brushless-motor-4200kv-1pc
BETA-1506-3000,UTILISATION,Freestyle,https://pyrodrone.com/products/betafpv-lava-series-1506-brushless-motor-4200kv-1pc
BETA-1506-3000,LIEN,https://pyrodrone.com/products/betafpv-lava-series-1506-brushless-motor-4200kv-1pc,https://pyrodrone.com/products/betafpv-lava-series-1506-brushless-motor-4200kv-1pc
BETA-1506-3000,IMG,https://cdn.shopify.com/s/files/1/2778/6650/files/6391ace427ade714b70fb966024ae804_720x_f70e9f63-a7bb-41e5-a67b-c04295a8ba5f.webp?v=1714076084,https://pyrodrone.com/products/betafpv-lava-series-1506-brushless-motor-4200kv-1pc
Brot-0804-1000,LIEN,https://www.unmannedtechshop.co.uk/products/brotherhobby-avenger-0804-10000kv-micro-fpv-motor,https://www.unmannedtechshop.co.uk/products/brotherhobby-avenger-0804-10000kv-micro-fpv-motor
Brot-0804-1000,IMG,https://cdn.shopify.com/s/files/1/0914/9972/5181/files/4c4bc3ecca.jpg?v=1754245062,https://www.unmannedtechshop.co.uk/products/brotherhobby-avenger-0804-10000kv-micro-fpv-motor
Brot-0804-12000,LIEN,https://www.unmannedtechshop.co.uk/products/brotherhobby-avenger-0804-10000kv-micro-fpv-motor,https://www.unmannedtechshop.co.uk/products/brotherhobby-avenger-0804-10000kv-micro-fpv-motor
Brot-0804-12000,IMG,https://cdn.shopify.com/s/files/1/0914/9972/5181/files/4c4bc3ecca.jpg?v=1754245062,https://www.unmannedtechshop.co.uk/products/brotherhobby-avenger-0804-10000kv-micro-fpv-motor
Brot-0804-15000,LIEN,https://www.unmannedtechshop.co.uk/products/brotherhobby-avenger-0804-10000kv-micro-fpv-motor,https://www.unmannedtechshop.co.uk/products/brotherhobby-avenger-0804-10000kv-micro-fpv-motor
Brot-0804-15000,IMG,https://cdn.shopify.com/s/files/1/0914/9972/5181/files/4c4bc3ecca.jpg?v=1754245062,https://www.unmannedtechshop.co.uk/products/brotherhobby-avenger-0804-10000kv-micro-fpv-motor
"Brot-1504,5-2650",CONFIG,12N14P,https://pyrodrone.com/products/brotherhobby-vy-1504-5-3950kv-motor
"Brot-1504,5-2650",TYPE CABLE,24AWG,https://pyrodrone.com/products/brotherhobby-vy-1504-5-3950kv-motor
"Brot-1504,5-2650",L CABLE,160mm,https://pyrodrone.com/products/brotherhobby-vy-1504-5-3950kv-motor
"Brot-1504,5-2650",CLOCHE,Al 7075,https://pyrodrone.com/products/brotherhobby-vy-1504-5-3950kv-motor
"Brot-1504,5-2950",CONFIG,12N14P,https://pyrodrone.com/products/brotherhobby-vy-1504-5-3950kv-motor
"Brot-1504,5-2950",TYPE CABLE,24AWG,https://pyrodrone.com/products/brotherhobby-vy-1504-5-3950kv-motor
"Brot-1504,5-2950",L CABLE,160mm,https://pyrodrone.com/products/brotherhobby-vy-1504-5-3950kv-motor
"Brot-1504,5-2950",CLOCHE,Al 7075,https://pyrodrone.com/products/brotherhobby-vy-1504-5-3950kv-motor
"Brot-1504,5-3950",CONFIG,12N14P,https://pyrodrone.com/products/brotherhobby-vy-1504-5-3950kv-motor
"Brot-1504,5-3950",TYPE CABLE,24AWG,https://pyrodrone.com/products/brotherhobby-vy-1504-5-3950kv-motor
"Brot-1504,5-3950",L CABLE,160mm,https://pyrodrone.com/products/brotherhobby-vy-1504-5-3950kv-motor
"Brot-1504,5-3950",LIPO,3S-4S,https://pyrodrone.com/products/brotherhobby-vy-1504-5-3950kv-motor
"Brot-1504,5-3950",CLOCHE,Al 7075,https://pyrodrone.com/products/brotherhobby-vy-1504-5-3950kv-motor
"Brot-1504,5-3950",LIEN,https://pyrodrone.com/products/brotherhobby-vy-1504-5-3950kv-motor,https://pyrodrone.com/products/brotherhobby-vy-1504-5-3950kv-motor
"Brot-1504,5-3950",IMG,https://cdn.shopify.com/s/files/1/2778/6650/products/860eac48-a2b7-4634-8d65-acc19ba85166_92ac29c8-4923-4d83-8057-d344b04f0e52.png?v=1595364891,https://pyrodrone.com/products/brotherhobby-vy-1504-5-3950kv-motor
"Brot-1504,5-2650",LIPO,3S-4S,https://pyrodrone.com/products/brotherhobby-vy-1504-5-2650kv-motor
"Brot-1504,5-2650",LIEN,https://pyrodrone.com/products/brotherhobby-vy-1504-5-2650kv-motor,https://pyrodrone.com/products/brotherhobby-vy-1504-5-2650kv-motor
"Brot-1504,5-2650",IMG,https://cdn.shopify.com/s/files/1/2778/6650/products/860eac48-a2b7-4634-8d65-acc19ba85166.png?v=1595362519,https://pyrodrone.com/products/brotherhobby-vy-1504-5-2650kv-motor
Brot-1507-1550,CONFIG,12N14P,https://www.racedayquads.com/products/brotherhobby-vy-1507-4150v-micro-motor
Brot-1507-1550,TYPE CABLE,24AWG,https://www.racedayquads.com/products/brotherhobby-vy-1507-4150v-micro-motor
Brot-1507-1550,AIMANT,N52H,https://www.racedayquads.com/products/brotherhobby-vy-1507-4150v-micro-motor
Brot-1507-1550,CLOCHE,Al 7075,https://www.racedayquads.com/products/brotherhobby-vy-1507-4150v-micro-motor
Brot-1507-1550,UTILISATION,Cinewhoop,https://www.racedayquads.com/products/brotherhobby-vy-1507-4150v-micro-motor
Brot-1507-1550,LIEN,https://www.racedayquads.com/products/brotherhobby-vy-1507-4150v-micro-motor,https://www.racedayquads.com/products/brotherhobby-vy-1507-4150v-micro-motor
Brot-1507-1550,IMG,https://cdn.shopify.com/s/files/1/1285/4651/products/brotherhobby-brotherhobby-vy-1507-4150kv-micro-motor-motor-13721141182577.jpg?v=1762440537,https://www.racedayquads.com/products/brotherhobby-vy-1507-4150v-micro-motor
Brot-1507-1900,CONFIG,12N14P,https://www.racedayquads.com/products/brotherhobby-vy-1507-4150v-micro-motor
Brot-1507-1900,TYPE CABLE,24AWG,https://www.racedayquads.com/products/brotherhobby-vy-1507-4150v-micro-motor
Brot-1507-1900,AIMANT,N52H,https://www.racedayquads.com/products/brotherhobby-vy-1507-4150v-micro-motor
Brot-1507-1900,CLOCHE,Al 7075,https://www.racedayquads.com/products/brotherhobby-vy-1507-4150v-micro-motor
Brot-1507-1900,UTILISATION,Cinewhoop,https://www.racedayquads.com/products/brotherhobby-vy-1507-4150v-micro-motor
Brot-1507-1900,LIEN,https://www.racedayquads.com/products/brotherhobby-vy-1507-4150v-micro-motor,https://www.racedayquads.com/products/brotherhobby-vy-1507-4150v-micro-motor
Brot-1507-1900,IMG,https://cdn.shopify.com/s/files/1/1285/4651/products/brotherhobby-brotherhobby-vy-1507-4150kv-micro-motor-motor-13721141182577.jpg?v=1762440537,https://www.racedayquads.com/products/brotherhobby-vy-1507-4150v-micro-motor
Brot-1507-3100,CONFIG,12N14P,https://www.racedayquads.com/products/brotherhobby-vy-1507-4150v-micro-motor
Brot-1507-3100,TYPE CABLE,24AWG,https://www.racedayquads.com/products/brotherhobby-vy-1507-4150v-micro-motor
Brot-1507-3100,AIMANT,N52H,https://www.racedayquads.com/products/brotherhobby-vy-1507-4150v-micro-motor
Brot-1507-3100,CLOCHE,Al 7075,https://www.racedayquads.com/products/brotherhobby-vy-1507-4150v-micro-motor
Brot-1507-3100,UTILISATION,Cinewhoop,https://www.racedayquads.com/products/brotherhobby-vy-1507-4150v-micro-motor
Brot-1507-3100,LIEN,https://www.racedayquads.com/products/brotherhobby-vy-1507-4150v-micro-motor,https://www.racedayquads.com/products/brotherhobby-vy-1507-4150v-micro-motor
Brot-1507-3100,IMG,https://cdn.shopify.com/s/files/1/1285/4651/products/brotherhobby-brotherhobby-vy-1507-4150kv-micro-motor-motor-13721141182577.jpg?v=1762440537,https://www.racedayquads.com/products/brotherhobby-vy-1507-4150v-micro-motor
Brot-1507-4150,CONFIG,12N14P,https://www.racedayquads.com/products/brotherhobby-vy-1507-4150v-micro-motor
Brot-1507-4150,TYPE CABLE,24AWG,https://www.racedayquads.com/products/brotherhobby-vy-1507-4150v-micro-motor
Brot-1507-4150,AIMANT,N52H,https://www.racedayquads.com/products/brotherhobby-vy-1507-4150v-micro-motor
Brot-1507-4150,LIPO,4S-6S,https://www.racedayquads.com/products/brotherhobby-vy-1507-4150v-micro-motor
Brot-1507-4150,CLOCHE,Al 7075,https://www.racedayquads.com/products/brotherhobby-vy-1507-4150v-micro-motor
Brot-1507-4150,UTILISATION,Cinewhoop,https://www.racedayquads.com/products/brotherhobby-vy-1507-4150v-micro-motor
Brot-1507-4150,LIEN,https://www.racedayquads.com/products/brotherhobby-vy-1507-4150v-micro-motor,https://www.racedayquads.com/products/brotherhobby-vy-1507-4150v-micro-motor
Brot-1507-4150,IMG,https://cdn.shopify.com/s/files/1/1285/4651/products/brotherhobby-brotherhobby-vy-1507-4150kv-micro-motor-motor-13721141182577.jpg?v=1762440537,https://www.racedayquads.com/products/brotherhobby-vy-1507-4150v-micro-motor
Brot-1608-3200,D SHAFT,3,https://www.racedayquads.com/products/brotherhobby-tornado-t2-1608-3200kv-motor
Brot-1608-3200,UTILISATION,Racing,https://www.racedayquads.com/products/brotherhobby-tornado-t2-1608-3200kv-motor
Brot-1608-3200,LIEN,https://www.racedayquads.com/products/brotherhobby-tornado-t2-1608-3200kv-motor,https://www.racedayquads.com/products/brotherhobby-tornado-t2-1608-3200kv-motor
Brot-1608-3200,IMG,https://cdn.shopify.com/s/files/1/1285/4651/files/brotherhobby-brotherhobby-tornado-t2-1608-3200kv-motor-motor-30918709575793.jpg?v=1762454899,https://www.racedayquads.com/products/brotherhobby-tornado-t2-1608-3200kv-motor
Brot-2004-1650,LIPO,2S,https://www.unmannedtechshop.co.uk/products/brotherhobby-avenger-lr-2004-1650kv-motor
Brot-2004-1650,HELICE,"7""\n",https://www.unmannedtechshop.co.uk/products/brotherhobby-avenger-lr-2004-1650kv-motor
Brot-2004-1650,RESISTANCE,327.40 mΩ\n,https://www.unmannedtechshop.co.uk/products/brotherhobby-avenger-lr-2004-1650kv-motor
Brot-2004-1650,PUISSANCE,61.32,https://www.unmannedtechshop.co.uk/products/brotherhobby-avenger-lr-2004-1650kv-motor
Brot-2004-1650,CONFIG,12N14P,https://www.unmannedtechshop.co.uk/products/brotherhobby-avenger-lr-2004-1650kv-motor
Brot-2004-1650,AIMANT,N52H,https://www.unmannedtechshop.co.uk/products/brotherhobby-avenger-lr-2004-1650kv-motor
Brot-2004-1650,AMP,7.3,https://www.unmannedtechshop.co.uk/products/brotherhobby-avenger-lr-2004-1650kv-motor
Brot-2004-1650,UTILISATION,Long Range,https://www.unmannedtechshop.co.uk/products/brotherhobby-avenger-lr-2004-1650kv-motor
Brot-2004-1650,LIEN,https://www.unmannedtechshop.co.uk/products/brotherhobby-avenger-lr-2004-1650kv-motor,https://www.unmannedtechshop.co.uk/products/brotherhobby-avenger-lr-2004-1650kv-motor
Brot-2004-1650,IMG,https://cdn.shopify.com/s/files/1/0914/9972/5181/files/brotherhobby-avenger-lr-2004-1650kv-1.jpg?v=1753831296,https://www.unmannedtechshop.co.uk/products/brotherhobby-avenger-lr-2004-1650kv-motor
"Brot-2207,5-1750",CONFIG,12N14P,https://www.racedayquads.com/products/brotherhobby-gom-2207-5-2500kv-motor
"Brot-2207,5-1750",UTILISATION,Racing,https://www.racedayquads.com/products/brotherhobby-gom-2207-5-2500kv-motor
"Brot-2207,5-1750",LIEN,https://www.racedayquads.com/products/brotherhobby-gom-2207-5-2500kv-motor,https://www.racedayquads.com/products/brotherhobby-gom-2207-5-2500kv-motor
"Brot-2207,5-1750",IMG,https://cdn.shopify.com/s/files/1/1285/4651/products/brotherhobby-brotherhobby-gom-2207-5-2500kv-motor-motor-30568395735153.jpg?v=1762442403,https://www.racedayquads.com/products/brotherhobby-gom-2207-5-2500kv-motor
"Brot-2207,5-1920",CONFIG,12N14P,https://www.racedayquads.com/products/brotherhobby-gom-2207-5-2500kv-motor
"Brot-2207,5-1920",UTILISATION,Racing,https://www.racedayquads.com/products/brotherhobby-gom-2207-5-2500kv-motor
"Brot-2207,5-1920",LIEN,https://www.racedayquads.com/products/brotherhobby-gom-2207-5-2500kv-motor,https://www.racedayquads.com/products/brotherhobby-gom-2207-5-2500kv-motor
"Brot-2207,5-1920",IMG,https://cdn.shopify.com/s/files/1/1285/4651/products/brotherhobby-brotherhobby-gom-2207-5-2500kv-motor-motor-30568395735153.jpg?v=1762442403,https://www.racedayquads.com/products/brotherhobby-gom-2207-5-2500kv-motor
"Brot-2207,5-2500",CONFIG,12N14P,https://www.racedayquads.com/products/brotherhobby-gom-2207-5-2500kv-motor
"Brot-2207,5-2500",UTILISATION,Racing,https://www.racedayquads.com/products/brotherhobby-gom-2207-5-2500kv-motor
"Brot-2207,5-2500",LIEN,https://www.racedayquads.com/products/brotherhobby-gom-2207-5-2500kv-motor,https://www.racedayquads.com/products/brotherhobby-gom-2207-5-2500kv-motor
"Brot-2207,5-2500",IMG,https://cdn.shopify.com/s/files/1/1285/4651/products/brotherhobby-brotherhobby-gom-2207-5-2500kv-motor-motor-30568395735153.jpg?v=1762442403,https://www.racedayquads.com/products/brotherhobby-gom-2207-5-2500kv-motor
"Brot-2306,5-2650",CONFIG,12N14P,https://www.racedayquads.com/products/brotherhobby-lpd-2306-5-2000kv-motor
"Brot-2306,5-2650",LIPO,4S-6S,https://www.racedayquads.com/products/brotherhobby-lpd-2306-5-2000kv-motor
"Brot-2306,5-2650",D SHAFT,0.15,https://www.racedayquads.com/products/brotherhobby-lpd-2306-5-2000kv-motor
"Brot-2306,5-2650",TYPE CABLE,20AWG,https://www.racedayquads.com/products/brotherhobby-lpd-2306-5-2000kv-motor
"Brot-2306,5-2650",CLOCHE,Al 7075,https://www.racedayquads.com/products/brotherhobby-lpd-2306-5-2000kv-motor
"Brot-2306,5-2650",VIS HEL,M5,https://www.racedayquads.com/products/brotherhobby-lpd-2306-5-2000kv-motor
"Brot-2306,5-2650",UTILISATION,Racing,https://www.racedayquads.com/products/brotherhobby-lpd-2306-5-2000kv-motor
"Brot-2306,5-2650",LIEN,https://www.racedayquads.com/products/brotherhobby-lpd-2306-5-2000kv-motor,https://www.racedayquads.com/products/brotherhobby-lpd-2306-5-2000kv-motor
"Brot-2306,5-2650",IMG,https://cdn.shopify.com/s/files/1/1285/4651/products/brotherhobby-brotherhobby-lpd-2306-5-2000kv-motor-motor-30568434696305.jpg?v=1762442405,https://www.racedayquads.com/products/brotherhobby-lpd-2306-5-2000kv-motor
Brot-2318-890,TYPE SHAFT,Creux,https://www.unmannedtechshop.co.uk/products/brotherhobby-reunion-2318-motor-1250kv-reunion-2318
Brot-2318-890,AIMANT,N52H,https://www.unmannedtechshop.co.uk/products/brotherhobby-reunion-2318-motor-1250kv-reunion-2318
Brot-2318-890,UTILISATION,Cinematic,https://www.unmannedtechshop.co.uk/products/brotherhobby-reunion-2318-motor-1250kv-reunion-2318
Brot-2318-890,LIEN,https://www.unmannedtechshop.co.uk/products/brotherhobby-reunion-2318-motor-1250kv-reunion-2318,https://www.unmannedtechshop.co.uk/products/brotherhobby-reunion-2318-motor-1250kv-reunion-2318
Brot-2318-890,IMG,https://cdn.shopify.com/s/files/1/0914/9972/5181/files/ff2aec04a2.jpg.640x640.webp?v=1767099020,https://www.unmannedtechshop.co.uk/products/brotherhobby-reunion-2318-motor-1250kv-reunion-2318
Brot-2318-1250,TYPE SHAFT,Creux,https://www.unmannedtechshop.co.uk/products/brotherhobby-reunion-2318-motor-1250kv-reunion-2318
Brot-2318-1250,AIMANT,N52H,https://www.unmannedtechshop.co.uk/products/brotherhobby-reunion-2318-motor-1250kv-reunion-2318
Brot-2318-1250,UTILISATION,Cinematic,https://www.unmannedtechshop.co.uk/products/brotherhobby-reunion-2318-motor-1250kv-reunion-2318
Brot-2318-1250,LIEN,https://www.unmannedtechshop.co.uk/products/brotherhobby-reunion-2318-motor-1250kv-reunion-2318,https://www.unmannedtechshop.co.uk/products/brotherhobby-reunion-2318-motor-1250kv-reunion-2318
Brot-2318-1250,IMG,https://cdn.shopify.com/s/files/1/0914/9972/5181/files/ff2aec04a2.jpg.640x640.webp?v=1767099020,https://www.unmannedtechshop.co.uk/products/brotherhobby-reunion-2318-motor-1250kv-reunion-2318
Brot-2318-1450,TYPE SHAFT,Creux,https://www.unmannedtechshop.co.uk/products/brotherhobby-reunion-2318-motor-1250kv-reunion-2318
Brot-2318-1450,AIMANT,N52H,https://www.unmannedtechshop.co.uk/products/brotherhobby-reunion-2318-motor-1250kv-reunion-2318
Brot-2318-1450,UTILISATION,Cinematic,https://www.unmannedtechshop.co.uk/products/brotherhobby-reunion-2318-motor-1250kv-reunion-2318
Brot-2318-1450,LIEN,https://www.unmannedtechshop.co.uk/products/brotherhobby-reunion-2318-motor-1250kv-reunion-2318,https://www.unmannedtechshop.co.uk/products/brotherhobby-reunion-2318-motor-1250kv-reunion-2318
Brot-2318-1450,IMG,https://cdn.shopify.com/s/files/1/0914/9972/5181/files/ff2aec04a2.jpg.640x640.webp?v=1767099020,https://www.unmannedtechshop.co.uk/products/brotherhobby-reunion-2318-motor-1250kv-reunion-2318
Brot-2318-2500,TYPE SHAFT,Creux,https://www.unmannedtechshop.co.uk/products/brotherhobby-reunion-2318-motor-1250kv-reunion-2318
Brot-2318-2500,AIMANT,N52H,https://www.unmannedtechshop.co.uk/products/brotherhobby-reunion-2318-motor-1250kv-reunion-2318
Brot-2318-2500,UTILISATION,Cinematic,https://www.unmannedtechshop.co.uk/products/brotherhobby-reunion-2318-motor-1250kv-reunion-2318
Brot-2318-2500,LIEN,https://www.unmannedtechshop.co.uk/products/brotherhobby-reunion-2318-motor-1250kv-reunion-2318,https://www.unmannedtechshop.co.uk/products/brotherhobby-reunion-2318-motor-1250kv-reunion-2318
Brot-2318-2500,IMG,https://cdn.shopify.com/s/files/1/0914/9972/5181/files/ff2aec04a2.jpg.640x640.webp?v=1767099020,https://www.unmannedtechshop.co.uk/products/brotherhobby-reunion-2318-motor-1250kv-reunion-2318
Brot-2507-1200,CONFIG,12N14P,https://www.racedayquads.com/products/avenger-v2-2507-1850kv-4-6s-long-range-fpv-motor-by-brotherhobby
Brot-2507-1200,TYPE SHAFT,Creux,https://www.racedayquads.com/products/avenger-v2-2507-1850kv-4-6s-long-range-fpv-motor-by-brotherhobby
Brot-2507-1200,TYPE CABLE,18AWG,https://www.racedayquads.com/products/avenger-v2-2507-1850kv-4-6s-long-range-fpv-motor-by-brotherhobby
Brot-2507-1200,CLOCHE,Al 7075,https://www.racedayquads.com/products/avenger-v2-2507-1850kv-4-6s-long-range-fpv-motor-by-brotherhobby
Brot-2507-1200,VIS HEL,M5,https://www.racedayquads.com/products/avenger-v2-2507-1850kv-4-6s-long-range-fpv-motor-by-brotherhobby
Brot-2507-1200,UTILISATION,Long Range,https://www.racedayquads.com/products/avenger-v2-2507-1850kv-4-6s-long-range-fpv-motor-by-brotherhobby
Brot-2507-1200,LIEN,https://www.racedayquads.com/products/avenger-v2-2507-1850kv-4-6s-long-range-fpv-motor-by-brotherhobby,https://www.racedayquads.com/products/avenger-v2-2507-1850kv-4-6s-long-range-fpv-motor-by-brotherhobby
Brot-2507-1200,IMG,https://cdn.shopify.com/s/files/1/1285/4651/products/brotherhobby-brotherhobby-avenger-v2-2507-1850kv-motor-motor-6591742345329.jpg?v=1762440259,https://www.racedayquads.com/products/avenger-v2-2507-1850kv-4-6s-long-range-fpv-motor-by-brotherhobby
Brot-2507-1500,CONFIG,12N14P,https://www.racedayquads.com/products/avenger-v2-2507-1850kv-4-6s-long-range-fpv-motor-by-brotherhobby
Brot-2507-1500,TYPE SHAFT,Creux,https://www.racedayquads.com/products/avenger-v2-2507-1850kv-4-6s-long-range-fpv-motor-by-brotherhobby
Brot-2507-1500,TYPE CABLE,18AWG,https://www.racedayquads.com/products/avenger-v2-2507-1850kv-4-6s-long-range-fpv-motor-by-brotherhobby
Brot-2507-1500,CLOCHE,Al 7075,https://www.racedayquads.com/products/avenger-v2-2507-1850kv-4-6s-long-range-fpv-motor-by-brotherhobby
Brot-2507-1500,VIS HEL,M5,https://www.racedayquads.com/products/avenger-v2-2507-1850kv-4-6s-long-range-fpv-motor-by-brotherhobby
Brot-2507-1500,UTILISATION,Long Range,https://www.racedayquads.com/products/avenger-v2-2507-1850kv-4-6s-long-range-fpv-motor-by-brotherhobby
Brot-2507-1500,LIEN,https://www.racedayquads.com/products/avenger-v2-2507-1850kv-4-6s-long-range-fpv-motor-by-brotherhobby,https://www.racedayquads.com/products/avenger-v2-2507-1850kv-4-6s-long-range-fpv-motor-by-brotherhobby
Brot-2507-1500,IMG,https://cdn.shopify.com/s/files/1/1285/4651/products/brotherhobby-brotherhobby-avenger-v2-2507-1850kv-motor-motor-6591742345329.jpg?v=1762440259,https://www.racedayquads.com/products/avenger-v2-2507-1850kv-4-6s-long-range-fpv-motor-by-brotherhobby
Brot-2507-1750,CONFIG,12N14P,https://www.racedayquads.com/products/avenger-v2-2507-1850kv-4-6s-long-range-fpv-motor-by-brotherhobby
Brot-2507-1750,TYPE SHAFT,Creux,https://www.racedayquads.com/products/avenger-v2-2507-1850kv-4-6s-long-range-fpv-motor-by-brotherhobby
Brot-2507-1750,TYPE CABLE,18AWG,https://www.racedayquads.com/products/avenger-v2-2507-1850kv-4-6s-long-range-fpv-motor-by-brotherhobby
Brot-2507-1750,CLOCHE,Al 7075,https://www.racedayquads.com/products/avenger-v2-2507-1850kv-4-6s-long-range-fpv-motor-by-brotherhobby
Brot-2507-1750,VIS HEL,M5,https://www.racedayquads.com/products/avenger-v2-2507-1850kv-4-6s-long-range-fpv-motor-by-brotherhobby
Brot-2507-1750,UTILISATION,Long Range,https://www.racedayquads.com/products/avenger-v2-2507-1850kv-4-6s-long-range-fpv-motor-by-brotherhobby
Brot-2507-1750,LIEN,https://www.racedayquads.com/products/avenger-v2-2507-1850kv-4-6s-long-range-fpv-motor-by-brotherhobby,https://www.racedayquads.com/products/avenger-v2-2507-1850kv-4-6s-long-range-fpv-motor-by-brotherhobby
Brot-2507-1750,IMG,https://cdn.shopify.com/s/files/1/1285/4651/products/brotherhobby-brotherhobby-avenger-v2-2507-1850kv-motor-motor-6591742345329.jpg?v=1762440259,https://www.racedayquads.com/products/avenger-v2-2507-1850kv-4-6s-long-range-fpv-motor-by-brotherhobby
"Brot-2806,5-1300",CONFIG,12N14P,https://pyrodrone.com/products/brotherhobby-avenger-2806-5-1300kv-1700kv-motor
"Brot-2806,5-1300",VIS HEL,M5,https://pyrodrone.com/products/brotherhobby-avenger-2806-5-1300kv-1700kv-motor
"Brot-2806,5-1300",TYPE SHAFT,Creux,https://pyrodrone.com/products/brotherhobby-avenger-2806-5-1300kv-1700kv-motor
"Brot-2806,5-1300",LIPO,4S-6S,https://pyrodrone.com/products/brotherhobby-avenger-2806-5-1300kv-1700kv-motor
"Brot-2806,5-1300",TYPE CABLE,18AWG,https://pyrodrone.com/products/brotherhobby-avenger-2806-5-1300kv-1700kv-motor
"Brot-2806,5-1300",UTILISATION,Long Range,https://pyrodrone.com/products/brotherhobby-avenger-2806-5-1300kv-1700kv-motor
"Brot-2806,5-1300",LIEN,https://pyrodrone.com/products/brotherhobby-avenger-2806-5-1300kv-1700kv-motor,https://pyrodrone.com/products/brotherhobby-avenger-2806-5-1300kv-1700kv-motor
"Brot-2806,5-1300",IMG,https://cdn.shopify.com/s/files/1/2778/6650/products/ezgif-1-5e8dee46ff04.jpg?v=1569427710,https://pyrodrone.com/products/brotherhobby-avenger-2806-5-1300kv-1700kv-motor
"Brot-2806,5-1700",CONFIG,12N14P,https://pyrodrone.com/products/brotherhobby-avenger-2806-5-1300kv-1700kv-motor
"Brot-2806,5-1700",VIS HEL,M5,https://pyrodrone.com/products/brotherhobby-avenger-2806-5-1300kv-1700kv-motor
"Brot-2806,5-1700",TYPE SHAFT,Creux,https://pyrodrone.com/products/brotherhobby-avenger-2806-5-1300kv-1700kv-motor
"Brot-2806,5-1700",LIPO,4S-6S,https://pyrodrone.com/products/brotherhobby-avenger-2806-5-1300kv-1700kv-motor
"Brot-2806,5-1700",TYPE CABLE,18AWG,https://pyrodrone.com/products/brotherhobby-avenger-2806-5-1300kv-1700kv-motor
"Brot-2806,5-1700",UTILISATION,Long Range,https://pyrodrone.com/products/brotherhobby-avenger-2806-5-1300kv-1700kv-motor
"Brot-2806,5-1700",LIEN,https://pyrodrone.com/products/brotherhobby-avenger-2806-5-1300kv-1700kv-motor,https://pyrodrone.com/products/brotherhobby-avenger-2806-5-1300kv-1700kv-motor
"Brot-2806,5-1700",IMG,https://cdn.shopify.com/s/files/1/2778/6650/products/ezgif-1-5e8dee46ff04.jpg?v=1569427710,https://pyrodrone.com/products/brotherhobby-avenger-2806-5-1300kv-1700kv-motor
Brot-2808-1500,CONFIG,12N14P,https://www.racedayquads.com/products/brotherhobby-avenger-2808-1500kv-motor
Brot-2808-1500,VIS HEL,M5,https://www.racedayquads.com/products/brotherhobby-avenger-2808-1500kv-motor
Brot-2808-1500,TYPE SHAFT,Creux,https://www.racedayquads.com/products/brotherhobby-avenger-2808-1500kv-motor
Brot-2808-1500,LIPO,4S-6S,https://www.racedayquads.com/products/brotherhobby-avenger-2808-1500kv-motor
Brot-2808-1500,TYPE CABLE,18AWG,https://www.racedayquads.com/products/brotherhobby-avenger-2808-1500kv-motor
Brot-2808-1500,CLOCHE,Al 7075,https://www.racedayquads.com/products/brotherhobby-avenger-2808-1500kv-motor
Brot-2808-1500,LIEN,https://www.racedayquads.com/products/brotherhobby-avenger-2808-1500kv-motor,https://www.racedayquads.com/products/brotherhobby-avenger-2808-1500kv-motor
Brot-2808-1500,IMG,https://cdn.shopify.com/s/files/1/1285/4651/files/brotherhobby-brotherhobby-avenger-2808-1500kv-motor-motor-31035279081585.jpg?v=1737495587,https://www.racedayquads.com/products/brotherhobby-avenger-2808-1500kv-motor
Brot-2808-1900,CONFIG,12N14P,https://www.racedayquads.com/products/brotherhobby-avenger-2808-1500kv-motor
Brot-2808-1900,VIS HEL,M5,https://www.racedayquads.com/products/brotherhobby-avenger-2808-1500kv-motor
Brot-2808-1900,TYPE SHAFT,Creux,https://www.racedayquads.com/products/brotherhobby-avenger-2808-1500kv-motor
Brot-2808-1900,TYPE CABLE,18AWG,https://www.racedayquads.com/products/brotherhobby-avenger-2808-1500kv-motor
Brot-2808-1900,CLOCHE,Al 7075,https://www.racedayquads.com/products/brotherhobby-avenger-2808-1500kv-motor
Brot-2808-1900,LIEN,https://www.racedayquads.com/products/brotherhobby-avenger-2808-1500kv-motor,https://www.racedayquads.com/products/brotherhobby-avenger-2808-1500kv-motor
Brot-2808-1900,IMG,https://cdn.shopify.com/s/files/1/1285/4651/files/brotherhobby-brotherhobby-avenger-2808-1500kv-motor-motor-31035279081585.jpg?v=1737495587,https://www.racedayquads.com/products/brotherhobby-avenger-2808-1500kv-motor
Brot-2810-860,CONFIG,12N14P,https://www.racedayquads.com/products/brotherhobby-avenger-2810-1500kv-motor
Brot-2810-860,VIS HEL,M5,https://www.racedayquads.com/products/brotherhobby-avenger-2810-1500kv-motor
Brot-2810-860,TYPE SHAFT,Creux,https://www.racedayquads.com/products/brotherhobby-avenger-2810-1500kv-motor
Brot-2810-860,TYPE CABLE,18AWG,https://www.racedayquads.com/products/brotherhobby-avenger-2810-1500kv-motor
Brot-2810-860,CLOCHE,Al 7075,https://www.racedayquads.com/products/brotherhobby-avenger-2810-1500kv-motor
Brot-2810-960,CONFIG,12N14P,https://www.racedayquads.com/products/brotherhobby-avenger-2810-1500kv-motor
Brot-2810-960,VIS HEL,M5,https://www.racedayquads.com/products/brotherhobby-avenger-2810-1500kv-motor
Brot-2810-960,TYPE SHAFT,Creux,https://www.racedayquads.com/products/brotherhobby-avenger-2810-1500kv-motor
Brot-2810-960,TYPE CABLE,18AWG,https://www.racedayquads.com/products/brotherhobby-avenger-2810-1500kv-motor
Brot-2810-960,CLOCHE,Al 7075,https://www.racedayquads.com/products/brotherhobby-avenger-2810-1500kv-motor
Brot-2810-1180,CONFIG,12N14P,https://www.racedayquads.com/products/brotherhobby-avenger-2810-1500kv-motor
Brot-2810-1180,VIS HEL,M5,https://www.racedayquads.com/products/brotherhobby-avenger-2810-1500kv-motor
Brot-2810-1180,TYPE SHAFT,Creux,https://www.racedayquads.com/products/brotherhobby-avenger-2810-1500kv-motor
Brot-2810-1180,TYPE CABLE,18AWG,https://www.racedayquads.com/products/brotherhobby-avenger-2810-1500kv-motor
Brot-2810-1180,CLOCHE,Al 7075,https://www.racedayquads.com/products/brotherhobby-avenger-2810-1500kv-motor
Brot-2810-1500,LIPO,5S-7S,https://www.racedayquads.com/products/brotherhobby-avenger-2810-1500kv-motor
Brot-2810-1500,CONFIG,12N14P,https://www.racedayquads.com/products/brotherhobby-avenger-2810-1500kv-motor
Brot-2810-1500,VIS HEL,M5,https://www.racedayquads.com/products/brotherhobby-avenger-2810-1500kv-motor
Brot-2810-1500,TYPE SHAFT,Creux,https://www.racedayquads.com/products/brotherhobby-avenger-2810-1500kv-motor
Brot-2810-1500,TYPE CABLE,18AWG,https://www.racedayquads.com/products/brotherhobby-avenger-2810-1500kv-motor
Brot-2810-1500,CLOCHE,Al 7075,https://www.racedayquads.com/products/brotherhobby-avenger-2810-1500kv-motor
Brot-2810-1500,LIEN,https://www.racedayquads.com/products/brotherhobby-avenger-2810-1500kv-motor,https://www.racedayquads.com/products/brotherhobby-avenger-2810-1500kv-motor
Brot-2810-1500,IMG,https://cdn.shopify.com/s/files/1/1285/4651/products/brotherhobby-brotherhobby-avenger-2810-1500kv-motor-motor-14775616602225.jpg?v=1762440739,https://www.racedayquads.com/products/brotherhobby-avenger-2810-1500kv-motor
Brot-2810-860,AIMANT,N52H,https://www.racedayquads.com/products/brotherhobby-avenger-2810-motor-1350kv
Brot-2810-860,ENTRAXE FIX,19x19,https://www.racedayquads.com/products/brotherhobby-avenger-2810-motor-1350kv
Brot-2810-860,VIS FIX,M3,https://www.racedayquads.com/products/brotherhobby-avenger-2810-motor-1350kv
Brot-2810-860,UTILISATION,Cinematic,https://www.racedayquads.com/products/brotherhobby-avenger-2810-motor-1350kv
Brot-2810-960,AIMANT,N52H,https://www.racedayquads.com/products/brotherhobby-avenger-2810-motor-1350kv
Brot-2810-960,ENTRAXE FIX,19x19,https://www.racedayquads.com/products/brotherhobby-avenger-2810-motor-1350kv
Brot-2810-960,VIS FIX,M3,https://www.racedayquads.com/products/brotherhobby-avenger-2810-motor-1350kv
Brot-2810-960,UTILISATION,Cinematic,https://www.racedayquads.com/products/brotherhobby-avenger-2810-motor-1350kv
Brot-2810-1180,AIMANT,N52H,https://www.racedayquads.com/products/brotherhobby-avenger-2810-motor-1350kv
Brot-2810-1180,ENTRAXE FIX,19x19,https://www.racedayquads.com/products/brotherhobby-avenger-2810-motor-1350kv
Brot-2810-1180,VIS FIX,M3,https://www.racedayquads.com/products/brotherhobby-avenger-2810-motor-1350kv
Brot-2810-1180,UTILISATION,Cinematic,https://www.racedayquads.com/products/brotherhobby-avenger-2810-motor-1350kv
Brot-2810-1500,AIMANT,N52H,https://www.racedayquads.com/products/brotherhobby-avenger-2810-motor-1350kv
Brot-2810-1500,ENTRAXE FIX,19x19,https://www.racedayquads.com/products/brotherhobby-avenger-2810-motor-1350kv
Brot-2810-1500,VIS FIX,M3,https://www.racedayquads.com/products/brotherhobby-avenger-2810-motor-1350kv
Brot-2810-1500,UTILISATION,Cinematic,https://www.racedayquads.com/products/brotherhobby-avenger-2810-motor-1350kv
Brot-3115-900,CONFIG,12N14P,https://www.racedayquads.com/products/brotherhobby-tornado-t5-3115-pro-1050kv-motor
Brot-3115-900,VIS HEL,M5,https://www.racedayquads.com/products/brotherhobby-tornado-t5-3115-pro-1050kv-motor
Brot-3115-900,TYPE SHAFT,Creux,https://www.racedayquads.com/products/brotherhobby-tornado-t5-3115-pro-1050kv-motor
Brot-3115-900,TYPE CABLE,18AWG,https://www.racedayquads.com/products/brotherhobby-tornado-t5-3115-pro-1050kv-motor
Brot-3115-900,CLOCHE,Al 7075,https://www.racedayquads.com/products/brotherhobby-tornado-t5-3115-pro-1050kv-motor
Brot-3115-1050,LIPO,5S-8S,https://www.racedayquads.com/products/brotherhobby-tornado-t5-3115-pro-1050kv-motor
Brot-3115-1050,CONFIG,12N14P,https://www.racedayquads.com/products/brotherhobby-tornado-t5-3115-pro-1050kv-motor
Brot-3115-1050,VIS HEL,M5,https://www.racedayquads.com/products/brotherhobby-tornado-t5-3115-pro-1050kv-motor
Brot-3115-1050,TYPE SHAFT,Creux,https://www.racedayquads.com/products/brotherhobby-tornado-t5-3115-pro-1050kv-motor
Brot-3115-1050,TYPE CABLE,18AWG,https://www.racedayquads.com/products/brotherhobby-tornado-t5-3115-pro-1050kv-motor
Brot-3115-1050,CLOCHE,Al 7075,https://www.racedayquads.com/products/brotherhobby-tornado-t5-3115-pro-1050kv-motor
Brot-3115-1050,LIEN,https://www.racedayquads.com/products/brotherhobby-tornado-t5-3115-pro-1050kv-motor,https://www.racedayquads.com/products/brotherhobby-tornado-t5-3115-pro-1050kv-motor
Brot-3115-1050,IMG,https://cdn.shopify.com/s/files/1/1285/4651/products/brotherhobby-brotherhobby-tornado-t5-3115-pro-1050kv-motor-motor-15755906023537.jpg?v=1762440982,https://www.racedayquads.com/products/brotherhobby-tornado-t5-3115-pro-1050kv-motor
Brot-3115-1520,CONFIG,12N14P,https://www.racedayquads.com/products/brotherhobby-tornado-t5-3115-pro-1050kv-motor
Brot-3115-1520,VIS HEL,M5,https://www.racedayquads.com/products/brotherhobby-tornado-t5-3115-pro-1050kv-motor
Brot-3115-1520,TYPE SHAFT,Creux,https://www.racedayquads.com/products/brotherhobby-tornado-t5-3115-pro-1050kv-motor
Brot-3115-1520,TYPE CABLE,18AWG,https://www.racedayquads.com/products/brotherhobby-tornado-t5-3115-pro-1050kv-motor
Brot-3115-1520,CLOCHE,Al 7075,https://www.racedayquads.com/products/brotherhobby-tornado-t5-3115-pro-1050kv-motor
Diat-1103-6500,D MOTEUR,14.8,https://www.unmannedtechshop.co.uk/products/diatone-mamba-toka-1103-2-3s-brushless-motor-6500kv-8500kv
Diat-1103-6500,H MOTEUR,9.8,https://www.unmannedtechshop.co.uk/products/diatone-mamba-toka-1103-2-3s-brushless-motor-6500kv-8500kv
Diat-1103-6500,D SHAFT,1.5,https://www.unmannedtechshop.co.uk/products/diatone-mamba-toka-1103-2-3s-brushless-motor-6500kv-8500kv
Diat-1103-6500,ENTRAXE FIX,9x9,https://www.unmannedtechshop.co.uk/products/diatone-mamba-toka-1103-2-3s-brushless-motor-6500kv-8500kv
Diat-1103-6500,VIS FIX,M2,https://www.unmannedtechshop.co.uk/products/diatone-mamba-toka-1103-2-3s-brushless-motor-6500kv-8500kv
Diat-1103-6500,HELICE,1.6inch~3inch,https://www.unmannedtechshop.co.uk/products/diatone-mamba-toka-1103-2-3s-brushless-motor-6500kv-8500kv
Diat-1103-6500,CONFIG,9N12P,https://www.unmannedtechshop.co.uk/products/diatone-mamba-toka-1103-2-3s-brushless-motor-6500kv-8500kv
Diat-1103-6500,LIPO,2S-3S,https://www.unmannedtechshop.co.uk/products/diatone-mamba-toka-1103-2-3s-brushless-motor-6500kv-8500kv
Diat-1103-6500,AMP,10.8,https://www.unmannedtechshop.co.uk/products/diatone-mamba-toka-1103-2-3s-brushless-motor-6500kv-8500kv
Diat-1103-6500,PUISSANCE,130,https://www.unmannedtechshop.co.uk/products/diatone-mamba-toka-1103-2-3s-brushless-motor-6500kv-8500kv
Diat-1103-6500,UTILISATION,Racing,https://www.unmannedtechshop.co.uk/products/diatone-mamba-toka-1103-2-3s-brushless-motor-6500kv-8500kv
Diat-1103-6500,LIEN,https://www.unmannedtechshop.co.uk/products/diatone-mamba-toka-1103-2-3s-brushless-motor-6500kv-8500kv,https://www.unmannedtechshop.co.uk/products/diatone-mamba-toka-1103-2-3s-brushless-motor-6500kv-8500kv
Diat-1103-6500,IMG,https://cdn.shopify.com/s/files/1/0914/9972/5181/files/duajdgdg_0001_IMG_0643_1024x_97041199-e578-43a0-8939-03a070efcf50.jpg?v=1754233234,https://www.unmannedtechshop.co.uk/products/diatone-mamba-toka-1103-2-3s-brushless-motor-6500kv-8500kv
Diat-1103-8500,D MOTEUR,14.8,https://www.unmannedtechshop.co.uk/products/diatone-mamba-toka-1103-2-3s-brushless-motor-6500kv-8500kv
Diat-1103-8500,H MOTEUR,9.8,https://www.unmannedtechshop.co.uk/products/diatone-mamba-toka-1103-2-3s-brushless-motor-6500kv-8500kv
Diat-1103-8500,D SHAFT,1.5,https://www.unmannedtechshop.co.uk/products/diatone-mamba-toka-1103-2-3s-brushless-motor-6500kv-8500kv
Diat-1103-8500,ENTRAXE FIX,9x9,https://www.unmannedtechshop.co.uk/products/diatone-mamba-toka-1103-2-3s-brushless-motor-6500kv-8500kv
Diat-1103-8500,VIS FIX,M2,https://www.unmannedtechshop.co.uk/products/diatone-mamba-toka-1103-2-3s-brushless-motor-6500kv-8500kv
Diat-1103-8500,HELICE,1.6inch~3inch,https://www.unmannedtechshop.co.uk/products/diatone-mamba-toka-1103-2-3s-brushless-motor-6500kv-8500kv
Diat-1103-8500,CONFIG,9N12P,https://www.unmannedtechshop.co.uk/products/diatone-mamba-toka-1103-2-3s-brushless-motor-6500kv-8500kv
Diat-1103-8500,LIPO,2S-3S,https://www.unmannedtechshop.co.uk/products/diatone-mamba-toka-1103-2-3s-brushless-motor-6500kv-8500kv
Diat-1103-8500,AMP,10.8,https://www.unmannedtechshop.co.uk/products/diatone-mamba-toka-1103-2-3s-brushless-motor-6500kv-8500kv
Diat-1103-8500,PUISSANCE,130,https://www.unmannedtechshop.co.uk/products/diatone-mamba-toka-1103-2-3s-brushless-motor-6500kv-8500kv
Diat-1103-8500,UTILISATION,Racing,https://www.unmannedtechshop.co.uk/products/diatone-mamba-toka-1103-2-3s-brushless-motor-6500kv-8500kv
Diat-1103-8500,LIEN,https://www.unmannedtechshop.co.uk/products/diatone-mamba-toka-1103-2-3s-brushless-motor-6500kv-8500kv,https://www.unmannedtechshop.co.uk/products/diatone-mamba-toka-1103-2-3s-brushless-motor-6500kv-8500kv
Diat-1103-8500,IMG,https://cdn.shopify.com/s/files/1/0914/9972/5181/files/duajdgdg_0001_IMG_0643_1024x_97041199-e578-43a0-8939-03a070efcf50.jpg?v=1754233234,https://www.unmannedtechshop.co.uk/products/diatone-mamba-toka-1103-2-3s-brushless-motor-6500kv-8500kv
Diat-1103-12000,D MOTEUR,14.8,https://www.unmannedtechshop.co.uk/products/diatone-mamba-toka-1103-2-3s-brushless-motor-6500kv-8500kv
Diat-1103-12000,H MOTEUR,9.8,https://www.unmannedtechshop.co.uk/products/diatone-mamba-toka-1103-2-3s-brushless-motor-6500kv-8500kv
Diat-1103-12000,D SHAFT,1.5,https://www.unmannedtechshop.co.uk/products/diatone-mamba-toka-1103-2-3s-brushless-motor-6500kv-8500kv
Diat-1103-12000,ENTRAXE FIX,9x9,https://www.unmannedtechshop.co.uk/products/diatone-mamba-toka-1103-2-3s-brushless-motor-6500kv-8500kv
Diat-1103-12000,VIS FIX,M2,https://www.unmannedtechshop.co.uk/products/diatone-mamba-toka-1103-2-3s-brushless-motor-6500kv-8500kv
Diat-1103-12000,HELICE,1.6inch~3inch,https://www.unmannedtechshop.co.uk/products/diatone-mamba-toka-1103-2-3s-brushless-motor-6500kv-8500kv
Diat-1103-12000,CONFIG,9N12P,https://www.unmannedtechshop.co.uk/products/diatone-mamba-toka-1103-2-3s-brushless-motor-6500kv-8500kv
Diat-1103-12000,UTILISATION,Racing,https://www.unmannedtechshop.co.uk/products/diatone-mamba-toka-1103-2-3s-brushless-motor-6500kv-8500kv
Diat-1103-12000,LIEN,https://www.unmannedtechshop.co.uk/products/diatone-mamba-toka-1103-2-3s-brushless-motor-6500kv-8500kv,https://www.unmannedtechshop.co.uk/products/diatone-mamba-toka-1103-2-3s-brushless-motor-6500kv-8500kv
Diat-1103-12000,IMG,https://cdn.shopify.com/s/files/1/0914/9972/5181/files/duajdgdg_0001_IMG_0643_1024x_97041199-e578-43a0-8939-03a070efcf50.jpg?v=1754233234,https://www.unmannedtechshop.co.uk/products/diatone-mamba-toka-1103-2-3s-brushless-motor-6500kv-8500kv
Diat-1404-3000,CONFIG,9N12P,https://www.racedayquads.com/products/diatone-mamba-toka-1404-3000kv-micro-motor
Diat-1404-3000,RESISTANCE,310 mΩ,https://www.racedayquads.com/products/diatone-mamba-toka-1404-3000kv-micro-motor
Diat-1404-3000,UTILISATION,Racing,https://www.racedayquads.com/products/diatone-mamba-toka-1404-3000kv-micro-motor
Diat-1404-3000,LIEN,https://www.racedayquads.com/products/diatone-mamba-toka-1404-3000kv-micro-motor,https://www.racedayquads.com/products/diatone-mamba-toka-1404-3000kv-micro-motor
Diat-1404-3000,IMG,https://cdn.shopify.com/s/files/1/1285/4651/products/diatone-diatone-mamba-toka-1404-3000kv-micro-motor-motor-29134764343409.jpg?v=1762441404,https://www.racedayquads.com/products/diatone-mamba-toka-1404-3000kv-micro-motor
Diat-1404-3650,CONFIG,9N12P,https://www.racedayquads.com/products/diatone-mamba-toka-1404-3000kv-micro-motor
Diat-1404-3650,D MOTEUR,20.5,https://www.racedayquads.com/products/diatone-mamba-toka-1404-3000kv-micro-motor
Diat-1404-3650,H MOTEUR,15,https://www.racedayquads.com/products/diatone-mamba-toka-1404-3000kv-micro-motor
Diat-1404-3650,D SHAFT,1.5,https://www.racedayquads.com/products/diatone-mamba-toka-1404-3000kv-micro-motor
Diat-1404-3650,ENTRAXE FIX,Ø12,https://www.racedayquads.com/products/diatone-mamba-toka-1404-3000kv-micro-motor
Diat-1404-3650,UTILISATION,Racing,https://www.racedayquads.com/products/diatone-mamba-toka-1404-3000kv-micro-motor
Diat-1404-3650,LIEN,https://www.racedayquads.com/products/diatone-mamba-toka-1404-3000kv-micro-motor,https://www.racedayquads.com/products/diatone-mamba-toka-1404-3000kv-micro-motor
Diat-1404-3650,IMG,https://cdn.shopify.com/s/files/1/1285/4651/products/diatone-diatone-mamba-toka-1404-3000kv-micro-motor-motor-29134764343409.jpg?v=1762441404,https://www.racedayquads.com/products/diatone-mamba-toka-1404-3000kv-micro-motor
Diat-1404-4000,CONFIG,9N12P,https://www.racedayquads.com/products/diatone-mamba-toka-1404-3000kv-micro-motor
Diat-1404-4000,UTILISATION,Racing,https://www.racedayquads.com/products/diatone-mamba-toka-1404-3000kv-micro-motor
Diat-1404-4000,LIEN,https://www.racedayquads.com/products/diatone-mamba-toka-1404-3000kv-micro-motor,https://www.racedayquads.com/products/diatone-mamba-toka-1404-3000kv-micro-motor
Diat-1404-4000,IMG,https://cdn.shopify.com/s/files/1/1285/4651/products/diatone-diatone-mamba-toka-1404-3000kv-micro-motor-motor-29134764343409.jpg?v=1762441404,https://www.racedayquads.com/products/diatone-mamba-toka-1404-3000kv-micro-motor
Diat-1404-5000,CONFIG,9N12P,https://www.racedayquads.com/products/diatone-mamba-toka-1404-3000kv-micro-motor
Diat-1404-5000,D MOTEUR,20.5,https://www.racedayquads.com/products/diatone-mamba-toka-1404-3000kv-micro-motor
Diat-1404-5000,H MOTEUR,15,https://www.racedayquads.com/products/diatone-mamba-toka-1404-3000kv-micro-motor
Diat-1404-5000,D SHAFT,1.5,https://www.racedayquads.com/products/diatone-mamba-toka-1404-3000kv-micro-motor
Diat-1404-5000,ENTRAXE FIX,Ø12,https://www.racedayquads.com/products/diatone-mamba-toka-1404-3000kv-micro-motor
Diat-1404-5000,UTILISATION,Racing,https://www.racedayquads.com/products/diatone-mamba-toka-1404-3000kv-micro-motor
Diat-1404-5000,LIEN,https://www.racedayquads.com/products/diatone-mamba-toka-1404-3000kv-micro-motor,https://www.racedayquads.com/products/diatone-mamba-toka-1404-3000kv-micro-motor
Diat-1404-5000,IMG,https://cdn.shopify.com/s/files/1/1285/4651/products/diatone-diatone-mamba-toka-1404-3000kv-micro-motor-motor-29134764343409.jpg?v=1762441404,https://www.racedayquads.com/products/diatone-mamba-toka-1404-3000kv-micro-motor
Diat-2004-1700,CONFIG,12N14P,https://www.racedayquads.com/products/diatone-mamba-toka-2004-1700kv-micro-motor
Diat-2004-1700,UTILISATION,Toothpick,https://www.racedayquads.com/products/diatone-mamba-toka-2004-1700kv-micro-motor
Diat-2004-1700,LIEN,https://www.racedayquads.com/products/diatone-mamba-toka-2004-1700kv-micro-motor,https://www.racedayquads.com/products/diatone-mamba-toka-2004-1700kv-micro-motor
Diat-2004-1700,IMG,https://cdn.shopify.com/s/files/1/1285/4651/products/diatone-diatone-mamba-toka-2004-1700kv-motor-motor-28269908328561.jpg?v=1762441166,https://www.racedayquads.com/products/diatone-mamba-toka-2004-1700kv-micro-motor
Diat-2004-2900,CONFIG,12N14P,https://www.racedayquads.com/products/diatone-mamba-toka-2004-1700kv-micro-motor
Diat-2004-2900,UTILISATION,Toothpick,https://www.racedayquads.com/products/diatone-mamba-toka-2004-1700kv-micro-motor
Diat-2004-2900,LIEN,https://www.racedayquads.com/products/diatone-mamba-toka-2004-1700kv-micro-motor,https://www.racedayquads.com/products/diatone-mamba-toka-2004-1700kv-micro-motor
Diat-2004-2900,IMG,https://cdn.shopify.com/s/files/1/1285/4651/products/diatone-diatone-mamba-toka-2004-1700kv-motor-motor-28269908328561.jpg?v=1762441166,https://www.racedayquads.com/products/diatone-mamba-toka-2004-1700kv-micro-motor
"Diat-2203,5-1650",CONFIG,12N14P,https://www.racedayquads.com/products/diatone-mamba-toka-2203-5-4200kv-motor
"Diat-2203,5-2200",CONFIG,12N14P,https://www.racedayquads.com/products/diatone-mamba-toka-2203-5-4200kv-motor
"Diat-2203,5-2650",CONFIG,12N14P,https://www.racedayquads.com/products/diatone-mamba-toka-2203-5-4200kv-motor
"Diat-2203,5-3300",CONFIG,12N14P,https://www.racedayquads.com/products/diatone-mamba-toka-2203-5-4200kv-motor
"Diat-2203,5-4200",CONFIG,12N14P,https://www.racedayquads.com/products/diatone-mamba-toka-2203-5-4200kv-motor
"Diat-2203,5-4200",LIEN,https://www.racedayquads.com/products/diatone-mamba-toka-2203-5-4200kv-motor,https://www.racedayquads.com/products/diatone-mamba-toka-2203-5-4200kv-motor
"Diat-2203,5-4200",IMG,https://cdn.shopify.com/s/files/1/1285/4651/products/diatone-diatone-mamba-toka-2203-5-4200kv-motor-motor-29427500580977.jpg?v=1762441520,https://www.racedayquads.com/products/diatone-mamba-toka-2203-5-4200kv-motor
"Diat-2203,5-1650",UTILISATION,Racing,https://www.racedayquads.com/products/diatone-mamba-toka-2203-5-3300kv-racing-motor
"Diat-2203,5-2200",UTILISATION,Racing,https://www.racedayquads.com/products/diatone-mamba-toka-2203-5-3300kv-racing-motor
"Diat-2203,5-2650",UTILISATION,Racing,https://www.racedayquads.com/products/diatone-mamba-toka-2203-5-3300kv-racing-motor
"Diat-2203,5-3300",UTILISATION,Racing,https://www.racedayquads.com/products/diatone-mamba-toka-2203-5-3300kv-racing-motor
"Diat-2203,5-3300",LIEN,https://www.racedayquads.com/products/diatone-mamba-toka-2203-5-3300kv-racing-motor,https://www.racedayquads.com/products/diatone-mamba-toka-2203-5-3300kv-racing-motor
"Diat-2203,5-3300",IMG,https://cdn.shopify.com/s/files/1/1285/4651/files/diatone-diatone-mamba-toka-2203-5-3300kv-racing-motor-motor-31719118274673.jpg?v=1737163665,https://www.racedayquads.com/products/diatone-mamba-toka-2203-5-3300kv-racing-motor
"Diat-2203,5-4200",UTILISATION,Racing,https://www.racedayquads.com/products/diatone-mamba-toka-2203-5-3300kv-racing-motor
DYS-1104-4000,D SHAFT,1.5,https://www.unmannedtechshop.co.uk/products/dys-be1104-4000-6500-7500kv-micro-quadcopter-motor
DYS-1104-4000,D MOTEUR,14,https://www.unmannedtechshop.co.uk/products/dys-be1104-4000-6500-7500kv-micro-quadcopter-motor
DYS-1104-4000,H MOTEUR,12.5,https://www.unmannedtechshop.co.uk/products/dys-be1104-4000-6500-7500kv-micro-quadcopter-motor
DYS-1104-4000,LIEN,https://www.unmannedtechshop.co.uk/products/dys-be1104-4000-6500-7500kv-micro-quadcopter-motor,https://www.unmannedtechshop.co.uk/products/dys-be1104-4000-6500-7500kv-micro-quadcopter-motor
DYS-1104-4000,IMG,https://cdn.shopify.com/s/files/1/0914/9972/5181/files/products-api9h4b1h__15323.1454498071.1280.1280.jpg?v=1754065534,https://www.unmannedtechshop.co.uk/products/dys-be1104-4000-6500-7500kv-micro-quadcopter-motor
DYS-1104-5400,D SHAFT,1.5,https://www.unmannedtechshop.co.uk/products/dys-be1104-4000-6500-7500kv-micro-quadcopter-motor
DYS-1104-5400,D MOTEUR,14,https://www.unmannedtechshop.co.uk/products/dys-be1104-4000-6500-7500kv-micro-quadcopter-motor
DYS-1104-5400,H MOTEUR,12.5,https://www.unmannedtechshop.co.uk/products/dys-be1104-4000-6500-7500kv-micro-quadcopter-motor
DYS-1104-5400,LIEN,https://www.unmannedtechshop.co.uk/products/dys-be1104-4000-6500-7500kv-micro-quadcopter-motor,https://www.unmannedtechshop.co.uk/products/dys-be1104-4000-6500-7500kv-micro-quadcopter-motor
DYS-1104-5400,IMG,https://cdn.shopify.com/s/files/1/0914/9972/5181/files/products-api9h4b1h__15323.1454498071.1280.1280.jpg?v=1754065534,https://www.unmannedtechshop.co.uk/products/dys-be1104-4000-6500-7500kv-micro-quadcopter-motor
DYS-1104-6500,D SHAFT,1.5,https://www.unmannedtechshop.co.uk/products/dys-be1104-4000-6500-7500kv-micro-quadcopter-motor
DYS-1104-6500,D MOTEUR,14,https://www.unmannedtechshop.co.uk/products/dys-be1104-4000-6500-7500kv-micro-quadcopter-motor
DYS-1104-6500,H MOTEUR,12.5,https://www.unmannedtechshop.co.uk/products/dys-be1104-4000-6500-7500kv-micro-quadcopter-motor
DYS-1104-6500,LIEN,https://www.unmannedtechshop.co.uk/products/dys-be1104-4000-6500-7500kv-micro-quadcopter-motor,https://www.unmannedtechshop.co.uk/products/dys-be1104-4000-6500-7500kv-micro-quadcopter-motor
DYS-1104-6500,IMG,https://cdn.shopify.com/s/files/1/0914/9972/5181/files/products-api9h4b1h__15323.1454498071.1280.1280.jpg?v=1754065534,https://www.unmannedtechshop.co.uk/products/dys-be1104-4000-6500-7500kv-micro-quadcopter-motor
DYS-1104-7500,D SHAFT,1.5,https://www.unmannedtechshop.co.uk/products/dys-be1104-4000-6500-7500kv-micro-quadcopter-motor
DYS-1104-7500,AMP,5.5,https://www.unmannedtechshop.co.uk/products/dys-be1104-4000-6500-7500kv-micro-quadcopter-motor
DYS-1104-7500,PUISSANCE,81.4,https://www.unmannedtechshop.co.uk/products/dys-be1104-4000-6500-7500kv-micro-quadcopter-motor
DYS-1104-7500,RESISTANCE,0.54Ω,https://www.unmannedtechshop.co.uk/products/dys-be1104-4000-6500-7500kv-micro-quadcopter-motor
DYS-1104-7500,D MOTEUR,14,https://www.unmannedtechshop.co.uk/products/dys-be1104-4000-6500-7500kv-micro-quadcopter-motor
DYS-1104-7500,H MOTEUR,12.5,https://www.unmannedtechshop.co.uk/products/dys-be1104-4000-6500-7500kv-micro-quadcopter-motor
DYS-1104-7500,LIPO,2S,https://www.unmannedtechshop.co.uk/products/dys-be1104-4000-6500-7500kv-micro-quadcopter-motor
DYS-1104-7500,LIEN,https://www.unmannedtechshop.co.uk/products/dys-be1104-4000-6500-7500kv-micro-quadcopter-motor,https://www.unmannedtechshop.co.uk/products/dys-be1104-4000-6500-7500kv-micro-quadcopter-motor
DYS-1104-7500,IMG,https://cdn.shopify.com/s/files/1/0914/9972/5181/files/products-api9h4b1h__15323.1454498071.1280.1280.jpg?v=1754065534,https://www.unmannedtechshop.co.uk/products/dys-be1104-4000-6500-7500kv-micro-quadcopter-motor
DYS-2812-1600,LIEN,https://www.unmannedtechshop.co.uk/products/dys-d2812-14-1400kv-brushless-motor,https://www.unmannedtechshop.co.uk/products/dys-d2812-14-1400kv-brushless-motor
DYS-2812-1600,IMG,https://cdn.shopify.com/s/files/1/0914/9972/5181/files/DYS-D2812-14-1400KV-Motor-1.webp?v=1754157912,https://www.unmannedtechshop.co.uk/products/dys-d2812-14-1400kv-brushless-motor
DYS-2822-1100,LIEN,https://www.unmannedtechshop.co.uk/products/dys-d2822-14-1450kv-brushless-outrunner-motor,https://www.unmannedtechshop.co.uk/products/dys-d2822-14-1450kv-brushless-outrunner-motor
DYS-2822-1100,IMG,https://cdn.shopify.com/s/files/1/0914/9972/5181/files/DYS-D2822-1450KV-Brushless-Motor-Main.jpg?v=1754245549,https://www.unmannedtechshop.co.uk/products/dys-d2822-14-1450kv-brushless-outrunner-motor
DYS-2822-1450,LIEN,https://www.unmannedtechshop.co.uk/products/dys-d2822-14-1450kv-brushless-outrunner-motor,https://www.unmannedtechshop.co.uk/products/dys-d2822-14-1450kv-brushless-outrunner-motor
DYS-2822-1450,IMG,https://cdn.shopify.com/s/files/1/0914/9972/5181/files/DYS-D2822-1450KV-Brushless-Motor-Main.jpg?v=1754245549,https://www.unmannedtechshop.co.uk/products/dys-d2822-14-1450kv-brushless-outrunner-motor
DYS-2822-1800,LIEN,https://www.unmannedtechshop.co.uk/products/dys-d2822-14-1450kv-brushless-outrunner-motor,https://www.unmannedtechshop.co.uk/products/dys-d2822-14-1450kv-brushless-outrunner-motor
DYS-2822-1800,IMG,https://cdn.shopify.com/s/files/1/0914/9972/5181/files/DYS-D2822-1450KV-Brushless-Motor-Main.jpg?v=1754245549,https://www.unmannedtechshop.co.uk/products/dys-d2822-14-1450kv-brushless-outrunner-motor
DYS-2822-2600,LIEN,https://www.unmannedtechshop.co.uk/products/dys-d2822-14-1450kv-brushless-outrunner-motor,https://www.unmannedtechshop.co.uk/products/dys-d2822-14-1450kv-brushless-outrunner-motor
DYS-2822-2600,IMG,https://cdn.shopify.com/s/files/1/0914/9972/5181/files/DYS-D2822-1450KV-Brushless-Motor-Main.jpg?v=1754245549,https://www.unmannedtechshop.co.uk/products/dys-d2822-14-1450kv-brushless-outrunner-motor
DYS-2830-750,LIEN,https://www.unmannedtechshop.co.uk/products/dys-d2830-11-1000kv-brushless-outrunner-motor,https://www.unmannedtechshop.co.uk/products/dys-d2830-11-1000kv-brushless-outrunner-motor
DYS-2830-750,IMG,https://cdn.shopify.com/s/files/1/0914/9972/5181/files/DYS-D2830-11-1000KV-Motor-Main.png?v=1753832765,https://www.unmannedtechshop.co.uk/products/dys-d2830-11-1000kv-brushless-outrunner-motor
DYS-2830-850,LIEN,https://www.unmannedtechshop.co.uk/products/dys-d2830-11-1000kv-brushless-outrunner-motor,https://www.unmannedtechshop.co.uk/products/dys-d2830-11-1000kv-brushless-outrunner-motor
DYS-2830-850,IMG,https://cdn.shopify.com/s/files/1/0914/9972/5181/files/DYS-D2830-11-1000KV-Motor-Main.png?v=1753832765,https://www.unmannedtechshop.co.uk/products/dys-d2830-11-1000kv-brushless-outrunner-motor
DYS-2830-1000,LIEN,https://www.unmannedtechshop.co.uk/products/dys-d2830-11-1000kv-brushless-outrunner-motor,https://www.unmannedtechshop.co.uk/products/dys-d2830-11-1000kv-brushless-outrunner-motor
DYS-2830-1000,IMG,https://cdn.shopify.com/s/files/1/0914/9972/5181/files/DYS-D2830-11-1000KV-Motor-Main.png?v=1753832765,https://www.unmannedtechshop.co.uk/products/dys-d2830-11-1000kv-brushless-outrunner-motor
DYS-2830-1300,LIEN,https://www.unmannedtechshop.co.uk/products/dys-d2830-11-1000kv-brushless-outrunner-motor,https://www.unmannedtechshop.co.uk/products/dys-d2830-11-1000kv-brushless-outrunner-motor
DYS-2830-1300,IMG,https://cdn.shopify.com/s/files/1/0914/9972/5181/files/DYS-D2830-11-1000KV-Motor-Main.png?v=1753832765,https://www.unmannedtechshop.co.uk/products/dys-d2830-11-1000kv-brushless-outrunner-motor
DYS-4114-350,LIEN,https://www.unmannedtechshop.co.uk/products/dys-be4114-10-350kv-multirotor-motor,https://www.unmannedtechshop.co.uk/products/dys-be4114-10-350kv-multirotor-motor
DYS-4114-350,IMG,https://cdn.shopify.com/s/files/1/0914/9972/5181/files/products-DYS_4114_10_Motor__93757.1456327550.1280.1280.jpg?v=1754065608,https://www.unmannedtechshop.co.uk/products/dys-be4114-10-350kv-multirotor-motor
EMAX-1104-5250,HELICE,"2.3"" | 3 blades (Tri-Blade, Bl",https://shop.emax-usa.com/products/emax-rs1104-5250kv-brushless-motors-with-prop-t2345-combo
EMAX-1104-5250,LIEN,https://shop.emax-usa.com/products/emax-rs1104-5250kv-brushless-motors-with-prop-t2345-combo,https://shop.emax-usa.com/products/emax-rs1104-5250kv-brushless-motors-with-prop-t2345-combo
EMAX-1104-5250,IMG,https://cdn.shopify.com/s/files/1/0371/2814/2907/products/img_62960_1__56011.1487813449.1280.1280.jpgc-2.jpg?v=1785364597,https://shop.emax-usa.com/products/emax-rs1104-5250kv-brushless-motors-with-prop-t2345-combo
EMAX-1306-3000,CONFIG,9N12P,https://www.unmannedtechshop.co.uk/products/emax-plastic-motor-for-multicopter-pm1306
EMAX-1306-3000,LIPO,2S,https://www.unmannedtechshop.co.uk/products/emax-plastic-motor-for-multicopter-pm1306
EMAX-1306-3000,HELICE,Less than GWS 6030 prop,https://www.unmannedtechshop.co.uk/products/emax-plastic-motor-for-multicopter-pm1306
EMAX-1306-3000,LIEN,https://www.unmannedtechshop.co.uk/products/emax-plastic-motor-for-multicopter-pm1306,https://www.unmannedtechshop.co.uk/products/emax-plastic-motor-for-multicopter-pm1306
EMAX-1306-3000,IMG,https://cdn.shopify.com/s/files/1/0914/9972/5181/files/products-EMAX_Plastic_Motor_For_Multicopter_PM1306_3__81646.1454666417.1280.1280.jpg?v=1754065552,https://www.unmannedtechshop.co.uk/products/emax-plastic-motor-for-multicopter-pm1306
EMAX-1404-6000,CONFIG,9N12P,https://www.racedayquads.com/products/emax-eco-1404-6000kv-micro-motor
EMAX-1404-6000,HELICE,"2.5"" - 4""",https://www.racedayquads.com/products/emax-eco-1404-6000kv-micro-motor
EMAX-1404-6000,D SHAFT,1.5,https://www.racedayquads.com/products/emax-eco-1404-6000kv-micro-motor
EMAX-1404-6000,LIEN,https://www.racedayquads.com/products/emax-eco-1404-6000kv-micro-motor,https://www.racedayquads.com/products/emax-eco-1404-6000kv-micro-motor
EMAX-1404-6000,IMG,https://cdn.shopify.com/s/files/1/1285/4651/products/emax-emax-eco-1404-6000kv-micro-motor-motor-14080740032625.jpg?v=1762440613,https://www.racedayquads.com/products/emax-eco-1404-6000kv-micro-motor
EMAX-1407-2800,CONFIG,9N12P,https://www.racedayquads.com/products/emax-eco-1407-2800kv-micro-motor
EMAX-1407-2800,HELICE,"3"" - 4""",https://www.racedayquads.com/products/emax-eco-1407-2800kv-micro-motor
EMAX-1407-2800,VIS HEL,M5,https://www.racedayquads.com/products/emax-eco-1407-2800kv-micro-motor
EMAX-1407-2800,D SHAFT,2,https://www.racedayquads.com/products/emax-eco-1407-2800kv-micro-motor
EMAX-1407-2800,LIEN,https://www.racedayquads.com/products/emax-eco-1407-2800kv-micro-motor,https://www.racedayquads.com/products/emax-eco-1407-2800kv-micro-motor
EMAX-1407-2800,IMG,https://cdn.shopify.com/s/files/1/1285/4651/products/emax-emax-eco-1407-2800kv-micro-motor-motor-14080723091569.jpg?v=1762440611,https://www.racedayquads.com/products/emax-eco-1407-2800kv-micro-motor
EMAX-1407-3300,CONFIG,9N12P,https://www.racedayquads.com/products/emax-eco-1407-2800kv-micro-motor
EMAX-1407-3300,HELICE,"3"" - 4""",https://www.racedayquads.com/products/emax-eco-1407-2800kv-micro-motor
EMAX-1407-3300,VIS HEL,M5,https://www.racedayquads.com/products/emax-eco-1407-2800kv-micro-motor
EMAX-1407-3300,D SHAFT,2,https://www.racedayquads.com/products/emax-eco-1407-2800kv-micro-motor
EMAX-1407-4100,CONFIG,9N12P,https://www.racedayquads.com/products/emax-eco-1407-2800kv-micro-motor
EMAX-1407-4100,HELICE,"3"" - 4""",https://www.racedayquads.com/products/emax-eco-1407-2800kv-micro-motor
EMAX-1407-4100,VIS HEL,M5,https://www.racedayquads.com/products/emax-eco-1407-2800kv-micro-motor
EMAX-1407-4100,D SHAFT,2,https://www.racedayquads.com/products/emax-eco-1407-2800kv-micro-motor
EMAX-1407-3300,LIEN,https://www.racedayquads.com/products/emax-eco-1407-3300kv-micro-motor,https://www.racedayquads.com/products/emax-eco-1407-3300kv-micro-motor
EMAX-1407-3300,IMG,https://cdn.shopify.com/s/files/1/1285/4651/products/emax-emax-eco-1407-3300kv-micro-motor-motor-14080716275825.jpg?v=1762440611,https://www.racedayquads.com/products/emax-eco-1407-3300kv-micro-motor
EMAX-1407-4100,LIEN,https://www.racedayquads.com/products/emax-eco-1407-4100kv,https://www.racedayquads.com/products/emax-eco-1407-4100kv
EMAX-1407-4100,IMG,https://cdn.shopify.com/s/files/1/1285/4651/products/emax-emax-eco-1407-4100kv-micro-motor-motor-14080650412145.jpg?v=1762440610,https://www.racedayquads.com/products/emax-eco-1407-4100kv
EMAX-1408-2300,CONFIG,9N12P,https://shop.emax-usa.com/products/emax-rs1408-proformance-brushless-motor-2300kv
EMAX-1408-2300,LIPO,5S-6S,https://shop.emax-usa.com/products/emax-rs1408-proformance-brushless-motor-2300kv
EMAX-1408-2300,D SHAFT,1.5,https://shop.emax-usa.com/products/emax-rs1408-proformance-brushless-motor-2300kv
EMAX-1408-2300,HELICE,"3""-3.5""",https://shop.emax-usa.com/products/emax-rs1408-proformance-brushless-motor-2300kv
EMAX-1408-2300,UTILISATION,Cinematic,https://shop.emax-usa.com/products/emax-rs1408-proformance-brushless-motor-2300kv
EMAX-1408-2300,LIEN,https://shop.emax-usa.com/products/emax-rs1408-proformance-brushless-motor-2300kv,https://shop.emax-usa.com/products/emax-rs1408-proformance-brushless-motor-2300kv
EMAX-1408-2300,IMG,https://cdn.shopify.com/s/files/1/0371/2814/2907/products/photo-6679.jpg?v=1590534991,https://shop.emax-usa.com/products/emax-rs1408-proformance-brushless-motor-2300kv
EMAX-1408-3600,CONFIG,9N12P,https://shop.emax-usa.com/products/emax-rs1408-proformance-brushless-motor-2300kv
EMAX-1408-3600,D SHAFT,1.5,https://shop.emax-usa.com/products/emax-rs1408-proformance-brushless-motor-2300kv
EMAX-1408-3600,HELICE,"3""-3.5""",https://shop.emax-usa.com/products/emax-rs1408-proformance-brushless-motor-2300kv
EMAX-1408-3600,UTILISATION,Cinematic,https://shop.emax-usa.com/products/emax-rs1408-proformance-brushless-motor-2300kv
EMAX-1408-3600,LIEN,https://shop.emax-usa.com/products/emax-rs1408-proformance-brushless-motor-2300kv,https://shop.emax-usa.com/products/emax-rs1408-proformance-brushless-motor-2300kv
EMAX-1408-3600,IMG,https://cdn.shopify.com/s/files/1/0371/2814/2907/products/photo-6679.jpg?v=1590534991,https://shop.emax-usa.com/products/emax-rs1408-proformance-brushless-motor-2300kv
EMAX-1806-1430,LIEN,https://shop.emax-usa.com/products/emx-mt-0003-emax-multicopter-motor-mt1806-1430kv,https://shop.emax-usa.com/products/emx-mt-0003-emax-multicopter-motor-mt1806-1430kv
EMAX-1806-1430,IMG,https://cdn.shopify.com/s/files/1/0371/2814/2907/products/6__56078.1479156073.1280.1280.jpgc-2.jpg?v=1590534545,https://shop.emax-usa.com/products/emx-mt-0003-emax-multicopter-motor-mt1806-1430kv
EMAX-1806-2280,LIEN,https://shop.emax-usa.com/products/emx-mt-0003-emax-multicopter-motor-mt1806-1430kv,https://shop.emax-usa.com/products/emx-mt-0003-emax-multicopter-motor-mt1806-1430kv
EMAX-1806-2280,IMG,https://cdn.shopify.com/s/files/1/0371/2814/2907/products/6__56078.1479156073.1280.1280.jpgc-2.jpg?v=1590534545,https://shop.emax-usa.com/products/emx-mt-0003-emax-multicopter-motor-mt1806-1430kv
EMAX-2213-920,D MOTEUR,27.9,https://www.unmannedtechshop.co.uk/products/brushless-motor-emax-mt2213-935kv
EMAX-2213-920,H MOTEUR,25.7,https://www.unmannedtechshop.co.uk/products/brushless-motor-emax-mt2213-935kv
EMAX-2213-920,LIEN,https://www.unmannedtechshop.co.uk/products/brushless-motor-emax-mt2213-935kv,https://www.unmannedtechshop.co.uk/products/brushless-motor-emax-mt2213-935kv
EMAX-2213-920,IMG,https://cdn.shopify.com/s/files/1/0914/9972/5181/files/RM4532-1-ce07-9rCv.jpg?v=1753830012,https://www.unmannedtechshop.co.uk/products/brushless-motor-emax-mt2213-935kv
EMAX-2213-935,LIPO,3S-4S,https://www.unmannedtechshop.co.uk/products/brushless-motor-emax-mt2213-935kv
EMAX-2213-935,D MOTEUR,27.9,https://www.unmannedtechshop.co.uk/products/brushless-motor-emax-mt2213-935kv
EMAX-2213-935,H MOTEUR,25.7,https://www.unmannedtechshop.co.uk/products/brushless-motor-emax-mt2213-935kv
EMAX-2213-935,LIEN,https://www.unmannedtechshop.co.uk/products/brushless-motor-emax-mt2213-935kv,https://www.unmannedtechshop.co.uk/products/brushless-motor-emax-mt2213-935kv
EMAX-2213-935,IMG,https://cdn.shopify.com/s/files/1/0914/9972/5181/files/RM4532-1-ce07-9rCv.jpg?v=1753830012,https://www.unmannedtechshop.co.uk/products/brushless-motor-emax-mt2213-935kv
EMAX-2306-1700,LIEN,https://www.racedayquads.com/products/emax-eco-ii-2306-2400kv-motor,https://www.racedayquads.com/products/emax-eco-ii-2306-2400kv-motor
EMAX-2306-1700,IMG,https://cdn.shopify.com/s/files/1/1285/4651/products/emax-emax-eco-ii-series-2306-2400kv-motor-motor-15722806837361.jpg?v=1762440978,https://www.racedayquads.com/products/emax-eco-ii-2306-2400kv-motor
EMAX-2306-1900,LIEN,https://pyrodrone.com/products/emax-eco-ii-2306-stator-for-5-6-propeller-racing-freestyle-and-cinematic-hd-camera-equipped-crafts-1900kv,https://pyrodrone.com/products/emax-eco-ii-2306-stator-for-5-6-propeller-racing-freestyle-and-cinematic-hd-camera-equipped-crafts-1900kv
EMAX-2306-1900,IMG,https://cdn.shopify.com/s/files/1/2778/6650/products/569A1011_1066cd1b-ba96-452d-92e7-44193b1baf4d.jpg?v=1602876520,https://pyrodrone.com/products/emax-eco-ii-2306-stator-for-5-6-propeller-racing-freestyle-and-cinematic-hd-camera-equipped-crafts-1900kv
EMAX-2807-1300,LIEN,https://pyrodrone.com/products/emax-eco-ii-2807-stator-for-7-propeller-freestyle-heavy-lifter-and-long-range-crafts-1300kv,https://pyrodrone.com/products/emax-eco-ii-2807-stator-for-7-propeller-freestyle-heavy-lifter-and-long-range-crafts-1300kv
EMAX-2807-1300,IMG,https://cdn.shopify.com/s/files/1/2778/6650/products/DSF0979.jpg?v=1602782276,https://pyrodrone.com/products/emax-eco-ii-2807-stator-for-7-propeller-freestyle-heavy-lifter-and-long-range-crafts-1300kv
ETHI-1507-1750,LIEN,https://www.unmannedtechshop.co.uk/products/tbs-ethix-cats-motor-2207-4-6s-2400kv-1750kv,https://www.unmannedtechshop.co.uk/products/tbs-ethix-cats-motor-2207-4-6s-2400kv-1750kv
ETHI-1507-1750,IMG,https://cdn.shopify.com/s/files/1/0914/9972/5181/files/Ethix-cats-2207.jpg?v=1753831745,https://www.unmannedtechshop.co.uk/products/tbs-ethix-cats-motor-2207-4-6s-2400kv-1750kv
ETHI-2207-2400,LIEN,https://www.unmannedtechshop.co.uk/products/tbs-ethix-cats-motor-2207-4-6s-2400kv-1750kv,https://www.unmannedtechshop.co.uk/products/tbs-ethix-cats-motor-2207-4-6s-2400kv-1750kv
ETHI-2207-2400,IMG,https://cdn.shopify.com/s/files/1/0914/9972/5181/files/Ethix-cats-2207.jpg?v=1753831745,https://www.unmannedtechshop.co.uk/products/tbs-ethix-cats-motor-2207-4-6s-2400kv-1750kv
ETHI-2306-1700,L SHAFT,11.5,https://www.racedayquads.com/products/draft-ethix-mr-steele-stout-motor-v3-legacy-1750kv
ETHI-2306-1700,D SHAFT,4,https://www.racedayquads.com/products/draft-ethix-mr-steele-stout-motor-v3-legacy-1750kv
ETHI-2306-1700,L CABLE,135mm,https://www.racedayquads.com/products/draft-ethix-mr-steele-stout-motor-v3-legacy-1750kv
ETHI-2306-1700,ENTRAXE FIX,19x19,https://www.racedayquads.com/products/draft-ethix-mr-steele-stout-motor-v3-legacy-1750kv
ETHI-2306-1700,VIS HEL,M3,https://www.racedayquads.com/products/draft-ethix-mr-steele-stout-motor-v3-legacy-1750kv
ETHI-2306-1700,D MOTEUR,27.5,https://www.racedayquads.com/products/draft-ethix-mr-steele-stout-motor-v3-legacy-1750kv
ETHI-2306-1700,H MOTEUR,17.2,https://www.racedayquads.com/products/draft-ethix-mr-steele-stout-motor-v3-legacy-1750kv
ETHI-2306-1750,L SHAFT,11.5,https://www.racedayquads.com/products/draft-ethix-mr-steele-stout-motor-v3-legacy-1750kv
ETHI-2306-1750,D SHAFT,4,https://www.racedayquads.com/products/draft-ethix-mr-steele-stout-motor-v3-legacy-1750kv
ETHI-2306-1750,LIPO,6S,https://www.racedayquads.com/products/draft-ethix-mr-steele-stout-motor-v3-legacy-1750kv
ETHI-2306-1750,AMP,45,https://www.racedayquads.com/products/draft-ethix-mr-steele-stout-motor-v3-legacy-1750kv
ETHI-2306-1750,RESISTANCE,98mΩ,https://www.racedayquads.com/products/draft-ethix-mr-steele-stout-motor-v3-legacy-1750kv
ETHI-2306-1750,L CABLE,135mm,https://www.racedayquads.com/products/draft-ethix-mr-steele-stout-motor-v3-legacy-1750kv
ETHI-2306-1750,ENTRAXE FIX,19x19,https://www.racedayquads.com/products/draft-ethix-mr-steele-stout-motor-v3-legacy-1750kv
ETHI-2306-1750,VIS HEL,M3,https://www.racedayquads.com/products/draft-ethix-mr-steele-stout-motor-v3-legacy-1750kv
ETHI-2306-1750,D MOTEUR,27.5,https://www.racedayquads.com/products/draft-ethix-mr-steele-stout-motor-v3-legacy-1750kv
ETHI-2306-1750,H MOTEUR,17.2,https://www.racedayquads.com/products/draft-ethix-mr-steele-stout-motor-v3-legacy-1750kv
ETHI-2306-1750,LIEN,https://www.racedayquads.com/products/draft-ethix-mr-steele-stout-motor-v3-legacy-1750kv,https://www.racedayquads.com/products/draft-ethix-mr-steele-stout-motor-v3-legacy-1750kv
ETHI-2306-1750,IMG,https://cdn.shopify.com/s/files/1/1285/4651/files/tbs-ethix-mr-steele-stout-v3-2306-1750kv-legacy-motor-motor-31699179962481.jpg?v=1737438721,https://www.racedayquads.com/products/draft-ethix-mr-steele-stout-motor-v3-legacy-1750kv
ETHI-2306-1700,AIMANT,N52SH,https://www.racedayquads.com/products/ethix-mr-steele-stout-v5-2307-1950kv-motor-blue
ETHI-2306-1750,AIMANT,N52SH,https://www.racedayquads.com/products/ethix-mr-steele-stout-v5-2307-1950kv-motor-blue
ETHI-2306-2345,D MOTEUR,28.6,https://www.racedayquads.com/products/ethix-mr-steele-silk-v5-2307-1750kv-motor-choose-color
ETHI-2306-2345,H MOTEUR,18.2,https://www.racedayquads.com/products/ethix-mr-steele-silk-v5-2307-1750kv-motor-choose-color
ETHI-2306-2345,ENTRAXE FIX,16x16,https://www.racedayquads.com/products/ethix-mr-steele-silk-v5-2307-1750kv-motor-choose-color
ETHI-2306-2345,VIS HEL,M3,https://www.racedayquads.com/products/ethix-mr-steele-silk-v5-2307-1750kv-motor-choose-color
ETHI-2306-2345,RESISTANCE,64mΩ,https://www.racedayquads.com/products/ethix-mr-steele-silk-v5-2307-1750kv-motor-choose-color
ETHI-2306-2345,L CABLE,135mm,https://www.racedayquads.com/products/ethix-mr-steele-silk-v5-2307-1750kv-motor-choose-color
ETHI-2306-2345,L SHAFT,11.5,https://www.racedayquads.com/products/ethix-mr-steele-silk-v5-2307-1750kv-motor-choose-color
ETHI-2306-2345,D SHAFT,4,https://www.racedayquads.com/products/ethix-mr-steele-silk-v5-2307-1750kv-motor-choose-color
ETHI-2306-2345,AMP,60,https://www.racedayquads.com/products/ethix-mr-steele-silk-v5-2307-1750kv-motor-choose-color
ETHI-2306-2345,LIPO,6S,https://www.racedayquads.com/products/ethix-mr-steele-silk-v5-2307-1750kv-motor-choose-color
ETHI-2306-2345,LIEN,https://www.racedayquads.com/products/ethix-mr-steele-silk-v5-2307-1750kv-motor-choose-color,https://www.racedayquads.com/products/ethix-mr-steele-silk-v5-2307-1750kv-motor-choose-color
ETHI-2306-2345,IMG,https://cdn.shopify.com/s/files/1/1285/4651/files/tbs-ethix-mr-steele-silk-v5-2307-1750kv-motor-choose-color-motor-31773462134897.jpg?v=1737125334,https://www.racedayquads.com/products/ethix-mr-steele-silk-v5-2307-1750kv-motor-choose-color
ETHI-2407-1739,LIEN,https://www.unmannedtechshop.co.uk/products/ethix-konasty-2407-2200kv-moon-boot-motors,https://www.unmannedtechshop.co.uk/products/ethix-konasty-2407-2200kv-moon-boot-motors
ETHI-2407-1739,IMG,https://cdn.shopify.com/s/files/1/0914/9972/5181/files/products-Ethix_Konasty_2407_2200kv__85320.1535712139.1280.1280.jpg?v=1753831730,https://www.unmannedtechshop.co.uk/products/ethix-konasty-2407-2200kv-moon-boot-motors
ETHI-2407-2200,LIEN,https://www.unmannedtechshop.co.uk/products/ethix-konasty-2407-2200kv-moon-boot-motors,https://www.unmannedtechshop.co.uk/products/ethix-konasty-2407-2200kv-moon-boot-motors
ETHI-2407-2200,IMG,https://cdn.shopify.com/s/files/1/0914/9972/5181/files/products-Ethix_Konasty_2407_2200kv__85320.1535712139.1280.1280.jpg?v=1753831730,https://www.unmannedtechshop.co.uk/products/ethix-konasty-2407-2200kv-moon-boot-motors
ETHI-2407-2800,D MOTEUR,19.8,https://www.racedayquads.com/products/ethix-flat-rats-v2-1507-2800kv-motor
ETHI-2407-2800,H MOTEUR,17.5,https://www.racedayquads.com/products/ethix-flat-rats-v2-1507-2800kv-motor
ETHI-2407-2800,L SHAFT,12.5,https://www.racedayquads.com/products/ethix-flat-rats-v2-1507-2800kv-motor
ETHI-2407-2800,VIS HEL,M2,https://www.racedayquads.com/products/ethix-flat-rats-v2-1507-2800kv-motor
ETHI-2407-2800,RESISTANCE,0.23mΩ,https://www.racedayquads.com/products/ethix-flat-rats-v2-1507-2800kv-motor
ETHI-2407-2800,ENTRAXE FIX,12x12,https://www.racedayquads.com/products/ethix-flat-rats-v2-1507-2800kv-motor
ETHI-2407-2800,AMP,20,https://www.racedayquads.com/products/ethix-flat-rats-v2-1507-2800kv-motor
ETHI-2407-2800,D SHAFT,2,https://www.racedayquads.com/products/ethix-flat-rats-v2-1507-2800kv-motor
ETHI-2407-2800,LIPO,6S,https://www.racedayquads.com/products/ethix-flat-rats-v2-1507-2800kv-motor
ETHI-2407-2800,LIEN,https://www.racedayquads.com/products/ethix-flat-rats-v2-1507-2800kv-motor,https://www.racedayquads.com/products/ethix-flat-rats-v2-1507-2800kv-motor
ETHI-2407-2800,IMG,https://cdn.shopify.com/s/files/1/1285/4651/files/tbs-ethix-flat-rats-v2-1507-2800kv-motor-motor-31699038371953.jpg?v=1737438536,https://www.racedayquads.com/products/ethix-flat-rats-v2-1507-2800kv-motor
ETHI-2407-2800,UTILISATION,Cinematic,https://www.racedayquads.com/products/ethix-flat-rats-v2-1507-2800kv-t-mount-motor-1-5mm-shaft
"FETT-1303,6-5555",LIEN,https://pyrodrone.com/products/fettec-1303-6-5555kv-motors,https://pyrodrone.com/products/fettec-1303-6-5555kv-motors
"FETT-1303,6-5555",IMG,https://cdn.shopify.com/s/files/1/2778/6650/products/1_7fc0e265-a835-45df-accd-b514803eeed2.jpg?v=1614215236,https://pyrodrone.com/products/fettec-1303-6-5555kv-motors
FETT-2004-1800,D SHAFT,1.5,https://www.racedayquads.com/products/fettec-motor-fm2004t-1800kv
FETT-2004-1800,LIPO,4S-6S,https://www.racedayquads.com/products/fettec-motor-fm2004t-1800kv
FETT-2004-1800,CONFIG,12N14P,https://www.racedayquads.com/products/fettec-motor-fm2004t-1800kv
FETT-2004-1800,LIEN,https://www.racedayquads.com/products/fettec-motor-fm2004t-1800kv,https://www.racedayquads.com/products/fettec-motor-fm2004t-1800kv
FETT-2004-1800,IMG,https://cdn.shopify.com/s/files/1/1285/4651/products/fettec-fettec-fm2004t-2004-1800kv-motor-motor-30093375406193.jpg?v=1762441973,https://www.racedayquads.com/products/fettec-motor-fm2004t-1800kv
FLYF-2207-2005,CONFIG,12N14P,https://www.racedayquads.com/products/flyfishrc-flash-2207-2005kv-motor
FLYF-2207-2005,LIEN,https://www.racedayquads.com/products/flyfishrc-flash-2207-2005kv-motor,https://www.racedayquads.com/products/flyfishrc-flash-2207-2005kv-motor
FLYF-2207-2005,IMG,https://cdn.shopify.com/s/files/1/1285/4651/products/flyfish-flyfishrc-flash-2207-2005kv-motor-motor-30468255744113.webp?v=1762442198,https://www.racedayquads.com/products/flyfishrc-flash-2207-2005kv-motor
FLYF-2207-2750,CONFIG,12N14P,https://www.racedayquads.com/products/flyfishrc-flash-2207-2005kv-motor
FLYF-2207-2750,LIEN,https://www.racedayquads.com/products/flyfishrc-flash-2207-2750kv-motor,https://www.racedayquads.com/products/flyfishrc-flash-2207-2750kv-motor
FLYF-2207-2750,IMG,https://cdn.shopify.com/s/files/1/1285/4651/products/flyfish-flyfishrc-flash-2207-2750kv-motor-motor-30468260757617.webp?v=1762442200,https://www.racedayquads.com/products/flyfishrc-flash-2207-2750kv-motor
FLYF-2306-1750,CONFIG,12N14P,https://www.racedayquads.com/products/flyfishrc-flash-2306-1750kv-motor
FLYF-2306-1750,LIEN,https://www.racedayquads.com/products/flyfishrc-flash-2306-1750kv-motor,https://www.racedayquads.com/products/flyfishrc-flash-2306-1750kv-motor
FLYF-2306-1750,IMG,https://cdn.shopify.com/s/files/1/1285/4651/products/flyfish-flyfishrc-flash-2306-1750kv-motor-choose-your-color-grey-purple-motor-30416036888689.webp?v=1762442102,https://www.racedayquads.com/products/flyfishrc-flash-2306-1750kv-motor
FLYF-2306-2550,CONFIG,12N14P,https://www.racedayquads.com/products/flyfishrc-flash-2306-1750kv-motor
FLYF-2306-2550,LIEN,https://www.racedayquads.com/products/flyfishrc-flash-2306-1750kv-motor,https://www.racedayquads.com/products/flyfishrc-flash-2306-1750kv-motor
FLYF-2306-2550,IMG,https://cdn.shopify.com/s/files/1/1285/4651/products/flyfish-flyfishrc-flash-2306-1750kv-motor-choose-your-color-grey-purple-motor-30416036888689.webp?v=1762442102,https://www.racedayquads.com/products/flyfishrc-flash-2306-1750kv-motor
FLYF-2406-1800,CONFIG,12N14P,https://www.racedayquads.com/products/flyfishrc-flash-2406-1800kv-motor
FLYF-2406-1800,LIEN,https://www.racedayquads.com/products/flyfishrc-flash-2406-1800kv-motor,https://www.racedayquads.com/products/flyfishrc-flash-2406-1800kv-motor
FLYF-2406-1800,IMG,https://cdn.shopify.com/s/files/1/1285/4651/products/flyfish-flyfishrc-flash-2406-1800kv-motor-motor-30555837137009.jpg?v=1762442361,https://www.racedayquads.com/products/flyfishrc-flash-2406-1800kv-motor
FLYF-2406-1950,CONFIG,12N14P,https://www.racedayquads.com/products/flyfishrc-flash-2406-1800kv-motor
FLYF-2406-1950,LIEN,https://www.racedayquads.com/products/flyfishrc-flash-2406-1950kv-motor,https://www.racedayquads.com/products/flyfishrc-flash-2406-1950kv-motor
FLYF-2406-1950,IMG,https://cdn.shopify.com/s/files/1/1285/4651/products/flyfish-flyfishrc-flash-2406-1950kv-motor-motor-30555838316657.jpg?v=1762442363,https://www.racedayquads.com/products/flyfishrc-flash-2406-1950kv-motor
FLYF-2506-1550,CONFIG,12N14P,https://pyrodrone.com/products/flyfishrc-flash-2506-brushless-fpv-drone-motor-1550kv
FLYF-2506-1550,LIEN,https://pyrodrone.com/products/flyfishrc-flash-2506-brushless-fpv-drone-motor-1550kv,https://pyrodrone.com/products/flyfishrc-flash-2506-brushless-fpv-drone-motor-1550kv
FLYF-2506-1550,IMG,https://cdn.shopify.com/s/files/1/2778/6650/products/Flash-2506-1550KV-1750KV-FPV-Motor-4.jpg?v=1674771872,https://pyrodrone.com/products/flyfishrc-flash-2506-brushless-fpv-drone-motor-1550kv
FLYF-2506-1750,CONFIG,12N14P,https://pyrodrone.com/products/flyfishrc-flash-2506-brushless-fpv-drone-motor-1550kv
FLYF-2506-1750,LIEN,https://pyrodrone.com/products/flyfishrc-flash-2506-brushless-fpv-drone-motor-1750kv,https://pyrodrone.com/products/flyfishrc-flash-2506-brushless-fpv-drone-motor-1750kv
FLYF-2506-1750,IMG,https://cdn.shopify.com/s/files/1/2778/6650/products/Flash-2506-1550KV-1750KV-FPV-Motor-5.jpg?v=1674771801,https://pyrodrone.com/products/flyfishrc-flash-2506-brushless-fpv-drone-motor-1750kv
"FLYF-2806,5-1350",CONFIG,12N14P,https://www.racedayquads.com/products/flyfishrc-flash-2806-5-1350kv-unibell-fpv-motor-black
"FLYF-2806,5-1350",LIEN,https://www.racedayquads.com/products/flyfishrc-flash-2806-5-1350kv-unibell-fpv-motor-black,https://www.racedayquads.com/products/flyfishrc-flash-2806-5-1350kv-unibell-fpv-motor-black
"FLYF-2806,5-1350",IMG,https://cdn.shopify.com/s/files/1/1285/4651/files/flyfish-flyfishrc-flash-2806-5-1350kv-motor-unibell-black-motor-30735289876593.jpg?v=1762442793,https://www.racedayquads.com/products/flyfishrc-flash-2806-5-1350kv-unibell-fpv-motor-black
"FLYF-2806,5-1850",CONFIG,12N14P,https://www.racedayquads.com/products/flyfishrc-flash-2806-5-1350kv-unibell-fpv-motor-black
"FLYF-2806,5-1850",PUISSANCE,1373.3,https://www.racedayquads.com/products/flyfishrc-flash-2806-5-1850kv-long-range-motor
"FLYF-2806,5-1850",AMP,60.02,https://www.racedayquads.com/products/flyfishrc-flash-2806-5-1850kv-long-range-motor
"FLYF-2806,5-1850",LIEN,https://www.racedayquads.com/products/flyfishrc-flash-2806-5-1850kv-long-range-motor,https://www.racedayquads.com/products/flyfishrc-flash-2806-5-1850kv-long-range-motor
"FLYF-2806,5-1850",IMG,https://cdn.shopify.com/s/files/1/1285/4651/files/flyfish-flyfishrc-flash-2806-5-1850kv-motor-motor-30763935629425.jpg?v=1762442991,https://www.racedayquads.com/products/flyfishrc-flash-2806-5-1850kv-long-range-motor
FLYW-1404-2750,LIPO,4S-6S,https://www.racedayquads.com/products/flywoo-nin-v2-dave_c-edition-1404-2750kv-micro-motor
FLYW-1404-2750,TYPE CABLE,24AWG,https://www.racedayquads.com/products/flywoo-nin-v2-dave_c-edition-1404-2750kv-micro-motor
FLYW-1404-2750,L CABLE,150mm,https://www.racedayquads.com/products/flywoo-nin-v2-dave_c-edition-1404-2750kv-micro-motor
FLYW-1404-2750,D SHAFT,1.5,https://www.racedayquads.com/products/flywoo-nin-v2-dave_c-edition-1404-2750kv-micro-motor
FLYW-1404-2750,ENTRAXE FIX,12x12,https://www.racedayquads.com/products/flywoo-nin-v2-dave_c-edition-1404-2750kv-micro-motor
FLYW-1404-2750,LIEN,https://www.racedayquads.com/products/flywoo-nin-v2-dave_c-edition-1404-2750kv-micro-motor,https://www.racedayquads.com/products/flywoo-nin-v2-dave_c-edition-1404-2750kv-micro-motor
FLYW-1404-2750,IMG,https://cdn.shopify.com/s/files/1/1285/4651/products/flywoo-flywoo-nin-v2-dave-c-edition-1404-2750kv-micro-motor-motor-15396732928113.jpg?v=1762440876,https://www.racedayquads.com/products/flywoo-nin-v2-dave_c-edition-1404-2750kv-micro-motor
FLYW-1404-3750,TYPE CABLE,24AWG,https://www.racedayquads.com/products/flywoo-nin-v2-dave_c-edition-1404-2750kv-micro-motor
FLYW-1404-3750,L CABLE,150mm,https://www.racedayquads.com/products/flywoo-nin-v2-dave_c-edition-1404-2750kv-micro-motor
FLYW-1404-3750,D SHAFT,1.5,https://www.racedayquads.com/products/flywoo-nin-v2-dave_c-edition-1404-2750kv-micro-motor
FLYW-1404-3750,ENTRAXE FIX,12x12,https://www.racedayquads.com/products/flywoo-nin-v2-dave_c-edition-1404-2750kv-micro-motor
FLYW-1404-3750,LIEN,https://www.racedayquads.com/products/flywoo-nin-v2-dave_c-edition-1404-2750kv-micro-motor,https://www.racedayquads.com/products/flywoo-nin-v2-dave_c-edition-1404-2750kv-micro-motor
FLYW-1404-3750,IMG,https://cdn.shopify.com/s/files/1/1285/4651/products/flywoo-flywoo-nin-v2-dave-c-edition-1404-2750kv-micro-motor-motor-15396732928113.jpg?v=1762440876,https://www.racedayquads.com/products/flywoo-nin-v2-dave_c-edition-1404-2750kv-micro-motor
FLYW-1404-4850,TYPE CABLE,24AWG,https://www.racedayquads.com/products/flywoo-nin-v2-dave_c-edition-1404-2750kv-micro-motor
FLYW-1404-4850,L CABLE,150mm,https://www.racedayquads.com/products/flywoo-nin-v2-dave_c-edition-1404-2750kv-micro-motor
FLYW-1404-4850,D SHAFT,1.5,https://www.racedayquads.com/products/flywoo-nin-v2-dave_c-edition-1404-2750kv-micro-motor
FLYW-1404-4850,ENTRAXE FIX,12x12,https://www.racedayquads.com/products/flywoo-nin-v2-dave_c-edition-1404-2750kv-micro-motor
FLYW-1404-4850,LIEN,https://www.racedayquads.com/products/flywoo-nin-v2-dave_c-edition-1404-2750kv-micro-motor,https://www.racedayquads.com/products/flywoo-nin-v2-dave_c-edition-1404-2750kv-micro-motor
FLYW-1404-4850,IMG,https://cdn.shopify.com/s/files/1/1285/4651/products/flywoo-flywoo-nin-v2-dave-c-edition-1404-2750kv-micro-motor-motor-15396732928113.jpg?v=1762440876,https://www.racedayquads.com/products/flywoo-nin-v2-dave_c-edition-1404-2750kv-micro-motor
GEPR-1404-2750,CONFIG,9N12P,https://www.unmannedtechshop.co.uk/products/geprc-gr1404-4500kv-motor
GEPR-1404-2750,D SHAFT,1.5,https://www.unmannedtechshop.co.uk/products/geprc-gr1404-4500kv-motor
GEPR-1404-2750,D MOTEUR,18.3,https://www.unmannedtechshop.co.uk/products/geprc-gr1404-4500kv-motor
GEPR-1404-2750,H MOTEUR,14.5,https://www.unmannedtechshop.co.uk/products/geprc-gr1404-4500kv-motor
GEPR-1404-2750,LIEN,https://www.unmannedtechshop.co.uk/products/geprc-gr1404-4500kv-motor,https://www.unmannedtechshop.co.uk/products/geprc-gr1404-4500kv-motor
GEPR-1404-2750,IMG,https://cdn.shopify.com/s/files/1/0914/9972/5181/files/GR1404-4.jpg?v=1753831734,https://www.unmannedtechshop.co.uk/products/geprc-gr1404-4500kv-motor
GEPR-1404-3850,CONFIG,9N12P,https://www.unmannedtechshop.co.uk/products/geprc-gr1404-4500kv-motor
GEPR-1404-3850,D SHAFT,1.5,https://www.unmannedtechshop.co.uk/products/geprc-gr1404-4500kv-motor
GEPR-1404-3850,D MOTEUR,18.3,https://www.unmannedtechshop.co.uk/products/geprc-gr1404-4500kv-motor
GEPR-1404-3850,H MOTEUR,14.5,https://www.unmannedtechshop.co.uk/products/geprc-gr1404-4500kv-motor
GEPR-1404-3850,LIEN,https://www.unmannedtechshop.co.uk/products/geprc-gr1404-4500kv-motor,https://www.unmannedtechshop.co.uk/products/geprc-gr1404-4500kv-motor
GEPR-1404-3850,IMG,https://cdn.shopify.com/s/files/1/0914/9972/5181/files/GR1404-4.jpg?v=1753831734,https://www.unmannedtechshop.co.uk/products/geprc-gr1404-4500kv-motor
GEPR-2306-1600,CONFIG,12N14P,https://www.unmannedtechshop.co.uk/products/geprc-gr2306-5-1850kv-2450kv-motors
GEPR-2306-1600,D SHAFT,4,https://www.unmannedtechshop.co.uk/products/geprc-gr2306-5-1850kv-2450kv-motors
GEPR-2306-1600,TYPE SHAFT,Creux,https://www.unmannedtechshop.co.uk/products/geprc-gr2306-5-1850kv-2450kv-motors
GEPR-2306-1600,D MOTEUR,28.2,https://www.unmannedtechshop.co.uk/products/geprc-gr2306-5-1850kv-2450kv-motors
GEPR-2306-1600,H MOTEUR,29.2,https://www.unmannedtechshop.co.uk/products/geprc-gr2306-5-1850kv-2450kv-motors
GEPR-2306-1600,TYPE CABLE,20AWG,https://www.unmannedtechshop.co.uk/products/geprc-gr2306-5-1850kv-2450kv-motors
GEPR-2306-1600,LIEN,https://www.unmannedtechshop.co.uk/products/geprc-gr2306-5-1850kv-2450kv-motors,https://www.unmannedtechshop.co.uk/products/geprc-gr2306-5-1850kv-2450kv-motors
GEPR-2306-1600,IMG,https://cdn.shopify.com/s/files/1/0914/9972/5181/files/GR2306.5-1.jpg?v=1754232999,https://www.unmannedtechshop.co.uk/products/geprc-gr2306-5-1850kv-2450kv-motors
GEPR-2306-2450,CONFIG,12N14P,https://www.unmannedtechshop.co.uk/products/geprc-gr2306-5-1850kv-2450kv-motors
GEPR-2306-2450,D SHAFT,4,https://www.unmannedtechshop.co.uk/products/geprc-gr2306-5-1850kv-2450kv-motors
GEPR-2306-2450,TYPE SHAFT,Creux,https://www.unmannedtechshop.co.uk/products/geprc-gr2306-5-1850kv-2450kv-motors
GEPR-2306-2450,D MOTEUR,28.2,https://www.unmannedtechshop.co.uk/products/geprc-gr2306-5-1850kv-2450kv-motors
GEPR-2306-2450,H MOTEUR,29.2,https://www.unmannedtechshop.co.uk/products/geprc-gr2306-5-1850kv-2450kv-motors
GEPR-2306-2450,LIPO,4S-5S,https://www.unmannedtechshop.co.uk/products/geprc-gr2306-5-1850kv-2450kv-motors
GEPR-2306-2450,PUISSANCE,1000,https://www.unmannedtechshop.co.uk/products/geprc-gr2306-5-1850kv-2450kv-motors
GEPR-2306-2450,RESISTANCE,38mΩ,https://www.unmannedtechshop.co.uk/products/geprc-gr2306-5-1850kv-2450kv-motors
GEPR-2306-2450,AMP,49,https://www.unmannedtechshop.co.uk/products/geprc-gr2306-5-1850kv-2450kv-motors
GEPR-2306-2450,TYPE CABLE,20AWG,https://www.unmannedtechshop.co.uk/products/geprc-gr2306-5-1850kv-2450kv-motors
GEPR-2306-2450,LIEN,https://www.unmannedtechshop.co.uk/products/geprc-gr2306-5-1850kv-2450kv-motors,https://www.unmannedtechshop.co.uk/products/geprc-gr2306-5-1850kv-2450kv-motors
GEPR-2306-2450,IMG,https://cdn.shopify.com/s/files/1/0914/9972/5181/files/GR2306.5-1.jpg?v=1754232999,https://www.unmannedtechshop.co.uk/products/geprc-gr2306-5-1850kv-2450kv-motors
GEPR-2306-2750,CONFIG,12N14P,https://www.unmannedtechshop.co.uk/products/geprc-gr2306-5-1850kv-2450kv-motors
GEPR-2306-2750,D SHAFT,4,https://www.unmannedtechshop.co.uk/products/geprc-gr2306-5-1850kv-2450kv-motors
GEPR-2306-2750,TYPE SHAFT,Creux,https://www.unmannedtechshop.co.uk/products/geprc-gr2306-5-1850kv-2450kv-motors
GEPR-2306-2750,D MOTEUR,28.2,https://www.unmannedtechshop.co.uk/products/geprc-gr2306-5-1850kv-2450kv-motors
GEPR-2306-2750,H MOTEUR,29.2,https://www.unmannedtechshop.co.uk/products/geprc-gr2306-5-1850kv-2450kv-motors
GEPR-2306-2750,TYPE CABLE,20AWG,https://www.unmannedtechshop.co.uk/products/geprc-gr2306-5-1850kv-2450kv-motors
GEPR-2306-2750,LIEN,https://www.unmannedtechshop.co.uk/products/geprc-gr2306-5-1850kv-2450kv-motors,https://www.unmannedtechshop.co.uk/products/geprc-gr2306-5-1850kv-2450kv-motors
GEPR-2306-2750,IMG,https://cdn.shopify.com/s/files/1/0914/9972/5181/files/GR2306.5-1.jpg?v=1754232999,https://www.unmannedtechshop.co.uk/products/geprc-gr2306-5-1850kv-2450kv-motors
"GEPR-2306,5-1350",CONFIG,12N14P,https://www.unmannedtechshop.co.uk/products/geprc-gr2306-5-1850kv-2450kv-motors
"GEPR-2306,5-1350",D SHAFT,4,https://www.unmannedtechshop.co.uk/products/geprc-gr2306-5-1850kv-2450kv-motors
"GEPR-2306,5-1350",TYPE SHAFT,Creux,https://www.unmannedtechshop.co.uk/products/geprc-gr2306-5-1850kv-2450kv-motors
"GEPR-2306,5-1350",D MOTEUR,28.2,https://www.unmannedtechshop.co.uk/products/geprc-gr2306-5-1850kv-2450kv-motors
"GEPR-2306,5-1350",H MOTEUR,29.2,https://www.unmannedtechshop.co.uk/products/geprc-gr2306-5-1850kv-2450kv-motors
"GEPR-2306,5-1350",TYPE CABLE,20AWG,https://www.unmannedtechshop.co.uk/products/geprc-gr2306-5-1850kv-2450kv-motors
"GEPR-2306,5-1350",LIEN,https://www.unmannedtechshop.co.uk/products/geprc-gr2306-5-1850kv-2450kv-motors,https://www.unmannedtechshop.co.uk/products/geprc-gr2306-5-1850kv-2450kv-motors
"GEPR-2306,5-1350",IMG,https://cdn.shopify.com/s/files/1/0914/9972/5181/files/GR2306.5-1.jpg?v=1754232999,https://www.unmannedtechshop.co.uk/products/geprc-gr2306-5-1850kv-2450kv-motors
"GEPR-2306,5-1850",CONFIG,12N14P,https://www.unmannedtechshop.co.uk/products/geprc-gr2306-5-1850kv-2450kv-motors
"GEPR-2306,5-1850",D SHAFT,4,https://www.unmannedtechshop.co.uk/products/geprc-gr2306-5-1850kv-2450kv-motors
"GEPR-2306,5-1850",TYPE SHAFT,Creux,https://www.unmannedtechshop.co.uk/products/geprc-gr2306-5-1850kv-2450kv-motors
"GEPR-2306,5-1850",D MOTEUR,28.2,https://www.unmannedtechshop.co.uk/products/geprc-gr2306-5-1850kv-2450kv-motors
"GEPR-2306,5-1850",H MOTEUR,29.2,https://www.unmannedtechshop.co.uk/products/geprc-gr2306-5-1850kv-2450kv-motors
"GEPR-2306,5-1850",LIPO,4S-5S,https://www.unmannedtechshop.co.uk/products/geprc-gr2306-5-1850kv-2450kv-motors
"GEPR-2306,5-1850",PUISSANCE,1000,https://www.unmannedtechshop.co.uk/products/geprc-gr2306-5-1850kv-2450kv-motors
"GEPR-2306,5-1850",RESISTANCE,38mΩ,https://www.unmannedtechshop.co.uk/products/geprc-gr2306-5-1850kv-2450kv-motors
"GEPR-2306,5-1850",AMP,49,https://www.unmannedtechshop.co.uk/products/geprc-gr2306-5-1850kv-2450kv-motors
"GEPR-2306,5-1850",TYPE CABLE,20AWG,https://www.unmannedtechshop.co.uk/products/geprc-gr2306-5-1850kv-2450kv-motors
"GEPR-2306,5-1850",LIEN,https://www.unmannedtechshop.co.uk/products/geprc-gr2306-5-1850kv-2450kv-motors,https://www.unmannedtechshop.co.uk/products/geprc-gr2306-5-1850kv-2450kv-motors
"GEPR-2306,5-1850",IMG,https://cdn.shopify.com/s/files/1/0914/9972/5181/files/GR2306.5-1.jpg?v=1754232999,https://www.unmannedtechshop.co.uk/products/geprc-gr2306-5-1850kv-2450kv-motors
"GEPR-2306,5-2450",CONFIG,12N14P,https://www.unmannedtechshop.co.uk/products/geprc-gr2306-5-1850kv-2450kv-motors
"GEPR-2306,5-2450",D SHAFT,4,https://www.unmannedtechshop.co.uk/products/geprc-gr2306-5-1850kv-2450kv-motors
"GEPR-2306,5-2450",TYPE SHAFT,Creux,https://www.unmannedtechshop.co.uk/products/geprc-gr2306-5-1850kv-2450kv-motors
"GEPR-2306,5-2450",D MOTEUR,28.2,https://www.unmannedtechshop.co.uk/products/geprc-gr2306-5-1850kv-2450kv-motors
"GEPR-2306,5-2450",H MOTEUR,29.2,https://www.unmannedtechshop.co.uk/products/geprc-gr2306-5-1850kv-2450kv-motors
"GEPR-2306,5-2450",LIPO,4S-5S,https://www.unmannedtechshop.co.uk/products/geprc-gr2306-5-1850kv-2450kv-motors
"GEPR-2306,5-2450",PUISSANCE,1000,https://www.unmannedtechshop.co.uk/products/geprc-gr2306-5-1850kv-2450kv-motors
"GEPR-2306,5-2450",RESISTANCE,38mΩ,https://www.unmannedtechshop.co.uk/products/geprc-gr2306-5-1850kv-2450kv-motors
"GEPR-2306,5-2450",AMP,49,https://www.unmannedtechshop.co.uk/products/geprc-gr2306-5-1850kv-2450kv-motors
"GEPR-2306,5-2450",TYPE CABLE,20AWG,https://www.unmannedtechshop.co.uk/products/geprc-gr2306-5-1850kv-2450kv-motors
"GEPR-2306,5-2450",LIEN,https://www.unmannedtechshop.co.uk/products/geprc-gr2306-5-1850kv-2450kv-motors,https://www.unmannedtechshop.co.uk/products/geprc-gr2306-5-1850kv-2450kv-motors
"GEPR-2306,5-2450",IMG,https://cdn.shopify.com/s/files/1/0914/9972/5181/files/GR2306.5-1.jpg?v=1754232999,https://www.unmannedtechshop.co.uk/products/geprc-gr2306-5-1850kv-2450kv-motors
HAPP-0802-14000,D SHAFT,1.0,https://pyrodrone.com/products/happymodel-unibell-ex0802-19000kv-motor
HAPP-0802-14000,CONFIG,9N12P,https://pyrodrone.com/products/happymodel-unibell-ex0802-19000kv-motor
HAPP-0802-14000,D MOTEUR,10.5,https://pyrodrone.com/products/happymodel-unibell-ex0802-19000kv-motor
HAPP-0802-14000,H MOTEUR,14.9,https://pyrodrone.com/products/happymodel-unibell-ex0802-19000kv-motor
HAPP-0802-14000,L CABLE,30mm,https://pyrodrone.com/products/happymodel-unibell-ex0802-19000kv-motor
HAPP-0802-14000,LIEN,https://pyrodrone.com/products/happymodel-unibell-ex0802-19000kv-motor,https://pyrodrone.com/products/happymodel-unibell-ex0802-19000kv-motor
HAPP-0802-14000,IMG,https://cdn.shopify.com/s/files/1/2778/6650/products/motor1_42307c36-3008-46a3-bae7-5765f298c2b4.jpg?v=1610675407,https://pyrodrone.com/products/happymodel-unibell-ex0802-19000kv-motor
HAPP-0802-19000,D SHAFT,1.0,https://pyrodrone.com/products/happymodel-unibell-ex0802-19000kv-motor
HAPP-0802-19000,CONFIG,9N12P,https://pyrodrone.com/products/happymodel-unibell-ex0802-19000kv-motor
HAPP-0802-19000,D MOTEUR,10.5,https://pyrodrone.com/products/happymodel-unibell-ex0802-19000kv-motor
HAPP-0802-19000,H MOTEUR,14.9,https://pyrodrone.com/products/happymodel-unibell-ex0802-19000kv-motor
HAPP-0802-19000,L CABLE,30mm,https://pyrodrone.com/products/happymodel-unibell-ex0802-19000kv-motor
HAPP-0802-19000,LIEN,https://pyrodrone.com/products/happymodel-unibell-ex0802-19000kv-motor,https://pyrodrone.com/products/happymodel-unibell-ex0802-19000kv-motor
HAPP-0802-19000,IMG,https://cdn.shopify.com/s/files/1/2778/6650/products/motor1_42307c36-3008-46a3-bae7-5765f298c2b4.jpg?v=1610675407,https://pyrodrone.com/products/happymodel-unibell-ex0802-19000kv-motor
HAPP-0802-25000,D SHAFT,1.0,https://pyrodrone.com/products/happymodel-unibell-ex0802-19000kv-motor
HAPP-0802-25000,CONFIG,9N12P,https://pyrodrone.com/products/happymodel-unibell-ex0802-19000kv-motor
HAPP-0802-25000,D MOTEUR,10.5,https://pyrodrone.com/products/happymodel-unibell-ex0802-19000kv-motor
HAPP-0802-25000,H MOTEUR,14.9,https://pyrodrone.com/products/happymodel-unibell-ex0802-19000kv-motor
HAPP-0802-25000,L CABLE,30mm,https://pyrodrone.com/products/happymodel-unibell-ex0802-19000kv-motor
HAPP-0802-25000,LIEN,https://pyrodrone.com/products/happymodel-unibell-ex0802-19000kv-motor,https://pyrodrone.com/products/happymodel-unibell-ex0802-19000kv-motor
HAPP-0802-25000,IMG,https://cdn.shopify.com/s/files/1/2778/6650/products/motor1_42307c36-3008-46a3-bae7-5765f298c2b4.jpg?v=1610675407,https://pyrodrone.com/products/happymodel-unibell-ex0802-19000kv-motor
HAPP-1102-8500,LIEN,https://www.unmannedtechshop.co.uk/products/happymodel-ex1102-kv8500-fair,https://www.unmannedtechshop.co.uk/products/happymodel-ex1102-kv8500-fair
HAPP-1102-8500,IMG,https://cdn.shopify.com/s/files/1/0914/9972/5181/files/output_image_6d211de2-06ac-4bc7-aa1a-7d933d204025.webp?v=1757947099,https://www.unmannedtechshop.co.uk/products/happymodel-ex1102-kv8500-fair
HAPP-1102-9000,LIEN,https://www.unmannedtechshop.co.uk/products/happymodel-ex1102-kv8500-fair,https://www.unmannedtechshop.co.uk/products/happymodel-ex1102-kv8500-fair
HAPP-1102-9000,IMG,https://cdn.shopify.com/s/files/1/0914/9972/5181/files/output_image_6d211de2-06ac-4bc7-aa1a-7d933d204025.webp?v=1757947099,https://www.unmannedtechshop.co.uk/products/happymodel-ex1102-kv8500-fair
HAPP-1102-10000,LIEN,https://www.unmannedtechshop.co.uk/products/happymodel-ex1102-kv8500-fair,https://www.unmannedtechshop.co.uk/products/happymodel-ex1102-kv8500-fair
HAPP-1102-10000,IMG,https://cdn.shopify.com/s/files/1/0914/9972/5181/files/output_image_6d211de2-06ac-4bc7-aa1a-7d933d204025.webp?v=1757947099,https://www.unmannedtechshop.co.uk/products/happymodel-ex1102-kv8500-fair
HAPP-1102-13500,LIEN,https://www.unmannedtechshop.co.uk/products/happymodel-ex1102-kv8500-fair,https://www.unmannedtechshop.co.uk/products/happymodel-ex1102-kv8500-fair
HAPP-1102-13500,IMG,https://cdn.shopify.com/s/files/1/0914/9972/5181/files/output_image_6d211de2-06ac-4bc7-aa1a-7d933d204025.webp?v=1757947099,https://www.unmannedtechshop.co.uk/products/happymodel-ex1102-kv8500-fair
HAPP-1103-6000,CONFIG,9N12P,https://www.unmannedtechshop.co.uk/products/happymodel-4x-ex1103s-7000kv-8000kv-motor-pack-for-toothpicks-larva-x
HAPP-1103-6000,D SHAFT,1.5,https://www.unmannedtechshop.co.uk/products/happymodel-4x-ex1103s-7000kv-8000kv-motor-pack-for-toothpicks-larva-x
HAPP-1103-6000,UTILISATION,Toothpick,https://www.unmannedtechshop.co.uk/products/happymodel-4x-ex1103s-7000kv-8000kv-motor-pack-for-toothpicks-larva-x
HAPP-1103-6000,LIEN,https://www.unmannedtechshop.co.uk/products/happymodel-4x-ex1103s-7000kv-8000kv-motor-pack-for-toothpicks-larva-x,https://www.unmannedtechshop.co.uk/products/happymodel-4x-ex1103s-7000kv-8000kv-motor-pack-for-toothpicks-larva-x
HAPP-1103-6000,IMG,https://cdn.shopify.com/s/files/1/0914/9972/5181/files/1005-1.jpg?v=1753831292,https://www.unmannedtechshop.co.uk/products/happymodel-4x-ex1103s-7000kv-8000kv-motor-pack-for-toothpicks-larva-x
HAPP-1103-7000,CONFIG,9N12P,https://www.unmannedtechshop.co.uk/products/happymodel-4x-ex1103s-7000kv-8000kv-motor-pack-for-toothpicks-larva-x
HAPP-1103-7000,D SHAFT,1.5,https://www.unmannedtechshop.co.uk/products/happymodel-4x-ex1103s-7000kv-8000kv-motor-pack-for-toothpicks-larva-x
HAPP-1103-7000,LIPO,2S-3S,https://www.unmannedtechshop.co.uk/products/happymodel-4x-ex1103s-7000kv-8000kv-motor-pack-for-toothpicks-larva-x
HAPP-1103-7000,UTILISATION,Toothpick,https://www.unmannedtechshop.co.uk/products/happymodel-4x-ex1103s-7000kv-8000kv-motor-pack-for-toothpicks-larva-x
HAPP-1103-7000,LIEN,https://www.unmannedtechshop.co.uk/products/happymodel-4x-ex1103s-7000kv-8000kv-motor-pack-for-toothpicks-larva-x,https://www.unmannedtechshop.co.uk/products/happymodel-4x-ex1103s-7000kv-8000kv-motor-pack-for-toothpicks-larva-x
HAPP-1103-7000,IMG,https://cdn.shopify.com/s/files/1/0914/9972/5181/files/1005-1.jpg?v=1753831292,https://www.unmannedtechshop.co.uk/products/happymodel-4x-ex1103s-7000kv-8000kv-motor-pack-for-toothpicks-larva-x
HAPP-1103-8000,CONFIG,9N12P,https://www.unmannedtechshop.co.uk/products/happymodel-4x-ex1103s-7000kv-8000kv-motor-pack-for-toothpicks-larva-x
HAPP-1103-8000,D SHAFT,1.5,https://www.unmannedtechshop.co.uk/products/happymodel-4x-ex1103s-7000kv-8000kv-motor-pack-for-toothpicks-larva-x
HAPP-1103-8000,LIPO,2S-3S,https://www.unmannedtechshop.co.uk/products/happymodel-4x-ex1103s-7000kv-8000kv-motor-pack-for-toothpicks-larva-x
HAPP-1103-8000,UTILISATION,Toothpick,https://www.unmannedtechshop.co.uk/products/happymodel-4x-ex1103s-7000kv-8000kv-motor-pack-for-toothpicks-larva-x
HAPP-1103-8000,LIEN,https://www.unmannedtechshop.co.uk/products/happymodel-4x-ex1103s-7000kv-8000kv-motor-pack-for-toothpicks-larva-x,https://www.unmannedtechshop.co.uk/products/happymodel-4x-ex1103s-7000kv-8000kv-motor-pack-for-toothpicks-larva-x
HAPP-1103-8000,IMG,https://cdn.shopify.com/s/files/1/0914/9972/5181/files/1005-1.jpg?v=1753831292,https://www.unmannedtechshop.co.uk/products/happymodel-4x-ex1103s-7000kv-8000kv-motor-pack-for-toothpicks-larva-x
HAPP-1103-12000,CONFIG,9N12P,https://www.unmannedtechshop.co.uk/products/happymodel-4x-ex1103s-7000kv-8000kv-motor-pack-for-toothpicks-larva-x
HAPP-1103-12000,D SHAFT,1.5,https://www.unmannedtechshop.co.uk/products/happymodel-4x-ex1103s-7000kv-8000kv-motor-pack-for-toothpicks-larva-x
HAPP-1103-12000,UTILISATION,Toothpick,https://www.unmannedtechshop.co.uk/products/happymodel-4x-ex1103s-7000kv-8000kv-motor-pack-for-toothpicks-larva-x
HAPP-1103-12000,LIEN,https://www.unmannedtechshop.co.uk/products/happymodel-4x-ex1103s-7000kv-8000kv-motor-pack-for-toothpicks-larva-x,https://www.unmannedtechshop.co.uk/products/happymodel-4x-ex1103s-7000kv-8000kv-motor-pack-for-toothpicks-larva-x
HAPP-1103-12000,IMG,https://cdn.shopify.com/s/files/1/0914/9972/5181/files/1005-1.jpg?v=1753831292,https://www.unmannedtechshop.co.uk/products/happymodel-4x-ex1103s-7000kv-8000kv-motor-pack-for-toothpicks-larva-x
"HAPP-1202,5-6400",CONFIG,9N12P,https://www.unmannedtechshop.co.uk/products/happymodel-ex1202-5-brushless-motor-for-crux3-crux3-nlr-6400kv-11500kv
"HAPP-1202,5-6400",D SHAFT,1.5,https://www.unmannedtechshop.co.uk/products/happymodel-ex1202-5-brushless-motor-for-crux3-crux3-nlr-6400kv-11500kv
"HAPP-1202,5-6400",D MOTEUR,15,https://www.unmannedtechshop.co.uk/products/happymodel-ex1202-5-brushless-motor-for-crux3-crux3-nlr-6400kv-11500kv
"HAPP-1202,5-6400",H MOTEUR,15,https://www.unmannedtechshop.co.uk/products/happymodel-ex1202-5-brushless-motor-for-crux3-crux3-nlr-6400kv-11500kv
"HAPP-1202,5-6400",LIPO,2S-3S,https://www.unmannedtechshop.co.uk/products/happymodel-ex1202-5-brushless-motor-for-crux3-crux3-nlr-6400kv-11500kv
"HAPP-1202,5-6400",LIEN,https://www.unmannedtechshop.co.uk/products/happymodel-ex1202-5-brushless-motor-for-crux3-crux3-nlr-6400kv-11500kv,https://www.unmannedtechshop.co.uk/products/happymodel-ex1202-5-brushless-motor-for-crux3-crux3-nlr-6400kv-11500kv
"HAPP-1202,5-6400",IMG,https://cdn.shopify.com/s/files/1/0914/9972/5181/files/2_1000x1000_crop_center_59f17de5-692e-4f6b-a5bc-e20fe7655746.jpg?v=1753831093,https://www.unmannedtechshop.co.uk/products/happymodel-ex1202-5-brushless-motor-for-crux3-crux3-nlr-6400kv-11500kv
"HAPP-1202,5-8000",CONFIG,9N12P,https://www.unmannedtechshop.co.uk/products/happymodel-ex1202-5-brushless-motor-for-crux3-crux3-nlr-6400kv-11500kv
"HAPP-1202,5-8000",D SHAFT,1.5,https://www.unmannedtechshop.co.uk/products/happymodel-ex1202-5-brushless-motor-for-crux3-crux3-nlr-6400kv-11500kv
"HAPP-1202,5-8000",D MOTEUR,15,https://www.unmannedtechshop.co.uk/products/happymodel-ex1202-5-brushless-motor-for-crux3-crux3-nlr-6400kv-11500kv
"HAPP-1202,5-8000",H MOTEUR,15,https://www.unmannedtechshop.co.uk/products/happymodel-ex1202-5-brushless-motor-for-crux3-crux3-nlr-6400kv-11500kv
"HAPP-1202,5-11000",CONFIG,9N12P,https://www.unmannedtechshop.co.uk/products/happymodel-ex1202-5-brushless-motor-for-crux3-crux3-nlr-6400kv-11500kv
"HAPP-1202,5-11000",D SHAFT,1.5,https://www.unmannedtechshop.co.uk/products/happymodel-ex1202-5-brushless-motor-for-crux3-crux3-nlr-6400kv-11500kv
"HAPP-1202,5-11000",D MOTEUR,15,https://www.unmannedtechshop.co.uk/products/happymodel-ex1202-5-brushless-motor-for-crux3-crux3-nlr-6400kv-11500kv
"HAPP-1202,5-11000",H MOTEUR,15,https://www.unmannedtechshop.co.uk/products/happymodel-ex1202-5-brushless-motor-for-crux3-crux3-nlr-6400kv-11500kv
HAPP-1404-2750,CONFIG,9N12P,https://pyrodrone.com/products/happymodel-ex1404-1404-motor-4800kv
HAPP-1404-2750,D SHAFT,1.5,https://pyrodrone.com/products/happymodel-ex1404-1404-motor-4800kv
HAPP-1404-2750,D MOTEUR,17.8,https://pyrodrone.com/products/happymodel-ex1404-1404-motor-4800kv
HAPP-1404-2750,H MOTEUR,17.6,https://pyrodrone.com/products/happymodel-ex1404-1404-motor-4800kv
HAPP-1404-3500,CONFIG,9N12P,https://pyrodrone.com/products/happymodel-ex1404-1404-motor-4800kv
HAPP-1404-3500,D SHAFT,1.5,https://pyrodrone.com/products/happymodel-ex1404-1404-motor-4800kv
HAPP-1404-3500,D MOTEUR,17.8,https://pyrodrone.com/products/happymodel-ex1404-1404-motor-4800kv
HAPP-1404-3500,H MOTEUR,17.6,https://pyrodrone.com/products/happymodel-ex1404-1404-motor-4800kv
HAPP-1404-4800,CONFIG,9N12P,https://pyrodrone.com/products/happymodel-ex1404-1404-motor-4800kv
HAPP-1404-4800,D SHAFT,1.5,https://pyrodrone.com/products/happymodel-ex1404-1404-motor-4800kv
HAPP-1404-4800,D MOTEUR,17.8,https://pyrodrone.com/products/happymodel-ex1404-1404-motor-4800kv
HAPP-1404-4800,H MOTEUR,17.6,https://pyrodrone.com/products/happymodel-ex1404-1404-motor-4800kv
HAPP-1404-4800,LIEN,https://pyrodrone.com/products/happymodel-ex1404-1404-motor-4800kv,https://pyrodrone.com/products/happymodel-ex1404-1404-motor-4800kv
HAPP-1404-4800,IMG,https://cdn.shopify.com/s/files/1/2778/6650/products/1_3a235f81-1f40-49fd-8aaa-4f36e9352c7e.jpg?v=1619020447,https://pyrodrone.com/products/happymodel-ex1404-1404-motor-4800kv
HAPP-1404-2750,LIEN,https://pyrodrone.com/products/click-image-to-open-expanded-view-happymodel-ex1404-1404-motor-kv2750,https://pyrodrone.com/products/click-image-to-open-expanded-view-happymodel-ex1404-1404-motor-kv2750
HAPP-1404-2750,IMG,https://cdn.shopify.com/s/files/1/2778/6650/products/1_e7dcb35c-3663-472a-accc-3342781ce7d3.jpg?v=1619020538,https://pyrodrone.com/products/click-image-to-open-expanded-view-happymodel-ex1404-1404-motor-kv2750
HGLR-1106-6000,D SHAFT,1.5,https://pyrodrone.com/products/hglrc-hf-flame-1106-6000kv
HGLR-1106-6000,HELICE,2-2.5 Inch,https://pyrodrone.com/products/hglrc-hf-flame-1106-6000kv
HGLR-1106-6000,UTILISATION,Racing,https://pyrodrone.com/products/hglrc-hf-flame-1106-6000kv
HGLR-1106-6000,LIEN,https://pyrodrone.com/products/hglrc-hf-flame-1106-6000kv,https://pyrodrone.com/products/hglrc-hf-flame-1106-6000kv
HGLR-1106-6000,IMG,https://cdn.shopify.com/s/files/1/2778/6650/products/1_5082e6fc-afe4-489b-95e5-ec92e11c53cf.png?v=1623449863,https://pyrodrone.com/products/hglrc-hf-flame-1106-6000kv
"HGLR-1202,5-5600",HELICE,2-3Inch,https://pyrodrone.com/products/hglrc-aeolus-1202-5-11600kv-micro-motor-red-black
"HGLR-1202,5-5600",D MOTEUR,15.94,https://pyrodrone.com/products/hglrc-aeolus-1202-5-11600kv-micro-motor-red-black
"HGLR-1202,5-5600",H MOTEUR,9,https://pyrodrone.com/products/hglrc-aeolus-1202-5-11600kv-micro-motor-red-black
"HGLR-1202,5-8000",HELICE,2-3Inch,https://pyrodrone.com/products/hglrc-aeolus-1202-5-11600kv-micro-motor-red-black
"HGLR-1202,5-8000",D MOTEUR,15.94,https://pyrodrone.com/products/hglrc-aeolus-1202-5-11600kv-micro-motor-red-black
"HGLR-1202,5-8000",H MOTEUR,9,https://pyrodrone.com/products/hglrc-aeolus-1202-5-11600kv-micro-motor-red-black
"HGLR-1202,5-11600",LIPO,1S-2S,https://pyrodrone.com/products/hglrc-aeolus-1202-5-11600kv-micro-motor-red-black
"HGLR-1202,5-11600",RESISTANCE,135mΩ,https://pyrodrone.com/products/hglrc-aeolus-1202-5-11600kv-micro-motor-red-black
"HGLR-1202,5-11600",AMP,12,https://pyrodrone.com/products/hglrc-aeolus-1202-5-11600kv-micro-motor-red-black
"HGLR-1202,5-11600",PUISSANCE,88.8,https://pyrodrone.com/products/hglrc-aeolus-1202-5-11600kv-micro-motor-red-black
"HGLR-1202,5-11600",HELICE,2-3Inch,https://pyrodrone.com/products/hglrc-aeolus-1202-5-11600kv-micro-motor-red-black
"HGLR-1202,5-11600",D MOTEUR,15.94,https://pyrodrone.com/products/hglrc-aeolus-1202-5-11600kv-micro-motor-red-black
"HGLR-1202,5-11600",H MOTEUR,9,https://pyrodrone.com/products/hglrc-aeolus-1202-5-11600kv-micro-motor-red-black
"HGLR-1202,5-11600",LIEN,https://pyrodrone.com/products/hglrc-aeolus-1202-5-11600kv-micro-motor-red-black,https://pyrodrone.com/products/hglrc-aeolus-1202-5-11600kv-micro-motor-red-black
"HGLR-1202,5-11600",IMG,https://cdn.shopify.com/s/files/1/2778/6650/products/aeolus1202.51_1800x1800_d07f1a1c-0ada-45cf-a762-480701998b5b.jpg?v=1630106095,https://pyrodrone.com/products/hglrc-aeolus-1202-5-11600kv-micro-motor-red-black
"HGLR-1202,5-5600",LIPO,3S-4S,https://pyrodrone.com/products/hglrc-aeolus-1202-5-5600kv-micro-motor
"HGLR-1202,5-5600",AMP,6.2,https://pyrodrone.com/products/hglrc-aeolus-1202-5-5600kv-micro-motor
"HGLR-1202,5-5600",PUISSANCE,88.8,https://pyrodrone.com/products/hglrc-aeolus-1202-5-5600kv-micro-motor
"HGLR-1202,5-5600",RESISTANCE,320mΩ,https://pyrodrone.com/products/hglrc-aeolus-1202-5-5600kv-micro-motor
"HGLR-1202,5-5600",LIEN,https://pyrodrone.com/products/hglrc-aeolus-1202-5-5600kv-micro-motor,https://pyrodrone.com/products/hglrc-aeolus-1202-5-5600kv-micro-motor
"HGLR-1202,5-5600",IMG,https://cdn.shopify.com/s/files/1/2778/6650/products/aeolus1202.51_1800x1800_ac19615e-9b20-4a25-aeb4-1dc9a9b71bea.jpg?v=1630105917,https://pyrodrone.com/products/hglrc-aeolus-1202-5-5600kv-micro-motor
"HGLR-1303,5-2500",HELICE,2.5-3 Inch,https://pyrodrone.com/products/hglrc-aeolus-1303-5-4500kv-micro-motor
"HGLR-1303,5-2500",D MOTEUR,17.45,https://pyrodrone.com/products/hglrc-aeolus-1303-5-4500kv-micro-motor
"HGLR-1303,5-2500",H MOTEUR,10.8,https://pyrodrone.com/products/hglrc-aeolus-1303-5-4500kv-micro-motor
"HGLR-1303,5-4500",LIPO,3S-4S,https://pyrodrone.com/products/hglrc-aeolus-1303-5-4500kv-micro-motor
"HGLR-1303,5-4500",RESISTANCE,140mΩ,https://pyrodrone.com/products/hglrc-aeolus-1303-5-4500kv-micro-motor
"HGLR-1303,5-4500",AMP,7.7,https://pyrodrone.com/products/hglrc-aeolus-1303-5-4500kv-micro-motor
"HGLR-1303,5-4500",PUISSANCE,112.5,https://pyrodrone.com/products/hglrc-aeolus-1303-5-4500kv-micro-motor
"HGLR-1303,5-4500",HELICE,2.5-3 Inch,https://pyrodrone.com/products/hglrc-aeolus-1303-5-4500kv-micro-motor
"HGLR-1303,5-4500",D MOTEUR,17.45,https://pyrodrone.com/products/hglrc-aeolus-1303-5-4500kv-micro-motor
"HGLR-1303,5-4500",H MOTEUR,10.8,https://pyrodrone.com/products/hglrc-aeolus-1303-5-4500kv-micro-motor
"HGLR-1303,5-4500",LIEN,https://pyrodrone.com/products/hglrc-aeolus-1303-5-4500kv-micro-motor,https://pyrodrone.com/products/hglrc-aeolus-1303-5-4500kv-micro-motor
"HGLR-1303,5-4500",IMG,https://cdn.shopify.com/s/files/1/2778/6650/products/1303.5121-1_1800x1800_66cf53c4-ad3f-4029-8367-40a09d6ef319.jpg?v=1630105460,https://pyrodrone.com/products/hglrc-aeolus-1303-5-4500kv-micro-motor
"HGLR-1303,5-2500",LIPO,4S-6S,https://pyrodrone.com/products/hglrc-aeolus-1303-5-2500kv-micro-motor
"HGLR-1303,5-2500",RESISTANCE,260mΩ,https://pyrodrone.com/products/hglrc-aeolus-1303-5-2500kv-micro-motor
"HGLR-1303,5-2500",AMP,4.4,https://pyrodrone.com/products/hglrc-aeolus-1303-5-2500kv-micro-motor
"HGLR-1303,5-2500",PUISSANCE,97.7,https://pyrodrone.com/products/hglrc-aeolus-1303-5-2500kv-micro-motor
"HGLR-1303,5-2500",LIEN,https://pyrodrone.com/products/hglrc-aeolus-1303-5-2500kv-micro-motor,https://pyrodrone.com/products/hglrc-aeolus-1303-5-2500kv-micro-motor
"HGLR-1303,5-2500",IMG,https://cdn.shopify.com/s/files/1/2778/6650/products/1303.5121_1800x1800_c3055fd1-ec9d-46bf-839a-57dfc2e99852.jpg?v=1630105320,https://pyrodrone.com/products/hglrc-aeolus-1303-5-2500kv-micro-motor
HGLR-1404-3600,CONFIG,9N12P,https://pyrodrone.com/products/hglrc-aeolus-1404-4800kv-micro-motor
HGLR-1404-3600,HELICE,2-4Inch,https://pyrodrone.com/products/hglrc-aeolus-1404-4800kv-micro-motor
HGLR-1404-3600,D MOTEUR,19.5,https://pyrodrone.com/products/hglrc-aeolus-1404-4800kv-micro-motor
HGLR-1404-3600,H MOTEUR,9.4,https://pyrodrone.com/products/hglrc-aeolus-1404-4800kv-micro-motor
HGLR-1404-4800,CONFIG,9N12P,https://pyrodrone.com/products/hglrc-aeolus-1404-4800kv-micro-motor
HGLR-1404-4800,RESISTANCE,126mΩ,https://pyrodrone.com/products/hglrc-aeolus-1404-4800kv-micro-motor
HGLR-1404-4800,AMP,19.21,https://pyrodrone.com/products/hglrc-aeolus-1404-4800kv-micro-motor
HGLR-1404-4800,PUISSANCE,291.5,https://pyrodrone.com/products/hglrc-aeolus-1404-4800kv-micro-motor
HGLR-1404-4800,LIPO,4S,https://pyrodrone.com/products/hglrc-aeolus-1404-4800kv-micro-motor
HGLR-1404-4800,HELICE,2-4Inch,https://pyrodrone.com/products/hglrc-aeolus-1404-4800kv-micro-motor
HGLR-1404-4800,D MOTEUR,19.5,https://pyrodrone.com/products/hglrc-aeolus-1404-4800kv-micro-motor
HGLR-1404-4800,H MOTEUR,9.4,https://pyrodrone.com/products/hglrc-aeolus-1404-4800kv-micro-motor
HGLR-1404-4800,LIEN,https://pyrodrone.com/products/hglrc-aeolus-1404-4800kv-micro-motor,https://pyrodrone.com/products/hglrc-aeolus-1404-4800kv-micro-motor
HGLR-1404-4800,IMG,https://cdn.shopify.com/s/files/1/2778/6650/products/hglrc-aeolus-1404-2800kv3600kv4800kv-brushless-motor-764716_f15aa5b1-833e-40b9-88bf-75414f7dfe9b.jpg?v=1630106816,https://pyrodrone.com/products/hglrc-aeolus-1404-4800kv-micro-motor
HGLR-1404-3600,RESISTANCE,185mΩ,https://pyrodrone.com/products/hglrc-aeolus-1404-3600kv-micro-motor
HGLR-1404-3600,AMP,13.14,https://pyrodrone.com/products/hglrc-aeolus-1404-3600kv-micro-motor
HGLR-1404-3600,PUISSANCE,193.6,https://pyrodrone.com/products/hglrc-aeolus-1404-3600kv-micro-motor
HGLR-1404-3600,LIPO,4S-6S,https://pyrodrone.com/products/hglrc-aeolus-1404-3600kv-micro-motor
HGLR-1404-3600,LIEN,https://pyrodrone.com/products/hglrc-aeolus-1404-3600kv-micro-motor,https://pyrodrone.com/products/hglrc-aeolus-1404-3600kv-micro-motor
HGLR-1404-3600,IMG,https://cdn.shopify.com/s/files/1/2778/6650/products/hglrc-aeolus-1404-2800kv3600kv4800kv-brushless-motor-764716_fc8b2156-eab8-44ea-86a0-1e67537b866a.jpg?v=1630106687,https://pyrodrone.com/products/hglrc-aeolus-1404-3600kv-micro-motor
"HGLR-2306,5-1900",RESISTANCE,59mΩ,https://pyrodrone.com/products/hglrc-aeolus-2306-5-1900kv-motor
"HGLR-2306,5-1900",AMP,47.4,https://pyrodrone.com/products/hglrc-aeolus-2306-5-1900kv-motor
"HGLR-2306,5-1900",PUISSANCE,1137,https://pyrodrone.com/products/hglrc-aeolus-2306-5-1900kv-motor
"HGLR-2306,5-1900",LIPO,5S-6S,https://pyrodrone.com/products/hglrc-aeolus-2306-5-1900kv-motor
"HGLR-2306,5-1900",HELICE,5 Inch,https://pyrodrone.com/products/hglrc-aeolus-2306-5-1900kv-motor
"HGLR-2306,5-1900",TYPE CABLE,20AWG,https://pyrodrone.com/products/hglrc-aeolus-2306-5-1900kv-motor
"HGLR-2306,5-1900",L CABLE,140mm,https://pyrodrone.com/products/hglrc-aeolus-2306-5-1900kv-motor
"HGLR-2306,5-1900",LIEN,https://pyrodrone.com/products/hglrc-aeolus-2306-5-1900kv-motor,https://pyrodrone.com/products/hglrc-aeolus-2306-5-1900kv-motor
"HGLR-2306,5-1900",IMG,https://cdn.shopify.com/s/files/1/2778/6650/products/hglrc-aeolus-23065-1900kv-6s-2550kv-4s-brushless-motors-248015.jpg?v=1630108164,https://pyrodrone.com/products/hglrc-aeolus-2306-5-1900kv-motor
"HGLR-2306,5-2550",HELICE,5 Inch,https://pyrodrone.com/products/hglrc-aeolus-2306-5-1900kv-motor
"HGLR-2306,5-2550",TYPE CABLE,20AWG,https://pyrodrone.com/products/hglrc-aeolus-2306-5-1900kv-motor
"HGLR-2306,5-2550",L CABLE,140mm,https://pyrodrone.com/products/hglrc-aeolus-2306-5-1900kv-motor
"HGLR-2306,5-2550",RESISTANCE,59mΩ,https://pyrodrone.com/products/hglrc-aeolus-2306-5-2550kv-motor
"HGLR-2306,5-2550",AMP,47.4,https://pyrodrone.com/products/hglrc-aeolus-2306-5-2550kv-motor
"HGLR-2306,5-2550",PUISSANCE,1137,https://pyrodrone.com/products/hglrc-aeolus-2306-5-2550kv-motor
"HGLR-2306,5-2550",LIPO,5S-6S,https://pyrodrone.com/products/hglrc-aeolus-2306-5-2550kv-motor
"HGLR-2306,5-2550",LIEN,https://pyrodrone.com/products/hglrc-aeolus-2306-5-2550kv-motor,https://pyrodrone.com/products/hglrc-aeolus-2306-5-2550kv-motor
"HGLR-2306,5-2550",IMG,https://cdn.shopify.com/s/files/1/2778/6650/products/hglrc-aeolus-23065-1900kv-6s-2550kv-4s-brushless-motors-248015_7fb0627c-6612-4c9d-9e99-bacadfd451cc.jpg?v=1630108428,https://pyrodrone.com/products/hglrc-aeolus-2306-5-2550kv-motor
IFLI-1103-8000,LIPO,2S-3S,https://www.unmannedtechshop.co.uk/products/iflight-xing-nano-1103-2-3s-brushless-motor-8000kv
IFLI-1103-8000,CONFIG,9N12P,https://www.unmannedtechshop.co.uk/products/iflight-xing-nano-1103-2-3s-brushless-motor-8000kv
IFLI-1103-8000,D SHAFT,1.5,https://www.unmannedtechshop.co.uk/products/iflight-xing-nano-1103-2-3s-brushless-motor-8000kv
IFLI-1103-8000,LIEN,https://www.unmannedtechshop.co.uk/products/iflight-xing-nano-1103-2-3s-brushless-motor-8000kv,https://www.unmannedtechshop.co.uk/products/iflight-xing-nano-1103-2-3s-brushless-motor-8000kv
IFLI-1103-8000,IMG,https://cdn.shopify.com/s/files/1/0914/9972/5181/files/XING-NANO-X1103-MICRO-MOTOR-5-1000x1000-1.webp?v=1754244670,https://www.unmannedtechshop.co.uk/products/iflight-xing-nano-1103-2-3s-brushless-motor-8000kv
IFLI-1103-10000,CONFIG,9N12P,https://www.unmannedtechshop.co.uk/products/iflight-xing-nano-1103-2-3s-brushless-motor-8000kv
IFLI-1103-10000,D SHAFT,1.5,https://www.unmannedtechshop.co.uk/products/iflight-xing-nano-1103-2-3s-brushless-motor-8000kv
IFLI-1103-10000,LIEN,https://www.unmannedtechshop.co.uk/products/iflight-xing-nano-1103-2-3s-brushless-motor-8000kv,https://www.unmannedtechshop.co.uk/products/iflight-xing-nano-1103-2-3s-brushless-motor-8000kv
IFLI-1103-10000,IMG,https://cdn.shopify.com/s/files/1/0914/9972/5181/files/XING-NANO-X1103-MICRO-MOTOR-5-1000x1000-1.webp?v=1754244670,https://www.unmannedtechshop.co.uk/products/iflight-xing-nano-1103-2-3s-brushless-motor-8000kv
IFLI-1105-4500,LIPO,2S-4S,https://www.unmannedtechshop.co.uk/products/iflight-xing-nano-1105-3-4s-brushless-motor-4500kv-6000kv
IFLI-1105-4500,CONFIG,9N12P,https://www.unmannedtechshop.co.uk/products/iflight-xing-nano-1105-3-4s-brushless-motor-4500kv-6000kv
IFLI-1105-4500,D SHAFT,1.5,https://www.unmannedtechshop.co.uk/products/iflight-xing-nano-1105-3-4s-brushless-motor-4500kv-6000kv
IFLI-1105-4500,ENTRAXE FIX,9x9,https://www.unmannedtechshop.co.uk/products/iflight-xing-nano-1105-3-4s-brushless-motor-4500kv-6000kv
IFLI-1105-4500,LIEN,https://www.unmannedtechshop.co.uk/products/iflight-xing-nano-1105-3-4s-brushless-motor-4500kv-6000kv,https://www.unmannedtechshop.co.uk/products/iflight-xing-nano-1105-3-4s-brushless-motor-4500kv-6000kv
IFLI-1105-4500,IMG,https://cdn.shopify.com/s/files/1/0914/9972/5181/files/XING-NANO-1105-MICRO-MOTOR-5-1000x1000.jpg?v=1753831808,https://www.unmannedtechshop.co.uk/products/iflight-xing-nano-1105-3-4s-brushless-motor-4500kv-6000kv
IFLI-1105-6000,LIPO,2S-4S,https://www.unmannedtechshop.co.uk/products/iflight-xing-nano-1105-3-4s-brushless-motor-4500kv-6000kv
IFLI-1105-6000,CONFIG,9N12P,https://www.unmannedtechshop.co.uk/products/iflight-xing-nano-1105-3-4s-brushless-motor-4500kv-6000kv
IFLI-1105-6000,D SHAFT,1.5,https://www.unmannedtechshop.co.uk/products/iflight-xing-nano-1105-3-4s-brushless-motor-4500kv-6000kv
IFLI-1105-6000,ENTRAXE FIX,9x9,https://www.unmannedtechshop.co.uk/products/iflight-xing-nano-1105-3-4s-brushless-motor-4500kv-6000kv
IFLI-1105-6000,LIEN,https://www.unmannedtechshop.co.uk/products/iflight-xing-nano-1105-3-4s-brushless-motor-4500kv-6000kv,https://www.unmannedtechshop.co.uk/products/iflight-xing-nano-1105-3-4s-brushless-motor-4500kv-6000kv
IFLI-1105-6000,IMG,https://cdn.shopify.com/s/files/1/0914/9972/5181/files/XING-NANO-1105-MICRO-MOTOR-5-1000x1000.jpg?v=1753831808,https://www.unmannedtechshop.co.uk/products/iflight-xing-nano-1105-3-4s-brushless-motor-4500kv-6000kv
IFLI-1303-5000,ENTRAXE FIX,9x9,https://www.racedayquads.com/products/iflight-xing-1303-micro-motor-5000kv
IFLI-1303-5000,L SHAFT,4,https://www.racedayquads.com/products/iflight-xing-1303-micro-motor-5000kv
IFLI-1303-5000,RESISTANCE,386mΩ,https://www.racedayquads.com/products/iflight-xing-1303-micro-motor-5000kv
IFLI-1303-5000,D MOTEUR,17.58,https://www.racedayquads.com/products/iflight-xing-1303-micro-motor-5000kv
IFLI-1303-5000,H MOTEUR,11,https://www.racedayquads.com/products/iflight-xing-1303-micro-motor-5000kv
IFLI-1303-5000,D SHAFT,1.5,https://www.racedayquads.com/products/iflight-xing-1303-micro-motor-5000kv
IFLI-1303-5000,AIMANT,N52H,https://www.racedayquads.com/products/iflight-xing-1303-micro-motor-5000kv
IFLI-1303-5000,CONFIG,9N12P,https://www.racedayquads.com/products/iflight-xing-1303-micro-motor-5000kv
IFLI-1303-5000,PUISSANCE,98.1,https://www.racedayquads.com/products/iflight-xing-1303-micro-motor-5000kv
IFLI-1303-5000,AMP,6.13,https://www.racedayquads.com/products/iflight-xing-1303-micro-motor-5000kv
IFLI-1303-5000,LIPO,3S-4S,https://www.racedayquads.com/products/iflight-xing-1303-micro-motor-5000kv
IFLI-1303-5000,LIEN,https://www.racedayquads.com/products/iflight-xing-1303-micro-motor-5000kv,https://www.racedayquads.com/products/iflight-xing-1303-micro-motor-5000kv
IFLI-1303-5000,IMG,https://cdn.shopify.com/s/files/1/1285/4651/files/iflight-xing-1303-micro-motor-5000kv-motor-1157041747.jpg?v=1745147331,https://www.racedayquads.com/products/iflight-xing-1303-micro-motor-5000kv
IFLI-1303-5000,UTILISATION,Whoop,https://www.racedayquads.com/products/iflight-xing-1303-5000kv-micro-motor
IFLI-2005-1900,TYPE CABLE,24AWG,https://pyrodrone.com/products/iflight-xing-2005-4-6s-fpv-unibell-motor-1900kv
IFLI-2005-1900,L CABLE,160mm,https://pyrodrone.com/products/iflight-xing-2005-4-6s-fpv-unibell-motor-1900kv
IFLI-2005-1900,ENTRAXE FIX,12x12,https://pyrodrone.com/products/iflight-xing-2005-4-6s-fpv-unibell-motor-1900kv
IFLI-2005-1900,L SHAFT,4,https://pyrodrone.com/products/iflight-xing-2005-4-6s-fpv-unibell-motor-1900kv
IFLI-2005-1900,HELICE,6*6 - 1.5mm,https://pyrodrone.com/products/iflight-xing-2005-4-6s-fpv-unibell-motor-1900kv
IFLI-2005-1900,LIEN,https://pyrodrone.com/products/iflight-xing-2005-4-6s-fpv-unibell-motor-1900kv,https://pyrodrone.com/products/iflight-xing-2005-4-6s-fpv-unibell-motor-1900kv
IFLI-2005-1900,IMG,https://cdn.shopify.com/s/files/1/2778/6650/products/1_af8f3525-642b-4875-8a82-46e9d6ae5289.jpg?v=1605578117,https://pyrodrone.com/products/iflight-xing-2005-4-6s-fpv-unibell-motor-1900kv
IFLI-2005-2550,TYPE CABLE,24AWG,https://pyrodrone.com/products/iflight-xing-2005-4-6s-fpv-unibell-motor-1900kv
IFLI-2005-2550,L CABLE,160mm,https://pyrodrone.com/products/iflight-xing-2005-4-6s-fpv-unibell-motor-1900kv
IFLI-2005-2550,ENTRAXE FIX,12x12,https://pyrodrone.com/products/iflight-xing-2005-4-6s-fpv-unibell-motor-1900kv
IFLI-2005-2550,L SHAFT,4,https://pyrodrone.com/products/iflight-xing-2005-4-6s-fpv-unibell-motor-1900kv
IFLI-2005-2550,HELICE,6*6 - 1.5mm,https://pyrodrone.com/products/iflight-xing-2005-4-6s-fpv-unibell-motor-1900kv
IFLI-2005-2550,LIEN,https://pyrodrone.com/products/iflight-xing-2005-4-6s-fpv-unibell-motor-1900kv,https://pyrodrone.com/products/iflight-xing-2005-4-6s-fpv-unibell-motor-1900kv
IFLI-2005-2550,IMG,https://cdn.shopify.com/s/files/1/2778/6650/products/1_af8f3525-642b-4875-8a82-46e9d6ae5289.jpg?v=1605578117,https://pyrodrone.com/products/iflight-xing-2005-4-6s-fpv-unibell-motor-1900kv
"IFLI-2203,5-1900",CONFIG,12N14P,https://www.unmannedtechshop.co.uk/products/iflight-xing-2203-5-4-6s-brushless-motor-2500kv-3600kv
"IFLI-2203,5-1900",LIEN,https://www.unmannedtechshop.co.uk/products/iflight-xing-2203-5-4-6s-brushless-motor-2500kv-3600kv,https://www.unmannedtechshop.co.uk/products/iflight-xing-2203-5-4-6s-brushless-motor-2500kv-3600kv
"IFLI-2203,5-1900",IMG,https://cdn.shopify.com/s/files/1/0914/9972/5181/files/2203-unibell_6_-1000x1000-1.jpg?v=1754157433,https://www.unmannedtechshop.co.uk/products/iflight-xing-2203-5-4-6s-brushless-motor-2500kv-3600kv
"IFLI-2203,5-2500",LIPO,4S,https://www.unmannedtechshop.co.uk/products/iflight-xing-2203-5-4-6s-brushless-motor-2500kv-3600kv
"IFLI-2203,5-2500",CONFIG,12N14P,https://www.unmannedtechshop.co.uk/products/iflight-xing-2203-5-4-6s-brushless-motor-2500kv-3600kv
"IFLI-2203,5-2500",LIEN,https://www.unmannedtechshop.co.uk/products/iflight-xing-2203-5-4-6s-brushless-motor-2500kv-3600kv,https://www.unmannedtechshop.co.uk/products/iflight-xing-2203-5-4-6s-brushless-motor-2500kv-3600kv
"IFLI-2203,5-2500",IMG,https://cdn.shopify.com/s/files/1/0914/9972/5181/files/2203-unibell_6_-1000x1000-1.jpg?v=1754157433,https://www.unmannedtechshop.co.uk/products/iflight-xing-2203-5-4-6s-brushless-motor-2500kv-3600kv
"IFLI-2203,5-2700",CONFIG,12N14P,https://www.unmannedtechshop.co.uk/products/iflight-xing-2203-5-4-6s-brushless-motor-2500kv-3600kv
"IFLI-2203,5-2700",LIEN,https://www.unmannedtechshop.co.uk/products/iflight-xing-2203-5-4-6s-brushless-motor-2500kv-3600kv,https://www.unmannedtechshop.co.uk/products/iflight-xing-2203-5-4-6s-brushless-motor-2500kv-3600kv
"IFLI-2203,5-2700",IMG,https://cdn.shopify.com/s/files/1/0914/9972/5181/files/2203-unibell_6_-1000x1000-1.jpg?v=1754157433,https://www.unmannedtechshop.co.uk/products/iflight-xing-2203-5-4-6s-brushless-motor-2500kv-3600kv
"IFLI-2203,5-3600",LIPO,4S,https://www.unmannedtechshop.co.uk/products/iflight-xing-2203-5-4-6s-brushless-motor-2500kv-3600kv
"IFLI-2203,5-3600",CONFIG,12N14P,https://www.unmannedtechshop.co.uk/products/iflight-xing-2203-5-4-6s-brushless-motor-2500kv-3600kv
"IFLI-2203,5-3600",LIEN,https://www.unmannedtechshop.co.uk/products/iflight-xing-2203-5-4-6s-brushless-motor-2500kv-3600kv,https://www.unmannedtechshop.co.uk/products/iflight-xing-2203-5-4-6s-brushless-motor-2500kv-3600kv
"IFLI-2203,5-3600",IMG,https://cdn.shopify.com/s/files/1/0914/9972/5181/files/2203-unibell_6_-1000x1000-1.jpg?v=1754157433,https://www.unmannedtechshop.co.uk/products/iflight-xing-2203-5-4-6s-brushless-motor-2500kv-3600kv
IFLI-2207-1800,LIPO,4S-6S,https://www.racedayquads.com/products/iflight-xing-e-pro-2207-1800kv-motor
IFLI-2207-1800,CONFIG,12N14P,https://www.racedayquads.com/products/iflight-xing-e-pro-2207-1800kv-motor
IFLI-2207-1800,AIMANT,N52SH,https://www.racedayquads.com/products/iflight-xing-e-pro-2207-1800kv-motor
IFLI-2207-1800,AMP,42.63,https://www.racedayquads.com/products/iflight-xing-e-pro-2207-1800kv-motor
IFLI-2207-1800,RESISTANCE,46.8mΩ,https://www.racedayquads.com/products/iflight-xing-e-pro-2207-1800kv-motor
IFLI-2207-1800,D MOTEUR,28.5,https://www.racedayquads.com/products/iflight-xing-e-pro-2207-1800kv-motor
IFLI-2207-1800,H MOTEUR,19.7,https://www.racedayquads.com/products/iflight-xing-e-pro-2207-1800kv-motor
IFLI-2207-1800,D SHAFT,4,https://www.racedayquads.com/products/iflight-xing-e-pro-2207-1800kv-motor
IFLI-2207-1800,ENTRAXE FIX,Ø16,https://www.racedayquads.com/products/iflight-xing-e-pro-2207-1800kv-motor
IFLI-2207-1800,VIS FIX,M3,https://www.racedayquads.com/products/iflight-xing-e-pro-2207-1800kv-motor
IFLI-2207-1800,LIEN,https://www.racedayquads.com/products/iflight-xing-e-pro-2207-1800kv-motor,https://www.racedayquads.com/products/iflight-xing-e-pro-2207-1800kv-motor
IFLI-2207-1800,IMG,https://cdn.shopify.com/s/files/1/1285/4651/products/iflight-iflight-xing-e-pro-2207-1800kv-motor-motor-28679175241841.jpg?v=1762441244,https://www.racedayquads.com/products/iflight-xing-e-pro-2207-1800kv-motor
IFLI-2207-2450,CONFIG,12N14P,https://www.racedayquads.com/products/iflight-xing-e-pro-2207-1800kv-motor
IFLI-2207-2450,AIMANT,N52SH,https://www.racedayquads.com/products/iflight-xing-e-pro-2207-1800kv-motor
IFLI-2207-2450,D MOTEUR,28.5,https://www.racedayquads.com/products/iflight-xing-e-pro-2207-1800kv-motor
IFLI-2207-2450,H MOTEUR,19.7,https://www.racedayquads.com/products/iflight-xing-e-pro-2207-1800kv-motor
IFLI-2207-2450,D SHAFT,4,https://www.racedayquads.com/products/iflight-xing-e-pro-2207-1800kv-motor
IFLI-2207-2450,ENTRAXE FIX,Ø16,https://www.racedayquads.com/products/iflight-xing-e-pro-2207-1800kv-motor
IFLI-2207-2450,VIS FIX,M3,https://www.racedayquads.com/products/iflight-xing-e-pro-2207-1800kv-motor
IFLI-2207-2750,CONFIG,12N14P,https://www.racedayquads.com/products/iflight-xing-e-pro-2207-1800kv-motor
IFLI-2207-2750,AIMANT,N52SH,https://www.racedayquads.com/products/iflight-xing-e-pro-2207-1800kv-motor
IFLI-2207-2750,D MOTEUR,28.5,https://www.racedayquads.com/products/iflight-xing-e-pro-2207-1800kv-motor
IFLI-2207-2750,H MOTEUR,19.7,https://www.racedayquads.com/products/iflight-xing-e-pro-2207-1800kv-motor
IFLI-2207-2750,D SHAFT,4,https://www.racedayquads.com/products/iflight-xing-e-pro-2207-1800kv-motor
IFLI-2207-2750,ENTRAXE FIX,Ø16,https://www.racedayquads.com/products/iflight-xing-e-pro-2207-1800kv-motor
IFLI-2207-2750,VIS FIX,M3,https://www.racedayquads.com/products/iflight-xing-e-pro-2207-1800kv-motor
IFLI-2207-2450,LIPO,2S-4S,https://www.racedayquads.com/products/iflight-xing-e-pro-2207-2450kv-motor
IFLI-2207-2450,AMP,42.63,https://www.racedayquads.com/products/iflight-xing-e-pro-2207-2450kv-motor
IFLI-2207-2450,RESISTANCE,46.8mΩ,https://www.racedayquads.com/products/iflight-xing-e-pro-2207-2450kv-motor
IFLI-2207-2450,LIEN,https://www.racedayquads.com/products/iflight-xing-e-pro-2207-2450kv-motor,https://www.racedayquads.com/products/iflight-xing-e-pro-2207-2450kv-motor
IFLI-2207-2450,IMG,https://cdn.shopify.com/s/files/1/1285/4651/products/iflight-iflight-xing-e-pro-2207-2450kv-motor-motor-28673137311857.jpg?v=1762440364,https://www.racedayquads.com/products/iflight-xing-e-pro-2207-2450kv-motor
IFLI-2207-2750,LIPO,2S-4S,https://www.racedayquads.com/products/iflight-xing-e-pro-2207-2750kv-motor
IFLI-2207-2750,AMP,42.63,https://www.racedayquads.com/products/iflight-xing-e-pro-2207-2750kv-motor
IFLI-2207-2750,RESISTANCE,46.8mΩ,https://www.racedayquads.com/products/iflight-xing-e-pro-2207-2750kv-motor
IFLI-2207-2750,LIEN,https://www.racedayquads.com/products/iflight-xing-e-pro-2207-2750kv-motor,https://www.racedayquads.com/products/iflight-xing-e-pro-2207-2750kv-motor
IFLI-2207-2750,IMG,https://cdn.shopify.com/s/files/1/1285/4651/products/iflight-iflight-xing-e-pro-2207-2750kv-motor-motor-28679141949553.jpg?v=1762441244,https://www.racedayquads.com/products/iflight-xing-e-pro-2207-2750kv-motor
IFLI-2207-2400,LIPO,2S-4S,https://www.racedayquads.com/products/iflight-xing-e-pro-2207-2450kv-motor
IFLI-2207-2400,CONFIG,12N14P,https://www.racedayquads.com/products/iflight-xing-e-pro-2207-2450kv-motor
IFLI-2207-2400,AIMANT,N52SH,https://www.racedayquads.com/products/iflight-xing-e-pro-2207-2450kv-motor
IFLI-2207-2400,AMP,42.63,https://www.racedayquads.com/products/iflight-xing-e-pro-2207-2450kv-motor
IFLI-2207-2400,RESISTANCE,46.8mΩ,https://www.racedayquads.com/products/iflight-xing-e-pro-2207-2450kv-motor
IFLI-2207-2400,D MOTEUR,28.5,https://www.racedayquads.com/products/iflight-xing-e-pro-2207-2450kv-motor
IFLI-2207-2400,H MOTEUR,19.7,https://www.racedayquads.com/products/iflight-xing-e-pro-2207-2450kv-motor
IFLI-2207-2400,D SHAFT,4,https://www.racedayquads.com/products/iflight-xing-e-pro-2207-2450kv-motor
IFLI-2207-2400,ENTRAXE FIX,Ø16,https://www.racedayquads.com/products/iflight-xing-e-pro-2207-2450kv-motor
IFLI-2207-2400,VIS FIX,M3,https://www.racedayquads.com/products/iflight-xing-e-pro-2207-2450kv-motor
IFLI-2207-2400,LIEN,https://www.racedayquads.com/products/iflight-xing-e-pro-2207-2450kv-motor,https://www.racedayquads.com/products/iflight-xing-e-pro-2207-2450kv-motor
IFLI-2207-2400,IMG,https://cdn.shopify.com/s/files/1/1285/4651/products/iflight-iflight-xing-e-pro-2207-2450kv-motor-motor-28673137311857.jpg?v=1762440364,https://www.racedayquads.com/products/iflight-xing-e-pro-2207-2450kv-motor
"IFLI-2806,5-1300",LIPO,2S-6S,https://pyrodrone.com/products/iflight-xing-x2806-5-fpv-nextgen-motor-1300kv
"IFLI-2806,5-1300",CONFIG,12N14P,https://pyrodrone.com/products/iflight-xing-x2806-5-fpv-nextgen-motor-1300kv
"IFLI-2806,5-1300",D SHAFT,5,https://pyrodrone.com/products/iflight-xing-x2806-5-fpv-nextgen-motor-1300kv
"IFLI-2806,5-1300",VIS HEL,M5,https://pyrodrone.com/products/iflight-xing-x2806-5-fpv-nextgen-motor-1300kv
"IFLI-2806,5-1300",ENTRAXE FIX,19x19,https://pyrodrone.com/products/iflight-xing-x2806-5-fpv-nextgen-motor-1300kv
"IFLI-2806,5-1300",VIS FIX,M3,https://pyrodrone.com/products/iflight-xing-x2806-5-fpv-nextgen-motor-1300kv
"IFLI-2806,5-1300",LIEN,https://pyrodrone.com/products/iflight-xing-x2806-5-fpv-nextgen-motor-1300kv,https://pyrodrone.com/products/iflight-xing-x2806-5-fpv-nextgen-motor-1300kv
"IFLI-2806,5-1300",IMG,https://cdn.shopify.com/s/files/1/2778/6650/products/Motor-xing-2806.5-fpv-motor_8_-1000x1000.jpg?v=1585155425,https://pyrodrone.com/products/iflight-xing-x2806-5-fpv-nextgen-motor-1300kv
"IFLI-2806,5-1800",CONFIG,12N14P,https://pyrodrone.com/products/iflight-xing-x2806-5-fpv-nextgen-motor-1300kv
"IFLI-2806,5-1800",D SHAFT,5,https://pyrodrone.com/products/iflight-xing-x2806-5-fpv-nextgen-motor-1300kv
"IFLI-2806,5-1800",VIS HEL,M5,https://pyrodrone.com/products/iflight-xing-x2806-5-fpv-nextgen-motor-1300kv
"IFLI-2806,5-1800",ENTRAXE FIX,19x19,https://pyrodrone.com/products/iflight-xing-x2806-5-fpv-nextgen-motor-1300kv
"IFLI-2806,5-1800",VIS FIX,M3,https://pyrodrone.com/products/iflight-xing-x2806-5-fpv-nextgen-motor-1300kv
"IFLI-2806,5-1800",LIEN,https://pyrodrone.com/products/iflight-xing-x2806-5-fpv-nextgen-motor-1300kv,https://pyrodrone.com/products/iflight-xing-x2806-5-fpv-nextgen-motor-1300kv
"IFLI-2806,5-1800",IMG,https://cdn.shopify.com/s/files/1/2778/6650/products/Motor-xing-2806.5-fpv-motor_8_-1000x1000.jpg?v=1585155425,https://pyrodrone.com/products/iflight-xing-x2806-5-fpv-nextgen-motor-1300kv
IFLI-2814-880,LIEN,https://pyrodrone.com/products/iflight-xing-x2814-fpv-nextgen-1100kv,https://pyrodrone.com/products/iflight-xing-x2814-fpv-nextgen-1100kv
IFLI-2814-880,IMG,https://cdn.shopify.com/s/files/1/2778/6650/products/X2814-MOTOR_5_-1000x1000.jpg?v=1677540684,https://pyrodrone.com/products/iflight-xing-x2814-fpv-nextgen-1100kv
IFLI-2814-1100,LIEN,https://pyrodrone.com/products/iflight-xing-x2814-fpv-nextgen-1100kv,https://pyrodrone.com/products/iflight-xing-x2814-fpv-nextgen-1100kv
IFLI-2814-1100,IMG,https://cdn.shopify.com/s/files/1/2778/6650/products/X2814-MOTOR_5_-1000x1000.jpg?v=1677540684,https://pyrodrone.com/products/iflight-xing-x2814-fpv-nextgen-1100kv
MAD-4006-320,HELICE,"13–16"" carbon fiber props",https://www.unmannedtechshop.co.uk/products/mad-4006-eee-drone-motor-320kv
MAD-4006-320,UTILISATION,Cinematic,https://www.unmannedtechshop.co.uk/products/mad-4006-eee-drone-motor-320kv
MAD-4006-320,LIEN,https://www.unmannedtechshop.co.uk/products/mad-4006-eee-drone-motor-320kv,https://www.unmannedtechshop.co.uk/products/mad-4006-eee-drone-motor-320kv
MAD-4006-320,IMG,https://cdn.shopify.com/s/files/1/0914/9972/5181/files/MAD4006EEE320KVb.jpg?v=1780069436,https://www.unmannedtechshop.co.uk/products/mad-4006-eee-drone-motor-320kv
MAD-4006-380,HELICE,"13–16"" carbon fiber props",https://www.unmannedtechshop.co.uk/products/mad-4006-eee-drone-motor-320kv
MAD-4006-380,UTILISATION,Cinematic,https://www.unmannedtechshop.co.uk/products/mad-4006-eee-drone-motor-320kv
MAD-4006-380,LIEN,https://www.unmannedtechshop.co.uk/products/mad-4006-eee-drone-motor-320kv,https://www.unmannedtechshop.co.uk/products/mad-4006-eee-drone-motor-320kv
MAD-4006-380,IMG,https://cdn.shopify.com/s/files/1/0914/9972/5181/files/MAD4006EEE320KVb.jpg?v=1780069436,https://www.unmannedtechshop.co.uk/products/mad-4006-eee-drone-motor-320kv
MAD-4006-740,HELICE,"13–16"" carbon fiber props",https://www.unmannedtechshop.co.uk/products/mad-4006-eee-drone-motor-320kv
MAD-4006-740,UTILISATION,Cinematic,https://www.unmannedtechshop.co.uk/products/mad-4006-eee-drone-motor-320kv
MAD-4006-740,LIEN,https://www.unmannedtechshop.co.uk/products/mad-4006-eee-drone-motor-320kv,https://www.unmannedtechshop.co.uk/products/mad-4006-eee-drone-motor-320kv
MAD-4006-740,IMG,https://cdn.shopify.com/s/files/1/0914/9972/5181/files/MAD4006EEE320KVb.jpg?v=1780069436,https://www.unmannedtechshop.co.uk/products/mad-4006-eee-drone-motor-320kv
MAD-5010-200,D SHAFT,5,https://www.unmannedtechshop.co.uk/products/mad-components-5010-eee-v2-0-heavy-lift-industrial-brushless-motor
MAD-5010-200,ENTRAXE FIX,3x2,https://www.unmannedtechshop.co.uk/products/mad-components-5010-eee-v2-0-heavy-lift-industrial-brushless-motor
MAD-5010-200,VIS FIX,M3,https://www.unmannedtechshop.co.uk/products/mad-components-5010-eee-v2-0-heavy-lift-industrial-brushless-motor
MAD-5010-200,LIEN,https://www.unmannedtechshop.co.uk/products/mad-components-5010-eee-v2-0-heavy-lift-industrial-brushless-motor,https://www.unmannedtechshop.co.uk/products/mad-components-5010-eee-v2-0-heavy-lift-industrial-brushless-motor
MAD-5010-200,IMG,https://cdn.shopify.com/s/files/1/0914/9972/5181/files/2462a57318.jpg?v=1780321434,https://www.unmannedtechshop.co.uk/products/mad-components-5010-eee-v2-0-heavy-lift-industrial-brushless-motor
MAD-5010-240,D SHAFT,5,https://www.unmannedtechshop.co.uk/products/mad-components-5010-eee-v2-0-heavy-lift-industrial-brushless-motor
MAD-5010-240,ENTRAXE FIX,3x2,https://www.unmannedtechshop.co.uk/products/mad-components-5010-eee-v2-0-heavy-lift-industrial-brushless-motor
MAD-5010-240,VIS FIX,M3,https://www.unmannedtechshop.co.uk/products/mad-components-5010-eee-v2-0-heavy-lift-industrial-brushless-motor
MAD-5010-240,LIEN,https://www.unmannedtechshop.co.uk/products/mad-components-5010-eee-v2-0-heavy-lift-industrial-brushless-motor,https://www.unmannedtechshop.co.uk/products/mad-components-5010-eee-v2-0-heavy-lift-industrial-brushless-motor
MAD-5010-240,IMG,https://cdn.shopify.com/s/files/1/0914/9972/5181/files/2462a57318.jpg?v=1780321434,https://www.unmannedtechshop.co.uk/products/mad-components-5010-eee-v2-0-heavy-lift-industrial-brushless-motor
MAD-5010-310,D SHAFT,5,https://www.unmannedtechshop.co.uk/products/mad-components-5010-eee-v2-0-heavy-lift-industrial-brushless-motor
MAD-5010-310,ENTRAXE FIX,3x2,https://www.unmannedtechshop.co.uk/products/mad-components-5010-eee-v2-0-heavy-lift-industrial-brushless-motor
MAD-5010-310,VIS FIX,M3,https://www.unmannedtechshop.co.uk/products/mad-components-5010-eee-v2-0-heavy-lift-industrial-brushless-motor
MAD-5010-310,LIEN,https://www.unmannedtechshop.co.uk/products/mad-components-5010-eee-v2-0-heavy-lift-industrial-brushless-motor,https://www.unmannedtechshop.co.uk/products/mad-components-5010-eee-v2-0-heavy-lift-industrial-brushless-motor
MAD-5010-310,IMG,https://cdn.shopify.com/s/files/1/0914/9972/5181/files/2462a57318.jpg?v=1780321434,https://www.unmannedtechshop.co.uk/products/mad-components-5010-eee-v2-0-heavy-lift-industrial-brushless-motor
MAD-5010-370,D SHAFT,5,https://www.unmannedtechshop.co.uk/products/mad-components-5010-eee-v2-0-heavy-lift-industrial-brushless-motor
MAD-5010-370,ENTRAXE FIX,3x2,https://www.unmannedtechshop.co.uk/products/mad-components-5010-eee-v2-0-heavy-lift-industrial-brushless-motor
MAD-5010-370,VIS FIX,M3,https://www.unmannedtechshop.co.uk/products/mad-components-5010-eee-v2-0-heavy-lift-industrial-brushless-motor
MAD-5010-370,LIEN,https://www.unmannedtechshop.co.uk/products/mad-components-5010-eee-v2-0-heavy-lift-industrial-brushless-motor,https://www.unmannedtechshop.co.uk/products/mad-components-5010-eee-v2-0-heavy-lift-industrial-brushless-motor
MAD-5010-370,IMG,https://cdn.shopify.com/s/files/1/0914/9972/5181/files/2462a57318.jpg?v=1780321434,https://www.unmannedtechshop.co.uk/products/mad-components-5010-eee-v2-0-heavy-lift-industrial-brushless-motor
NEWB-0802-18000,UTILISATION,Whoop,https://www.racedayquads.com/products/newbeedrone-flow-0802-dual-ball-bearing-whoop-motor-27000kv-set-of-4
NEWB-0802-18000,LIEN,https://www.racedayquads.com/products/newbeedrone-flow-0802-dual-ball-bearing-whoop-motor-27000kv-set-of-4,https://www.racedayquads.com/products/newbeedrone-flow-0802-dual-ball-bearing-whoop-motor-27000kv-set-of-4
NEWB-0802-18000,IMG,https://cdn.shopify.com/s/files/1/1285/4651/files/newbeedrone-newbeedrone-flow-0802-dual-ball-bearing-whoop-motor-27000kv-set-of-4-drone-motors-30962975375473.jpg?v=1737305506,https://www.racedayquads.com/products/newbeedrone-flow-0802-dual-ball-bearing-whoop-motor-27000kv-set-of-4
NEWB-1408-2350,UTILISATION,Racing,https://newbeedrone.com/products/newbeedrone-flow-1408-racing-and-freestyle-fpv-micro-motor-2350kv-t-mount
NEWB-1408-2350,LIEN,https://newbeedrone.com/products/newbeedrone-flow-1408-racing-and-freestyle-fpv-micro-motor-2350kv-t-mount,https://newbeedrone.com/products/newbeedrone-flow-1408-racing-and-freestyle-fpv-micro-motor-2350kv-t-mount
NEWB-1408-2350,IMG,https://cdn.shopify.com/s/files/1/1126/9610/products/00._87a0bd32-3543-4c2b-b961-95661a3eb218.jpg?v=1728771667,https://newbeedrone.com/products/newbeedrone-flow-1408-racing-and-freestyle-fpv-micro-motor-2350kv-t-mount
NEWB-1408-4150,UTILISATION,Racing,https://newbeedrone.com/products/newbeedrone-flow-1408-racing-and-freestyle-fpv-micro-motor-2350kv-t-mount
NEWB-1408-4150,LIEN,https://newbeedrone.com/products/newbeedrone-flow-1408-racing-and-freestyle-fpv-micro-motor-4150kv-t-mount,https://newbeedrone.com/products/newbeedrone-flow-1408-racing-and-freestyle-fpv-micro-motor-4150kv-t-mount
NEWB-1408-4150,IMG,https://cdn.shopify.com/s/files/1/1126/9610/products/00._34469ad1-7d3c-48a9-ad9d-630e24147aba.jpg?v=1728771642,https://newbeedrone.com/products/newbeedrone-flow-1408-racing-and-freestyle-fpv-micro-motor-4150kv-t-mount
NEWB-2004-1750,ENTRAXE FIX,4x12,https://www.racedayquads.com/products/newbeedrone-flow-2004-motor-t-mount-1750kv-crazy-deal-8pack
NEWB-2004-1750,VIS FIX,M2,https://www.racedayquads.com/products/newbeedrone-flow-2004-motor-t-mount-1750kv-crazy-deal-8pack
NEWB-2004-1750,LIEN,https://www.racedayquads.com/products/newbeedrone-flow-2004-motor-t-mount-1750kv-crazy-deal-8pack,https://www.racedayquads.com/products/newbeedrone-flow-2004-motor-t-mount-1750kv-crazy-deal-8pack
NEWB-2004-1750,IMG,https://cdn.shopify.com/s/files/1/1285/4651/files/newbeedrone-newbeedrone-flow-2004-motor-t-mount-1750kv-crazy-deal-8pack-drone-motors-30962976227441.jpg?v=1737048469,https://www.racedayquads.com/products/newbeedrone-flow-2004-motor-t-mount-1750kv-crazy-deal-8pack
NEWB-2004-2450,ENTRAXE FIX,4x12,https://www.racedayquads.com/products/newbeedrone-flow-2004-motor-t-mount-1750kv-crazy-deal-8pack
NEWB-2004-2450,VIS FIX,M2,https://www.racedayquads.com/products/newbeedrone-flow-2004-motor-t-mount-1750kv-crazy-deal-8pack
NEWB-2004-2450,LIEN,https://www.racedayquads.com/products/newbeedrone-flow-2004-motor-t-mount-2450kv-crazy-deal-8pack,https://www.racedayquads.com/products/newbeedrone-flow-2004-motor-t-mount-2450kv-crazy-deal-8pack
NEWB-2004-2450,IMG,https://cdn.shopify.com/s/files/1/1285/4651/files/newbeedrone-newbeedrone-flow-2004-motor-t-mount-2450kv-crazy-deal-8pack-drone-motors-30962978783345.jpg?v=1737033361,https://www.racedayquads.com/products/newbeedrone-flow-2004-motor-t-mount-2450kv-crazy-deal-8pack
NEWB-2306-1750,LIPO,6S,https://www.racedayquads.com/products/newbeedrone-smoov-v2-2306-5-1750kv-motor
NEWB-2306-1750,D SHAFT,5,https://www.racedayquads.com/products/newbeedrone-smoov-v2-2306-5-1750kv-motor
NEWB-2306-1750,D MOTEUR,29.4,https://www.racedayquads.com/products/newbeedrone-smoov-v2-2306-5-1750kv-motor
NEWB-2306-1750,H MOTEUR,31.6,https://www.racedayquads.com/products/newbeedrone-smoov-v2-2306-5-1750kv-motor
NEWB-2306-1750,UTILISATION,Freestyle,https://www.racedayquads.com/products/newbeedrone-smoov-v2-2306-5-1750kv-motor
NEWB-2306-1750,LIEN,https://www.racedayquads.com/products/newbeedrone-smoov-v2-2306-5-1750kv-motor,https://www.racedayquads.com/products/newbeedrone-smoov-v2-2306-5-1750kv-motor
NEWB-2306-1750,IMG,https://cdn.shopify.com/s/files/1/1285/4651/products/newbeedrone-newbeedrone-smoov-v2-2306-5-1750kv-motor-motor-29817797836913.jpg?v=1762441758,https://www.racedayquads.com/products/newbeedrone-smoov-v2-2306-5-1750kv-motor
NEWB-2306-2450,D SHAFT,5,https://www.racedayquads.com/products/newbeedrone-smoov-v2-2306-5-1750kv-motor
NEWB-2306-2450,D MOTEUR,29.4,https://www.racedayquads.com/products/newbeedrone-smoov-v2-2306-5-1750kv-motor
NEWB-2306-2450,H MOTEUR,31.6,https://www.racedayquads.com/products/newbeedrone-smoov-v2-2306-5-1750kv-motor
NEWB-2306-2450,UTILISATION,Freestyle,https://www.racedayquads.com/products/newbeedrone-smoov-v2-2306-5-1750kv-motor
NEWB-2306-2450,LIEN,https://www.racedayquads.com/products/newbeedrone-smoov-v2-2306-5-1750kv-motor,https://www.racedayquads.com/products/newbeedrone-smoov-v2-2306-5-1750kv-motor
NEWB-2306-2450,IMG,https://cdn.shopify.com/s/files/1/1285/4651/products/newbeedrone-newbeedrone-smoov-v2-2306-5-1750kv-motor-motor-29817797836913.jpg?v=1762441758,https://www.racedayquads.com/products/newbeedrone-smoov-v2-2306-5-1750kv-motor
"NEWB-2306,5-1850",UTILISATION,Freestyle,https://www.racedayquads.com/products/newbeedrone-flow-2306-5-v2-freestyle-fpv-motor-2450kv
"NEWB-2306,5-1850",LIEN,https://www.racedayquads.com/products/newbeedrone-flow-2306-5-v2-freestyle-fpv-motor-2450kv,https://www.racedayquads.com/products/newbeedrone-flow-2306-5-v2-freestyle-fpv-motor-2450kv
"NEWB-2306,5-1850",IMG,https://cdn.shopify.com/s/files/1/1285/4651/files/newbeedrone-newbeedrone-flow-2306-5-v2-freestyle-fpv-motor-2450kv-drone-motors-30962979831921.jpg?v=1737044697,https://www.racedayquads.com/products/newbeedrone-flow-2306-5-v2-freestyle-fpv-motor-2450kv
"NEWB-2306,5-2450",UTILISATION,Freestyle,https://www.racedayquads.com/products/newbeedrone-flow-2306-5-v2-freestyle-fpv-motor-2450kv
"NEWB-2306,5-2450",LIEN,https://www.racedayquads.com/products/newbeedrone-flow-2306-5-v2-freestyle-fpv-motor-2450kv,https://www.racedayquads.com/products/newbeedrone-flow-2306-5-v2-freestyle-fpv-motor-2450kv
"NEWB-2306,5-2450",IMG,https://cdn.shopify.com/s/files/1/1285/4651/files/newbeedrone-newbeedrone-flow-2306-5-v2-freestyle-fpv-motor-2450kv-drone-motors-30962979831921.jpg?v=1737044697,https://www.racedayquads.com/products/newbeedrone-flow-2306-5-v2-freestyle-fpv-motor-2450kv
RACE-1306-3100,D SHAFT,5,https://www.unmannedtechshop.co.uk/products/racerstar-br1306-brushless-motor
RACE-1306-3100,VIS HEL,M5,https://www.unmannedtechshop.co.uk/products/racerstar-br1306-brushless-motor
RACE-1306-3100,D MOTEUR,17.6,https://www.unmannedtechshop.co.uk/products/racerstar-br1306-brushless-motor
RACE-1306-3100,H MOTEUR,14.5,https://www.unmannedtechshop.co.uk/products/racerstar-br1306-brushless-motor
RACE-1306-3100,LIEN,https://www.unmannedtechshop.co.uk/products/racerstar-br1306-brushless-motor,https://www.unmannedtechshop.co.uk/products/racerstar-br1306-brushless-motor
RACE-1306-3100,IMG,https://cdn.shopify.com/s/files/1/0914/9972/5181/files/products-RacerStar_BR1306_3100kv_Motor-7__55945.1504865038.1280.1280.jpg?v=1754233471,https://www.unmannedtechshop.co.uk/products/racerstar-br1306-brushless-motor
RACE-1306-4000,D SHAFT,5,https://www.unmannedtechshop.co.uk/products/racerstar-br1306-brushless-motor
RACE-1306-4000,VIS HEL,M5,https://www.unmannedtechshop.co.uk/products/racerstar-br1306-brushless-motor
RACE-1306-4000,D MOTEUR,17.6,https://www.unmannedtechshop.co.uk/products/racerstar-br1306-brushless-motor
RACE-1306-4000,H MOTEUR,14.5,https://www.unmannedtechshop.co.uk/products/racerstar-br1306-brushless-motor
RACE-1306-4000,LIEN,https://www.unmannedtechshop.co.uk/products/racerstar-br1306-brushless-motor,https://www.unmannedtechshop.co.uk/products/racerstar-br1306-brushless-motor
RACE-1306-4000,IMG,https://cdn.shopify.com/s/files/1/0914/9972/5181/files/products-RacerStar_BR1306_3100kv_Motor-7__55945.1504865038.1280.1280.jpg?v=1754233471,https://www.unmannedtechshop.co.uk/products/racerstar-br1306-brushless-motor
RCIN-1204-5000,LIPO,3S-4S,https://www.racedayquads.com/products/rcinpower-gts-v2-1204-5000kv-motor
RCIN-1204-5000,CONFIG,9N12P,https://www.racedayquads.com/products/rcinpower-gts-v2-1204-5000kv-motor
RCIN-1204-5000,D SHAFT,1.5,https://www.racedayquads.com/products/rcinpower-gts-v2-1204-5000kv-motor
RCIN-1204-5000,PUISSANCE,89,https://www.racedayquads.com/products/rcinpower-gts-v2-1204-5000kv-motor
RCIN-1204-5000,RESISTANCE,125mΩ,https://www.racedayquads.com/products/rcinpower-gts-v2-1204-5000kv-motor
RCIN-1204-5000,AMP,6,https://www.racedayquads.com/products/rcinpower-gts-v2-1204-5000kv-motor
RCIN-1204-5000,D MOTEUR,16.1,https://www.racedayquads.com/products/rcinpower-gts-v2-1204-5000kv-motor
RCIN-1204-5000,H MOTEUR,10.9,https://www.racedayquads.com/products/rcinpower-gts-v2-1204-5000kv-motor
RCIN-1204-5000,L CABLE,8mm,https://www.racedayquads.com/products/rcinpower-gts-v2-1204-5000kv-motor
RCIN-1204-5000,UTILISATION,Toothpick,https://www.racedayquads.com/products/rcinpower-gts-v2-1204-5000kv-motor
RCIN-1204-5000,LIEN,https://www.racedayquads.com/products/rcinpower-gts-v2-1204-5000kv-motor,https://www.racedayquads.com/products/rcinpower-gts-v2-1204-5000kv-motor
RCIN-1204-5000,IMG,https://cdn.shopify.com/s/files/1/1285/4651/products/rcinpower-rcinpower-gts-v2-1204-5000kv-micro-motor-choose-color-purple-green-motor-14705676779633.jpg?v=1762440728,https://www.racedayquads.com/products/rcinpower-gts-v2-1204-5000kv-motor
RCIN-1507-3800,CONFIG,9N12P,https://pyrodrone.com/products/rcinpower-smoox-plus-1507-4200kv-fpv-drone-motor-gun-metal
RCIN-1507-3800,D SHAFT,5,https://pyrodrone.com/products/rcinpower-smoox-plus-1507-4200kv-fpv-drone-motor-gun-metal
RCIN-1507-3800,D MOTEUR,20.7,https://pyrodrone.com/products/rcinpower-smoox-plus-1507-4200kv-fpv-drone-motor-gun-metal
RCIN-1507-3800,H MOTEUR,28.2,https://pyrodrone.com/products/rcinpower-smoox-plus-1507-4200kv-fpv-drone-motor-gun-metal
RCIN-1507-4200,LIPO,3S-4S,https://pyrodrone.com/products/rcinpower-smoox-plus-1507-4200kv-fpv-drone-motor-gun-metal
RCIN-1507-4200,CONFIG,9N12P,https://pyrodrone.com/products/rcinpower-smoox-plus-1507-4200kv-fpv-drone-motor-gun-metal
RCIN-1507-4200,D SHAFT,5,https://pyrodrone.com/products/rcinpower-smoox-plus-1507-4200kv-fpv-drone-motor-gun-metal
RCIN-1507-4200,RESISTANCE,59mΩ,https://pyrodrone.com/products/rcinpower-smoox-plus-1507-4200kv-fpv-drone-motor-gun-metal
RCIN-1507-4200,PUISSANCE,450,https://pyrodrone.com/products/rcinpower-smoox-plus-1507-4200kv-fpv-drone-motor-gun-metal
RCIN-1507-4200,AMP,30,https://pyrodrone.com/products/rcinpower-smoox-plus-1507-4200kv-fpv-drone-motor-gun-metal
RCIN-1507-4200,D MOTEUR,20.7,https://pyrodrone.com/products/rcinpower-smoox-plus-1507-4200kv-fpv-drone-motor-gun-metal
RCIN-1507-4200,H MOTEUR,28.2,https://pyrodrone.com/products/rcinpower-smoox-plus-1507-4200kv-fpv-drone-motor-gun-metal
RCIN-1507-4200,LIEN,https://pyrodrone.com/products/rcinpower-smoox-plus-1507-4200kv-fpv-drone-motor-gun-metal,https://pyrodrone.com/products/rcinpower-smoox-plus-1507-4200kv-fpv-drone-motor-gun-metal
RCIN-1507-4200,IMG,https://cdn.shopify.com/s/files/1/2778/6650/products/4PCS-RCINPOWER-SmooX-1507-Plus-2680KV-3800KV-4200KV-3-6S-FPV-Brushless-Motor-for-FPV-Racing_jpg_Q90_jpg.webp?v=1652468341,https://pyrodrone.com/products/rcinpower-smoox-plus-1507-4200kv-fpv-drone-motor-gun-metal
RCIN-1507-3800,UTILISATION,Racing,https://www.racedayquads.com/products/rcinpower-smoox-1507-2680kv-micro-motor-gunmetal
RCIN-1507-4200,UTILISATION,Racing,https://www.racedayquads.com/products/rcinpower-smoox-1507-2680kv-micro-motor-gunmetal
RCIN-2107-1980,LIPO,5S-6S,https://www.racedayquads.com/products/rcinpower-gts-v3-2107-plus-1980kv-motor-choose-color
RCIN-2107-1980,CONFIG,12N14P,https://www.racedayquads.com/products/rcinpower-gts-v3-2107-plus-1980kv-motor-choose-color
RCIN-2107-1980,AMP,38.9,https://www.racedayquads.com/products/rcinpower-gts-v3-2107-plus-1980kv-motor-choose-color
RCIN-2107-1980,RESISTANCE,55mΩ,https://www.racedayquads.com/products/rcinpower-gts-v3-2107-plus-1980kv-motor-choose-color
RCIN-2107-1980,D MOTEUR,26.29,https://www.racedayquads.com/products/rcinpower-gts-v3-2107-plus-1980kv-motor-choose-color
RCIN-2107-1980,H MOTEUR,30.85,https://www.racedayquads.com/products/rcinpower-gts-v3-2107-plus-1980kv-motor-choose-color
RCIN-2107-1980,D SHAFT,5,https://www.racedayquads.com/products/rcinpower-gts-v3-2107-plus-1980kv-motor-choose-color
RCIN-2107-1980,ENTRAXE FIX,16x16,https://www.racedayquads.com/products/rcinpower-gts-v3-2107-plus-1980kv-motor-choose-color
RCIN-2107-1980,LIEN,https://www.racedayquads.com/products/rcinpower-gts-v3-2107-plus-1980kv-motor-choose-color,https://www.racedayquads.com/products/rcinpower-gts-v3-2107-plus-1980kv-motor-choose-color
RCIN-2107-1980,IMG,https://cdn.shopify.com/s/files/1/1285/4651/products/rcinpower-rcinpower-gts-v3-2107-plus-1980kv-motor-choose-color-motor-29465431638129.jpg?v=1762441549,https://www.racedayquads.com/products/rcinpower-gts-v3-2107-plus-1980kv-motor-choose-color
RCIN-2206-1860,CONFIG,12N14P,https://www.racedayquads.com/products/rcinpower-wasp-major-22-6-6-6-1860kv-motor-gold
RCIN-2206-1860,PUISSANCE,900,https://www.racedayquads.com/products/rcinpower-wasp-major-22-6-6-6-1860kv-motor-gold
RCIN-2206-1860,UTILISATION,Racing,https://www.racedayquads.com/products/rcinpower-wasp-major-22-6-6-6-1860kv-motor-gold
RCIN-2206-1860,LIEN,https://www.racedayquads.com/products/rcinpower-wasp-major-22-6-6-6-1860kv-motor-gold,https://www.racedayquads.com/products/rcinpower-wasp-major-22-6-6-6-1860kv-motor-gold
RCIN-2206-1860,IMG,https://cdn.shopify.com/s/files/1/1285/4651/files/rcinpower-rcinpower-wasp-major-22-6-6-5-2206-5-1860kv-motor-gold-motors-30951674544241.jpg?v=1762456499,https://www.racedayquads.com/products/rcinpower-wasp-major-22-6-6-6-1860kv-motor-gold
RCIN-2206-2020,CONFIG,12N14P,https://www.racedayquads.com/products/rcinpower-wasp-major-22-6-6-6-1860kv-motor-gold
RCIN-2206-2020,UTILISATION,Racing,https://www.racedayquads.com/products/rcinpower-wasp-major-22-6-6-6-1860kv-motor-gold
RCIN-2206-2420,CONFIG,12N14P,https://www.racedayquads.com/products/rcinpower-wasp-major-22-6-6-6-1860kv-motor-gold
RCIN-2206-2420,UTILISATION,Racing,https://www.racedayquads.com/products/rcinpower-wasp-major-22-6-6-6-1860kv-motor-gold
RCIN-2206-2420,LIPO,4S-5S,https://www.racedayquads.com/products/rcinpower-wasp-major-22-6-6-6-2420kv-motor-gold
RCIN-2206-2420,PUISSANCE,970,https://www.racedayquads.com/products/rcinpower-wasp-major-22-6-6-6-2420kv-motor-gold
RCIN-2206-2420,LIEN,https://www.racedayquads.com/products/rcinpower-wasp-major-22-6-6-6-2420kv-motor-gold,https://www.racedayquads.com/products/rcinpower-wasp-major-22-6-6-6-2420kv-motor-gold
RCIN-2206-2420,IMG,https://cdn.shopify.com/s/files/1/1285/4651/files/rcinpower-rcinpower-wasp-major-22-6-6-5-2206-5-2420kv-motor-gold-motors-30951685521521.jpg?v=1762456499,https://www.racedayquads.com/products/rcinpower-wasp-major-22-6-6-6-2420kv-motor-gold
RCIN-2207-1860,CONFIG,12N14P,https://www.unmannedtechshop.co.uk/products/rcinpower-gts-v2-2207-plus-motor-1860kv-2550kv-4-6s
RCIN-2207-1860,D SHAFT,4,https://www.unmannedtechshop.co.uk/products/rcinpower-gts-v2-2207-plus-motor-1860kv-2550kv-4-6s
RCIN-2207-1860,PUISSANCE,1000,https://www.unmannedtechshop.co.uk/products/rcinpower-gts-v2-2207-plus-motor-1860kv-2550kv-4-6s
RCIN-2207-1860,RESISTANCE,55mΩ @1860KV; 30mΩ @,https://www.unmannedtechshop.co.uk/products/rcinpower-gts-v2-2207-plus-motor-1860kv-2550kv-4-6s
RCIN-2207-1860,AMP,40,https://www.unmannedtechshop.co.uk/products/rcinpower-gts-v2-2207-plus-motor-1860kv-2550kv-4-6s
RCIN-2207-1860,D MOTEUR,21.7,https://www.unmannedtechshop.co.uk/products/rcinpower-gts-v2-2207-plus-motor-1860kv-2550kv-4-6s
RCIN-2207-1860,H MOTEUR,31.5,https://www.unmannedtechshop.co.uk/products/rcinpower-gts-v2-2207-plus-motor-1860kv-2550kv-4-6s
RCIN-2207-1860,LIEN,https://www.unmannedtechshop.co.uk/products/rcinpower-gts-v2-2207-plus-motor-1860kv-2550kv-4-6s,https://www.unmannedtechshop.co.uk/products/rcinpower-gts-v2-2207-plus-motor-1860kv-2550kv-4-6s
RCIN-2207-1860,IMG,https://cdn.shopify.com/s/files/1/0914/9972/5181/files/GTS2207plus-v2-6.jpg?v=1754232909,https://www.unmannedtechshop.co.uk/products/rcinpower-gts-v2-2207-plus-motor-1860kv-2550kv-4-6s
RCIN-2207-2550,CONFIG,12N14P,https://www.unmannedtechshop.co.uk/products/rcinpower-gts-v2-2207-plus-motor-1860kv-2550kv-4-6s
RCIN-2207-2550,D SHAFT,4,https://www.unmannedtechshop.co.uk/products/rcinpower-gts-v2-2207-plus-motor-1860kv-2550kv-4-6s
RCIN-2207-2550,PUISSANCE,1000,https://www.unmannedtechshop.co.uk/products/rcinpower-gts-v2-2207-plus-motor-1860kv-2550kv-4-6s
RCIN-2207-2550,RESISTANCE,55mΩ @1860KV; 30mΩ @,https://www.unmannedtechshop.co.uk/products/rcinpower-gts-v2-2207-plus-motor-1860kv-2550kv-4-6s
RCIN-2207-2550,AMP,40,https://www.unmannedtechshop.co.uk/products/rcinpower-gts-v2-2207-plus-motor-1860kv-2550kv-4-6s
RCIN-2207-2550,D MOTEUR,21.7,https://www.unmannedtechshop.co.uk/products/rcinpower-gts-v2-2207-plus-motor-1860kv-2550kv-4-6s
RCIN-2207-2550,H MOTEUR,31.5,https://www.unmannedtechshop.co.uk/products/rcinpower-gts-v2-2207-plus-motor-1860kv-2550kv-4-6s
RCIN-2207-2550,LIEN,https://www.unmannedtechshop.co.uk/products/rcinpower-gts-v2-2207-plus-motor-1860kv-2550kv-4-6s,https://www.unmannedtechshop.co.uk/products/rcinpower-gts-v2-2207-plus-motor-1860kv-2550kv-4-6s
RCIN-2207-2550,IMG,https://cdn.shopify.com/s/files/1/0914/9972/5181/files/GTS2207plus-v2-6.jpg?v=1754232909,https://www.unmannedtechshop.co.uk/products/rcinpower-gts-v2-2207-plus-motor-1860kv-2550kv-4-6s
RCIN-2306-1880,CONFIG,12N14P,https://pyrodrone.com/products/rcinpower-smoox-2306-plus-motor-1880kv-orange
RCIN-2306-1880,D SHAFT,4,https://pyrodrone.com/products/rcinpower-smoox-2306-plus-motor-1880kv-orange
RCIN-2306-1880,TYPE SHAFT,Creux,https://pyrodrone.com/products/rcinpower-smoox-2306-plus-motor-1880kv-orange
RCIN-2306-1880,PUISSANCE,900,https://pyrodrone.com/products/rcinpower-smoox-2306-plus-motor-1880kv-orange
RCIN-2306-1880,RESISTANCE,49mΩ@ 1880KV ; 40mΩ ,https://pyrodrone.com/products/rcinpower-smoox-2306-plus-motor-1880kv-orange
RCIN-2306-1880,AMP,36,https://pyrodrone.com/products/rcinpower-smoox-2306-plus-motor-1880kv-orange
RCIN-2306-1880,D MOTEUR,29,https://pyrodrone.com/products/rcinpower-smoox-2306-plus-motor-1880kv-orange
RCIN-2306-1880,H MOTEUR,30.5,https://pyrodrone.com/products/rcinpower-smoox-2306-plus-motor-1880kv-orange
RCIN-2306-1880,LIEN,https://pyrodrone.com/products/rcinpower-smoox-2306-plus-motor-1880kv-orange,https://pyrodrone.com/products/rcinpower-smoox-2306-plus-motor-1880kv-orange
RCIN-2306-1880,IMG,https://cdn.shopify.com/s/files/1/2778/6650/products/rcINpowerSmoox23062500kvOrange_2_1800x1800_737bbeaa-0f72-416f-bc1a-c5a3190bffb6.jpg?v=1632322683,https://pyrodrone.com/products/rcinpower-smoox-2306-plus-motor-1880kv-orange
RCIN-2306-2580,CONFIG,12N14P,https://pyrodrone.com/products/rcinpower-smoox-2306-plus-motor-1880kv-orange
RCIN-2306-2580,D SHAFT,4,https://pyrodrone.com/products/rcinpower-smoox-2306-plus-motor-1880kv-orange
RCIN-2306-2580,TYPE SHAFT,Creux,https://pyrodrone.com/products/rcinpower-smoox-2306-plus-motor-1880kv-orange
RCIN-2306-2580,D MOTEUR,29,https://pyrodrone.com/products/rcinpower-smoox-2306-plus-motor-1880kv-orange
RCIN-2306-2580,H MOTEUR,30.5,https://pyrodrone.com/products/rcinpower-smoox-2306-plus-motor-1880kv-orange
RCIN-2306-2580,PUISSANCE,900,https://pyrodrone.com/products/rcinpower-smoox-2306-plus-motor-2580kv-orange
RCIN-2306-2580,RESISTANCE,49mΩ@ 1880KV ; 40mΩ ,https://pyrodrone.com/products/rcinpower-smoox-2306-plus-motor-2580kv-orange
RCIN-2306-2580,AMP,36,https://pyrodrone.com/products/rcinpower-smoox-2306-plus-motor-2580kv-orange
RCIN-2306-2580,LIEN,https://pyrodrone.com/products/rcinpower-smoox-2306-plus-motor-2580kv-orange,https://pyrodrone.com/products/rcinpower-smoox-2306-plus-motor-2580kv-orange
RCIN-2306-2580,IMG,https://cdn.shopify.com/s/files/1/2778/6650/products/rcINpowerSmoox23062500kvOrange_1_1800x1800_70b4fd79-09d7-4d00-b8c4-f44234fa32fe.jpg?v=1632322520,https://pyrodrone.com/products/rcinpower-smoox-2306-plus-motor-2580kv-orange
"RCIN-2306,5-1880",CONFIG,12N14P,https://www.unmannedtechshop.co.uk/products/rcinpower-smoox-2306-5-motor-1880kv-2280kv-2580kv-4-6s
"RCIN-2306,5-1880",D SHAFT,4,https://www.unmannedtechshop.co.uk/products/rcinpower-smoox-2306-5-motor-1880kv-2280kv-2580kv-4-6s
"RCIN-2306,5-1880",TYPE SHAFT,Creux,https://www.unmannedtechshop.co.uk/products/rcinpower-smoox-2306-5-motor-1880kv-2280kv-2580kv-4-6s
"RCIN-2306,5-1880",PUISSANCE,900,https://www.unmannedtechshop.co.uk/products/rcinpower-smoox-2306-5-motor-1880kv-2280kv-2580kv-4-6s
"RCIN-2306,5-1880",RESISTANCE,49mΩ@ 1880KV ; 40mΩ ,https://www.unmannedtechshop.co.uk/products/rcinpower-smoox-2306-5-motor-1880kv-2280kv-2580kv-4-6s
"RCIN-2306,5-1880",AMP,36,https://www.unmannedtechshop.co.uk/products/rcinpower-smoox-2306-5-motor-1880kv-2280kv-2580kv-4-6s
"RCIN-2306,5-1880",D MOTEUR,29,https://www.unmannedtechshop.co.uk/products/rcinpower-smoox-2306-5-motor-1880kv-2280kv-2580kv-4-6s
"RCIN-2306,5-1880",H MOTEUR,30.5,https://www.unmannedtechshop.co.uk/products/rcinpower-smoox-2306-5-motor-1880kv-2280kv-2580kv-4-6s
"RCIN-2306,5-1880",LIEN,https://www.unmannedtechshop.co.uk/products/rcinpower-smoox-2306-5-motor-1880kv-2280kv-2580kv-4-6s,https://www.unmannedtechshop.co.uk/products/rcinpower-smoox-2306-5-motor-1880kv-2280kv-2580kv-4-6s
"RCIN-2306,5-1880",IMG,https://cdn.shopify.com/s/files/1/0914/9972/5181/files/fc30a663-81a5-4911-b4a8-837fa936803c_1200x1200_04b3a026-d2c2-42c4-81e6-0c369c311ddd.jpg?v=1753832002,https://www.unmannedtechshop.co.uk/products/rcinpower-smoox-2306-5-motor-1880kv-2280kv-2580kv-4-6s
"RCIN-2306,5-2580",CONFIG,12N14P,https://www.unmannedtechshop.co.uk/products/rcinpower-smoox-2306-5-motor-1880kv-2280kv-2580kv-4-6s
"RCIN-2306,5-2580",D SHAFT,4,https://www.unmannedtechshop.co.uk/products/rcinpower-smoox-2306-5-motor-1880kv-2280kv-2580kv-4-6s
"RCIN-2306,5-2580",TYPE SHAFT,Creux,https://www.unmannedtechshop.co.uk/products/rcinpower-smoox-2306-5-motor-1880kv-2280kv-2580kv-4-6s
"RCIN-2306,5-2580",PUISSANCE,900,https://www.unmannedtechshop.co.uk/products/rcinpower-smoox-2306-5-motor-1880kv-2280kv-2580kv-4-6s
"RCIN-2306,5-2580",RESISTANCE,49mΩ@ 1880KV ; 40mΩ ,https://www.unmannedtechshop.co.uk/products/rcinpower-smoox-2306-5-motor-1880kv-2280kv-2580kv-4-6s
"RCIN-2306,5-2580",AMP,36,https://www.unmannedtechshop.co.uk/products/rcinpower-smoox-2306-5-motor-1880kv-2280kv-2580kv-4-6s
"RCIN-2306,5-2580",D MOTEUR,29,https://www.unmannedtechshop.co.uk/products/rcinpower-smoox-2306-5-motor-1880kv-2280kv-2580kv-4-6s
"RCIN-2306,5-2580",H MOTEUR,30.5,https://www.unmannedtechshop.co.uk/products/rcinpower-smoox-2306-5-motor-1880kv-2280kv-2580kv-4-6s
"RCIN-2306,5-2580",LIEN,https://www.unmannedtechshop.co.uk/products/rcinpower-smoox-2306-5-motor-1880kv-2280kv-2580kv-4-6s,https://www.unmannedtechshop.co.uk/products/rcinpower-smoox-2306-5-motor-1880kv-2280kv-2580kv-4-6s
"RCIN-2306,5-2580",IMG,https://cdn.shopify.com/s/files/1/0914/9972/5181/files/fc30a663-81a5-4911-b4a8-837fa936803c_1200x1200_04b3a026-d2c2-42c4-81e6-0c369c311ddd.jpg?v=1753832002,https://www.unmannedtechshop.co.uk/products/rcinpower-smoox-2306-5-motor-1880kv-2280kv-2580kv-4-6s
"RCIN-2306,5-2680",CONFIG,12N14P,https://www.unmannedtechshop.co.uk/products/rcinpower-smoox-2306-5-motor-1880kv-2280kv-2580kv-4-6s
"RCIN-2306,5-2680",D SHAFT,4,https://www.unmannedtechshop.co.uk/products/rcinpower-smoox-2306-5-motor-1880kv-2280kv-2580kv-4-6s
"RCIN-2306,5-2680",TYPE SHAFT,Creux,https://www.unmannedtechshop.co.uk/products/rcinpower-smoox-2306-5-motor-1880kv-2280kv-2580kv-4-6s
"RCIN-2306,5-2680",D MOTEUR,29,https://www.unmannedtechshop.co.uk/products/rcinpower-smoox-2306-5-motor-1880kv-2280kv-2580kv-4-6s
"RCIN-2306,5-2680",H MOTEUR,30.5,https://www.unmannedtechshop.co.uk/products/rcinpower-smoox-2306-5-motor-1880kv-2280kv-2580kv-4-6s
"RCIN-2306,5-2680",LIEN,https://www.unmannedtechshop.co.uk/products/rcinpower-smoox-2306-5-motor-1880kv-2280kv-2580kv-4-6s,https://www.unmannedtechshop.co.uk/products/rcinpower-smoox-2306-5-motor-1880kv-2280kv-2580kv-4-6s
"RCIN-2306,5-2680",IMG,https://cdn.shopify.com/s/files/1/0914/9972/5181/files/fc30a663-81a5-4911-b4a8-837fa936803c_1200x1200_04b3a026-d2c2-42c4-81e6-0c369c311ddd.jpg?v=1753832002,https://www.unmannedtechshop.co.uk/products/rcinpower-smoox-2306-5-motor-1880kv-2280kv-2580kv-4-6s
"RCIN-2806,5-1350",VIS FIX,M3,https://pyrodrone.com/products/rcinpower-smoox-2806-5-motor-1750kv-gun-metal
"RCIN-2806,5-1350",AIMANT,N52H,https://pyrodrone.com/products/rcinpower-smoox-2806-5-motor-1750kv-gun-metal
"RCIN-2806,5-1350",TYPE CABLE,28AWG,https://pyrodrone.com/products/rcinpower-smoox-2806-5-motor-1750kv-gun-metal
"RCIN-2806,5-1350",CONFIG,12N14P,https://pyrodrone.com/products/rcinpower-smoox-2806-5-motor-1750kv-gun-metal
"RCIN-2806,5-1350",D SHAFT,4,https://pyrodrone.com/products/rcinpower-smoox-2806-5-motor-1750kv-gun-metal
"RCIN-2806,5-1350",TYPE SHAFT,Creux,https://pyrodrone.com/products/rcinpower-smoox-2806-5-motor-1750kv-gun-metal
"RCIN-2806,5-1350",D MOTEUR,34.3,https://pyrodrone.com/products/rcinpower-smoox-2806-5-motor-1750kv-gun-metal
"RCIN-2806,5-1350",H MOTEUR,32.9,https://pyrodrone.com/products/rcinpower-smoox-2806-5-motor-1750kv-gun-metal
"RCIN-2806,5-1350",UTILISATION,Long Range,https://pyrodrone.com/products/rcinpower-smoox-2806-5-motor-1750kv-gun-metal
"RCIN-2806,5-1750",VIS FIX,M3,https://pyrodrone.com/products/rcinpower-smoox-2806-5-motor-1750kv-gun-metal
"RCIN-2806,5-1750",AIMANT,N52H,https://pyrodrone.com/products/rcinpower-smoox-2806-5-motor-1750kv-gun-metal
"RCIN-2806,5-1750",TYPE CABLE,28AWG,https://pyrodrone.com/products/rcinpower-smoox-2806-5-motor-1750kv-gun-metal
"RCIN-2806,5-1750",LIPO,4S-6S,https://pyrodrone.com/products/rcinpower-smoox-2806-5-motor-1750kv-gun-metal
"RCIN-2806,5-1750",CONFIG,12N14P,https://pyrodrone.com/products/rcinpower-smoox-2806-5-motor-1750kv-gun-metal
"RCIN-2806,5-1750",D SHAFT,4,https://pyrodrone.com/products/rcinpower-smoox-2806-5-motor-1750kv-gun-metal
"RCIN-2806,5-1750",TYPE SHAFT,Creux,https://pyrodrone.com/products/rcinpower-smoox-2806-5-motor-1750kv-gun-metal
"RCIN-2806,5-1750",PUISSANCE,1200,https://pyrodrone.com/products/rcinpower-smoox-2806-5-motor-1750kv-gun-metal
"RCIN-2806,5-1750",RESISTANCE,48mΩ @ 1750KV,https://pyrodrone.com/products/rcinpower-smoox-2806-5-motor-1750kv-gun-metal
"RCIN-2806,5-1750",AMP,50,https://pyrodrone.com/products/rcinpower-smoox-2806-5-motor-1750kv-gun-metal
"RCIN-2806,5-1750",D MOTEUR,34.3,https://pyrodrone.com/products/rcinpower-smoox-2806-5-motor-1750kv-gun-metal
"RCIN-2806,5-1750",H MOTEUR,32.9,https://pyrodrone.com/products/rcinpower-smoox-2806-5-motor-1750kv-gun-metal
"RCIN-2806,5-1750",UTILISATION,Long Range,https://pyrodrone.com/products/rcinpower-smoox-2806-5-motor-1750kv-gun-metal
"RCIN-2806,5-1750",LIEN,https://pyrodrone.com/products/rcinpower-smoox-2806-5-motor-1750kv-gun-metal,https://pyrodrone.com/products/rcinpower-smoox-2806-5-motor-1750kv-gun-metal
"RCIN-2806,5-1750",IMG,https://cdn.shopify.com/s/files/1/2778/6650/files/smoox-28065-1750kv-6s-gun-metal_e209485d-e359-4f03-96c3-7b4a58800c25.jpg?v=1688594747,https://pyrodrone.com/products/rcinpower-smoox-2806-5-motor-1750kv-gun-metal
"RCIN-2806,5-1350",LIPO,4S-6S,https://pyrodrone.com/products/rcinpower-smoox-2806-5-motor-1350kv-gun-metal
"RCIN-2806,5-1350",PUISSANCE,960,https://pyrodrone.com/products/rcinpower-smoox-2806-5-motor-1350kv-gun-metal
"RCIN-2806,5-1350",RESISTANCE,58mΩ@ 1350KV,https://pyrodrone.com/products/rcinpower-smoox-2806-5-motor-1350kv-gun-metal
"RCIN-2806,5-1350",AMP,40,https://pyrodrone.com/products/rcinpower-smoox-2806-5-motor-1350kv-gun-metal
"RCIN-2806,5-1350",LIEN,https://pyrodrone.com/products/rcinpower-smoox-2806-5-motor-1350kv-gun-metal,https://pyrodrone.com/products/rcinpower-smoox-2806-5-motor-1350kv-gun-metal
"RCIN-2806,5-1350",IMG,https://cdn.shopify.com/s/files/1/2778/6650/files/smoox-28065-1750kv-6s-gun-metal_4becbce5-a486-402d-b3c6-6882c0545112.jpg?v=1688595074,https://pyrodrone.com/products/rcinpower-smoox-2806-5-motor-1350kv-gun-metal
T-MO-1204-5000,LIEN,https://www.unmannedtechshop.co.uk/products/tmotor-f1204-motor-5000kv-6500kv,https://www.unmannedtechshop.co.uk/products/tmotor-f1204-motor-5000kv-6500kv
T-MO-1204-5000,IMG,https://cdn.shopify.com/s/files/1/0914/9972/5181/files/F1204.jpg?v=1753831809,https://www.unmannedtechshop.co.uk/products/tmotor-f1204-motor-5000kv-6500kv
T-MO-1204-6500,LIEN,https://www.unmannedtechshop.co.uk/products/tmotor-f1204-motor-5000kv-6500kv,https://www.unmannedtechshop.co.uk/products/tmotor-f1204-motor-5000kv-6500kv
T-MO-1204-6500,IMG,https://cdn.shopify.com/s/files/1/0914/9972/5181/files/F1204.jpg?v=1753831809,https://www.unmannedtechshop.co.uk/products/tmotor-f1204-motor-5000kv-6500kv
T-MO-1404-3800,D MOTEUR,17.9,https://pyrodrone.com/products/t-motor-f1404-micro-long-range-motors-4600kv
T-MO-1404-3800,H MOTEUR,16.6,https://pyrodrone.com/products/t-motor-f1404-micro-long-range-motors-4600kv
T-MO-1404-3800,UTILISATION,Long Range,https://pyrodrone.com/products/t-motor-f1404-micro-long-range-motors-4600kv
T-MO-1404-4600,D MOTEUR,17.9,https://pyrodrone.com/products/t-motor-f1404-micro-long-range-motors-4600kv
T-MO-1404-4600,H MOTEUR,16.6,https://pyrodrone.com/products/t-motor-f1404-micro-long-range-motors-4600kv
T-MO-1404-4600,LIPO,3S-4S,https://pyrodrone.com/products/t-motor-f1404-micro-long-range-motors-4600kv
T-MO-1404-4600,UTILISATION,Long Range,https://pyrodrone.com/products/t-motor-f1404-micro-long-range-motors-4600kv
T-MO-1404-4600,LIEN,https://pyrodrone.com/products/t-motor-f1404-micro-long-range-motors-4600kv,https://pyrodrone.com/products/t-motor-f1404-micro-long-range-motors-4600kv
T-MO-1404-4600,IMG,https://cdn.shopify.com/s/files/1/2778/6650/products/1_91101d5a-5737-41cd-8ffc-aae02ad36089.jpg?v=1632165844,https://pyrodrone.com/products/t-motor-f1404-micro-long-range-motors-4600kv
T-MO-1404-3800,CONFIG,9N12P,https://pyrodrone.com/products/t-motor-f1404-micro-long-range-motors-3800kv
T-MO-1404-3800,D SHAFT,1.5,https://pyrodrone.com/products/t-motor-f1404-micro-long-range-motors-3800kv
T-MO-1404-3800,LIPO,3S-4S,https://pyrodrone.com/products/t-motor-f1404-micro-long-range-motors-3800kv
T-MO-1404-3800,RESISTANCE,195mΩ,https://pyrodrone.com/products/t-motor-f1404-micro-long-range-motors-3800kv
T-MO-1404-3800,PUISSANCE,304,https://pyrodrone.com/products/t-motor-f1404-micro-long-range-motors-3800kv
T-MO-1404-3800,LIEN,https://pyrodrone.com/products/t-motor-f1404-micro-long-range-motors-3800kv,https://pyrodrone.com/products/t-motor-f1404-micro-long-range-motors-3800kv
T-MO-1404-3800,IMG,https://cdn.shopify.com/s/files/1/2778/6650/products/1404.jpg?v=1611185849,https://pyrodrone.com/products/t-motor-f1404-micro-long-range-motors-3800kv
T-MO-1404-4600,CONFIG,9N12P,https://pyrodrone.com/products/t-motor-f1404-micro-long-range-motors-3800kv
T-MO-1404-4600,D SHAFT,1.5,https://pyrodrone.com/products/t-motor-f1404-micro-long-range-motors-3800kv
T-MO-1507-2700,CONFIG,12N14P,https://www.racedayquads.com/products/t-motor-f1507-3800kv-micro-motor
T-MO-1507-2700,D SHAFT,2,https://www.racedayquads.com/products/t-motor-f1507-3800kv-micro-motor
T-MO-1507-2700,D MOTEUR,18.9,https://www.racedayquads.com/products/t-motor-f1507-3800kv-micro-motor
T-MO-1507-2700,H MOTEUR,29.7,https://www.racedayquads.com/products/t-motor-f1507-3800kv-micro-motor
T-MO-1507-2700,UTILISATION,Cinewhoop,https://www.racedayquads.com/products/t-motor-f1507-3800kv-micro-motor
T-MO-1507-2700,LIEN,https://www.racedayquads.com/products/t-motor-f1507-3800kv-micro-motor,https://www.racedayquads.com/products/t-motor-f1507-3800kv-micro-motor
T-MO-1507-2700,IMG,https://cdn.shopify.com/s/files/1/1285/4651/products/tmotor-t-motor-f1507-3800kv-micro-motor-motor-13344072007793.jpg?v=1762440470,https://www.racedayquads.com/products/t-motor-f1507-3800kv-micro-motor
T-MO-1507-3800,CONFIG,12N14P,https://www.racedayquads.com/products/t-motor-f1507-3800kv-micro-motor
T-MO-1507-3800,D SHAFT,2,https://www.racedayquads.com/products/t-motor-f1507-3800kv-micro-motor
T-MO-1507-3800,D MOTEUR,18.9,https://www.racedayquads.com/products/t-motor-f1507-3800kv-micro-motor
T-MO-1507-3800,H MOTEUR,29.7,https://www.racedayquads.com/products/t-motor-f1507-3800kv-micro-motor
T-MO-1507-3800,LIPO,3S-4S,https://www.racedayquads.com/products/t-motor-f1507-3800kv-micro-motor
T-MO-1507-3800,RESISTANCE,81mΩ,https://www.racedayquads.com/products/t-motor-f1507-3800kv-micro-motor
T-MO-1507-3800,PUISSANCE,372,https://www.racedayquads.com/products/t-motor-f1507-3800kv-micro-motor
T-MO-1507-3800,UTILISATION,Cinewhoop,https://www.racedayquads.com/products/t-motor-f1507-3800kv-micro-motor
T-MO-1507-3800,LIEN,https://www.racedayquads.com/products/t-motor-f1507-3800kv-micro-motor,https://www.racedayquads.com/products/t-motor-f1507-3800kv-micro-motor
T-MO-1507-3800,IMG,https://cdn.shopify.com/s/files/1/1285/4651/products/tmotor-t-motor-f1507-3800kv-micro-motor-motor-13344072007793.jpg?v=1762440470,https://www.racedayquads.com/products/t-motor-f1507-3800kv-micro-motor
T-MO-2004-1700,CONFIG,12N14P,https://www.racedayquads.com/products/t-motor-f2004-1700kv-micro-motor-1-5mm-shaft
T-MO-2004-1700,D SHAFT,3,https://www.racedayquads.com/products/t-motor-f2004-1700kv-micro-motor-1-5mm-shaft
T-MO-2004-1700,D MOTEUR,24.3,https://www.racedayquads.com/products/t-motor-f2004-1700kv-micro-motor-1-5mm-shaft
T-MO-2004-1700,H MOTEUR,17.25,https://www.racedayquads.com/products/t-motor-f2004-1700kv-micro-motor-1-5mm-shaft
T-MO-2004-1700,LIPO,6S,https://www.racedayquads.com/products/t-motor-f2004-1700kv-micro-motor-1-5mm-shaft
T-MO-2004-1700,RESISTANCE,221mΩ,https://www.racedayquads.com/products/t-motor-f2004-1700kv-micro-motor-1-5mm-shaft
T-MO-2004-1700,PUISSANCE,503,https://www.racedayquads.com/products/t-motor-f2004-1700kv-micro-motor-1-5mm-shaft
T-MO-2004-1700,UTILISATION,Long Range,https://www.racedayquads.com/products/t-motor-f2004-1700kv-micro-motor-1-5mm-shaft
T-MO-2004-1700,LIEN,https://www.racedayquads.com/products/t-motor-f2004-1700kv-micro-motor-1-5mm-shaft,https://www.racedayquads.com/products/t-motor-f2004-1700kv-micro-motor-1-5mm-shaft
T-MO-2004-1700,IMG,https://cdn.shopify.com/s/files/1/1285/4651/products/tmotor-t-motor-f2004-1700kv-micro-motor-1-5mm-shaft-motor-16427310940273.jpg?v=1762441093,https://www.racedayquads.com/products/t-motor-f2004-1700kv-micro-motor-1-5mm-shaft
T-MO-2004-3000,CONFIG,12N14P,https://www.racedayquads.com/products/t-motor-f2004-1700kv-micro-motor-1-5mm-shaft
T-MO-2004-3000,D SHAFT,3,https://www.racedayquads.com/products/t-motor-f2004-1700kv-micro-motor-1-5mm-shaft
T-MO-2004-3000,D MOTEUR,24.3,https://www.racedayquads.com/products/t-motor-f2004-1700kv-micro-motor-1-5mm-shaft
T-MO-2004-3000,H MOTEUR,17.25,https://www.racedayquads.com/products/t-motor-f2004-1700kv-micro-motor-1-5mm-shaft
T-MO-2004-3000,UTILISATION,Long Range,https://www.racedayquads.com/products/t-motor-f2004-1700kv-micro-motor-1-5mm-shaft
T-MO-2004-3000,LIEN,https://www.racedayquads.com/products/t-motor-f2004-1700kv-micro-motor-1-5mm-shaft,https://www.racedayquads.com/products/t-motor-f2004-1700kv-micro-motor-1-5mm-shaft
T-MO-2004-3000,IMG,https://cdn.shopify.com/s/files/1/1285/4651/products/tmotor-t-motor-f2004-1700kv-micro-motor-1-5mm-shaft-motor-16427310940273.jpg?v=1762441093,https://www.racedayquads.com/products/t-motor-f2004-1700kv-micro-motor-1-5mm-shaft
"T-MO-2203,5-1500",UTILISATION,Freestyle,https://www.unmannedtechshop.co.uk/products/tmotor-f2203-5-motor-1500kv-2850kv
"T-MO-2203,5-1500",LIEN,https://www.unmannedtechshop.co.uk/products/tmotor-f2203-5-motor-1500kv-2850kv,https://www.unmannedtechshop.co.uk/products/tmotor-f2203-5-motor-1500kv-2850kv
"T-MO-2203,5-1500",IMG,https://cdn.shopify.com/s/files/1/0914/9972/5181/files/F2203.5-4.jpg?v=1753830981,https://www.unmannedtechshop.co.uk/products/tmotor-f2203-5-motor-1500kv-2850kv
"T-MO-2203,5-2850",UTILISATION,Freestyle,https://www.unmannedtechshop.co.uk/products/tmotor-f2203-5-motor-1500kv-2850kv
"T-MO-2203,5-2850",LIEN,https://www.unmannedtechshop.co.uk/products/tmotor-f2203-5-motor-1500kv-2850kv,https://www.unmannedtechshop.co.uk/products/tmotor-f2203-5-motor-1500kv-2850kv
"T-MO-2203,5-2850",IMG,https://cdn.shopify.com/s/files/1/0914/9972/5181/files/F2203.5-4.jpg?v=1753830981,https://www.unmannedtechshop.co.uk/products/tmotor-f2203-5-motor-1500kv-2850kv
T-MO-2207-1750,LIEN,https://pyrodrone.com/products/t-motor-replacement-bell-v2207-5-v2,https://pyrodrone.com/products/t-motor-replacement-bell-v2207-5-v2
T-MO-2207-1750,IMG,https://cdn.shopify.com/s/files/1/2778/6650/products/5d28adc8-66cd-41c8-bb0a-6ee65b481a41_84a45050-d118-44df-a437-f11129d6fc2b.jpg?v=1626809293,https://pyrodrone.com/products/t-motor-replacement-bell-v2207-5-v2
T-MO-2306-1950,D MOTEUR,28.6,https://www.racedayquads.com/products/t-motor-velox-v2-v2306-5-1950kv-motor
T-MO-2306-1950,H MOTEUR,30.45,https://www.racedayquads.com/products/t-motor-velox-v2-v2306-5-1950kv-motor
T-MO-2306-1950,TYPE CABLE,20AWG,https://www.racedayquads.com/products/t-motor-velox-v2-v2306-5-1950kv-motor
T-MO-2306-1950,L CABLE,150mm,https://www.racedayquads.com/products/t-motor-velox-v2-v2306-5-1950kv-motor
T-MO-2306-1950,RESISTANCE,67mΩ,https://www.racedayquads.com/products/t-motor-velox-v2-v2306-5-1950kv-motor
T-MO-2306-1950,CONFIG,12N14P,https://www.racedayquads.com/products/t-motor-velox-v2-v2306-5-1950kv-motor
T-MO-2306-1950,LIPO,4S-6S,https://www.racedayquads.com/products/t-motor-velox-v2-v2306-5-1950kv-motor
T-MO-2306-1950,AMP,37.4,https://www.racedayquads.com/products/t-motor-velox-v2-v2306-5-1950kv-motor
T-MO-2306-1950,D SHAFT,4,https://www.racedayquads.com/products/t-motor-velox-v2-v2306-5-1950kv-motor
T-MO-2306-1950,PUISSANCE,902,https://www.racedayquads.com/products/t-motor-velox-v2-v2306-5-1950kv-motor
T-MO-2306-1950,UTILISATION,Freestyle,https://www.racedayquads.com/products/t-motor-velox-v2-v2306-5-1950kv-motor
T-MO-2306-1950,LIEN,https://www.racedayquads.com/products/t-motor-velox-v2-v2306-5-1950kv-motor,https://www.racedayquads.com/products/t-motor-velox-v2-v2306-5-1950kv-motor
T-MO-2306-1950,IMG,https://cdn.shopify.com/s/files/1/1285/4651/products/tmotor-t-motor-velox-v2-v2306-5-1950kv-motor-motor-30554346586225.jpg?v=1762442357,https://www.racedayquads.com/products/t-motor-velox-v2-v2306-5-1950kv-motor
T-MO-2810-1100,UTILISATION,Long Range,https://www.unmannedtechshop.co.uk/products/tmotor-f100-2810-long-range-cinelifter-motor-1100kv-1350kv
T-MO-2810-1100,LIEN,https://www.unmannedtechshop.co.uk/products/tmotor-f100-2810-long-range-cinelifter-motor-1100kv-1350kv,https://www.unmannedtechshop.co.uk/products/tmotor-f100-2810-long-range-cinelifter-motor-1100kv-1350kv
T-MO-2810-1100,IMG,https://cdn.shopify.com/s/files/1/0914/9972/5181/files/F100-Pictures-1.jpg?v=1753831711,https://www.unmannedtechshop.co.uk/products/tmotor-f100-2810-long-range-cinelifter-motor-1100kv-1350kv
T-MO-2810-1350,UTILISATION,Long Range,https://www.unmannedtechshop.co.uk/products/tmotor-f100-2810-long-range-cinelifter-motor-1100kv-1350kv
T-MO-2810-1350,LIEN,https://www.unmannedtechshop.co.uk/products/tmotor-f100-2810-long-range-cinelifter-motor-1100kv-1350kv,https://www.unmannedtechshop.co.uk/products/tmotor-f100-2810-long-range-cinelifter-motor-1100kv-1350kv
T-MO-2810-1350,IMG,https://cdn.shopify.com/s/files/1/0914/9972/5181/files/F100-Pictures-1.jpg?v=1753831711,https://www.unmannedtechshop.co.uk/products/tmotor-f100-2810-long-range-cinelifter-motor-1100kv-1350kv
T-MO-2812-925,UTILISATION,Cinematic,https://www.unmannedtechshop.co.uk/products/tmotor-cine66-cinematic-motor
T-MO-2812-925,LIEN,https://www.unmannedtechshop.co.uk/products/tmotor-cine66-cinematic-motor,https://www.unmannedtechshop.co.uk/products/tmotor-cine66-cinematic-motor
T-MO-2812-925,IMG,https://cdn.shopify.com/s/files/1/0914/9972/5181/files/Cine66-1.webp?v=1753832121,https://www.unmannedtechshop.co.uk/products/tmotor-cine66-cinematic-motor
T-MO-2812-1155,UTILISATION,Cinematic,https://www.unmannedtechshop.co.uk/products/tmotor-cine66-cinematic-motor
T-MO-2812-1155,LIEN,https://www.unmannedtechshop.co.uk/products/tmotor-cine66-cinematic-motor,https://www.unmannedtechshop.co.uk/products/tmotor-cine66-cinematic-motor
T-MO-2812-1155,IMG,https://cdn.shopify.com/s/files/1/0914/9972/5181/files/Cine66-1.webp?v=1753832121,https://www.unmannedtechshop.co.uk/products/tmotor-cine66-cinematic-motor
T-MO--1300,LIEN,https://pyrodrone.com/products/t-motor-replacement-bell-f90,https://pyrodrone.com/products/t-motor-replacement-bell-f90
T-MO--1300,IMG,https://cdn.shopify.com/s/files/1/2778/6650/products/1272383a-cdcf-4bd7-b50a-125f88743f25.jpg?v=1626808884,https://pyrodrone.com/products/t-motor-replacement-bell-f90
T-MO--1950,LIEN,https://pyrodrone.com/products/t-motor-replacement-bell-f40-pro-iv,https://pyrodrone.com/products/t-motor-replacement-bell-f40-pro-iv
T-MO--1950,IMG,https://cdn.shopify.com/s/files/1/2778/6650/products/F40PROIVBell_1.jpg?v=1626806203,https://pyrodrone.com/products/t-motor-replacement-bell-f40-pro-iv
T-MO--2200,D MOTEUR,26.8,https://pyrodrone.com/products/t-motor-f60-pro-iv-v2-0-2550kv-motor-grey
T-MO--2200,H MOTEUR,32.7,https://pyrodrone.com/products/t-motor-f60-pro-iv-v2-0-2550kv-motor-grey
T-MO--2200,TYPE CABLE,20AWG,https://pyrodrone.com/products/t-motor-f60-pro-iv-v2-0-2550kv-motor-grey
T-MO--2200,L CABLE,150mm,https://pyrodrone.com/products/t-motor-f60-pro-iv-v2-0-2550kv-motor-grey
T-MO--2200,D SHAFT,4,https://pyrodrone.com/products/t-motor-f60-pro-iv-v2-0-2550kv-motor-grey
T-MO--2200,CONFIG,12N14P,https://pyrodrone.com/products/t-motor-f60-pro-iv-v2-0-2550kv-motor-grey
T-MO--2200,UTILISATION,Racing,https://pyrodrone.com/products/t-motor-f60-pro-iv-v2-0-2550kv-motor-grey
T-MO--2350,D MOTEUR,26.8,https://pyrodrone.com/products/t-motor-f60-pro-iv-v2-0-2550kv-motor-grey
T-MO--2350,H MOTEUR,32.7,https://pyrodrone.com/products/t-motor-f60-pro-iv-v2-0-2550kv-motor-grey
T-MO--2350,TYPE CABLE,20AWG,https://pyrodrone.com/products/t-motor-f60-pro-iv-v2-0-2550kv-motor-grey
T-MO--2350,L CABLE,150mm,https://pyrodrone.com/products/t-motor-f60-pro-iv-v2-0-2550kv-motor-grey
T-MO--2350,D SHAFT,4,https://pyrodrone.com/products/t-motor-f60-pro-iv-v2-0-2550kv-motor-grey
T-MO--2350,CONFIG,12N14P,https://pyrodrone.com/products/t-motor-f60-pro-iv-v2-0-2550kv-motor-grey
T-MO--2350,UTILISATION,Racing,https://pyrodrone.com/products/t-motor-f60-pro-iv-v2-0-2550kv-motor-grey
T-MO--2500,D MOTEUR,26.8,https://pyrodrone.com/products/t-motor-f60-pro-iv-v2-0-2550kv-motor-grey
T-MO--2500,H MOTEUR,32.7,https://pyrodrone.com/products/t-motor-f60-pro-iv-v2-0-2550kv-motor-grey
T-MO--2500,TYPE CABLE,20AWG,https://pyrodrone.com/products/t-motor-f60-pro-iv-v2-0-2550kv-motor-grey
T-MO--2500,L CABLE,150mm,https://pyrodrone.com/products/t-motor-f60-pro-iv-v2-0-2550kv-motor-grey
T-MO--2500,D SHAFT,4,https://pyrodrone.com/products/t-motor-f60-pro-iv-v2-0-2550kv-motor-grey
T-MO--2500,CONFIG,12N14P,https://pyrodrone.com/products/t-motor-f60-pro-iv-v2-0-2550kv-motor-grey
T-MO--2500,UTILISATION,Racing,https://pyrodrone.com/products/t-motor-f60-pro-iv-v2-0-2550kv-motor-grey
T-MO--2300,UTILISATION,Racing,https://pyrodrone.com/products/t-motor-f30-3-inch-racing-fpv-drone-motor-set-4-pcs-3s
T-MO--2300,LIEN,https://pyrodrone.com/products/t-motor-f30-3-inch-racing-fpv-drone-motor-set-4-pcs-3s,https://pyrodrone.com/products/t-motor-f30-3-inch-racing-fpv-drone-motor-set-4-pcs-3s
T-MO--2300,IMG,https://cdn.shopify.com/s/files/1/2778/6650/files/1-56.webp?v=1741824240,https://pyrodrone.com/products/t-motor-f30-3-inch-racing-fpv-drone-motor-set-4-pcs-3s
T-MO--2400,UTILISATION,Racing,https://www.unmannedtechshop.co.uk/products/tmotor-f40-pro-v-motor
T-MO--2400,LIEN,https://www.unmannedtechshop.co.uk/products/tmotor-f40-pro-v-motor,https://www.unmannedtechshop.co.uk/products/tmotor-f40-pro-v-motor
T-MO--2400,IMG,https://cdn.shopify.com/s/files/1/0914/9972/5181/files/F40ProV-Motor-3.jpg?v=1753832105,https://www.unmannedtechshop.co.uk/products/tmotor-f40-pro-v-motor
T-MO--2600,UTILISATION,Racing,https://www.unmannedtechshop.co.uk/products/tmotor-f40-pro-v-motor
T-MO--2600,LIEN,https://www.unmannedtechshop.co.uk/products/tmotor-f40-pro-v-motor,https://www.unmannedtechshop.co.uk/products/tmotor-f40-pro-v-motor
T-MO--2600,IMG,https://cdn.shopify.com/s/files/1/0914/9972/5181/files/F40ProV-Motor-3.jpg?v=1753832105,https://www.unmannedtechshop.co.uk/products/tmotor-f40-pro-v-motor
T-MO--2550,D MOTEUR,26.8,https://pyrodrone.com/products/t-motor-f60-pro-iv-v2-0-2550kv-motor-grey
T-MO--2550,H MOTEUR,32.7,https://pyrodrone.com/products/t-motor-f60-pro-iv-v2-0-2550kv-motor-grey
T-MO--2550,TYPE CABLE,20AWG,https://pyrodrone.com/products/t-motor-f60-pro-iv-v2-0-2550kv-motor-grey
T-MO--2550,L CABLE,150mm,https://pyrodrone.com/products/t-motor-f60-pro-iv-v2-0-2550kv-motor-grey
T-MO--2550,D SHAFT,4,https://pyrodrone.com/products/t-motor-f60-pro-iv-v2-0-2550kv-motor-grey
T-MO--2550,PUISSANCE,602,https://pyrodrone.com/products/t-motor-f60-pro-iv-v2-0-2550kv-motor-grey
T-MO--2550,RESISTANCE,43mΩ,https://pyrodrone.com/products/t-motor-f60-pro-iv-v2-0-2550kv-motor-grey
T-MO--2550,CONFIG,12N14P,https://pyrodrone.com/products/t-motor-f60-pro-iv-v2-0-2550kv-motor-grey
T-MO--2550,LIPO,4S,https://pyrodrone.com/products/t-motor-f60-pro-iv-v2-0-2550kv-motor-grey
T-MO--2550,AMP,41,https://pyrodrone.com/products/t-motor-f60-pro-iv-v2-0-2550kv-motor-grey
T-MO--2550,UTILISATION,Racing,https://pyrodrone.com/products/t-motor-f60-pro-iv-v2-0-2550kv-motor-grey
T-MO--2550,LIEN,https://pyrodrone.com/products/t-motor-f60-pro-iv-v2-0-2550kv-motor-grey,https://pyrodrone.com/products/t-motor-f60-pro-iv-v2-0-2550kv-motor-grey
T-MO--2550,IMG,https://cdn.shopify.com/s/files/1/2778/6650/products/2_60ef370f-ac24-411e-9eee-ddb00c6c2bf8.jpg?v=1611107546,https://pyrodrone.com/products/t-motor-f60-pro-iv-v2-0-2550kv-motor-grey
TBS-1505-3600,AIMANT,N52SH,https://pyrodrone.com/products/tbs-podracer-1505-kv3600-fpv-drone-motor
TBS-1505-3600,L SHAFT,1.5,https://pyrodrone.com/products/tbs-podracer-1505-kv3600-fpv-drone-motor
TBS-1505-3600,D SHAFT,2,https://pyrodrone.com/products/tbs-podracer-1505-kv3600-fpv-drone-motor
TBS-1505-3600,HELICE,1.5mm,https://pyrodrone.com/products/tbs-podracer-1505-kv3600-fpv-drone-motor
TBS-1505-3600,LIPO,2S-4S,https://pyrodrone.com/products/tbs-podracer-1505-kv3600-fpv-drone-motor
TBS-1505-3600,AMP,12,https://pyrodrone.com/products/tbs-podracer-1505-kv3600-fpv-drone-motor
TBS-1505-3600,RESISTANCE,0.20Ω,https://pyrodrone.com/products/tbs-podracer-1505-kv3600-fpv-drone-motor
TBS-1505-3600,ENTRAXE FIX,12x12,https://pyrodrone.com/products/tbs-podracer-1505-kv3600-fpv-drone-motor
TBS-1505-3600,VIS HEL,M2,https://pyrodrone.com/products/tbs-podracer-1505-kv3600-fpv-drone-motor
TBS-1505-3600,D MOTEUR,19,https://pyrodrone.com/products/tbs-podracer-1505-kv3600-fpv-drone-motor
TBS-1505-3600,H MOTEUR,14,https://pyrodrone.com/products/tbs-podracer-1505-kv3600-fpv-drone-motor
TBS-1505-3600,LIEN,https://pyrodrone.com/products/tbs-podracer-1505-kv3600-fpv-drone-motor,https://pyrodrone.com/products/tbs-podracer-1505-kv3600-fpv-drone-motor
TBS-1505-3600,IMG,https://cdn.shopify.com/s/files/1/2778/6650/products/1_039c7a30-f744-4756-8072-5459f8c590bb.jpg?v=1618966999,https://pyrodrone.com/products/tbs-podracer-1505-kv3600-fpv-drone-motor
TBS-2207-1850,L SHAFT,11.5,https://pyrodrone.com/products/tbs-grinder-v4-2207-1750kv-freestyle-motor
TBS-2207-1850,D SHAFT,3,https://pyrodrone.com/products/tbs-grinder-v4-2207-1750kv-freestyle-motor
TBS-2207-1850,ENTRAXE FIX,16x16,https://pyrodrone.com/products/tbs-grinder-v4-2207-1750kv-freestyle-motor
TBS-2207-1850,VIS HEL,M3,https://pyrodrone.com/products/tbs-grinder-v4-2207-1750kv-freestyle-motor
TBS-2207-1850,D MOTEUR,27.5,https://pyrodrone.com/products/tbs-grinder-v4-2207-1750kv-freestyle-motor
TBS-2207-1850,H MOTEUR,18.8,https://pyrodrone.com/products/tbs-grinder-v4-2207-1750kv-freestyle-motor
TBS-2207-1850,UTILISATION,Freestyle,https://pyrodrone.com/products/tbs-grinder-v4-2207-1750kv-freestyle-motor
TBS-2207-1850,LIEN,https://pyrodrone.com/products/tbs-grinder-v4-2207-1750kv-freestyle-motor,https://pyrodrone.com/products/tbs-grinder-v4-2207-1750kv-freestyle-motor
TBS-2207-1850,IMG,https://cdn.shopify.com/s/files/1/2778/6650/products/A7302005.jpg?v=1661892022,https://pyrodrone.com/products/tbs-grinder-v4-2207-1750kv-freestyle-motor
TBS-2207-2500,L SHAFT,11.5,https://pyrodrone.com/products/tbs-grinder-v4-2207-1750kv-freestyle-motor
TBS-2207-2500,D SHAFT,3,https://pyrodrone.com/products/tbs-grinder-v4-2207-1750kv-freestyle-motor
TBS-2207-2500,ENTRAXE FIX,16x16,https://pyrodrone.com/products/tbs-grinder-v4-2207-1750kv-freestyle-motor
TBS-2207-2500,VIS HEL,M3,https://pyrodrone.com/products/tbs-grinder-v4-2207-1750kv-freestyle-motor
TBS-2207-2500,D MOTEUR,27.5,https://pyrodrone.com/products/tbs-grinder-v4-2207-1750kv-freestyle-motor
TBS-2207-2500,H MOTEUR,18.8,https://pyrodrone.com/products/tbs-grinder-v4-2207-1750kv-freestyle-motor
TBS-2207-2500,UTILISATION,Freestyle,https://pyrodrone.com/products/tbs-grinder-v4-2207-1750kv-freestyle-motor
TBS-2207-2500,LIEN,https://pyrodrone.com/products/tbs-grinder-v4-2207-1750kv-freestyle-motor,https://pyrodrone.com/products/tbs-grinder-v4-2207-1750kv-freestyle-motor
TBS-2207-2500,IMG,https://cdn.shopify.com/s/files/1/2778/6650/products/A7302005.jpg?v=1661892022,https://pyrodrone.com/products/tbs-grinder-v4-2207-1750kv-freestyle-motor
THEF-2208-1650,LIEN,https://www.unmannedtechshop.co.uk/products/thefpv-the-motor-2208-1650kv-2150kv-2400kv,https://www.unmannedtechshop.co.uk/products/thefpv-the-motor-2208-1650kv-2150kv-2400kv
THEF-2208-1650,IMG,https://cdn.shopify.com/s/files/1/0914/9972/5181/files/TheFPV-TheMotor.jpg?v=1753830927,https://www.unmannedtechshop.co.uk/products/thefpv-the-motor-2208-1650kv-2150kv-2400kv
THEF-2208-2150,LIEN,https://www.unmannedtechshop.co.uk/products/thefpv-the-motor-2208-1650kv-2150kv-2400kv,https://www.unmannedtechshop.co.uk/products/thefpv-the-motor-2208-1650kv-2150kv-2400kv
THEF-2208-2150,IMG,https://cdn.shopify.com/s/files/1/0914/9972/5181/files/TheFPV-TheMotor.jpg?v=1753830927,https://www.unmannedtechshop.co.uk/products/thefpv-the-motor-2208-1650kv-2150kv-2400kv
THEF-2208-2400,LIEN,https://www.unmannedtechshop.co.uk/products/thefpv-the-motor-2208-1650kv-2150kv-2400kv,https://www.unmannedtechshop.co.uk/products/thefpv-the-motor-2208-1650kv-2150kv-2400kv
THEF-2208-2400,IMG,https://cdn.shopify.com/s/files/1/0914/9972/5181/files/TheFPV-TheMotor.jpg?v=1753830927,https://www.unmannedtechshop.co.uk/products/thefpv-the-motor-2208-1650kv-2150kv-2400kv
UMMA-2004-1600,CONFIG,12N14P,https://www.racedayquads.com/products/ummagawd-aerolite-2004-1600kv-motor
UMMA-2004-1600,LIEN,https://www.racedayquads.com/products/ummagawd-aerolite-2004-1600kv-motor,https://www.racedayquads.com/products/ummagawd-aerolite-2004-1600kv-motor
UMMA-2004-1600,IMG,https://cdn.shopify.com/s/files/1/1285/4651/products/ummagawd-ummagawd-aerolite-2004-1600kv-motor-motor-30598637060209.jpg?v=1762442450,https://www.racedayquads.com/products/ummagawd-aerolite-2004-1600kv-motor
UMMA-2004-2400,CONFIG,12N14P,https://www.racedayquads.com/products/ummagawd-aerolite-2004-1600kv-motor
UMMA-2004-2400,LIEN,https://www.racedayquads.com/products/ummagawd-aerolite-2004-1600kv-motor,https://www.racedayquads.com/products/ummagawd-aerolite-2004-1600kv-motor
UMMA-2004-2400,IMG,https://cdn.shopify.com/s/files/1/1285/4651/products/ummagawd-ummagawd-aerolite-2004-1600kv-motor-motor-30598637060209.jpg?v=1762442450,https://www.racedayquads.com/products/ummagawd-aerolite-2004-1600kv-motor
UMMA-2004-3500,CONFIG,12N14P,https://www.racedayquads.com/products/ummagawd-aerolite-2004-1600kv-motor
UMMA-2004-3500,LIEN,https://www.racedayquads.com/products/ummagawd-aerolite-2004-1600kv-motor,https://www.racedayquads.com/products/ummagawd-aerolite-2004-1600kv-motor
UMMA-2306-1777,LIEN,https://newbeedrone.com/products/ummagawd-hex-series-2306-motor-replacement-bell,https://newbeedrone.com/products/ummagawd-hex-series-2306-motor-replacement-bell
UMMA-2306-1777,IMG,https://cdn.shopify.com/s/files/1/1126/9610/products/Ummagawd-HEX-Series-2306-Motor-Replacement-Bell-contents.jpg?v=1728780813,https://newbeedrone.com/products/ummagawd-hex-series-2306-motor-replacement-bell
XNOV-1204-4000,ENTRAXE FIX,9x9,https://pyrodrone.com/products/xnova-t1204-fpv-racing-series-motor-5000kv-4pcs-combo
XNOV-1204-4000,VIS FIX,M2,https://pyrodrone.com/products/xnova-t1204-fpv-racing-series-motor-5000kv-4pcs-combo
XNOV-1204-4000,D SHAFT,1.5,https://pyrodrone.com/products/xnova-t1204-fpv-racing-series-motor-5000kv-4pcs-combo
XNOV-1204-4000,UTILISATION,Racing,https://pyrodrone.com/products/xnova-t1204-fpv-racing-series-motor-5000kv-4pcs-combo
XNOV-1204-5000,RESISTANCE,250 mohm,https://pyrodrone.com/products/xnova-t1204-fpv-racing-series-motor-5000kv-4pcs-combo
XNOV-1204-5000,ENTRAXE FIX,9x9,https://pyrodrone.com/products/xnova-t1204-fpv-racing-series-motor-5000kv-4pcs-combo
XNOV-1204-5000,VIS FIX,M2,https://pyrodrone.com/products/xnova-t1204-fpv-racing-series-motor-5000kv-4pcs-combo
XNOV-1204-5000,D SHAFT,1.5,https://pyrodrone.com/products/xnova-t1204-fpv-racing-series-motor-5000kv-4pcs-combo
XNOV-1204-5000,UTILISATION,Racing,https://pyrodrone.com/products/xnova-t1204-fpv-racing-series-motor-5000kv-4pcs-combo
XNOV-1204-5000,LIEN,https://pyrodrone.com/products/xnova-t1204-fpv-racing-series-motor-5000kv-4pcs-combo,https://pyrodrone.com/products/xnova-t1204-fpv-racing-series-motor-5000kv-4pcs-combo
XNOV-1204-5000,IMG,https://cdn.shopify.com/s/files/1/2778/6650/products/5000-1_2e6daf22-ade1-4386-9366-4c1042f4ecb2.jpg?v=1605915201,https://pyrodrone.com/products/xnova-t1204-fpv-racing-series-motor-5000kv-4pcs-combo
XNOV-1204-4000,RESISTANCE,350 mohm,https://pyrodrone.com/products/xnova-t1204-fpv-racing-series-motor-4000kv-4pcs-combo
XNOV-1204-4000,LIEN,https://pyrodrone.com/products/xnova-t1204-fpv-racing-series-motor-4000kv-4pcs-combo,https://pyrodrone.com/products/xnova-t1204-fpv-racing-series-motor-4000kv-4pcs-combo
XNOV-1204-4000,IMG,https://cdn.shopify.com/s/files/1/2778/6650/products/4000-1_eb9332e1-0f18-4903-b30e-8ba0a58af1bc.jpg?v=1605914823,https://pyrodrone.com/products/xnova-t1204-fpv-racing-series-motor-4000kv-4pcs-combo
XNOV-1404-2700,ENTRAXE FIX,9x9,https://pyrodrone.com/products/xnova-t1404-fpv-racing-series-motor-3800kv-4pcs-combo
XNOV-1404-2700,VIS FIX,M2,https://pyrodrone.com/products/xnova-t1404-fpv-racing-series-motor-3800kv-4pcs-combo
XNOV-1404-2700,D SHAFT,1.5,https://pyrodrone.com/products/xnova-t1404-fpv-racing-series-motor-3800kv-4pcs-combo
XNOV-1404-2700,UTILISATION,Racing,https://pyrodrone.com/products/xnova-t1404-fpv-racing-series-motor-3800kv-4pcs-combo
XNOV-1404-3800,ENTRAXE FIX,9x9,https://pyrodrone.com/products/xnova-t1404-fpv-racing-series-motor-3800kv-4pcs-combo
XNOV-1404-3800,VIS FIX,M2,https://pyrodrone.com/products/xnova-t1404-fpv-racing-series-motor-3800kv-4pcs-combo
XNOV-1404-3800,D SHAFT,1.5,https://pyrodrone.com/products/xnova-t1404-fpv-racing-series-motor-3800kv-4pcs-combo
XNOV-1404-3800,UTILISATION,Racing,https://pyrodrone.com/products/xnova-t1404-fpv-racing-series-motor-3800kv-4pcs-combo
XNOV-1404-3800,LIEN,https://pyrodrone.com/products/xnova-t1404-fpv-racing-series-motor-3800kv-4pcs-combo,https://pyrodrone.com/products/xnova-t1404-fpv-racing-series-motor-3800kv-4pcs-combo
XNOV-1404-3800,IMG,https://cdn.shopify.com/s/files/1/2778/6650/products/3800-1_b4332f85-af66-40f2-b34a-e5d9f4603d3a.jpg?v=1605915179,https://pyrodrone.com/products/xnova-t1404-fpv-racing-series-motor-3800kv-4pcs-combo
XNOV-144-4700,ENTRAXE FIX,9x9,https://pyrodrone.com/products/xnova-t1404-fpv-racing-series-motor-3800kv-4pcs-combo
XNOV-144-4700,VIS FIX,M2,https://pyrodrone.com/products/xnova-t1404-fpv-racing-series-motor-3800kv-4pcs-combo
XNOV-144-4700,D SHAFT,1.5,https://pyrodrone.com/products/xnova-t1404-fpv-racing-series-motor-3800kv-4pcs-combo
XNOV-144-4700,UTILISATION,Racing,https://pyrodrone.com/products/xnova-t1404-fpv-racing-series-motor-3800kv-4pcs-combo
XNOV-144-4700,LIEN,https://pyrodrone.com/products/xnova-t1404-fpv-racing-series-motor-4700kv,https://pyrodrone.com/products/xnova-t1404-fpv-racing-series-motor-4700kv
XNOV-144-4700,IMG,https://cdn.shopify.com/s/files/1/2778/6650/products/1_ddfd3d21-698e-4d58-a73b-c316481a0a02.jpg?v=1605913064,https://pyrodrone.com/products/xnova-t1404-fpv-racing-series-motor-4700kv
XNOV-1804-1900,ENTRAXE FIX,12x12,https://pyrodrone.com/products/xnova-t1804-fpv-racing-series-motor-1900kv-4pcs-combo
XNOV-1804-1900,VIS FIX,M2,https://pyrodrone.com/products/xnova-t1804-fpv-racing-series-motor-1900kv-4pcs-combo
XNOV-1804-1900,D SHAFT,1.5,https://pyrodrone.com/products/xnova-t1804-fpv-racing-series-motor-1900kv-4pcs-combo
XNOV-1804-1900,UTILISATION,Racing,https://pyrodrone.com/products/xnova-t1804-fpv-racing-series-motor-1900kv-4pcs-combo
XNOV-1804-1900,LIEN,https://pyrodrone.com/products/xnova-t1804-fpv-racing-series-motor-1900kv-4pcs-combo,https://pyrodrone.com/products/xnova-t1804-fpv-racing-series-motor-1900kv-4pcs-combo
XNOV-1804-1900,IMG,https://cdn.shopify.com/s/files/1/2778/6650/products/1900-1.jpg?v=1605915899,https://pyrodrone.com/products/xnova-t1804-fpv-racing-series-motor-1900kv-4pcs-combo
XNOV-2207-1650,UTILISATION,Freestyle,https://pyrodrone.com/products/xnova-2207-freestyle-hard-line-v2-motors-2450kv
XNOV-2207-1800,UTILISATION,Freestyle,https://pyrodrone.com/products/xnova-2207-freestyle-hard-line-v2-motors-2450kv
XNOV-2207-2150,UTILISATION,Freestyle,https://pyrodrone.com/products/xnova-2207-freestyle-hard-line-v2-motors-2450kv
XNOV-2207-2450,RESISTANCE,45,https://pyrodrone.com/products/xnova-2207-freestyle-hard-line-v2-motors-2450kv
XNOV-2207-2450,UTILISATION,Freestyle,https://pyrodrone.com/products/xnova-2207-freestyle-hard-line-v2-motors-2450kv
XNOV-2207-2450,LIEN,https://pyrodrone.com/products/xnova-2207-freestyle-hard-line-v2-motors-2450kv,https://pyrodrone.com/products/xnova-2207-freestyle-hard-line-v2-motors-2450kv
XNOV-2207-2450,IMG,https://cdn.shopify.com/s/files/1/2778/6650/files/FH2207V2-Logo_361_0_364_0_087c96f6-05d3-4796-b6da-273b1a1f2ebd.jpg?v=1698826719,https://pyrodrone.com/products/xnova-2207-freestyle-hard-line-v2-motors-2450kv
XNOV-2207-2600,UTILISATION,Freestyle,https://pyrodrone.com/products/xnova-2207-freestyle-hard-line-v2-motors-2450kv
XNOV-2207-1800,RESISTANCE,68,https://pyrodrone.com/products/xnova-2207-freestyle-hard-line-motor-1800kv-4pcs
XNOV-2207-1800,LIEN,https://pyrodrone.com/products/xnova-2207-freestyle-hard-line-motor-1800kv-4pcs,https://pyrodrone.com/products/xnova-2207-freestyle-hard-line-motor-1800kv-4pcs
XNOV-2207-1800,IMG,https://cdn.shopify.com/s/files/1/2778/6650/files/1800x4.jpg?v=1685642863,https://pyrodrone.com/products/xnova-2207-freestyle-hard-line-motor-1800kv-4pcs
XNOV-2207-2600,LIEN,https://pyrodrone.com/products/xnova-2207-freestyle-hard-line-motor-2600kv,https://pyrodrone.com/products/xnova-2207-freestyle-hard-line-motor-2600kv
XNOV-2207-2600,IMG,https://cdn.shopify.com/s/files/1/2778/6650/products/1_ff0e3248-72d5-4168-8420-473ace6c6e9d.jpg?v=1624055718,https://pyrodrone.com/products/xnova-2207-freestyle-hard-line-motor-2600kv
XNOV-2207-1700,UTILISATION,Freestyle,https://pyrodrone.com/products/xnova-2207-freestyle-smooth-line-combo-4-pcs
XNOV-2207-2400,UTILISATION,Freestyle,https://pyrodrone.com/products/xnova-2207-freestyle-smooth-line-combo-4-pcs
XNOV-2207-2750,UTILISATION,Freestyle,https://pyrodrone.com/products/xnova-2207-freestyle-smooth-line-combo-4-pcs
XNOV-22207-1850,UTILISATION,Freestyle,https://pyrodrone.com/products/xnova-2207-freestyle-smooth-line-combo-4-pcs
XNOV-2207-1950,UTILISATION,Racing,https://pyrodrone.com/products/xnova-lite-speed-2207-2050kv-racing-line-motor-series-4-pcs
XNOV-2207-2200,UTILISATION,Racing,https://pyrodrone.com/products/xnova-lite-speed-2207-2050kv-racing-line-motor-series-4-pcs
ZOHD-1406-2600,LIEN,https://www.unmannedtechshop.co.uk/products/zohd-brushless-motor-1406-2600kv-drift-dart-250g,https://www.unmannedtechshop.co.uk/products/zohd-brushless-motor-1406-2600kv-drift-dart-250g
ZOHD-1406-2600,IMG,https://cdn.shopify.com/s/files/1/0914/9972/5181/files/zohd_drift_877mm_wingspan_fpv_glider_aio_epp_rc_airplane_spare_part_1406-2600kv_brushless_motor_2.jpg?v=1754244523,https://www.unmannedtechshop.co.uk/products/zohd-brushless-motor-1406-2600kv-drift-dart-250g
EMAX-2306-1800,UTILISATION,Racing,https://www.speedyfpv.com/products/4pcs-emax-rsiii-2306-performance-brushless-motors-3-6s-1800kv-2100kv-2500kv
EMAX-2306-2500,UTILISATION,Racing,https://www.speedyfpv.com/products/4pcs-emax-rsiii-2306-performance-brushless-motors-3-6s-1800kv-2100kv-2500kv
EMAX-2306-2100,UTILISATION,Racing,https://www.speedyfpv.com/products/4pcs-emax-rsiii-2306-performance-brushless-motors-3-6s-1800kv-2100kv-2500kv
IFLI-2506-1500,D MOTEUR,31.7,https://www.fpvfaster.com/products/iflight-xing2-2506-fpv-long-range-motor-1850kv-black-new-2022
IFLI-2506-1500,H MOTEUR,19.6,https://www.fpvfaster.com/products/iflight-xing2-2506-fpv-long-range-motor-1850kv-black-new-2022
IFLI-2506-1500,D SHAFT,5,https://www.fpvfaster.com/products/iflight-xing2-2506-fpv-long-range-motor-1850kv-black-new-2022
IFLI-2506-1500,UTILISATION,Long Range,https://www.fpvfaster.com/products/iflight-xing2-2506-fpv-long-range-motor-1850kv-black-new-2022
IFLI-2506-1850,D MOTEUR,31.7,https://www.fpvfaster.com/products/iflight-xing2-2506-fpv-long-range-motor-1850kv-black-new-2022
IFLI-2506-1850,H MOTEUR,19.6,https://www.fpvfaster.com/products/iflight-xing2-2506-fpv-long-range-motor-1850kv-black-new-2022
IFLI-2506-1850,RESISTANCE,74.88mΩ,https://www.fpvfaster.com/products/iflight-xing2-2506-fpv-long-range-motor-1850kv-black-new-2022
IFLI-2506-1850,D SHAFT,5,https://www.fpvfaster.com/products/iflight-xing2-2506-fpv-long-range-motor-1850kv-black-new-2022
IFLI-2506-1850,UTILISATION,Long Range,https://www.fpvfaster.com/products/iflight-xing2-2506-fpv-long-range-motor-1850kv-black-new-2022
EMAX-2207-1900,UTILISATION,Racing,https://www.speedyfpv.com/products/emax-eco-ii-series-2207-brushless-motor-3-6s-1700kv-1900kv-2400kv-new
EMAX-2207-2400,UTILISATION,Racing,https://www.speedyfpv.com/products/emax-eco-ii-series-2207-brushless-motor-3-6s-1700kv-1900kv-2400kv-new
EMAX-2807-1700,TYPE CABLE,18AWG,https://www.speedyfpv.com/products/emax-eco-ii-series-2807-brushless-motor-3-6s-1300kv
EMAX-2807-1700,L CABLE,200mm,https://www.speedyfpv.com/products/emax-eco-ii-series-2807-brushless-motor-3-6s-1300kv
EMAX-2807-1500,TYPE CABLE,18AWG,https://www.speedyfpv.com/products/emax-eco-ii-series-2807-brushless-motor-3-6s-1300kv
EMAX-2807-1500,L CABLE,200mm,https://www.speedyfpv.com/products/emax-eco-ii-series-2807-brushless-motor-3-6s-1300kv
EMAX-2807-1300,TYPE CABLE,18AWG,https://www.speedyfpv.com/products/emax-eco-ii-series-2807-brushless-motor-3-6s-1300kv
EMAX-2807-1300,L CABLE,200mm,https://www.speedyfpv.com/products/emax-eco-ii-series-2807-brushless-motor-3-6s-1300kv
TMOT-U8LITEL-95,LIPO,12S,https://store.tmotor.com/product/u8lite-l-kv110-u-efficiency.html
TMOT-U8LITEL-95,POIDS,280,https://store.tmotor.com/product/u8lite-l-kv110-u-efficiency.html
TMOT-U8LITEL-95,D MOTEUR,87.1,https://store.tmotor.com/product/u8lite-l-kv110-u-efficiency.html
TMOT-U8LITEL-95,H MOTEUR,28.05,https://store.tmotor.com/product/u8lite-l-kv110-u-efficiency.html
TMOT-U8LITEL-95,D SHAFT,15,https://store.tmotor.com/product/u8lite-l-kv110-u-efficiency.html
TMOT-U8LITEL-95,RESISTANCE,146mΩ,https://store.tmotor.com/product/u8lite-l-kv110-u-efficiency.html
TMOT-U8LITEL-95,AMP,38,https://store.tmotor.com/product/u8lite-l-kv110-u-efficiency.html
TMOT-U8LITEL-95,L CABLE,90mm,https://store.tmotor.com/product/u8lite-l-kv110-u-efficiency.html
TMOT-U8LITEL-95,PUISSANCE,1790,https://store.tmotor.com/product/u8lite-l-kv110-u-efficiency.html
TMOT-U8LITEL-110,LIPO,12S,https://store.tmotor.com/product/u8lite-l-kv110-u-efficiency.html
TMOT-U8LITEL-110,POIDS,282,https://store.tmotor.com/product/u8lite-l-kv110-u-efficiency.html
TMOT-U8LITEL-110,D MOTEUR,87.1,https://store.tmotor.com/product/u8lite-l-kv110-u-efficiency.html
TMOT-U8LITEL-110,H MOTEUR,28.05,https://store.tmotor.com/product/u8lite-l-kv110-u-efficiency.html
TMOT-U8LITEL-110,D SHAFT,15,https://store.tmotor.com/product/u8lite-l-kv110-u-efficiency.html
TMOT-U8LITEL-110,RESISTANCE,105mΩ,https://store.tmotor.com/product/u8lite-l-kv110-u-efficiency.html
TMOT-U8LITEL-110,AMP,45.8,https://store.tmotor.com/product/u8lite-l-kv110-u-efficiency.html
TMOT-U8LITEL-110,L CABLE,90mm,https://store.tmotor.com/product/u8lite-l-kv110-u-efficiency.html
TMOT-U8LITEL-110,PUISSANCE,2140,https://store.tmotor.com/product/u8lite-l-kv110-u-efficiency.html
TMOT-U15XXL-29,POIDS,5130,https://store.tmotor.com/product/u15xxl-manned-aircraft-uav-motor.html
TMOT-U15XXL-29,D MOTEUR,151.5,https://store.tmotor.com/product/u15xxl-manned-aircraft-uav-motor.html
TMOT-U15XXL-29,H MOTEUR,106,https://store.tmotor.com/product/u15xxl-manned-aircraft-uav-motor.html
TMOT-U15XXL-29,RESISTANCE,20mΩ,https://store.tmotor.com/product/u15xxl-manned-aircraft-uav-motor.html
TMOT-U15XXL-29,L CABLE,200mm,https://store.tmotor.com/product/u15xxl-manned-aircraft-uav-motor.html
TMOT-U15XXL-29,CONFIG,36N42P,https://store.tmotor.com/product/u15xxl-manned-aircraft-uav-motor.html
TMOT-U15XXL-29,D SHAFT,25,https://store.tmotor.com/product/u15xxl-manned-aircraft-uav-motor.html
TMOT-U15XXL-29,LIPO,24S,https://store.tmotor.com/product/u15xxl-manned-aircraft-uav-motor.html
TMOT-U15XXL-29,AMP,210,https://store.tmotor.com/product/u15xxl-manned-aircraft-uav-motor.html
TMOT-U15XXL-29,PUISSANCE,3300,https://store.tmotor.com/product/u15xxl-manned-aircraft-uav-motor.html
TMOT-U15XL-38,POIDS,4408,https://store.tmotor.com/product/u15xl-manned-aircraft-uav-motor.html
TMOT-U15XL-38,D MOTEUR,151.5,https://store.tmotor.com/product/u15xl-manned-aircraft-uav-motor.html
TMOT-U15XL-38,H MOTEUR,96,https://store.tmotor.com/product/u15xl-manned-aircraft-uav-motor.html
TMOT-U15XL-38,RESISTANCE,17mΩ,https://store.tmotor.com/product/u15xl-manned-aircraft-uav-motor.html
TMOT-U15XL-38,L CABLE,200mm,https://store.tmotor.com/product/u15xl-manned-aircraft-uav-motor.html
TMOT-U15XL-38,CONFIG,36N42P,https://store.tmotor.com/product/u15xl-manned-aircraft-uav-motor.html
TMOT-U15XL-38,D SHAFT,25,https://store.tmotor.com/product/u15xl-manned-aircraft-uav-motor.html
TMOT-U15XL-38,LIPO,24S,https://store.tmotor.com/product/u15xl-manned-aircraft-uav-motor.html
TMOT-U15XL-38,AMP,180,https://store.tmotor.com/product/u15xl-manned-aircraft-uav-motor.html
TMOT-U15XL-38,PUISSANCE,3550,https://store.tmotor.com/product/u15xl-manned-aircraft-uav-motor.html
T-MO--700,RESISTANCE,50mΩ,https://store.tmotor.com/product/u3-motor-u-power.html
T-MO--700,CONFIG,12N14P,https://store.tmotor.com/product/u3-motor-u-power.html
T-MO--700,D SHAFT,4,https://store.tmotor.com/product/u3-motor-u-power.html
T-MO--700,D MOTEUR,41.8,https://store.tmotor.com/product/u3-motor-u-power.html
T-MO--700,H MOTEUR,30.75,https://store.tmotor.com/product/u3-motor-u-power.html
T-MO--700,L CABLE,600mm,https://store.tmotor.com/product/u3-motor-u-power.html
T-MO--700,LIPO,3S-4S,https://store.tmotor.com/product/u3-motor-u-power.html
T-MO--700,PUISSANCE,500,https://store.tmotor.com/product/u3-motor-u-power.html
T-MO--700,AMP,25,https://store.tmotor.com/product/u3-motor-u-power.html
T-MO--400,RESISTANCE,116mΩ,https://store.tmotor.com/product/u-power-u5.html
T-MO--400,D SHAFT,5,https://store.tmotor.com/product/u-power-u5.html
T-MO--400,D MOTEUR,42.5,https://store.tmotor.com/product/u-power-u5.html
T-MO--400,H MOTEUR,37.5,https://store.tmotor.com/product/u-power-u5.html
T-MO--400,L CABLE,600mm,https://store.tmotor.com/product/u-power-u5.html
T-MO--400,LIPO,3S-8S,https://store.tmotor.com/product/u-power-u5.html
T-MO--400,AMP,30,https://store.tmotor.com/product/u-power-u5.html
TMOT-U7-280,CONFIG,12N14P,https://store.tmotor.com/product/tmotor-u7-v2-motor-u-power.html
TMOT-U7-280,RESISTANCE,71mΩ,https://store.tmotor.com/product/tmotor-u7-v2-motor-u-power.html
TMOT-U7-280,D MOTEUR,60.7,https://store.tmotor.com/product/tmotor-u7-v2-motor-u-power.html
TMOT-U7-280,H MOTEUR,39.5,https://store.tmotor.com/product/tmotor-u7-v2-motor-u-power.html
TMOT-U7-280,D SHAFT,6,https://store.tmotor.com/product/tmotor-u7-v2-motor-u-power.html
TMOT-U7-280,L CABLE,750mm,https://store.tmotor.com/product/tmotor-u7-v2-motor-u-power.html
TMOT-U7-280,POIDS,317,https://store.tmotor.com/product/tmotor-u7-v2-motor-u-power.html
TMOT-U7-280,LIPO,3S-8S,https://store.tmotor.com/product/tmotor-u7-v2-motor-u-power.html
TMOT-U7-280,AMP,35,https://store.tmotor.com/product/tmotor-u7-v2-motor-u-power.html
TMOT-U7-280,PUISSANCE,800,https://store.tmotor.com/product/tmotor-u7-v2-motor-u-power.html
T-MO--420,CONFIG,12N14P,https://store.tmotor.com/product/tmotor-u7-v2-motor-u-power.html
T-MO--420,RESISTANCE,33mΩ,https://store.tmotor.com/product/tmotor-u7-v2-motor-u-power.html
T-MO--420,D MOTEUR,60.7,https://store.tmotor.com/product/tmotor-u7-v2-motor-u-power.html
T-MO--420,H MOTEUR,39.5,https://store.tmotor.com/product/tmotor-u7-v2-motor-u-power.html
T-MO--420,D SHAFT,6,https://store.tmotor.com/product/tmotor-u7-v2-motor-u-power.html
T-MO--420,L CABLE,750mm,https://store.tmotor.com/product/tmotor-u7-v2-motor-u-power.html
T-MO--420,LIPO,3S-8S,https://store.tmotor.com/product/tmotor-u7-v2-motor-u-power.html
T-MO--420,AMP,40,https://store.tmotor.com/product/tmotor-u7-v2-motor-u-power.html
T-MO--420,PUISSANCE,1180,https://store.tmotor.com/product/tmotor-u7-v2-motor-u-power.html
T-MO--490,CONFIG,12N14P,https://store.tmotor.com/product/tmotor-u7-v2-motor-u-power.html
T-MO--490,RESISTANCE,21mΩ,https://store.tmotor.com/product/tmotor-u7-v2-motor-u-power.html
T-MO--490,D MOTEUR,60.7,https://store.tmotor.com/product/tmotor-u7-v2-motor-u-power.html
T-MO--490,H MOTEUR,39.5,https://store.tmotor.com/product/tmotor-u7-v2-motor-u-power.html
T-MO--490,D SHAFT,6,https://store.tmotor.com/product/tmotor-u7-v2-motor-u-power.html
T-MO--490,L CABLE,750mm,https://store.tmotor.com/product/tmotor-u7-v2-motor-u-power.html
T-MO--490,LIPO,3S-8S,https://store.tmotor.com/product/tmotor-u7-v2-motor-u-power.html
T-MO--490,AMP,44,https://store.tmotor.com/product/tmotor-u7-v2-motor-u-power.html
T-MO--490,PUISSANCE,1300,https://store.tmotor.com/product/tmotor-u7-v2-motor-u-power.html
TMOT-U11II-120,POIDS,772,https://store.tmotor.com/product/u11-v2-motor-u-power.html
TMOT-U11II-120,D MOTEUR,79.5,https://store.tmotor.com/product/u11-v2-motor-u-power.html
TMOT-U11II-120,H MOTEUR,51.6,https://store.tmotor.com/product/u11-v2-motor-u-power.html
TMOT-U11II-120,RESISTANCE,80mΩ,https://store.tmotor.com/product/u11-v2-motor-u-power.html
TMOT-U11II-120,TYPE CABLE,14AWG,https://store.tmotor.com/product/u11-v2-motor-u-power.html
TMOT-U11II-120,L CABLE,1250mm,https://store.tmotor.com/product/u11-v2-motor-u-power.html
TMOT-U11II-120,CONFIG,12N14P,https://store.tmotor.com/product/u11-v2-motor-u-power.html
TMOT-U11II-120,D SHAFT,15,https://store.tmotor.com/product/u11-v2-motor-u-power.html
TMOT-U11II-120,LIPO,12S,https://store.tmotor.com/product/u11-v2-motor-u-power.html
TMOT-U11II-120,AMP,57.3,https://store.tmotor.com/product/u11-v2-motor-u-power.html
TMOT-U11II-120,PUISSANCE,2783,https://store.tmotor.com/product/u11-v2-motor-u-power.html
T-MO--130,D MOTEUR,100,https://store.tmotor.com/product/u13-v2-kv65-motor-u-power.html
T-MO--130,H MOTEUR,60,https://store.tmotor.com/product/u13-v2-kv65-motor-u-power.html
T-MO--130,RESISTANCE,18mΩ,https://store.tmotor.com/product/u13-v2-kv65-motor-u-power.html
T-MO--130,L CABLE,100mm,https://store.tmotor.com/product/u13-v2-kv65-motor-u-power.html
T-MO--130,CONFIG,36N42P,https://store.tmotor.com/product/u13-v2-kv65-motor-u-power.html
T-MO--130,D SHAFT,15,https://store.tmotor.com/product/u13-v2-kv65-motor-u-power.html
T-MO--130,LIPO,10S-14S,https://store.tmotor.com/product/u13-v2-kv65-motor-u-power.html
T-MO--130,AMP,118,https://store.tmotor.com/product/u13-v2-kv65-motor-u-power.html
T-MO--65,D MOTEUR,100,https://store.tmotor.com/product/u13-v2-kv65-motor-u-power.html
T-MO--65,H MOTEUR,60,https://store.tmotor.com/product/u13-v2-kv65-motor-u-power.html
T-MO--65,RESISTANCE,73mΩ,https://store.tmotor.com/product/u13-v2-kv65-motor-u-power.html
T-MO--65,L CABLE,100mm,https://store.tmotor.com/product/u13-v2-kv65-motor-u-power.html
T-MO--65,CONFIG,36N42P,https://store.tmotor.com/product/u13-v2-kv65-motor-u-power.html
T-MO--65,D SHAFT,15,https://store.tmotor.com/product/u13-v2-kv65-motor-u-power.html
T-MO--65,LIPO,22S-25S,https://store.tmotor.com/product/u13-v2-kv65-motor-u-power.html
T-MO--65,AMP,68,https://store.tmotor.com/product/u13-v2-kv65-motor-u-power.html
T-MO--80,RESISTANCE,17mΩ,https://store.tmotor.com/product/u15-v2-motor-u-power-kv80.html
T-MO--80,CONFIG,36N42P,https://store.tmotor.com/product/u15-v2-motor-u-power-kv80.html
T-MO--80,D SHAFT,20,https://store.tmotor.com/product/u15-v2-motor-u-power-kv80.html
T-MO--80,D MOTEUR,147.5,https://store.tmotor.com/product/u15-v2-motor-u-power-kv80.html
T-MO--80,H MOTEUR,55,https://store.tmotor.com/product/u15-v2-motor-u-power-kv80.html
T-MO--80,L CABLE,100mm,https://store.tmotor.com/product/u15-v2-motor-u-power-kv80.html
T-MO--80,LIPO,12S-24S,https://store.tmotor.com/product/u15-v2-motor-u-power-kv80.html
T-MO--80,AMP,143,https://store.tmotor.com/product/u15-v2-motor-u-power-kv80.html
TMOT-U15II-100,RESISTANCE,12mΩ,https://store.tmotor.com/product/u15-v2-motor-u-power-kv80.html
TMOT-U15II-100,CONFIG,36N42P,https://store.tmotor.com/product/u15-v2-motor-u-power-kv80.html
TMOT-U15II-100,D SHAFT,20,https://store.tmotor.com/product/u15-v2-motor-u-power-kv80.html
TMOT-U15II-100,D MOTEUR,147.5,https://store.tmotor.com/product/u15-v2-motor-u-power-kv80.html
TMOT-U15II-100,H MOTEUR,55,https://store.tmotor.com/product/u15-v2-motor-u-power-kv80.html
TMOT-U15II-100,L CABLE,100mm,https://store.tmotor.com/product/u15-v2-motor-u-power-kv80.html
TMOT-U15II-100,POIDS,1740,https://store.tmotor.com/product/u15-v2-motor-u-power-kv80.html
TMOT-U15II-100,LIPO,12S-24S,https://store.tmotor.com/product/u15-v2-motor-u-power-kv80.html
TMOT-U15II-100,PUISSANCE,9942,https://store.tmotor.com/product/u15-v2-motor-u-power-kv80.html
TMOT-U15II-100,AMP,167,https://store.tmotor.com/product/u15-v2-motor-u-power-kv80.html
TMOT-U15L-43,POIDS,3600,https://store.tmotor.com/product/u15l-manned-aircraft-uav-motor.html
TMOT-U15L-43,D MOTEUR,151.5,https://store.tmotor.com/product/u15l-manned-aircraft-uav-motor.html
TMOT-U15L-43,H MOTEUR,86,https://store.tmotor.com/product/u15l-manned-aircraft-uav-motor.html
TMOT-U15L-43,RESISTANCE,20mΩ,https://store.tmotor.com/product/u15l-manned-aircraft-uav-motor.html
TMOT-U15L-43,L CABLE,200mm,https://store.tmotor.com/product/u15l-manned-aircraft-uav-motor.html
TMOT-U15L-43,CONFIG,36N42P,https://store.tmotor.com/product/u15l-manned-aircraft-uav-motor.html
TMOT-U15L-43,D SHAFT,25,https://store.tmotor.com/product/u15l-manned-aircraft-uav-motor.html
TMOT-U15L-43,LIPO,24S,https://store.tmotor.com/product/u15l-manned-aircraft-uav-motor.html
TMOT-U15L-43,AMP,135,https://store.tmotor.com/product/u15l-manned-aircraft-uav-motor.html
TMOT-U15L-43,PUISSANCE,2800,https://store.tmotor.com/product/u15l-manned-aircraft-uav-motor.html
TMOT-U8LITE-85,LIPO,12S,https://store.tmotor.com/product/u8-lite-kv100-u-efficiency.html
TMOT-U8LITE-85,POIDS,243,https://store.tmotor.com/product/u8-lite-kv100-u-efficiency.html
TMOT-U8LITE-85,HELICE,28-29”,https://store.tmotor.com/product/u8-lite-kv100-u-efficiency.html
TMOT-U8LITE-85,RESISTANCE,225±5mΩ,https://store.tmotor.com/product/u8-lite-kv100-u-efficiency.html
TMOT-U8LITE-85,AMP,19.1,https://store.tmotor.com/product/u8-lite-kv100-u-efficiency.html
TMOT-U8LITE-85,PUISSANCE,916.8,https://store.tmotor.com/product/u8-lite-kv100-u-efficiency.html
TMOT-U8LITE-85,CONFIG,36N42P,https://store.tmotor.com/product/u8-lite-kv100-u-efficiency.html
TMOT-U8LITE-85,L CABLE,90mm,https://store.tmotor.com/product/u8-lite-kv100-u-efficiency.html
TMOT-U8LITE-85,D SHAFT,15,https://store.tmotor.com/product/u8-lite-kv100-u-efficiency.html
TMOT-U8LITE-100,LIPO,12S,https://store.tmotor.com/product/u8-lite-kv100-u-efficiency.html
TMOT-U8LITE-100,POIDS,238,https://store.tmotor.com/product/u8-lite-kv100-u-efficiency.html
TMOT-U8LITE-100,HELICE,27-28”,https://store.tmotor.com/product/u8-lite-kv100-u-efficiency.html
TMOT-U8LITE-100,RESISTANCE,170±5mΩ,https://store.tmotor.com/product/u8-lite-kv100-u-efficiency.html
TMOT-U8LITE-100,AMP,29.3,https://store.tmotor.com/product/u8-lite-kv100-u-efficiency.html
TMOT-U8LITE-100,PUISSANCE,1406.4,https://store.tmotor.com/product/u8-lite-kv100-u-efficiency.html
TMOT-U8LITE-100,CONFIG,36N42P,https://store.tmotor.com/product/u8-lite-kv100-u-efficiency.html
TMOT-U8LITE-100,L CABLE,90mm,https://store.tmotor.com/product/u8-lite-kv100-u-efficiency.html
TMOT-U8LITE-100,D SHAFT,15,https://store.tmotor.com/product/u8-lite-kv100-u-efficiency.html
TMOT-U8LITE-150,LIPO,6S,https://store.tmotor.com/product/u8-lite-kv100-u-efficiency.html
TMOT-U8LITE-150,POIDS,239,https://store.tmotor.com/product/u8-lite-kv100-u-efficiency.html
TMOT-U8LITE-150,HELICE,28-30” / 22”,https://store.tmotor.com/product/u8-lite-kv100-u-efficiency.html
TMOT-U8LITE-150,RESISTANCE,85±5mΩ,https://store.tmotor.com/product/u8-lite-kv100-u-efficiency.html
TMOT-U8LITE-150,AMP,29.7,https://store.tmotor.com/product/u8-lite-kv100-u-efficiency.html
TMOT-U8LITE-150,PUISSANCE,712.8,https://store.tmotor.com/product/u8-lite-kv100-u-efficiency.html
TMOT-U8LITE-150,CONFIG,36N42P,https://store.tmotor.com/product/u8-lite-kv100-u-efficiency.html
TMOT-U8LITE-150,L CABLE,90mm,https://store.tmotor.com/product/u8-lite-kv100-u-efficiency.html
TMOT-U8LITE-150,D SHAFT,15,https://store.tmotor.com/product/u8-lite-kv100-u-efficiency.html
TMOT-U8LITE-190,LIPO,6S,https://store.tmotor.com/product/u8-lite-kv100-u-efficiency.html
TMOT-U8LITE-190,POIDS,243,https://store.tmotor.com/product/u8-lite-kv100-u-efficiency.html
TMOT-U8LITE-190,HELICE,28-29”,https://store.tmotor.com/product/u8-lite-kv100-u-efficiency.html
TMOT-U8LITE-190,RESISTANCE,48±3mΩ,https://store.tmotor.com/product/u8-lite-kv100-u-efficiency.html
TMOT-U8LITE-190,AMP,43.7,https://store.tmotor.com/product/u8-lite-kv100-u-efficiency.html
TMOT-U8LITE-190,PUISSANCE,1048.8,https://store.tmotor.com/product/u8-lite-kv100-u-efficiency.html
TMOT-U8LITE-190,CONFIG,36N42P,https://store.tmotor.com/product/u8-lite-kv100-u-efficiency.html
TMOT-U8LITE-190,L CABLE,90mm,https://store.tmotor.com/product/u8-lite-kv100-u-efficiency.html
TMOT-U8LITE-190,D SHAFT,15,https://store.tmotor.com/product/u8-lite-kv100-u-efficiency.html
TMOT-U8II-85,LIPO,12S,https://store.tmotor.com/product/u8-v2-u-efficiency-kv85.html
TMOT-U8II-85,POIDS,277,https://store.tmotor.com/product/u8-v2-u-efficiency-kv85.html
TMOT-U8II-85,HELICE,28-29”,https://store.tmotor.com/product/u8-v2-u-efficiency-kv85.html
TMOT-U8II-85,RESISTANCE,225±5mΩ,https://store.tmotor.com/product/u8-v2-u-efficiency-kv85.html
TMOT-U8II-85,AMP,19.1,https://store.tmotor.com/product/u8-v2-u-efficiency-kv85.html
TMOT-U8II-85,PUISSANCE,916.8,https://store.tmotor.com/product/u8-v2-u-efficiency-kv85.html
TMOT-U8II-85,L CABLE,90mm,https://store.tmotor.com/product/u8-v2-u-efficiency-kv85.html
TMOT-U8II-85,D SHAFT,15,https://store.tmotor.com/product/u8-v2-u-efficiency-kv85.html
TMOT-U8II-85,CONFIG,36N42P,https://store.tmotor.com/product/u8-v2-u-efficiency-kv85.html
TMOT-U8II-100,LIPO,12S,https://store.tmotor.com/product/u8-v2-u-efficiency-kv85.html
TMOT-U8II-100,POIDS,272,https://store.tmotor.com/product/u8-v2-u-efficiency-kv85.html
TMOT-U8II-100,HELICE,27-28”,https://store.tmotor.com/product/u8-v2-u-efficiency-kv85.html
TMOT-U8II-100,RESISTANCE,170±5mΩ,https://store.tmotor.com/product/u8-v2-u-efficiency-kv85.html
TMOT-U8II-100,AMP,29.3,https://store.tmotor.com/product/u8-v2-u-efficiency-kv85.html
TMOT-U8II-100,PUISSANCE,1406.4,https://store.tmotor.com/product/u8-v2-u-efficiency-kv85.html
TMOT-U8II-100,L CABLE,90mm,https://store.tmotor.com/product/u8-v2-u-efficiency-kv85.html
TMOT-U8II-100,D SHAFT,15,https://store.tmotor.com/product/u8-v2-u-efficiency-kv85.html
TMOT-U8II-100,CONFIG,36N42P,https://store.tmotor.com/product/u8-v2-u-efficiency-kv85.html
TMOT-U8II-150,LIPO,6S,https://store.tmotor.com/product/u8-v2-u-efficiency-kv85.html
TMOT-U8II-150,POIDS,273,https://store.tmotor.com/product/u8-v2-u-efficiency-kv85.html
TMOT-U8II-150,HELICE,28-30” / 22”,https://store.tmotor.com/product/u8-v2-u-efficiency-kv85.html
TMOT-U8II-150,RESISTANCE,85±5mΩ,https://store.tmotor.com/product/u8-v2-u-efficiency-kv85.html
TMOT-U8II-150,AMP,29.7,https://store.tmotor.com/product/u8-v2-u-efficiency-kv85.html
TMOT-U8II-150,PUISSANCE,712.8,https://store.tmotor.com/product/u8-v2-u-efficiency-kv85.html
TMOT-U8II-150,L CABLE,90mm,https://store.tmotor.com/product/u8-v2-u-efficiency-kv85.html
TMOT-U8II-150,D SHAFT,15,https://store.tmotor.com/product/u8-v2-u-efficiency-kv85.html
TMOT-U8II-150,CONFIG,36N42P,https://store.tmotor.com/product/u8-v2-u-efficiency-kv85.html
T-MO--190,LIPO,6S,https://store.tmotor.com/product/u8-v2-u-efficiency-kv85.html
T-MO--190,HELICE,28-29”,https://store.tmotor.com/product/u8-v2-u-efficiency-kv85.html
T-MO--190,RESISTANCE,48±3mΩ,https://store.tmotor.com/product/u8-v2-u-efficiency-kv85.html
T-MO--190,AMP,43.7,https://store.tmotor.com/product/u8-v2-u-efficiency-kv85.html
T-MO--190,L CABLE,90mm,https://store.tmotor.com/product/u8-v2-u-efficiency-kv85.html
T-MO--190,D SHAFT,15,https://store.tmotor.com/product/u8-v2-u-efficiency-kv85.html
T-MO--190,CONFIG,36N42P,https://store.tmotor.com/product/u8-v2-u-efficiency-kv85.html
TMOT-U8IILITE-100,LIPO,12S,https://store.tmotor.com/product/u8-v2-lite-u-efficiency.html
TMOT-U8IILITE-100,RESISTANCE,134-141mΩ,https://store.tmotor.com/product/u8-v2-lite-u-efficiency.html
TMOT-U8IILITE-100,AMP,31,https://store.tmotor.com/product/u8-v2-lite-u-efficiency.html
TMOT-U8IILITE-100,POIDS,253,https://store.tmotor.com/product/u8-v2-lite-u-efficiency.html
TMOT-U8IILITE-100,PUISSANCE,1450,https://store.tmotor.com/product/u8-v2-lite-u-efficiency.html
TMOT-U8IILITE-100,D MOTEUR,87.3,https://store.tmotor.com/product/u8-v2-lite-u-efficiency.html
TMOT-U8IILITE-100,H MOTEUR,26.05,https://store.tmotor.com/product/u8-v2-lite-u-efficiency.html
TMOT-U8IILITE-100,L CABLE,90mm,https://store.tmotor.com/product/u8-v2-lite-u-efficiency.html
TMOT-U8IILITE-100,CONFIG,36N42P,https://store.tmotor.com/product/u8-v2-lite-u-efficiency.html
TMOT-U8IILITE-100,D SHAFT,12,https://store.tmotor.com/product/u8-v2-lite-u-efficiency.html
TMOT-U8IIPRO-100,LIPO,12S,https://store.tmotor.com/product/u8-2-pro-u-efficiency.html
TMOT-U8IIPRO-100,RESISTANCE,134-141mΩ,https://store.tmotor.com/product/u8-2-pro-u-efficiency.html
TMOT-U8IIPRO-100,AMP,31,https://store.tmotor.com/product/u8-2-pro-u-efficiency.html
TMOT-U8IIPRO-100,POIDS,287,https://store.tmotor.com/product/u8-2-pro-u-efficiency.html
TMOT-U8IIPRO-100,PUISSANCE,1450,https://store.tmotor.com/product/u8-2-pro-u-efficiency.html
TMOT-U8IIPRO-100,D MOTEUR,87.3,https://store.tmotor.com/product/u8-2-pro-u-efficiency.html
TMOT-U8IIPRO-100,H MOTEUR,29.55,https://store.tmotor.com/product/u8-2-pro-u-efficiency.html
TMOT-U8IIPRO-100,L CABLE,90mm,https://store.tmotor.com/product/u8-2-pro-u-efficiency.html
TMOT-U8IIPRO-100,CONFIG,36N42P,https://store.tmotor.com/product/u8-2-pro-u-efficiency.html
TMOT-U8IIPRO-100,D SHAFT,12,https://store.tmotor.com/product/u8-2-pro-u-efficiency.html
TMOT-U10II-100,LIPO,12S,https://store.tmotor.com/product/u10-2-u-efficiency.html
TMOT-U10II-100,POIDS,415,https://store.tmotor.com/product/u10-2-u-efficiency.html
TMOT-U10II-100,HELICE,28-30”,https://store.tmotor.com/product/u10-2-u-efficiency.html
TMOT-U10II-100,RESISTANCE,101±5mΩ,https://store.tmotor.com/product/u10-2-u-efficiency.html
TMOT-U10II-100,AMP,32.4,https://store.tmotor.com/product/u10-2-u-efficiency.html
TMOT-U10II-100,PUISSANCE,1600,https://store.tmotor.com/product/u10-2-u-efficiency.html
TMOT-U10II-100,L CABLE,90mm,https://store.tmotor.com/product/u10-2-u-efficiency.html
TMOT-U10II-100,D SHAFT,15,https://store.tmotor.com/product/u10-2-u-efficiency.html
TMOT-U10II-100,CONFIG,36N42P,https://store.tmotor.com/product/u10-2-u-efficiency.html
TMOT-U12II-120,POIDS,778,https://store.tmotor.com/product/u12-v2-kv60-u-efficiency.html
TMOT-U12II-120,D MOTEUR,106.8,https://store.tmotor.com/product/u12-v2-kv60-u-efficiency.html
TMOT-U12II-120,H MOTEUR,47.6,https://store.tmotor.com/product/u12-v2-kv60-u-efficiency.html
TMOT-U12II-120,RESISTANCE,22mΩ,https://store.tmotor.com/product/u12-v2-kv60-u-efficiency.html
TMOT-U12II-120,L CABLE,90mm,https://store.tmotor.com/product/u12-v2-kv60-u-efficiency.html
TMOT-U12II-120,CONFIG,36N42P,https://store.tmotor.com/product/u12-v2-kv60-u-efficiency.html
TMOT-U12II-120,D SHAFT,15,https://store.tmotor.com/product/u12-v2-kv60-u-efficiency.html
TMOT-U12II-120,LIPO,10S-14S,https://store.tmotor.com/product/u12-v2-kv60-u-efficiency.html
TMOT-U12II-120,AMP,95,https://store.tmotor.com/product/u12-v2-kv60-u-efficiency.html
TMOT-U12II-120,PUISSANCE,4560,https://store.tmotor.com/product/u12-v2-kv60-u-efficiency.html
TMOT-U12II-60,POIDS,803,https://store.tmotor.com/product/u12-v2-kv60-u-efficiency.html
TMOT-U12II-60,D MOTEUR,106.8,https://store.tmotor.com/product/u12-v2-kv60-u-efficiency.html
TMOT-U12II-60,H MOTEUR,47.6,https://store.tmotor.com/product/u12-v2-kv60-u-efficiency.html
TMOT-U12II-60,RESISTANCE,75mΩ,https://store.tmotor.com/product/u12-v2-kv60-u-efficiency.html
TMOT-U12II-60,L CABLE,90mm,https://store.tmotor.com/product/u12-v2-kv60-u-efficiency.html
TMOT-U12II-60,CONFIG,36N42P,https://store.tmotor.com/product/u12-v2-kv60-u-efficiency.html
TMOT-U12II-60,D SHAFT,15,https://store.tmotor.com/product/u12-v2-kv60-u-efficiency.html
TMOT-U12II-60,LIPO,22S-25S,https://store.tmotor.com/product/u12-v2-kv60-u-efficiency.html
TMOT-U12II-60,AMP,41,https://store.tmotor.com/product/u12-v2-kv60-u-efficiency.html
TMOT-U12II-60,PUISSANCE,4000,https://store.tmotor.com/product/u12-v2-kv60-u-efficiency.html
TMOT-1118-90,PUISSANCE,2281,https://store.tmotor.com/product/mn1118-multirotor-uav-motor.html
TMOT-1118-90,RESISTANCE,18mΩ,https://store.tmotor.com/product/mn1118-multirotor-uav-motor.html
TMOT-1118-90,LIPO,14S,https://store.tmotor.com/product/mn1118-multirotor-uav-motor.html
TMOT-1118-90,AMP,163,https://store.tmotor.com/product/mn1118-multirotor-uav-motor.html
TMOT-1118-90,POIDS,1170,https://store.tmotor.com/product/mn1118-multirotor-uav-motor.html
TMOT-1118-90,D MOTEUR,120.5,https://store.tmotor.com/product/mn1118-multirotor-uav-motor.html
TMOT-1118-90,H MOTEUR,50.9,https://store.tmotor.com/product/mn1118-multirotor-uav-motor.html
TMOT-1118-90,CONFIG,36N40P,https://store.tmotor.com/product/mn1118-multirotor-uav-motor.html
TMOT-1118-90,D SHAFT,12,https://store.tmotor.com/product/mn1118-multirotor-uav-motor.html
TMOT-1118-90,L CABLE,150mm,https://store.tmotor.com/product/mn1118-multirotor-uav-motor.html
TMOT-1118-108,PUISSANCE,2230,https://store.tmotor.com/product/mn1118-multirotor-uav-motor.html
TMOT-1118-108,RESISTANCE,13mΩ,https://store.tmotor.com/product/mn1118-multirotor-uav-motor.html
TMOT-1118-108,LIPO,12S,https://store.tmotor.com/product/mn1118-multirotor-uav-motor.html
TMOT-1118-108,AMP,192,https://store.tmotor.com/product/mn1118-multirotor-uav-motor.html
TMOT-1118-108,POIDS,1186,https://store.tmotor.com/product/mn1118-multirotor-uav-motor.html
TMOT-1118-108,D MOTEUR,120.5,https://store.tmotor.com/product/mn1118-multirotor-uav-motor.html
TMOT-1118-108,H MOTEUR,50.9,https://store.tmotor.com/product/mn1118-multirotor-uav-motor.html
TMOT-1118-108,CONFIG,36N40P,https://store.tmotor.com/product/mn1118-multirotor-uav-motor.html
TMOT-1118-108,D SHAFT,12,https://store.tmotor.com/product/mn1118-multirotor-uav-motor.html
TMOT-1118-108,L CABLE,150mm,https://store.tmotor.com/product/mn1118-multirotor-uav-motor.html
TMOT-1123-53,PUISSANCE,2400,https://store.tmotor.com/product/mn1123-multirotor-uav-motor.html
TMOT-1123-53,RESISTANCE,35mΩ,https://store.tmotor.com/product/mn1123-multirotor-uav-motor.html
TMOT-1123-53,LIPO,24S,https://store.tmotor.com/product/mn1123-multirotor-uav-motor.html
TMOT-1123-53,AMP,108,https://store.tmotor.com/product/mn1123-multirotor-uav-motor.html
TMOT-1123-53,POIDS,1425,https://store.tmotor.com/product/mn1123-multirotor-uav-motor.html
TMOT-1123-53,D MOTEUR,120.5,https://store.tmotor.com/product/mn1123-multirotor-uav-motor.html
TMOT-1123-53,H MOTEUR,58.9,https://store.tmotor.com/product/mn1123-multirotor-uav-motor.html
TMOT-1123-53,CONFIG,36N40P,https://store.tmotor.com/product/mn1123-multirotor-uav-motor.html
TMOT-1123-53,D SHAFT,12,https://store.tmotor.com/product/mn1123-multirotor-uav-motor.html
TMOT-1123-53,L CABLE,150mm,https://store.tmotor.com/product/mn1123-multirotor-uav-motor.html
TMOT-1130-45,PUISSANCE,3218,https://store.tmotor.com/product/mn1130-multirotor-uav-motor.html
TMOT-1130-45,RESISTANCE,38mΩ,https://store.tmotor.com/product/mn1130-multirotor-uav-motor.html
TMOT-1130-45,LIPO,24S,https://store.tmotor.com/product/mn1130-multirotor-uav-motor.html
TMOT-1130-45,AMP,132,https://store.tmotor.com/product/mn1130-multirotor-uav-motor.html
TMOT-1130-45,POIDS,1740,https://store.tmotor.com/product/mn1130-multirotor-uav-motor.html
TMOT-1130-45,D MOTEUR,120.5,https://store.tmotor.com/product/mn1130-multirotor-uav-motor.html
TMOT-1130-45,H MOTEUR,65.9,https://store.tmotor.com/product/mn1130-multirotor-uav-motor.html
TMOT-1130-45,CONFIG,36N40P,https://store.tmotor.com/product/mn1130-multirotor-uav-motor.html
TMOT-1130-45,D SHAFT,12,https://store.tmotor.com/product/mn1130-multirotor-uav-motor.html
TMOT-1130-45,L CABLE,150mm,https://store.tmotor.com/product/mn1130-multirotor-uav-motor.html
TMOT-1130-53,PUISSANCE,2926,https://store.tmotor.com/product/mn1130-multirotor-uav-motor.html
TMOT-1130-53,RESISTANCE,28mΩ,https://store.tmotor.com/product/mn1130-multirotor-uav-motor.html
TMOT-1130-53,LIPO,24S,https://store.tmotor.com/product/mn1130-multirotor-uav-motor.html
TMOT-1130-53,AMP,128,https://store.tmotor.com/product/mn1130-multirotor-uav-motor.html
TMOT-1130-53,POIDS,1742,https://store.tmotor.com/product/mn1130-multirotor-uav-motor.html
TMOT-1130-53,D MOTEUR,120.5,https://store.tmotor.com/product/mn1130-multirotor-uav-motor.html
TMOT-1130-53,H MOTEUR,65.9,https://store.tmotor.com/product/mn1130-multirotor-uav-motor.html
TMOT-1130-53,CONFIG,36N40P,https://store.tmotor.com/product/mn1130-multirotor-uav-motor.html
TMOT-1130-53,D SHAFT,12,https://store.tmotor.com/product/mn1130-multirotor-uav-motor.html
TMOT-1130-53,L CABLE,150mm,https://store.tmotor.com/product/mn1130-multirotor-uav-motor.html
TMOT-1315-100,PUISSANCE,3300,https://store.tmotor.com/product/mn1315-multirotor-uav-motor.html
TMOT-1315-100,RESISTANCE,7.5mΩ,https://store.tmotor.com/product/mn1315-multirotor-uav-motor.html
TMOT-1315-100,LIPO,14S,https://store.tmotor.com/product/mn1315-multirotor-uav-motor.html
TMOT-1315-100,AMP,248,https://store.tmotor.com/product/mn1315-multirotor-uav-motor.html
TMOT-1315-100,POIDS,1780,https://store.tmotor.com/product/mn1315-multirotor-uav-motor.html
TMOT-1315-100,D MOTEUR,150,https://store.tmotor.com/product/mn1315-multirotor-uav-motor.html
TMOT-1315-100,H MOTEUR,51,https://store.tmotor.com/product/mn1315-multirotor-uav-motor.html
TMOT-1315-100,CONFIG,36N42P,https://store.tmotor.com/product/mn1315-multirotor-uav-motor.html
TMOT-1315-100,L CABLE,150mm,https://store.tmotor.com/product/mn1315-multirotor-uav-motor.html
TMOT-1320-49,PUISSANCE,2900,https://store.tmotor.com/product/mn1320-multirotor-uav-motor.html
TMOT-1320-49,RESISTANCE,20.5mΩ,https://store.tmotor.com/product/mn1320-multirotor-uav-motor.html
TMOT-1320-49,LIPO,24S,https://store.tmotor.com/product/mn1320-multirotor-uav-motor.html
TMOT-1320-49,AMP,150,https://store.tmotor.com/product/mn1320-multirotor-uav-motor.html
TMOT-1320-49,POIDS,2070,https://store.tmotor.com/product/mn1320-multirotor-uav-motor.html
TMOT-1320-49,D MOTEUR,150,https://store.tmotor.com/product/mn1320-multirotor-uav-motor.html
TMOT-1320-49,H MOTEUR,56,https://store.tmotor.com/product/mn1320-multirotor-uav-motor.html
TMOT-1320-49,CONFIG,36N42P,https://store.tmotor.com/product/mn1320-multirotor-uav-motor.html
TMOT-1320-49,L CABLE,150mm,https://store.tmotor.com/product/mn1320-multirotor-uav-motor.html
TMOT-1325-47,PUISSANCE,3400,https://store.tmotor.com/product/mn1325-multirotor-uav-motor.html
TMOT-1325-47,RESISTANCE,17.5mΩ,https://store.tmotor.com/product/mn1325-multirotor-uav-motor.html
TMOT-1325-47,LIPO,24S,https://store.tmotor.com/product/mn1325-multirotor-uav-motor.html
TMOT-1325-47,AMP,170,https://store.tmotor.com/product/mn1325-multirotor-uav-motor.html
TMOT-1325-47,POIDS,2425,https://store.tmotor.com/product/mn1325-multirotor-uav-motor.html
TMOT-1325-47,D MOTEUR,150,https://store.tmotor.com/product/mn1325-multirotor-uav-motor.html
TMOT-1325-47,H MOTEUR,61,https://store.tmotor.com/product/mn1325-multirotor-uav-motor.html
TMOT-1325-47,CONFIG,36N42P,https://store.tmotor.com/product/mn1325-multirotor-uav-motor.html
TMOT-1325-47,L CABLE,150mm,https://store.tmotor.com/product/mn1325-multirotor-uav-motor.html
TMOT-1115-110,PUISSANCE,2800,https://store.tmotor.com/product/mn1115-multirotor-uav-motor.html
TMOT-1115-110,RESISTANCE,12mΩ,https://store.tmotor.com/product/mn1115-multirotor-uav-motor.html
TMOT-1115-110,LIPO,14S,https://store.tmotor.com/product/mn1115-multirotor-uav-motor.html
TMOT-1115-110,AMP,152,https://store.tmotor.com/product/mn1115-multirotor-uav-motor.html
TMOT-1115-110,POIDS,1040,https://store.tmotor.com/product/mn1115-multirotor-uav-motor.html
TMOT-1115-110,D MOTEUR,120.5,https://store.tmotor.com/product/mn1115-multirotor-uav-motor.html
TMOT-1115-110,H MOTEUR,47.9,https://store.tmotor.com/product/mn1115-multirotor-uav-motor.html
TMOT-1115-110,CONFIG,36N40P,https://store.tmotor.com/product/mn1115-multirotor-uav-motor.html
TMOT-1115-110,D SHAFT,12,https://store.tmotor.com/product/mn1115-multirotor-uav-motor.html
TMOT-1115-110,L CABLE,150mm,https://store.tmotor.com/product/mn1115-multirotor-uav-motor.html
TMOT-1115-130,PUISSANCE,2816,https://store.tmotor.com/product/mn1115-multirotor-uav-motor.html
TMOT-1115-130,RESISTANCE,16mΩ,https://store.tmotor.com/product/mn1115-multirotor-uav-motor.html
TMOT-1115-130,LIPO,12S,https://store.tmotor.com/product/mn1115-multirotor-uav-motor.html
TMOT-1115-130,AMP,180,https://store.tmotor.com/product/mn1115-multirotor-uav-motor.html
TMOT-1115-130,POIDS,1055,https://store.tmotor.com/product/mn1115-multirotor-uav-motor.html
TMOT-1115-130,D MOTEUR,120.5,https://store.tmotor.com/product/mn1115-multirotor-uav-motor.html
TMOT-1115-130,H MOTEUR,47.9,https://store.tmotor.com/product/mn1115-multirotor-uav-motor.html
TMOT-1115-130,CONFIG,36N40P,https://store.tmotor.com/product/mn1115-multirotor-uav-motor.html
TMOT-1115-130,D SHAFT,12,https://store.tmotor.com/product/mn1115-multirotor-uav-motor.html
TMOT-1115-130,L CABLE,150mm,https://store.tmotor.com/product/mn1115-multirotor-uav-motor.html
TMOT-1330-40,PUISSANCE,3400,https://store.tmotor.com/product/mn1330-multirotor-uav-motor.html
TMOT-1330-40,RESISTANCE,19.5mΩ,https://store.tmotor.com/product/mn1330-multirotor-uav-motor.html
TMOT-1330-40,LIPO,24S,https://store.tmotor.com/product/mn1330-multirotor-uav-motor.html
TMOT-1330-40,AMP,177,https://store.tmotor.com/product/mn1330-multirotor-uav-motor.html
TMOT-1330-40,POIDS,2750,https://store.tmotor.com/product/mn1330-multirotor-uav-motor.html
TMOT-1330-40,D MOTEUR,150,https://store.tmotor.com/product/mn1330-multirotor-uav-motor.html
TMOT-1330-40,H MOTEUR,65,https://store.tmotor.com/product/mn1330-multirotor-uav-motor.html
TMOT-1330-40,CONFIG,36N42P,https://store.tmotor.com/product/mn1330-multirotor-uav-motor.html
TMOT-1330-40,L CABLE,150mm,https://store.tmotor.com/product/mn1330-multirotor-uav-motor.html
TMOT-2806-400,AMP,9.4,https://store.tmotor.com/product/mn2806-motor-antigravity-type.html
TMOT-2806-400,HELICE,P12X4/P13X4.4,https://store.tmotor.com/product/mn2806-motor-antigravity-type.html
TMOT-2806-400,PUISSANCE,216,https://store.tmotor.com/product/mn2806-motor-antigravity-type.html
TMOT-2806-400,POIDS,46,https://store.tmotor.com/product/mn2806-motor-antigravity-type.html
TMOT-2806-400,RESISTANCE,645mΩ,https://store.tmotor.com/product/mn2806-motor-antigravity-type.html
TMOT-2806-400,D MOTEUR,35,https://store.tmotor.com/product/mn2806-motor-antigravity-type.html
TMOT-2806-400,H MOTEUR,26,https://store.tmotor.com/product/mn2806-motor-antigravity-type.html
TMOT-2806-400,CONFIG,12N14P,https://store.tmotor.com/product/mn2806-motor-antigravity-type.html
TMOT-2806-400,D SHAFT,4,https://store.tmotor.com/product/mn2806-motor-antigravity-type.html
TMOT-2806-400,L CABLE,50mm,https://store.tmotor.com/product/mn2806-motor-antigravity-type.html
TMOT-2806-650,AMP,12.3,https://store.tmotor.com/product/mn2806-motor-antigravity-type.html
TMOT-2806-650,HELICE,P12X4/P13X4.4,https://store.tmotor.com/product/mn2806-motor-antigravity-type.html
TMOT-2806-650,PUISSANCE,187,https://store.tmotor.com/product/mn2806-motor-antigravity-type.html
TMOT-2806-650,POIDS,46,https://store.tmotor.com/product/mn2806-motor-antigravity-type.html
TMOT-2806-650,RESISTANCE,275mΩ,https://store.tmotor.com/product/mn2806-motor-antigravity-type.html
TMOT-2806-650,D MOTEUR,35,https://store.tmotor.com/product/mn2806-motor-antigravity-type.html
TMOT-2806-650,H MOTEUR,26,https://store.tmotor.com/product/mn2806-motor-antigravity-type.html
TMOT-2806-650,CONFIG,12N14P,https://store.tmotor.com/product/mn2806-motor-antigravity-type.html
TMOT-2806-650,D SHAFT,4,https://store.tmotor.com/product/mn2806-motor-antigravity-type.html
TMOT-2806-650,L CABLE,50mm,https://store.tmotor.com/product/mn2806-motor-antigravity-type.html
T-MO-4004-300,D MOTEUR,44.35,https://store.tmotor.com/product/mn4004-kv300-motor-antigravity-type.html
T-MO-4004-300,H MOTEUR,19,https://store.tmotor.com/product/mn4004-kv300-motor-antigravity-type.html
T-MO-4004-300,RESISTANCE,452mΩ,https://store.tmotor.com/product/mn4004-kv300-motor-antigravity-type.html
T-MO-4004-300,L CABLE,50mm,https://store.tmotor.com/product/mn4004-kv300-motor-antigravity-type.html
T-MO-4004-300,CONFIG,18N24P,https://store.tmotor.com/product/mn4004-kv300-motor-antigravity-type.html
T-MO-4004-300,LIPO,4S-6S,https://store.tmotor.com/product/mn4004-kv300-motor-antigravity-type.html
T-MO-4004-300,AMP,9,https://store.tmotor.com/product/mn4004-kv300-motor-antigravity-type.html
T-MO-4004-400,D MOTEUR,44.35,https://store.tmotor.com/product/mn4004-kv300-motor-antigravity-type.html
T-MO-4004-400,H MOTEUR,19,https://store.tmotor.com/product/mn4004-kv300-motor-antigravity-type.html
T-MO-4004-400,RESISTANCE,359mΩ,https://store.tmotor.com/product/mn4004-kv300-motor-antigravity-type.html
T-MO-4004-400,L CABLE,50mm,https://store.tmotor.com/product/mn4004-kv300-motor-antigravity-type.html
T-MO-4004-400,CONFIG,18N24P,https://store.tmotor.com/product/mn4004-kv300-motor-antigravity-type.html
T-MO-4004-400,LIPO,4S-6S,https://store.tmotor.com/product/mn4004-kv300-motor-antigravity-type.html
T-MO-4004-400,AMP,12,https://store.tmotor.com/product/mn4004-kv300-motor-antigravity-type.html
T-MO-4006-380,D MOTEUR,44.35,https://store.tmotor.com/product/mn4006-kv380-motor-antigravity-type.html
T-MO-4006-380,H MOTEUR,21,https://store.tmotor.com/product/mn4006-kv380-motor-antigravity-type.html
T-MO-4006-380,RESISTANCE,194mΩ,https://store.tmotor.com/product/mn4006-kv380-motor-antigravity-type.html
T-MO-4006-380,L CABLE,50mm,https://store.tmotor.com/product/mn4006-kv380-motor-antigravity-type.html
T-MO-4006-380,CONFIG,18N24P,https://store.tmotor.com/product/mn4006-kv380-motor-antigravity-type.html
T-MO-4006-380,LIPO,4S-6S,https://store.tmotor.com/product/mn4006-kv380-motor-antigravity-type.html
T-MO-4006-380,AMP,16,https://store.tmotor.com/product/mn4006-kv380-motor-antigravity-type.html
T-MO-5006-300,LIPO,4S-6S,https://store.tmotor.com/product/mn5006-kv300-motor-antigravity-type.html
T-MO-5006-300,AMP,20,https://store.tmotor.com/product/mn5006-kv300-motor-antigravity-type.html
T-MO-5006-300,HELICE,P17-18”,https://store.tmotor.com/product/mn5006-kv300-motor-antigravity-type.html
T-MO-5006-300,RESISTANCE,125mΩ,https://store.tmotor.com/product/mn5006-kv300-motor-antigravity-type.html
T-MO-5006-300,D MOTEUR,55.6,https://store.tmotor.com/product/mn5006-kv300-motor-antigravity-type.html
T-MO-5006-300,H MOTEUR,30,https://store.tmotor.com/product/mn5006-kv300-motor-antigravity-type.html
T-MO-5006-300,CONFIG,24N28P,https://store.tmotor.com/product/mn5006-kv300-motor-antigravity-type.html
T-MO-5006-300,D SHAFT,6,https://store.tmotor.com/product/mn5006-kv300-motor-antigravity-type.html
T-MO-5006-300,L CABLE,80mm,https://store.tmotor.com/product/mn5006-kv300-motor-antigravity-type.html
T-MO-5006-450,LIPO,4S-6S,https://store.tmotor.com/product/mn5006-kv300-motor-antigravity-type.html
T-MO-5006-450,AMP,26,https://store.tmotor.com/product/mn5006-kv300-motor-antigravity-type.html
T-MO-5006-450,HELICE,P14-18”,https://store.tmotor.com/product/mn5006-kv300-motor-antigravity-type.html
T-MO-5006-450,RESISTANCE,60mΩ,https://store.tmotor.com/product/mn5006-kv300-motor-antigravity-type.html
T-MO-5006-450,D MOTEUR,55.6,https://store.tmotor.com/product/mn5006-kv300-motor-antigravity-type.html
T-MO-5006-450,H MOTEUR,30,https://store.tmotor.com/product/mn5006-kv300-motor-antigravity-type.html
T-MO-5006-450,CONFIG,24N28P,https://store.tmotor.com/product/mn5006-kv300-motor-antigravity-type.html
T-MO-5006-450,D SHAFT,6,https://store.tmotor.com/product/mn5006-kv300-motor-antigravity-type.html
T-MO-5006-450,L CABLE,80mm,https://store.tmotor.com/product/mn5006-kv300-motor-antigravity-type.html
T-MO-5008-170,LIPO,6S-12S,https://store.tmotor.com/product/mn5008-kv170-motor-antigravity-type.html
T-MO-5008-170,AMP,15,https://store.tmotor.com/product/mn5008-kv170-motor-antigravity-type.html
T-MO-5008-170,HELICE,P17-18”,https://store.tmotor.com/product/mn5008-kv170-motor-antigravity-type.html
T-MO-5008-170,RESISTANCE,270mΩ,https://store.tmotor.com/product/mn5008-kv170-motor-antigravity-type.html
T-MO-5008-170,D MOTEUR,55.6,https://store.tmotor.com/product/mn5008-kv170-motor-antigravity-type.html
T-MO-5008-170,H MOTEUR,32,https://store.tmotor.com/product/mn5008-kv170-motor-antigravity-type.html
T-MO-5008-170,CONFIG,24N28P,https://store.tmotor.com/product/mn5008-kv170-motor-antigravity-type.html
T-MO-5008-170,D SHAFT,6,https://store.tmotor.com/product/mn5008-kv170-motor-antigravity-type.html
T-MO-5008-170,L CABLE,80mm,https://store.tmotor.com/product/mn5008-kv170-motor-antigravity-type.html
T-MO-5008-340,LIPO,6S,https://store.tmotor.com/product/mn5008-kv170-motor-antigravity-type.html
T-MO-5008-340,AMP,35,https://store.tmotor.com/product/mn5008-kv170-motor-antigravity-type.html
T-MO-5008-340,HELICE,P17-18”,https://store.tmotor.com/product/mn5008-kv170-motor-antigravity-type.html
T-MO-5008-340,PUISSANCE,760,https://store.tmotor.com/product/mn5008-kv170-motor-antigravity-type.html
T-MO-5008-340,RESISTANCE,55mΩ,https://store.tmotor.com/product/mn5008-kv170-motor-antigravity-type.html
T-MO-5008-340,D MOTEUR,55.6,https://store.tmotor.com/product/mn5008-kv170-motor-antigravity-type.html
T-MO-5008-340,H MOTEUR,32,https://store.tmotor.com/product/mn5008-kv170-motor-antigravity-type.html
T-MO-5008-340,CONFIG,24N28P,https://store.tmotor.com/product/mn5008-kv170-motor-antigravity-type.html
T-MO-5008-340,D SHAFT,6,https://store.tmotor.com/product/mn5008-kv170-motor-antigravity-type.html
T-MO-5008-340,L CABLE,80mm,https://store.tmotor.com/product/mn5008-kv170-motor-antigravity-type.html
T-MO-5008-400,LIPO,6S,https://store.tmotor.com/product/mn5008-kv170-motor-antigravity-type.html
T-MO-5008-400,AMP,35,https://store.tmotor.com/product/mn5008-kv170-motor-antigravity-type.html
T-MO-5008-400,HELICE,P15-17”,https://store.tmotor.com/product/mn5008-kv170-motor-antigravity-type.html
T-MO-5008-400,PUISSANCE,800,https://store.tmotor.com/product/mn5008-kv170-motor-antigravity-type.html
T-MO-5008-400,RESISTANCE,50mΩ,https://store.tmotor.com/product/mn5008-kv170-motor-antigravity-type.html
T-MO-5008-400,D MOTEUR,55.6,https://store.tmotor.com/product/mn5008-kv170-motor-antigravity-type.html
T-MO-5008-400,H MOTEUR,32,https://store.tmotor.com/product/mn5008-kv170-motor-antigravity-type.html
T-MO-5008-400,CONFIG,24N28P,https://store.tmotor.com/product/mn5008-kv170-motor-antigravity-type.html
T-MO-5008-400,D SHAFT,6,https://store.tmotor.com/product/mn5008-kv170-motor-antigravity-type.html
T-MO-5008-400,L CABLE,80mm,https://store.tmotor.com/product/mn5008-kv170-motor-antigravity-type.html
T-MO-7005-115,RESISTANCE,288mΩ,https://store.tmotor.com/product/mn7005-kv115-motor-antigravity-type.html
T-MO-7005-115,CONFIG,24N28P,https://store.tmotor.com/product/mn7005-kv115-motor-antigravity-type.html
T-MO-7005-230,RESISTANCE,71mΩ,https://store.tmotor.com/product/mn7005-kv115-motor-antigravity-type.html
T-MO-7005-230,CONFIG,24N28P,https://store.tmotor.com/product/mn7005-kv115-motor-antigravity-type.html
TMOT-8012-100,LIPO,12S,https://store.tmotor.com/product/mn8012-motor-antigravity-type.html
TMOT-8012-100,RESISTANCE,85mΩ,https://store.tmotor.com/product/mn8012-motor-antigravity-type.html
TMOT-8012-100,AMP,40,https://store.tmotor.com/product/mn8012-motor-antigravity-type.html
TMOT-8012-100,POIDS,351,https://store.tmotor.com/product/mn8012-motor-antigravity-type.html
TMOT-8012-100,PUISSANCE,1873,https://store.tmotor.com/product/mn8012-motor-antigravity-type.html
TMOT-8012-100,D MOTEUR,87.8,https://store.tmotor.com/product/mn8012-motor-antigravity-type.html
TMOT-8012-100,H MOTEUR,29,https://store.tmotor.com/product/mn8012-motor-antigravity-type.html
TMOT-8012-100,TYPE CABLE,16AWG,https://store.tmotor.com/product/mn8012-motor-antigravity-type.html
TMOT-8012-100,L CABLE,90mm,https://store.tmotor.com/product/mn8012-motor-antigravity-type.html
TMOT-8012-100,CONFIG,36N42P,https://store.tmotor.com/product/mn8012-motor-antigravity-type.html
TMOT-8012-100,D SHAFT,12,https://store.tmotor.com/product/mn8012-motor-antigravity-type.html
T-MO-2208-128,D MOTEUR,27.5,https://store.tmotor.com/product/gb2208-gimbal-type.html
T-MO-2208-128,H MOTEUR,23,https://store.tmotor.com/product/gb2208-gimbal-type.html
T-MO-2208-128,L CABLE,200mm,https://store.tmotor.com/product/gb2208-gimbal-type.html
T-MO-2208-128,CONFIG,12N14P,https://store.tmotor.com/product/gb2208-gimbal-type.html
T-MO-2208-128,RESISTANCE,14.4mΩ,https://store.tmotor.com/product/gb2208-gimbal-type.html
T-MO-2208-128,LIPO,3S-4S,https://store.tmotor.com/product/gb2208-gimbal-type.html
T-MO-4106-53,D MOTEUR,47.75,https://store.tmotor.com/product/gb4106-gimbal-type.html
T-MO-4106-53,H MOTEUR,20,https://store.tmotor.com/product/gb4106-gimbal-type.html
T-MO-4106-53,L CABLE,350mm,https://store.tmotor.com/product/gb4106-gimbal-type.html
T-MO-4106-53,CONFIG,12N14P,https://store.tmotor.com/product/gb4106-gimbal-type.html
T-MO-4106-53,RESISTANCE,15.3mΩ,https://store.tmotor.com/product/gb4106-gimbal-type.html
T-MO-4106-53,LIPO,3S-6S,https://store.tmotor.com/product/gb4106-gimbal-type.html
T-MO--50,D MOTEUR,41.8,https://store.tmotor.com/product/gb36-1-gimbal-type.html
T-MO--50,H MOTEUR,24.3,https://store.tmotor.com/product/gb36-1-gimbal-type.html
T-MO--50,L CABLE,350mm,https://store.tmotor.com/product/gb36-1-gimbal-type.html
T-MO--50,CONFIG,12N14P,https://store.tmotor.com/product/gb36-1-gimbal-type.html
T-MO--50,RESISTANCE,15.6mΩ,https://store.tmotor.com/product/gb36-1-gimbal-type.html
T-MO--50,LIPO,3S-6S,https://store.tmotor.com/product/gb36-1-gimbal-type.html
TMOT-GB362-30,D MOTEUR,42.5,https://store.tmotor.com/product/gb36-2-gimbal-type.html
TMOT-GB362-30,H MOTEUR,30,https://store.tmotor.com/product/gb36-2-gimbal-type.html
TMOT-GB362-30,POIDS,128,https://store.tmotor.com/product/gb36-2-gimbal-type.html
TMOT-GB362-30,L CABLE,350mm,https://store.tmotor.com/product/gb36-2-gimbal-type.html
TMOT-GB362-30,CONFIG,12N14P,https://store.tmotor.com/product/gb36-2-gimbal-type.html
TMOT-GB362-30,RESISTANCE,16.4mΩ,https://store.tmotor.com/product/gb36-2-gimbal-type.html
TMOT-GB362-30,LIPO,3S-6S,https://store.tmotor.com/product/gb36-2-gimbal-type.html
T-MO-2308-1450,D MOTEUR,28.8,https://store.tmotor.com/product/at2308-long-shaft-fixed-wing-motor.html
T-MO-2308-1450,H MOTEUR,40.5,https://store.tmotor.com/product/at2308-long-shaft-fixed-wing-motor.html
T-MO-2308-1450,RESISTANCE,90mΩ,https://store.tmotor.com/product/at2308-long-shaft-fixed-wing-motor.html
T-MO-2308-1450,TYPE CABLE,22AWG,https://store.tmotor.com/product/at2308-long-shaft-fixed-wing-motor.html
T-MO-2308-1450,L CABLE,100mm,https://store.tmotor.com/product/at2308-long-shaft-fixed-wing-motor.html
T-MO-2308-1450,CONFIG,12N14P,https://store.tmotor.com/product/at2308-long-shaft-fixed-wing-motor.html
T-MO-2308-1450,D SHAFT,4,https://store.tmotor.com/product/at2308-long-shaft-fixed-wing-motor.html
T-MO-2308-1450,LIPO,2S-4S,https://store.tmotor.com/product/at2308-long-shaft-fixed-wing-motor.html
T-MO-2308-1450,AMP,23,https://store.tmotor.com/product/at2308-long-shaft-fixed-wing-motor.html
T-MO-2308-2600,D MOTEUR,28.8,https://store.tmotor.com/product/at2308-long-shaft-fixed-wing-motor.html
T-MO-2308-2600,H MOTEUR,40.5,https://store.tmotor.com/product/at2308-long-shaft-fixed-wing-motor.html
T-MO-2308-2600,RESISTANCE,28mΩ,https://store.tmotor.com/product/at2308-long-shaft-fixed-wing-motor.html
T-MO-2308-2600,TYPE CABLE,22AWG,https://store.tmotor.com/product/at2308-long-shaft-fixed-wing-motor.html
T-MO-2308-2600,L CABLE,100mm,https://store.tmotor.com/product/at2308-long-shaft-fixed-wing-motor.html
T-MO-2308-2600,CONFIG,12N14P,https://store.tmotor.com/product/at2308-long-shaft-fixed-wing-motor.html
T-MO-2308-2600,D SHAFT,4,https://store.tmotor.com/product/at2308-long-shaft-fixed-wing-motor.html
T-MO-2308-2600,LIPO,2S-4S,https://store.tmotor.com/product/at2308-long-shaft-fixed-wing-motor.html
T-MO-2308-2600,AMP,28,https://store.tmotor.com/product/at2308-long-shaft-fixed-wing-motor.html
T-MO-2312-1150,D MOTEUR,28.4,https://store.tmotor.com/product/at2312-long-shaft-fixed-wing-motor.html
T-MO-2312-1150,H MOTEUR,44.5,https://store.tmotor.com/product/at2312-long-shaft-fixed-wing-motor.html
T-MO-2312-1150,RESISTANCE,75mΩ,https://store.tmotor.com/product/at2312-long-shaft-fixed-wing-motor.html
T-MO-2312-1150,TYPE CABLE,22AWG,https://store.tmotor.com/product/at2312-long-shaft-fixed-wing-motor.html
T-MO-2312-1150,L CABLE,100mm,https://store.tmotor.com/product/at2312-long-shaft-fixed-wing-motor.html
T-MO-2312-1150,CONFIG,12N14P,https://store.tmotor.com/product/at2312-long-shaft-fixed-wing-motor.html
T-MO-2312-1150,D SHAFT,4,https://store.tmotor.com/product/at2312-long-shaft-fixed-wing-motor.html
T-MO-2312-1150,LIPO,2S-4S,https://store.tmotor.com/product/at2312-long-shaft-fixed-wing-motor.html
T-MO-2312-1150,AMP,25,https://store.tmotor.com/product/at2312-long-shaft-fixed-wing-motor.html
T-MO-2312-1400,D MOTEUR,28.4,https://store.tmotor.com/product/at2312-long-shaft-fixed-wing-motor.html
T-MO-2312-1400,H MOTEUR,44.5,https://store.tmotor.com/product/at2312-long-shaft-fixed-wing-motor.html
T-MO-2312-1400,RESISTANCE,55mΩ,https://store.tmotor.com/product/at2312-long-shaft-fixed-wing-motor.html
T-MO-2312-1400,TYPE CABLE,22AWG,https://store.tmotor.com/product/at2312-long-shaft-fixed-wing-motor.html
T-MO-2312-1400,L CABLE,100mm,https://store.tmotor.com/product/at2312-long-shaft-fixed-wing-motor.html
T-MO-2312-1400,CONFIG,12N14P,https://store.tmotor.com/product/at2312-long-shaft-fixed-wing-motor.html
T-MO-2312-1400,D SHAFT,4,https://store.tmotor.com/product/at2312-long-shaft-fixed-wing-motor.html
T-MO-2312-1400,LIPO,2S-4S,https://store.tmotor.com/product/at2312-long-shaft-fixed-wing-motor.html
T-MO-2312-1400,AMP,30,https://store.tmotor.com/product/at2312-long-shaft-fixed-wing-motor.html
T-MO-2317-880,D MOTEUR,28.8,https://store.tmotor.com/product/at2317-long-shaft-fixed-wing-motor.html
T-MO-2317-880,H MOTEUR,52,https://store.tmotor.com/product/at2317-long-shaft-fixed-wing-motor.html
T-MO-2317-880,RESISTANCE,82mΩ,https://store.tmotor.com/product/at2317-long-shaft-fixed-wing-motor.html
T-MO-2317-880,TYPE CABLE,22AWG,https://store.tmotor.com/product/at2317-long-shaft-fixed-wing-motor.html
T-MO-2317-880,L CABLE,100mm,https://store.tmotor.com/product/at2317-long-shaft-fixed-wing-motor.html
T-MO-2317-880,CONFIG,12N14P,https://store.tmotor.com/product/at2317-long-shaft-fixed-wing-motor.html
T-MO-2317-880,D SHAFT,4,https://store.tmotor.com/product/at2317-long-shaft-fixed-wing-motor.html
T-MO-2317-880,LIPO,2S-4S,https://store.tmotor.com/product/at2317-long-shaft-fixed-wing-motor.html
T-MO-2317-880,AMP,25,https://store.tmotor.com/product/at2317-long-shaft-fixed-wing-motor.html
T-MO-2317-1250,D MOTEUR,28.4,https://store.tmotor.com/product/at2317-long-shaft-fixed-wing-motor.html
T-MO-2317-1250,H MOTEUR,44.5,https://store.tmotor.com/product/at2317-long-shaft-fixed-wing-motor.html
T-MO-2317-1250,RESISTANCE,52mΩ,https://store.tmotor.com/product/at2317-long-shaft-fixed-wing-motor.html
T-MO-2317-1250,TYPE CABLE,22AWG,https://store.tmotor.com/product/at2317-long-shaft-fixed-wing-motor.html
T-MO-2317-1250,L CABLE,100mm,https://store.tmotor.com/product/at2317-long-shaft-fixed-wing-motor.html
T-MO-2317-1250,CONFIG,12N14P,https://store.tmotor.com/product/at2317-long-shaft-fixed-wing-motor.html
T-MO-2317-1250,D SHAFT,4,https://store.tmotor.com/product/at2317-long-shaft-fixed-wing-motor.html
T-MO-2317-1250,LIPO,2S-4S,https://store.tmotor.com/product/at2317-long-shaft-fixed-wing-motor.html
T-MO-2317-1250,AMP,40,https://store.tmotor.com/product/at2317-long-shaft-fixed-wing-motor.html
TMOT-2317-1400,POIDS,80,https://store.tmotor.com/product/at2317-long-shaft-fixed-wing-motor.html
TMOT-2317-1400,D MOTEUR,28.4,https://store.tmotor.com/product/at2317-long-shaft-fixed-wing-motor.html
TMOT-2317-1400,H MOTEUR,44.5,https://store.tmotor.com/product/at2317-long-shaft-fixed-wing-motor.html
TMOT-2317-1400,RESISTANCE,35mΩ,https://store.tmotor.com/product/at2317-long-shaft-fixed-wing-motor.html
TMOT-2317-1400,TYPE CABLE,22AWG,https://store.tmotor.com/product/at2317-long-shaft-fixed-wing-motor.html
TMOT-2317-1400,L CABLE,100mm,https://store.tmotor.com/product/at2317-long-shaft-fixed-wing-motor.html
TMOT-2317-1400,CONFIG,12N14P,https://store.tmotor.com/product/at2317-long-shaft-fixed-wing-motor.html
TMOT-2317-1400,D SHAFT,4,https://store.tmotor.com/product/at2317-long-shaft-fixed-wing-motor.html
TMOT-2317-1400,LIPO,2S-4S,https://store.tmotor.com/product/at2317-long-shaft-fixed-wing-motor.html
TMOT-2317-1400,AMP,45,https://store.tmotor.com/product/at2317-long-shaft-fixed-wing-motor.html
TMOT-2317-1400,PUISSANCE,700,https://store.tmotor.com/product/at2317-long-shaft-fixed-wing-motor.html
T-MO-2321-950,D MOTEUR,28.8,https://store.tmotor.com/product/at2321-long-shaft-fixed-wing-bldc-motor.html
T-MO-2321-950,H MOTEUR,56,https://store.tmotor.com/product/at2321-long-shaft-fixed-wing-bldc-motor.html
T-MO-2321-950,RESISTANCE,65mΩ,https://store.tmotor.com/product/at2321-long-shaft-fixed-wing-bldc-motor.html
T-MO-2321-950,TYPE CABLE,22AWG,https://store.tmotor.com/product/at2321-long-shaft-fixed-wing-bldc-motor.html
T-MO-2321-950,L CABLE,100mm,https://store.tmotor.com/product/at2321-long-shaft-fixed-wing-bldc-motor.html
T-MO-2321-950,CONFIG,12N14P,https://store.tmotor.com/product/at2321-long-shaft-fixed-wing-bldc-motor.html
T-MO-2321-950,D SHAFT,4,https://store.tmotor.com/product/at2321-long-shaft-fixed-wing-bldc-motor.html
T-MO-2321-950,LIPO,2S-4S,https://store.tmotor.com/product/at2321-long-shaft-fixed-wing-bldc-motor.html
T-MO-2321-950,AMP,30,https://store.tmotor.com/product/at2321-long-shaft-fixed-wing-bldc-motor.html
T-MO-2321-1250,D MOTEUR,28.8,https://store.tmotor.com/product/at2321-long-shaft-fixed-wing-bldc-motor.html
T-MO-2321-1250,H MOTEUR,56,https://store.tmotor.com/product/at2321-long-shaft-fixed-wing-bldc-motor.html
T-MO-2321-1250,RESISTANCE,38mΩ,https://store.tmotor.com/product/at2321-long-shaft-fixed-wing-bldc-motor.html
T-MO-2321-1250,TYPE CABLE,22AWG,https://store.tmotor.com/product/at2321-long-shaft-fixed-wing-bldc-motor.html
T-MO-2321-1250,L CABLE,100mm,https://store.tmotor.com/product/at2321-long-shaft-fixed-wing-bldc-motor.html
T-MO-2321-1250,CONFIG,12N14P,https://store.tmotor.com/product/at2321-long-shaft-fixed-wing-bldc-motor.html
T-MO-2321-1250,D SHAFT,4,https://store.tmotor.com/product/at2321-long-shaft-fixed-wing-bldc-motor.html
T-MO-2321-1250,LIPO,2S-4S,https://store.tmotor.com/product/at2321-long-shaft-fixed-wing-bldc-motor.html
T-MO-2321-1250,AMP,45,https://store.tmotor.com/product/at2321-long-shaft-fixed-wing-bldc-motor.html
T-MO-2814-900,D MOTEUR,35.2,https://store.tmotor.com/product/at2814-long-shaft-fixed-wing-motor.html
T-MO-2814-900,H MOTEUR,54.5,https://store.tmotor.com/product/at2814-long-shaft-fixed-wing-motor.html
T-MO-2814-900,RESISTANCE,82mΩ,https://store.tmotor.com/product/at2814-long-shaft-fixed-wing-motor.html
T-MO-2814-900,L CABLE,100mm,https://store.tmotor.com/product/at2814-long-shaft-fixed-wing-motor.html
T-MO-2814-900,CONFIG,12N14P,https://store.tmotor.com/product/at2814-long-shaft-fixed-wing-motor.html
T-MO-2814-900,D SHAFT,5,https://store.tmotor.com/product/at2814-long-shaft-fixed-wing-motor.html
T-MO-2814-900,LIPO,3S-4S,https://store.tmotor.com/product/at2814-long-shaft-fixed-wing-motor.html
T-MO-2814-900,AMP,45,https://store.tmotor.com/product/at2814-long-shaft-fixed-wing-motor.html
T-MO-2814-1050,D MOTEUR,35.2,https://store.tmotor.com/product/at2814-long-shaft-fixed-wing-motor.html
T-MO-2814-1050,H MOTEUR,54.5,https://store.tmotor.com/product/at2814-long-shaft-fixed-wing-motor.html
T-MO-2814-1050,RESISTANCE,35mΩ,https://store.tmotor.com/product/at2814-long-shaft-fixed-wing-motor.html
T-MO-2814-1050,L CABLE,100mm,https://store.tmotor.com/product/at2814-long-shaft-fixed-wing-motor.html
T-MO-2814-1050,CONFIG,12N14P,https://store.tmotor.com/product/at2814-long-shaft-fixed-wing-motor.html
T-MO-2814-1050,D SHAFT,5,https://store.tmotor.com/product/at2814-long-shaft-fixed-wing-motor.html
T-MO-2814-1050,LIPO,3S-4S,https://store.tmotor.com/product/at2814-long-shaft-fixed-wing-motor.html
T-MO-2814-1050,AMP,50,https://store.tmotor.com/product/at2814-long-shaft-fixed-wing-motor.html
T-MO-2814-1200,D MOTEUR,35.2,https://store.tmotor.com/product/at2814-long-shaft-fixed-wing-motor.html
T-MO-2814-1200,H MOTEUR,54.5,https://store.tmotor.com/product/at2814-long-shaft-fixed-wing-motor.html
T-MO-2814-1200,RESISTANCE,26mΩ,https://store.tmotor.com/product/at2814-long-shaft-fixed-wing-motor.html
T-MO-2814-1200,L CABLE,100mm,https://store.tmotor.com/product/at2814-long-shaft-fixed-wing-motor.html
T-MO-2814-1200,CONFIG,12N14P,https://store.tmotor.com/product/at2814-long-shaft-fixed-wing-motor.html
T-MO-2814-1200,D SHAFT,5,https://store.tmotor.com/product/at2814-long-shaft-fixed-wing-motor.html
T-MO-2814-1200,LIPO,3S-4S,https://store.tmotor.com/product/at2814-long-shaft-fixed-wing-motor.html
T-MO-2814-1200,AMP,55,https://store.tmotor.com/product/at2814-long-shaft-fixed-wing-motor.html
T-MO-2820-880,D MOTEUR,35.2,https://store.tmotor.com/product/at2820-long-shaft-fixed-wing-motor.html
T-MO-2820-880,H MOTEUR,63.5,https://store.tmotor.com/product/at2820-long-shaft-fixed-wing-motor.html
T-MO-2820-880,RESISTANCE,39mΩ,https://store.tmotor.com/product/at2820-long-shaft-fixed-wing-motor.html
T-MO-2820-880,L CABLE,100mm,https://store.tmotor.com/product/at2820-long-shaft-fixed-wing-motor.html
T-MO-2820-880,CONFIG,12N14P,https://store.tmotor.com/product/at2820-long-shaft-fixed-wing-motor.html
T-MO-2820-880,D SHAFT,5,https://store.tmotor.com/product/at2820-long-shaft-fixed-wing-motor.html
T-MO-2820-880,LIPO,3S-4S,https://store.tmotor.com/product/at2820-long-shaft-fixed-wing-motor.html
T-MO-2820-880,AMP,45,https://store.tmotor.com/product/at2820-long-shaft-fixed-wing-motor.html
T-MO-2820-1050,D MOTEUR,35.2,https://store.tmotor.com/product/at2820-long-shaft-fixed-wing-motor.html
T-MO-2820-1050,H MOTEUR,63.5,https://store.tmotor.com/product/at2820-long-shaft-fixed-wing-motor.html
T-MO-2820-1050,RESISTANCE,28mΩ,https://store.tmotor.com/product/at2820-long-shaft-fixed-wing-motor.html
T-MO-2820-1050,L CABLE,100mm,https://store.tmotor.com/product/at2820-long-shaft-fixed-wing-motor.html
T-MO-2820-1050,CONFIG,12N14P,https://store.tmotor.com/product/at2820-long-shaft-fixed-wing-motor.html
T-MO-2820-1050,D SHAFT,5,https://store.tmotor.com/product/at2820-long-shaft-fixed-wing-motor.html
T-MO-2820-1050,LIPO,3S-4S,https://store.tmotor.com/product/at2820-long-shaft-fixed-wing-motor.html
T-MO-2820-1050,AMP,65,https://store.tmotor.com/product/at2820-long-shaft-fixed-wing-motor.html
T-MO-2820-1250,D MOTEUR,35.2,https://store.tmotor.com/product/at2820-long-shaft-fixed-wing-motor.html
T-MO-2820-1250,H MOTEUR,63.5,https://store.tmotor.com/product/at2820-long-shaft-fixed-wing-motor.html
T-MO-2820-1250,RESISTANCE,16mΩ,https://store.tmotor.com/product/at2820-long-shaft-fixed-wing-motor.html
T-MO-2820-1250,L CABLE,100mm,https://store.tmotor.com/product/at2820-long-shaft-fixed-wing-motor.html
T-MO-2820-1250,CONFIG,12N14P,https://store.tmotor.com/product/at2820-long-shaft-fixed-wing-motor.html
T-MO-2820-1250,D SHAFT,5,https://store.tmotor.com/product/at2820-long-shaft-fixed-wing-motor.html
T-MO-2820-1250,LIPO,3S-4S,https://store.tmotor.com/product/at2820-long-shaft-fixed-wing-motor.html
T-MO-2820-1250,AMP,70,https://store.tmotor.com/product/at2820-long-shaft-fixed-wing-motor.html
T-MO-2826-900,D MOTEUR,35.2,https://store.tmotor.com/product/at2826-long-shaft-fixed-wing-motor.html
T-MO-2826-900,H MOTEUR,69.5,https://store.tmotor.com/product/at2826-long-shaft-fixed-wing-motor.html
T-MO-2826-900,RESISTANCE,24mΩ,https://store.tmotor.com/product/at2826-long-shaft-fixed-wing-motor.html
T-MO-2826-900,L CABLE,100mm,https://store.tmotor.com/product/at2826-long-shaft-fixed-wing-motor.html
T-MO-2826-900,CONFIG,12N14P,https://store.tmotor.com/product/at2826-long-shaft-fixed-wing-motor.html
T-MO-2826-900,D SHAFT,5,https://store.tmotor.com/product/at2826-long-shaft-fixed-wing-motor.html
T-MO-2826-900,LIPO,3S-4S,https://store.tmotor.com/product/at2826-long-shaft-fixed-wing-motor.html
T-MO-2826-900,AMP,57,https://store.tmotor.com/product/at2826-long-shaft-fixed-wing-motor.html
T-MO-2826-1100,D MOTEUR,35.2,https://store.tmotor.com/product/at2826-long-shaft-fixed-wing-motor.html
T-MO-2826-1100,H MOTEUR,69.5,https://store.tmotor.com/product/at2826-long-shaft-fixed-wing-motor.html
T-MO-2826-1100,RESISTANCE,110mΩ,https://store.tmotor.com/product/at2826-long-shaft-fixed-wing-motor.html
T-MO-2826-1100,L CABLE,100mm,https://store.tmotor.com/product/at2826-long-shaft-fixed-wing-motor.html
T-MO-2826-1100,CONFIG,12N14P,https://store.tmotor.com/product/at2826-long-shaft-fixed-wing-motor.html
T-MO-2826-1100,D SHAFT,5,https://store.tmotor.com/product/at2826-long-shaft-fixed-wing-motor.html
T-MO-2826-1100,LIPO,3S-4S,https://store.tmotor.com/product/at2826-long-shaft-fixed-wing-motor.html
T-MO-2826-1100,AMP,59,https://store.tmotor.com/product/at2826-long-shaft-fixed-wing-motor.html
T-MO-3520-550,D MOTEUR,43,https://store.tmotor.com/product/at3520-long-shaft-fixed-wing-motor.html
T-MO-3520-550,H MOTEUR,65,https://store.tmotor.com/product/at3520-long-shaft-fixed-wing-motor.html
T-MO-3520-550,RESISTANCE,31mΩ,https://store.tmotor.com/product/at3520-long-shaft-fixed-wing-motor.html
T-MO-3520-550,L CABLE,100mm,https://store.tmotor.com/product/at3520-long-shaft-fixed-wing-motor.html
T-MO-3520-550,CONFIG,12N14P,https://store.tmotor.com/product/at3520-long-shaft-fixed-wing-motor.html
T-MO-3520-550,D SHAFT,5,https://store.tmotor.com/product/at3520-long-shaft-fixed-wing-motor.html
T-MO-3520-550,LIPO,4S-6S,https://store.tmotor.com/product/at3520-long-shaft-fixed-wing-motor.html
T-MO-3520-550,AMP,50,https://store.tmotor.com/product/at3520-long-shaft-fixed-wing-motor.html
T-MO-3520-720,D MOTEUR,43,https://store.tmotor.com/product/at3520-long-shaft-fixed-wing-motor.html
T-MO-3520-720,H MOTEUR,65,https://store.tmotor.com/product/at3520-long-shaft-fixed-wing-motor.html
T-MO-3520-720,RESISTANCE,20mΩ,https://store.tmotor.com/product/at3520-long-shaft-fixed-wing-motor.html
T-MO-3520-720,L CABLE,100mm,https://store.tmotor.com/product/at3520-long-shaft-fixed-wing-motor.html
T-MO-3520-720,CONFIG,12N14P,https://store.tmotor.com/product/at3520-long-shaft-fixed-wing-motor.html
T-MO-3520-720,D SHAFT,5,https://store.tmotor.com/product/at3520-long-shaft-fixed-wing-motor.html
T-MO-3520-720,LIPO,4S-5S,https://store.tmotor.com/product/at3520-long-shaft-fixed-wing-motor.html
T-MO-3520-720,AMP,70,https://store.tmotor.com/product/at3520-long-shaft-fixed-wing-motor.html
T-MO-3520-850,D MOTEUR,43,https://store.tmotor.com/product/at3520-long-shaft-fixed-wing-motor.html
T-MO-3520-850,H MOTEUR,65,https://store.tmotor.com/product/at3520-long-shaft-fixed-wing-motor.html
T-MO-3520-850,RESISTANCE,14mΩ,https://store.tmotor.com/product/at3520-long-shaft-fixed-wing-motor.html
T-MO-3520-850,L CABLE,100mm,https://store.tmotor.com/product/at3520-long-shaft-fixed-wing-motor.html
T-MO-3520-850,CONFIG,12N14P,https://store.tmotor.com/product/at3520-long-shaft-fixed-wing-motor.html
T-MO-3520-850,D SHAFT,5,https://store.tmotor.com/product/at3520-long-shaft-fixed-wing-motor.html
T-MO-3520-850,LIPO,3S-4S,https://store.tmotor.com/product/at3520-long-shaft-fixed-wing-motor.html
T-MO-3520-850,AMP,70,https://store.tmotor.com/product/at3520-long-shaft-fixed-wing-motor.html
TMOT-AX435A-220,PUISSANCE,1550,https://store.tmotor.com/product/ax435-a-kv220-fixed-wing-motor.html
TMOT-AX435A-220,AMP,75,https://store.tmotor.com/product/ax435-a-kv220-fixed-wing-motor.html
TMOT-AX435A-220,LIPO,12S,https://store.tmotor.com/product/ax435-a-kv220-fixed-wing-motor.html
TMOT-AX435A-220,RESISTANCE,46mΩ,https://store.tmotor.com/product/ax435-a-kv220-fixed-wing-motor.html
TMOT-AX435A-220,POIDS,480,https://store.tmotor.com/product/ax435-a-kv220-fixed-wing-motor.html
TMOT-AX435A-220,D MOTEUR,49.5,https://store.tmotor.com/product/ax435-a-kv220-fixed-wing-motor.html
TMOT-AX435A-220,H MOTEUR,77.5,https://store.tmotor.com/product/ax435-a-kv220-fixed-wing-motor.html
TMOT-AX435A-220,L CABLE,150mm,https://store.tmotor.com/product/ax435-a-kv220-fixed-wing-motor.html
TMOT-AX435A-220,CONFIG,12N14P,https://store.tmotor.com/product/ax435-a-kv220-fixed-wing-motor.html
TMOT-AX435A-220,D SHAFT,8,https://store.tmotor.com/product/ax435-a-kv220-fixed-wing-motor.html
TMOT-AX435A-250,PUISSANCE,2000,https://store.tmotor.com/product/ax435-a-kv220-fixed-wing-motor.html
TMOT-AX435A-250,AMP,82,https://store.tmotor.com/product/ax435-a-kv220-fixed-wing-motor.html
TMOT-AX435A-250,LIPO,12S,https://store.tmotor.com/product/ax435-a-kv220-fixed-wing-motor.html
TMOT-AX435A-250,RESISTANCE,37mΩ,https://store.tmotor.com/product/ax435-a-kv220-fixed-wing-motor.html
TMOT-AX435A-250,POIDS,480,https://store.tmotor.com/product/ax435-a-kv220-fixed-wing-motor.html
TMOT-AX435A-250,D MOTEUR,49.5,https://store.tmotor.com/product/ax435-a-kv220-fixed-wing-motor.html
TMOT-AX435A-250,H MOTEUR,77.5,https://store.tmotor.com/product/ax435-a-kv220-fixed-wing-motor.html
TMOT-AX435A-250,L CABLE,150mm,https://store.tmotor.com/product/ax435-a-kv220-fixed-wing-motor.html
TMOT-AX435A-250,CONFIG,12N14P,https://store.tmotor.com/product/ax435-a-kv220-fixed-wing-motor.html
TMOT-AX435A-250,D SHAFT,8,https://store.tmotor.com/product/ax435-a-kv220-fixed-wing-motor.html
TMOT-AX435B-220,PUISSANCE,1550,https://store.tmotor.com/product/ax435-b-kv220-fixed-wing-motor.html
TMOT-AX435B-220,AMP,75,https://store.tmotor.com/product/ax435-b-kv220-fixed-wing-motor.html
TMOT-AX435B-220,LIPO,12S,https://store.tmotor.com/product/ax435-b-kv220-fixed-wing-motor.html
TMOT-AX435B-220,RESISTANCE,46mΩ,https://store.tmotor.com/product/ax435-b-kv220-fixed-wing-motor.html
TMOT-AX435B-220,POIDS,485,https://store.tmotor.com/product/ax435-b-kv220-fixed-wing-motor.html
TMOT-AX435B-220,D MOTEUR,49.5,https://store.tmotor.com/product/ax435-b-kv220-fixed-wing-motor.html
TMOT-AX435B-220,H MOTEUR,89,https://store.tmotor.com/product/ax435-b-kv220-fixed-wing-motor.html
TMOT-AX435B-220,L CABLE,150mm,https://store.tmotor.com/product/ax435-b-kv220-fixed-wing-motor.html
TMOT-AX435B-220,CONFIG,12N14P,https://store.tmotor.com/product/ax435-b-kv220-fixed-wing-motor.html
TMOT-AX435B-220,D SHAFT,8,https://store.tmotor.com/product/ax435-b-kv220-fixed-wing-motor.html
TMOT-AX435B-250,PUISSANCE,2000,https://store.tmotor.com/product/ax435-b-kv220-fixed-wing-motor.html
TMOT-AX435B-250,AMP,82,https://store.tmotor.com/product/ax435-b-kv220-fixed-wing-motor.html
TMOT-AX435B-250,LIPO,12S,https://store.tmotor.com/product/ax435-b-kv220-fixed-wing-motor.html
TMOT-AX435B-250,RESISTANCE,37mΩ,https://store.tmotor.com/product/ax435-b-kv220-fixed-wing-motor.html
TMOT-AX435B-250,POIDS,485,https://store.tmotor.com/product/ax435-b-kv220-fixed-wing-motor.html
TMOT-AX435B-250,D MOTEUR,49.5,https://store.tmotor.com/product/ax435-b-kv220-fixed-wing-motor.html
TMOT-AX435B-250,H MOTEUR,89,https://store.tmotor.com/product/ax435-b-kv220-fixed-wing-motor.html
TMOT-AX435B-250,L CABLE,150mm,https://store.tmotor.com/product/ax435-b-kv220-fixed-wing-motor.html
TMOT-AX435B-250,CONFIG,12N14P,https://store.tmotor.com/product/ax435-b-kv220-fixed-wing-motor.html
TMOT-AX435B-250,D SHAFT,8,https://store.tmotor.com/product/ax435-b-kv220-fixed-wing-motor.html
TMOT-AX525A-250,PUISSANCE,2250,https://store.tmotor.com/product/ax525-a-kv250-fixed-wing-motor.html
TMOT-AX525A-250,AMP,100,https://store.tmotor.com/product/ax525-a-kv250-fixed-wing-motor.html
TMOT-AX525A-250,LIPO,12S,https://store.tmotor.com/product/ax525-a-kv250-fixed-wing-motor.html
TMOT-AX525A-250,RESISTANCE,22mΩ,https://store.tmotor.com/product/ax525-a-kv250-fixed-wing-motor.html
TMOT-AX525A-250,POIDS,600,https://store.tmotor.com/product/ax525-a-kv250-fixed-wing-motor.html
TMOT-AX525A-250,D MOTEUR,63.6,https://store.tmotor.com/product/ax525-a-kv250-fixed-wing-motor.html
TMOT-AX525A-250,H MOTEUR,68,https://store.tmotor.com/product/ax525-a-kv250-fixed-wing-motor.html
TMOT-AX525A-250,L CABLE,150mm,https://store.tmotor.com/product/ax525-a-kv250-fixed-wing-motor.html
TMOT-AX525A-250,CONFIG,12N14P,https://store.tmotor.com/product/ax525-a-kv250-fixed-wing-motor.html
TMOT-AX525A-250,D SHAFT,10,https://store.tmotor.com/product/ax525-a-kv250-fixed-wing-motor.html
TMOT-AX525B-250,PUISSANCE,2250,https://store.tmotor.com/product/ax525-b-kv250-fixed-wing-motor.html
TMOT-AX525B-250,AMP,100,https://store.tmotor.com/product/ax525-b-kv250-fixed-wing-motor.html
TMOT-AX525B-250,LIPO,12S,https://store.tmotor.com/product/ax525-b-kv250-fixed-wing-motor.html
TMOT-AX525B-250,RESISTANCE,22mΩ,https://store.tmotor.com/product/ax525-b-kv250-fixed-wing-motor.html
TMOT-AX525B-250,POIDS,620,https://store.tmotor.com/product/ax525-b-kv250-fixed-wing-motor.html
TMOT-AX525B-250,D MOTEUR,63.6,https://store.tmotor.com/product/ax525-b-kv250-fixed-wing-motor.html
TMOT-AX525B-250,H MOTEUR,78.5,https://store.tmotor.com/product/ax525-b-kv250-fixed-wing-motor.html
TMOT-AX525B-250,L CABLE,150mm,https://store.tmotor.com/product/ax525-b-kv250-fixed-wing-motor.html
TMOT-AX525B-250,CONFIG,12N14P,https://store.tmotor.com/product/ax525-b-kv250-fixed-wing-motor.html
TMOT-AX525B-250,D SHAFT,10,https://store.tmotor.com/product/ax525-b-kv250-fixed-wing-motor.html
TMOT-AX530A-260,PUISSANCE,2600,https://store.tmotor.com/product/ax530-a-kv260-fixed-wing-motor.html
TMOT-AX530A-260,AMP,120,https://store.tmotor.com/product/ax530-a-kv260-fixed-wing-motor.html
TMOT-AX530A-260,LIPO,12S,https://store.tmotor.com/product/ax530-a-kv260-fixed-wing-motor.html
TMOT-AX530A-260,RESISTANCE,20mΩ,https://store.tmotor.com/product/ax530-a-kv260-fixed-wing-motor.html
TMOT-AX530A-260,POIDS,680,https://store.tmotor.com/product/ax530-a-kv260-fixed-wing-motor.html
TMOT-AX530A-260,D MOTEUR,63.6,https://store.tmotor.com/product/ax530-a-kv260-fixed-wing-motor.html
TMOT-AX530A-260,H MOTEUR,73,https://store.tmotor.com/product/ax530-a-kv260-fixed-wing-motor.html
TMOT-AX530A-260,L CABLE,150mm,https://store.tmotor.com/product/ax530-a-kv260-fixed-wing-motor.html
TMOT-AX530A-260,CONFIG,12N14P,https://store.tmotor.com/product/ax530-a-kv260-fixed-wing-motor.html
TMOT-AX530A-260,D SHAFT,10,https://store.tmotor.com/product/ax530-a-kv260-fixed-wing-motor.html
TMOT-AX530B-260,PUISSANCE,2600,https://store.tmotor.com/product/ax530-b-kv260-fixed-wing-motor.html
TMOT-AX530B-260,AMP,120,https://store.tmotor.com/product/ax530-b-kv260-fixed-wing-motor.html
TMOT-AX530B-260,LIPO,12S,https://store.tmotor.com/product/ax530-b-kv260-fixed-wing-motor.html
TMOT-AX530B-260,RESISTANCE,20mΩ,https://store.tmotor.com/product/ax530-b-kv260-fixed-wing-motor.html
TMOT-AX530B-260,POIDS,700,https://store.tmotor.com/product/ax530-b-kv260-fixed-wing-motor.html
TMOT-AX530B-260,D MOTEUR,63.6,https://store.tmotor.com/product/ax530-b-kv260-fixed-wing-motor.html
TMOT-AX530B-260,H MOTEUR,83.5,https://store.tmotor.com/product/ax530-b-kv260-fixed-wing-motor.html
TMOT-AX530B-260,L CABLE,150mm,https://store.tmotor.com/product/ax530-b-kv260-fixed-wing-motor.html
TMOT-AX530B-260,CONFIG,12N14P,https://store.tmotor.com/product/ax530-b-kv260-fixed-wing-motor.html
TMOT-AX530B-260,D SHAFT,10,https://store.tmotor.com/product/ax530-b-kv260-fixed-wing-motor.html
TMOT-V505-260,D MOTEUR,55.6,https://store.tmotor.com/product/v505-vtol-motor.html
TMOT-V505-260,H MOTEUR,38.9,https://store.tmotor.com/product/v505-vtol-motor.html
TMOT-V505-260,TYPE CABLE,16AWG,https://store.tmotor.com/product/v505-vtol-motor.html
TMOT-V505-260,L CABLE,600mm,https://store.tmotor.com/product/v505-vtol-motor.html
TMOT-V505-260,CONFIG,24N28P,https://store.tmotor.com/product/v505-vtol-motor.html
TMOT-V505-260,D SHAFT,6,https://store.tmotor.com/product/v505-vtol-motor.html
TMOT-V505-260,AMP,52,https://store.tmotor.com/product/v505-vtol-motor.html
TMOT-V505-260,HELICE,P16*5.4/P17*5.8,https://store.tmotor.com/product/v505-vtol-motor.html
TMOT-V505-260,PUISSANCE,2500,https://store.tmotor.com/product/v505-vtol-motor.html
TMOT-V505-260,POIDS,215,https://store.tmotor.com/product/v505-vtol-motor.html
TMOT-V505-260,RESISTANCE,58mΩ,https://store.tmotor.com/product/v505-vtol-motor.html
TMOT-V602-180,D MOTEUR,68.8,https://store.tmotor.com/product/v602-vtol-motor.html
TMOT-V602-180,H MOTEUR,36.9,https://store.tmotor.com/product/v602-vtol-motor.html
TMOT-V602-180,TYPE CABLE,14AWG,https://store.tmotor.com/product/v602-vtol-motor.html
TMOT-V602-180,L CABLE,600mm,https://store.tmotor.com/product/v602-vtol-motor.html
TMOT-V602-180,CONFIG,24N28P,https://store.tmotor.com/product/v602-vtol-motor.html
TMOT-V602-180,D SHAFT,6,https://store.tmotor.com/product/v602-vtol-motor.html
TMOT-V602-180,AMP,45,https://store.tmotor.com/product/v602-vtol-motor.html
TMOT-V602-180,HELICE,V22*7.4,https://store.tmotor.com/product/v602-vtol-motor.html
TMOT-V602-180,PUISSANCE,2000,https://store.tmotor.com/product/v602-vtol-motor.html
TMOT-V602-180,POIDS,300,https://store.tmotor.com/product/v602-vtol-motor.html
TMOT-V602-180,RESISTANCE,88mΩ,https://store.tmotor.com/product/v602-vtol-motor.html
TMOT-V605-210,D MOTEUR,68.8,https://store.tmotor.com/product/v605-vtol-motor.html
TMOT-V605-210,H MOTEUR,39.9,https://store.tmotor.com/product/v605-vtol-motor.html
TMOT-V605-210,TYPE CABLE,14AWG,https://store.tmotor.com/product/v605-vtol-motor.html
TMOT-V605-210,L CABLE,600mm,https://store.tmotor.com/product/v605-vtol-motor.html
TMOT-V605-210,CONFIG,24N28P,https://store.tmotor.com/product/v605-vtol-motor.html
TMOT-V605-210,D SHAFT,6,https://store.tmotor.com/product/v605-vtol-motor.html
TMOT-V605-210,AMP,70,https://store.tmotor.com/product/v605-vtol-motor.html
TMOT-V605-210,HELICE,V22*7.4,https://store.tmotor.com/product/v605-vtol-motor.html
TMOT-V605-210,PUISSANCE,3200,https://store.tmotor.com/product/v605-vtol-motor.html
TMOT-V605-210,POIDS,340,https://store.tmotor.com/product/v605-vtol-motor.html
TMOT-V605-210,RESISTANCE,48mΩ,https://store.tmotor.com/product/v605-vtol-motor.html
TMOT-V804-170,D MOTEUR,88.5,https://store.tmotor.com/product/v804-vtol-motor.html
TMOT-V804-170,H MOTEUR,43.4,https://store.tmotor.com/product/v804-vtol-motor.html
TMOT-V804-170,TYPE CABLE,12AWG,https://store.tmotor.com/product/v804-vtol-motor.html
TMOT-V804-170,L CABLE,1000mm,https://store.tmotor.com/product/v804-vtol-motor.html
TMOT-V804-170,CONFIG,24N28P,https://store.tmotor.com/product/v804-vtol-motor.html
TMOT-V804-170,D SHAFT,12,https://store.tmotor.com/product/v804-vtol-motor.html
TMOT-V804-170,AMP,115,https://store.tmotor.com/product/v804-vtol-motor.html
TMOT-V804-170,PUISSANCE,5200,https://store.tmotor.com/product/v804-vtol-motor.html
TMOT-V804-170,POIDS,560,https://store.tmotor.com/product/v804-vtol-motor.html
TMOT-V804-170,RESISTANCE,33mΩ,https://store.tmotor.com/product/v804-vtol-motor.html
TMOT-V807-170,D MOTEUR,88.5,https://store.tmotor.com/product/v807-vtol-motor.html
TMOT-V807-170,H MOTEUR,46.4,https://store.tmotor.com/product/v807-vtol-motor.html
TMOT-V807-170,TYPE CABLE,12AWG,https://store.tmotor.com/product/v807-vtol-motor.html
TMOT-V807-170,L CABLE,1000mm,https://store.tmotor.com/product/v807-vtol-motor.html
TMOT-V807-170,CONFIG,24N28P,https://store.tmotor.com/product/v807-vtol-motor.html
TMOT-V807-170,D SHAFT,12,https://store.tmotor.com/product/v807-vtol-motor.html
TMOT-V807-170,AMP,150,https://store.tmotor.com/product/v807-vtol-motor.html
TMOT-V807-170,HELICE,G27*8.8/G28*9.2/G29*9.5,https://store.tmotor.com/product/v807-vtol-motor.html
TMOT-V807-170,PUISSANCE,6800,https://store.tmotor.com/product/v807-vtol-motor.html
TMOT-V807-170,POIDS,650,https://store.tmotor.com/product/v807-vtol-motor.html
TMOT-V807-170,RESISTANCE,40mΩ,https://store.tmotor.com/product/v807-vtol-motor.html
TMOT-V10-160,D MOTEUR,106.6,https://store.tmotor.com/product/v10-vtol-motor.html
TMOT-V10-160,H MOTEUR,48,https://store.tmotor.com/product/v10-vtol-motor.html
TMOT-V10-160,L CABLE,150mm,https://store.tmotor.com/product/v10-vtol-motor.html
TMOT-V10-160,CONFIG,36N42P,https://store.tmotor.com/product/v10-vtol-motor.html
TMOT-V10-160,D SHAFT,15,https://store.tmotor.com/product/v10-vtol-motor.html
TMOT-V10-160,AMP,155,https://store.tmotor.com/product/v10-vtol-motor.html
TMOT-V10-160,HELICE,G30*10.5,https://store.tmotor.com/product/v10-vtol-motor.html
TMOT-V10-160,PUISSANCE,7000,https://store.tmotor.com/product/v10-vtol-motor.html
TMOT-V10-160,POIDS,865,https://store.tmotor.com/product/v10-vtol-motor.html
TMOT-V10-160,RESISTANCE,12mΩ,https://store.tmotor.com/product/v10-vtol-motor.html
TMOT-V10L-170,D MOTEUR,106.6,https://store.tmotor.com/product/v10l-vtol-motor.html
TMOT-V10L-170,H MOTEUR,53,https://store.tmotor.com/product/v10l-vtol-motor.html
TMOT-V10L-170,L CABLE,150mm,https://store.tmotor.com/product/v10l-vtol-motor.html
TMOT-V10L-170,CONFIG,36N42P,https://store.tmotor.com/product/v10l-vtol-motor.html
TMOT-V10L-170,D SHAFT,15,https://store.tmotor.com/product/v10l-vtol-motor.html
TMOT-V10L-170,AMP,196,https://store.tmotor.com/product/v10l-vtol-motor.html
TMOT-V10L-170,HELICE,G30*10.5,https://store.tmotor.com/product/v10l-vtol-motor.html
TMOT-V10L-170,PUISSANCE,9000,https://store.tmotor.com/product/v10l-vtol-motor.html
TMOT-V10L-170,POIDS,980,https://store.tmotor.com/product/v10l-vtol-motor.html
TMOT-V10L-170,RESISTANCE,8mΩ,https://store.tmotor.com/product/v10l-vtol-motor.html
TMOT-V13L-65,D MOTEUR,144.2,https://store.tmotor.com/product/v13l-vtol-motor.html
TMOT-V13L-65,H MOTEUR,78.1,https://store.tmotor.com/product/v13l-vtol-motor.html
TMOT-V13L-65,D SHAFT,20,https://store.tmotor.com/product/v13l-vtol-motor.html
TMOT-V13L-65,POIDS,1680,https://store.tmotor.com/product/v13l-vtol-motor.html
TMOT-V13L-65,CONFIG,42N38P,https://store.tmotor.com/product/v13l-vtol-motor.html
TMOT-V13L-65,RESISTANCE,26±2mΩ,https://store.tmotor.com/product/v13l-vtol-motor.html
TMOT-V13L-65,L CABLE,150mm,https://store.tmotor.com/product/v13l-vtol-motor.html
TMOT-V13L-65,LIPO,24S,https://store.tmotor.com/product/v13l-vtol-motor.html
TMOT-V13L-65,AMP,190,https://store.tmotor.com/product/v13l-vtol-motor.html
TMOT-V13L-65,HELICE,VZ42*16.5”,https://store.tmotor.com/product/v13l-vtol-motor.html
TMOT-1040-150,D MOTEUR,107.2,https://store.tmotor.com/product/vl1040-kv150-vtol-uav-motor.html
TMOT-1040-150,H MOTEUR,64.8,https://store.tmotor.com/product/vl1040-kv150-vtol-uav-motor.html
TMOT-1040-150,L CABLE,150mm,https://store.tmotor.com/product/vl1040-kv150-vtol-uav-motor.html
TMOT-1040-150,CONFIG,36N42P,https://store.tmotor.com/product/vl1040-kv150-vtol-uav-motor.html
TMOT-1040-150,D SHAFT,12,https://store.tmotor.com/product/vl1040-kv150-vtol-uav-motor.html
TMOT-1040-150,LIPO,14S,https://store.tmotor.com/product/vl1040-kv150-vtol-uav-motor.html
TMOT-1040-150,RESISTANCE,8mΩ,https://store.tmotor.com/product/vl1040-kv150-vtol-uav-motor.html
TMOT-1040-150,AMP,245,https://store.tmotor.com/product/vl1040-kv150-vtol-uav-motor.html
TMOT-1040-150,POIDS,1100,https://store.tmotor.com/product/vl1040-kv150-vtol-uav-motor.html
TMOT-1155-65,D MOTEUR,120.5,https://store.tmotor.com/product/vl1155-kv65-vtol-uav-motor.html
TMOT-1155-65,H MOTEUR,60.9,https://store.tmotor.com/product/vl1155-kv65-vtol-uav-motor.html
TMOT-1155-65,L CABLE,150mm,https://store.tmotor.com/product/vl1155-kv65-vtol-uav-motor.html
TMOT-1155-65,CONFIG,36N40P,https://store.tmotor.com/product/vl1155-kv65-vtol-uav-motor.html
TMOT-1155-65,D SHAFT,15,https://store.tmotor.com/product/vl1155-kv65-vtol-uav-motor.html
TMOT-1155-65,LIPO,24S,https://store.tmotor.com/product/vl1155-kv65-vtol-uav-motor.html
TMOT-1155-65,RESISTANCE,21.5mΩ,https://store.tmotor.com/product/vl1155-kv65-vtol-uav-motor.html
TMOT-1155-65,AMP,161,https://store.tmotor.com/product/vl1155-kv65-vtol-uav-motor.html
TMOT-1155-65,POIDS,1420,https://store.tmotor.com/product/vl1155-kv65-vtol-uav-motor.html
TMOT-1165-60,D MOTEUR,120.5,https://store.tmotor.com/product/vl1165-kv60-vtol-uav-motor.html
TMOT-1165-60,H MOTEUR,67.9,https://store.tmotor.com/product/vl1165-kv60-vtol-uav-motor.html
TMOT-1165-60,L CABLE,150mm,https://store.tmotor.com/product/vl1165-kv60-vtol-uav-motor.html
TMOT-1165-60,CONFIG,36N40P,https://store.tmotor.com/product/vl1165-kv60-vtol-uav-motor.html
TMOT-1165-60,D SHAFT,15,https://store.tmotor.com/product/vl1165-kv60-vtol-uav-motor.html
TMOT-1165-60,LIPO,24S,https://store.tmotor.com/product/vl1165-kv60-vtol-uav-motor.html
TMOT-1165-60,RESISTANCE,18mΩ,https://store.tmotor.com/product/vl1165-kv60-vtol-uav-motor.html
TMOT-1165-60,AMP,180,https://store.tmotor.com/product/vl1165-kv60-vtol-uav-motor.html
TMOT-1165-60,POIDS,1710,https://store.tmotor.com/product/vl1165-kv60-vtol-uav-motor.html
TMOT-1180-60,D MOTEUR,120.5,https://store.tmotor.com/product/vl1180-kv60-vtol-uav-motor.html
TMOT-1180-60,H MOTEUR,96,https://store.tmotor.com/product/vl1180-kv60-vtol-uav-motor.html
TMOT-1180-60,L CABLE,150mm,https://store.tmotor.com/product/vl1180-kv60-vtol-uav-motor.html
TMOT-1180-60,CONFIG,36N40P,https://store.tmotor.com/product/vl1180-kv60-vtol-uav-motor.html
TMOT-1180-60,D SHAFT,17,https://store.tmotor.com/product/vl1180-kv60-vtol-uav-motor.html
TMOT-1180-60,LIPO,24S,https://store.tmotor.com/product/vl1180-kv60-vtol-uav-motor.html
TMOT-1180-60,RESISTANCE,14mΩ,https://store.tmotor.com/product/vl1180-kv60-vtol-uav-motor.html
TMOT-1180-60,AMP,254,https://store.tmotor.com/product/vl1180-kv60-vtol-uav-motor.html
TMOT-1180-60,POIDS,2680,https://store.tmotor.com/product/vl1180-kv60-vtol-uav-motor.html
TMOT-1380-60,D MOTEUR,149.6,https://store.tmotor.com/product/vl1380-kv60-vtol-uav-motor.html
TMOT-1380-60,H MOTEUR,63.8,https://store.tmotor.com/product/vl1380-kv60-vtol-uav-motor.html
TMOT-1380-60,L CABLE,150mm,https://store.tmotor.com/product/vl1380-kv60-vtol-uav-motor.html
TMOT-1380-60,CONFIG,36N42P,https://store.tmotor.com/product/vl1380-kv60-vtol-uav-motor.html
TMOT-1380-60,D SHAFT,20,https://store.tmotor.com/product/vl1380-kv60-vtol-uav-motor.html
TMOT-1380-60,LIPO,24S,https://store.tmotor.com/product/vl1380-kv60-vtol-uav-motor.html
TMOT-1380-60,RESISTANCE,13mΩ,https://store.tmotor.com/product/vl1380-kv60-vtol-uav-motor.html
TMOT-1380-60,AMP,230,https://store.tmotor.com/product/vl1380-kv60-vtol-uav-motor.html
TMOT-1380-60,POIDS,2400,https://store.tmotor.com/product/vl1380-kv60-vtol-uav-motor.html
TMOT-5009-275,LIPO,12S,https://store.tmotor.com/product/vl5009-brushless-motor-for-uavs.html
TMOT-5009-275,RESISTANCE,66mΩ,https://store.tmotor.com/product/vl5009-brushless-motor-for-uavs.html
TMOT-5009-275,AMP,52,https://store.tmotor.com/product/vl5009-brushless-motor-for-uavs.html
TMOT-5009-275,POIDS,280,https://store.tmotor.com/product/vl5009-brushless-motor-for-uavs.html
TMOT-5009-275,D MOTEUR,55.6,https://store.tmotor.com/product/vl5009-brushless-motor-for-uavs.html
TMOT-5009-275,H MOTEUR,38.85,https://store.tmotor.com/product/vl5009-brushless-motor-for-uavs.html
TMOT-5009-275,L CABLE,600mm,https://store.tmotor.com/product/vl5009-brushless-motor-for-uavs.html
TMOT-5009-275,CONFIG,18N20P,https://store.tmotor.com/product/vl5009-brushless-motor-for-uavs.html
TMOT-5009-275,D SHAFT,6,https://store.tmotor.com/product/vl5009-brushless-motor-for-uavs.html
TMOT-6011-180,LIPO,12S,https://store.tmotor.com/product/vl6011-powerful-drone-motor-for-uavs.html
TMOT-6011-180,RESISTANCE,80mΩ,https://store.tmotor.com/product/vl6011-powerful-drone-motor-for-uavs.html
TMOT-6011-180,AMP,55,https://store.tmotor.com/product/vl6011-powerful-drone-motor-for-uavs.html
TMOT-6011-180,POIDS,300,https://store.tmotor.com/product/vl6011-powerful-drone-motor-for-uavs.html
TMOT-6011-180,D MOTEUR,67.2,https://store.tmotor.com/product/vl6011-powerful-drone-motor-for-uavs.html
TMOT-6011-180,H MOTEUR,38.4,https://store.tmotor.com/product/vl6011-powerful-drone-motor-for-uavs.html
TMOT-6011-180,L CABLE,600mm,https://store.tmotor.com/product/vl6011-powerful-drone-motor-for-uavs.html
TMOT-6011-180,CONFIG,24N28P,https://store.tmotor.com/product/vl6011-powerful-drone-motor-for-uavs.html
TMOT-6011-180,D SHAFT,6,https://store.tmotor.com/product/vl6011-powerful-drone-motor-for-uavs.html
TMOT-6013-210,LIPO,12S,https://store.tmotor.com/product/vl6013-heavy-drone-motor-for-uavs.html
TMOT-6013-210,RESISTANCE,50mΩ,https://store.tmotor.com/product/vl6013-heavy-drone-motor-for-uavs.html
TMOT-6013-210,AMP,70,https://store.tmotor.com/product/vl6013-heavy-drone-motor-for-uavs.html
TMOT-6013-210,POIDS,388,https://store.tmotor.com/product/vl6013-heavy-drone-motor-for-uavs.html
TMOT-6013-210,D MOTEUR,68.8,https://store.tmotor.com/product/vl6013-heavy-drone-motor-for-uavs.html
TMOT-6013-210,H MOTEUR,39.4,https://store.tmotor.com/product/vl6013-heavy-drone-motor-for-uavs.html
TMOT-6013-210,L CABLE,600mm,https://store.tmotor.com/product/vl6013-heavy-drone-motor-for-uavs.html
TMOT-6013-210,CONFIG,24N28P,https://store.tmotor.com/product/vl6013-heavy-drone-motor-for-uavs.html
TMOT-6013-210,D SHAFT,6,https://store.tmotor.com/product/vl6013-heavy-drone-motor-for-uavs.html
T-MO-3530-580,D MOTEUR,43,https://store.tmotor.com/product/at3530-long-shaft-fixed-wing-motor.html
T-MO-3530-580,H MOTEUR,75,https://store.tmotor.com/product/at3530-long-shaft-fixed-wing-motor.html
T-MO-3530-580,RESISTANCE,18mΩ,https://store.tmotor.com/product/at3530-long-shaft-fixed-wing-motor.html
T-MO-3530-580,L CABLE,100mm,https://store.tmotor.com/product/at3530-long-shaft-fixed-wing-motor.html
T-MO-3530-580,CONFIG,12N14P,https://store.tmotor.com/product/at3530-long-shaft-fixed-wing-motor.html
T-MO-3530-580,D SHAFT,5,https://store.tmotor.com/product/at3530-long-shaft-fixed-wing-motor.html
T-MO-3530-580,LIPO,4S-6S,https://store.tmotor.com/product/at3530-long-shaft-fixed-wing-motor.html
T-MO-3530-580,AMP,65,https://store.tmotor.com/product/at3530-long-shaft-fixed-wing-motor.html
TMOT-8020-180,POIDS,865,https://store.tmotor.com/product/at8020-fixed-wing-motor.html
TMOT-8020-180,D MOTEUR,90,https://store.tmotor.com/product/at8020-fixed-wing-motor.html
TMOT-8020-180,H MOTEUR,70.8,https://store.tmotor.com/product/at8020-fixed-wing-motor.html
TMOT-8020-180,RESISTANCE,16mΩ,https://store.tmotor.com/product/at8020-fixed-wing-motor.html
TMOT-8020-180,L CABLE,100mm,https://store.tmotor.com/product/at8020-fixed-wing-motor.html
TMOT-8020-180,CONFIG,24N28P,https://store.tmotor.com/product/at8020-fixed-wing-motor.html
TMOT-8020-180,D SHAFT,12,https://store.tmotor.com/product/at8020-fixed-wing-motor.html
TMOT-8020-180,LIPO,10S-14S,https://store.tmotor.com/product/at8020-fixed-wing-motor.html
TMOT-8020-180,AMP,120,https://store.tmotor.com/product/at8020-fixed-wing-motor.html
TMOT-8020-180,PUISSANCE,5600,https://store.tmotor.com/product/at8020-fixed-wing-motor.html
TMOT-8020-210,POIDS,870,https://store.tmotor.com/product/at8020-fixed-wing-motor.html
TMOT-8020-210,D MOTEUR,90,https://store.tmotor.com/product/at8020-fixed-wing-motor.html
TMOT-8020-210,H MOTEUR,70.8,https://store.tmotor.com/product/at8020-fixed-wing-motor.html
TMOT-8020-210,RESISTANCE,12mΩ,https://store.tmotor.com/product/at8020-fixed-wing-motor.html
TMOT-8020-210,L CABLE,100mm,https://store.tmotor.com/product/at8020-fixed-wing-motor.html
TMOT-8020-210,CONFIG,24N28P,https://store.tmotor.com/product/at8020-fixed-wing-motor.html
TMOT-8020-210,D SHAFT,12,https://store.tmotor.com/product/at8020-fixed-wing-motor.html
TMOT-8020-210,LIPO,10S-12S,https://store.tmotor.com/product/at8020-fixed-wing-motor.html
TMOT-8020-210,AMP,135,https://store.tmotor.com/product/at8020-fixed-wing-motor.html
TMOT-8020-210,PUISSANCE,5500,https://store.tmotor.com/product/at8020-fixed-wing-motor.html
TMOT-8025-160,POIDS,985,https://store.tmotor.com/product/at8025-fixed-wing-motor.html
TMOT-8025-160,D MOTEUR,90,https://store.tmotor.com/product/at8025-fixed-wing-motor.html
TMOT-8025-160,H MOTEUR,75.8,https://store.tmotor.com/product/at8025-fixed-wing-motor.html
TMOT-8025-160,RESISTANCE,14mΩ,https://store.tmotor.com/product/at8025-fixed-wing-motor.html
TMOT-8025-160,L CABLE,100mm,https://store.tmotor.com/product/at8025-fixed-wing-motor.html
TMOT-8025-160,CONFIG,24N28P,https://store.tmotor.com/product/at8025-fixed-wing-motor.html
TMOT-8025-160,D SHAFT,12,https://store.tmotor.com/product/at8025-fixed-wing-motor.html
TMOT-8025-160,LIPO,10S-14S,https://store.tmotor.com/product/at8025-fixed-wing-motor.html
TMOT-8025-160,AMP,115,https://store.tmotor.com/product/at8025-fixed-wing-motor.html
TMOT-8025-160,PUISSANCE,5000,https://store.tmotor.com/product/at8025-fixed-wing-motor.html
TMOT-8025-190,POIDS,990,https://store.tmotor.com/product/at8025-fixed-wing-motor.html
TMOT-8025-190,D MOTEUR,90,https://store.tmotor.com/product/at8025-fixed-wing-motor.html
TMOT-8025-190,H MOTEUR,75.8,https://store.tmotor.com/product/at8025-fixed-wing-motor.html
TMOT-8025-190,RESISTANCE,10mΩ,https://store.tmotor.com/product/at8025-fixed-wing-motor.html
TMOT-8025-190,L CABLE,100mm,https://store.tmotor.com/product/at8025-fixed-wing-motor.html
TMOT-8025-190,CONFIG,24N28P,https://store.tmotor.com/product/at8025-fixed-wing-motor.html
TMOT-8025-190,D SHAFT,12,https://store.tmotor.com/product/at8025-fixed-wing-motor.html
TMOT-8025-190,LIPO,10S-12S,https://store.tmotor.com/product/at8025-fixed-wing-motor.html
TMOT-8025-190,AMP,135,https://store.tmotor.com/product/at8025-fixed-wing-motor.html
TMOT-8025-190,PUISSANCE,6000,https://store.tmotor.com/product/at8025-fixed-wing-motor.html
TMOT-8030-160,POIDS,1110,https://store.tmotor.com/product/at8030-brushless-outdoor-fixed-wing-motor.html
TMOT-8030-160,D MOTEUR,90,https://store.tmotor.com/product/at8030-brushless-outdoor-fixed-wing-motor.html
TMOT-8030-160,H MOTEUR,80.8,https://store.tmotor.com/product/at8030-brushless-outdoor-fixed-wing-motor.html
TMOT-8030-160,RESISTANCE,10.5mΩ,https://store.tmotor.com/product/at8030-brushless-outdoor-fixed-wing-motor.html
TMOT-8030-160,L CABLE,100mm,https://store.tmotor.com/product/at8030-brushless-outdoor-fixed-wing-motor.html
TMOT-8030-160,CONFIG,24N28P,https://store.tmotor.com/product/at8030-brushless-outdoor-fixed-wing-motor.html
TMOT-8030-160,D SHAFT,12,https://store.tmotor.com/product/at8030-brushless-outdoor-fixed-wing-motor.html
TMOT-8030-160,LIPO,10S-14S,https://store.tmotor.com/product/at8030-brushless-outdoor-fixed-wing-motor.html
TMOT-8030-160,AMP,135,https://store.tmotor.com/product/at8030-brushless-outdoor-fixed-wing-motor.html
TMOT-8030-160,PUISSANCE,5600,https://store.tmotor.com/product/at8030-brushless-outdoor-fixed-wing-motor.html
TMOT-8030-190,POIDS,1115,https://store.tmotor.com/product/at8030-brushless-outdoor-fixed-wing-motor.html
TMOT-8030-190,D MOTEUR,90,https://store.tmotor.com/product/at8030-brushless-outdoor-fixed-wing-motor.html
TMOT-8030-190,H MOTEUR,80.8,https://store.tmotor.com/product/at8030-brushless-outdoor-fixed-wing-motor.html
TMOT-8030-190,RESISTANCE,8mΩ,https://store.tmotor.com/product/at8030-brushless-outdoor-fixed-wing-motor.html
TMOT-8030-190,L CABLE,100mm,https://store.tmotor.com/product/at8030-brushless-outdoor-fixed-wing-motor.html
TMOT-8030-190,CONFIG,24N28P,https://store.tmotor.com/product/at8030-brushless-outdoor-fixed-wing-motor.html
TMOT-8030-190,D SHAFT,12,https://store.tmotor.com/product/at8030-brushless-outdoor-fixed-wing-motor.html
TMOT-8030-190,LIPO,10S-12S,https://store.tmotor.com/product/at8030-brushless-outdoor-fixed-wing-motor.html
TMOT-8030-190,AMP,165,https://store.tmotor.com/product/at8030-brushless-outdoor-fixed-wing-motor.html
TMOT-8030-190,PUISSANCE,6800,https://store.tmotor.com/product/at8030-brushless-outdoor-fixed-wing-motor.html
T-MO-4120-250,D MOTEUR,50,https://store.tmotor.com/product/at4120-long-shaft-fixed-wing-motor.html
T-MO-4120-250,H MOTEUR,69,https://store.tmotor.com/product/at4120-long-shaft-fixed-wing-motor.html
T-MO-4120-250,RESISTANCE,76mΩ,https://store.tmotor.com/product/at4120-long-shaft-fixed-wing-motor.html
T-MO-4120-250,L CABLE,100mm,https://store.tmotor.com/product/at4120-long-shaft-fixed-wing-motor.html
T-MO-4120-250,CONFIG,12N14P,https://store.tmotor.com/product/at4120-long-shaft-fixed-wing-motor.html
T-MO-4120-250,D SHAFT,6,https://store.tmotor.com/product/at4120-long-shaft-fixed-wing-motor.html
T-MO-4120-250,LIPO,12S,https://store.tmotor.com/product/at4120-long-shaft-fixed-wing-motor.html
T-MO-4120-250,AMP,45,https://store.tmotor.com/product/at4120-long-shaft-fixed-wing-motor.html
T-MO-4120-500,D MOTEUR,50,https://store.tmotor.com/product/at4120-long-shaft-fixed-wing-motor.html
T-MO-4120-500,H MOTEUR,69,https://store.tmotor.com/product/at4120-long-shaft-fixed-wing-motor.html
T-MO-4120-500,RESISTANCE,21mΩ,https://store.tmotor.com/product/at4120-long-shaft-fixed-wing-motor.html
T-MO-4120-500,L CABLE,100mm,https://store.tmotor.com/product/at4120-long-shaft-fixed-wing-motor.html
T-MO-4120-500,CONFIG,12N14P,https://store.tmotor.com/product/at4120-long-shaft-fixed-wing-motor.html
T-MO-4120-500,D SHAFT,6,https://store.tmotor.com/product/at4120-long-shaft-fixed-wing-motor.html
T-MO-4120-500,LIPO,6S,https://store.tmotor.com/product/at4120-long-shaft-fixed-wing-motor.html
T-MO-4120-500,AMP,75,https://store.tmotor.com/product/at4120-long-shaft-fixed-wing-motor.html
T-MO-4120-560,D MOTEUR,50,https://store.tmotor.com/product/at4120-long-shaft-fixed-wing-motor.html
T-MO-4120-560,H MOTEUR,69,https://store.tmotor.com/product/at4120-long-shaft-fixed-wing-motor.html
T-MO-4120-560,RESISTANCE,16mΩ,https://store.tmotor.com/product/at4120-long-shaft-fixed-wing-motor.html
T-MO-4120-560,L CABLE,100mm,https://store.tmotor.com/product/at4120-long-shaft-fixed-wing-motor.html
T-MO-4120-560,CONFIG,12N14P,https://store.tmotor.com/product/at4120-long-shaft-fixed-wing-motor.html
T-MO-4120-560,D SHAFT,6,https://store.tmotor.com/product/at4120-long-shaft-fixed-wing-motor.html
T-MO-4120-560,LIPO,6S,https://store.tmotor.com/product/at4120-long-shaft-fixed-wing-motor.html
T-MO-4120-560,AMP,80,https://store.tmotor.com/product/at4120-long-shaft-fixed-wing-motor.html
T-MO-4125-250,D MOTEUR,50,https://store.tmotor.com/product/at4125-long-shaft-fixed-wing-motor.html
T-MO-4125-250,H MOTEUR,74,https://store.tmotor.com/product/at4125-long-shaft-fixed-wing-motor.html
T-MO-4125-250,RESISTANCE,68mΩ,https://store.tmotor.com/product/at4125-long-shaft-fixed-wing-motor.html
T-MO-4125-250,L CABLE,100mm,https://store.tmotor.com/product/at4125-long-shaft-fixed-wing-motor.html
T-MO-4125-250,CONFIG,12N14P,https://store.tmotor.com/product/at4125-long-shaft-fixed-wing-motor.html
T-MO-4125-250,D SHAFT,6,https://store.tmotor.com/product/at4125-long-shaft-fixed-wing-motor.html
T-MO-4125-250,LIPO,12S,https://store.tmotor.com/product/at4125-long-shaft-fixed-wing-motor.html
T-MO-4125-250,AMP,50,https://store.tmotor.com/product/at4125-long-shaft-fixed-wing-motor.html
T-MO-4125-540,D MOTEUR,50,https://store.tmotor.com/product/at4125-long-shaft-fixed-wing-motor.html
T-MO-4125-540,H MOTEUR,74,https://store.tmotor.com/product/at4125-long-shaft-fixed-wing-motor.html
T-MO-4125-540,RESISTANCE,14mΩ,https://store.tmotor.com/product/at4125-long-shaft-fixed-wing-motor.html
T-MO-4125-540,L CABLE,100mm,https://store.tmotor.com/product/at4125-long-shaft-fixed-wing-motor.html
T-MO-4125-540,CONFIG,12N14P,https://store.tmotor.com/product/at4125-long-shaft-fixed-wing-motor.html
T-MO-4125-540,D SHAFT,6,https://store.tmotor.com/product/at4125-long-shaft-fixed-wing-motor.html
T-MO-4125-540,LIPO,6S,https://store.tmotor.com/product/at4125-long-shaft-fixed-wing-motor.html
T-MO-4125-540,AMP,85,https://store.tmotor.com/product/at4125-long-shaft-fixed-wing-motor.html
T-MO-4130-230,D MOTEUR,50,https://store.tmotor.com/product/at4130-long-shaft-fixed-wing-motor.html
T-MO-4130-230,H MOTEUR,79,https://store.tmotor.com/product/at4130-long-shaft-fixed-wing-motor.html
T-MO-4130-230,RESISTANCE,60mΩ,https://store.tmotor.com/product/at4130-long-shaft-fixed-wing-motor.html
T-MO-4130-230,L CABLE,100mm,https://store.tmotor.com/product/at4130-long-shaft-fixed-wing-motor.html
T-MO-4130-230,CONFIG,12N14P,https://store.tmotor.com/product/at4130-long-shaft-fixed-wing-motor.html
T-MO-4130-230,D SHAFT,6,https://store.tmotor.com/product/at4130-long-shaft-fixed-wing-motor.html
T-MO-4130-230,LIPO,12S,https://store.tmotor.com/product/at4130-long-shaft-fixed-wing-motor.html
T-MO-4130-230,AMP,60,https://store.tmotor.com/product/at4130-long-shaft-fixed-wing-motor.html
T-MO-4130-300,D MOTEUR,50,https://store.tmotor.com/product/at4130-long-shaft-fixed-wing-motor.html
T-MO-4130-300,H MOTEUR,79,https://store.tmotor.com/product/at4130-long-shaft-fixed-wing-motor.html
T-MO-4130-300,RESISTANCE,32mΩ,https://store.tmotor.com/product/at4130-long-shaft-fixed-wing-motor.html
T-MO-4130-300,L CABLE,100mm,https://store.tmotor.com/product/at4130-long-shaft-fixed-wing-motor.html
T-MO-4130-300,CONFIG,12N14P,https://store.tmotor.com/product/at4130-long-shaft-fixed-wing-motor.html
T-MO-4130-300,D SHAFT,6,https://store.tmotor.com/product/at4130-long-shaft-fixed-wing-motor.html
T-MO-4130-300,LIPO,6S-12S,https://store.tmotor.com/product/at4130-long-shaft-fixed-wing-motor.html
T-MO-4130-300,AMP,75,https://store.tmotor.com/product/at4130-long-shaft-fixed-wing-motor.html
T-MO-4130-450,D MOTEUR,50,https://store.tmotor.com/product/at4130-long-shaft-fixed-wing-motor.html
T-MO-4130-450,H MOTEUR,79,https://store.tmotor.com/product/at4130-long-shaft-fixed-wing-motor.html
T-MO-4130-450,RESISTANCE,16.8mΩ,https://store.tmotor.com/product/at4130-long-shaft-fixed-wing-motor.html
T-MO-4130-450,L CABLE,100mm,https://store.tmotor.com/product/at4130-long-shaft-fixed-wing-motor.html
T-MO-4130-450,CONFIG,12N14P,https://store.tmotor.com/product/at4130-long-shaft-fixed-wing-motor.html
T-MO-4130-450,D SHAFT,6,https://store.tmotor.com/product/at4130-long-shaft-fixed-wing-motor.html
T-MO-4130-450,LIPO,6S,https://store.tmotor.com/product/at4130-long-shaft-fixed-wing-motor.html
T-MO-4130-450,AMP,75,https://store.tmotor.com/product/at4130-long-shaft-fixed-wing-motor.html
TMOT-5220-220,D MOTEUR,60,https://store.tmotor.com/product/at5220-a-fixed-wing-motor.html
TMOT-5220-220,H MOTEUR,112.3,https://store.tmotor.com/product/at5220-a-fixed-wing-motor.html
TMOT-5220-220,L CABLE,100mm,https://store.tmotor.com/product/at5220-a-fixed-wing-motor.html
TMOT-5220-220,D SHAFT,10,https://store.tmotor.com/product/at5220-a-fixed-wing-motor.html
TMOT-5220-380,POIDS,465,https://store.tmotor.com/product/at5220-a-fixed-wing-motor.html
TMOT-5220-380,D MOTEUR,60,https://store.tmotor.com/product/at5220-a-fixed-wing-motor.html
TMOT-5220-380,H MOTEUR,112.3,https://store.tmotor.com/product/at5220-a-fixed-wing-motor.html
TMOT-5220-380,RESISTANCE,11mΩ,https://store.tmotor.com/product/at5220-a-fixed-wing-motor.html
TMOT-5220-380,L CABLE,100mm,https://store.tmotor.com/product/at5220-a-fixed-wing-motor.html
TMOT-5220-380,CONFIG,24N28P,https://store.tmotor.com/product/at5220-a-fixed-wing-motor.html
TMOT-5220-380,D SHAFT,10,https://store.tmotor.com/product/at5220-a-fixed-wing-motor.html
TMOT-5220-380,LIPO,6S,https://store.tmotor.com/product/at5220-a-fixed-wing-motor.html
TMOT-5220-380,AMP,100,https://store.tmotor.com/product/at5220-a-fixed-wing-motor.html
TMOT-5220-380,PUISSANCE,2200,https://store.tmotor.com/product/at5220-a-fixed-wing-motor.html
T-MO-5220-220,D MOTEUR,60,https://store.tmotor.com/product/at5220-b-fixed-wing-motor.html
T-MO-5220-220,H MOTEUR,120,https://store.tmotor.com/product/at5220-b-fixed-wing-motor.html
T-MO-5220-220,RESISTANCE,36mΩ,https://store.tmotor.com/product/at5220-b-fixed-wing-motor.html
T-MO-5220-220,L CABLE,100mm,https://store.tmotor.com/product/at5220-b-fixed-wing-motor.html
T-MO-5220-220,CONFIG,24N28P,https://store.tmotor.com/product/at5220-b-fixed-wing-motor.html
T-MO-5220-220,D SHAFT,10,https://store.tmotor.com/product/at5220-b-fixed-wing-motor.html
T-MO-5220-220,LIPO,6S-12S,https://store.tmotor.com/product/at5220-b-fixed-wing-motor.html
T-MO-5220-220,AMP,70,https://store.tmotor.com/product/at5220-b-fixed-wing-motor.html
T-MO-5220-380,D MOTEUR,60,https://store.tmotor.com/product/at5220-b-fixed-wing-motor.html
T-MO-5220-380,H MOTEUR,120,https://store.tmotor.com/product/at5220-b-fixed-wing-motor.html
T-MO-5220-380,RESISTANCE,11mΩ,https://store.tmotor.com/product/at5220-b-fixed-wing-motor.html
T-MO-5220-380,L CABLE,100mm,https://store.tmotor.com/product/at5220-b-fixed-wing-motor.html
T-MO-5220-380,CONFIG,24N28P,https://store.tmotor.com/product/at5220-b-fixed-wing-motor.html
T-MO-5220-380,D SHAFT,10,https://store.tmotor.com/product/at5220-b-fixed-wing-motor.html
T-MO-5220-380,LIPO,6S,https://store.tmotor.com/product/at5220-b-fixed-wing-motor.html
T-MO-5220-380,AMP,100,https://store.tmotor.com/product/at5220-b-fixed-wing-motor.html
T-MO-5230-200,D MOTEUR,60,https://store.tmotor.com/product/at5230-a-fixed-wing-motor.html
T-MO-5230-200,H MOTEUR,122.3,https://store.tmotor.com/product/at5230-a-fixed-wing-motor.html
T-MO-5230-200,RESISTANCE,22mΩ,https://store.tmotor.com/product/at5230-a-fixed-wing-motor.html
T-MO-5230-200,L CABLE,100mm,https://store.tmotor.com/product/at5230-a-fixed-wing-motor.html
T-MO-5230-200,CONFIG,24N28P,https://store.tmotor.com/product/at5230-a-fixed-wing-motor.html
T-MO-5230-200,D SHAFT,10,https://store.tmotor.com/product/at5230-a-fixed-wing-motor.html
T-MO-5230-200,LIPO,6S-12S,https://store.tmotor.com/product/at5230-a-fixed-wing-motor.html
T-MO-5230-200,AMP,75,https://store.tmotor.com/product/at5230-a-fixed-wing-motor.html
TMOT-5230-200,POIDS,610,https://store.tmotor.com/product/at5230-b-fixed-wing-motor.html
TMOT-5230-200,D MOTEUR,60,https://store.tmotor.com/product/at5230-b-fixed-wing-motor.html
TMOT-5230-200,H MOTEUR,130,https://store.tmotor.com/product/at5230-b-fixed-wing-motor.html
TMOT-5230-200,RESISTANCE,22mΩ,https://store.tmotor.com/product/at5230-b-fixed-wing-motor.html
TMOT-5230-200,L CABLE,100mm,https://store.tmotor.com/product/at5230-b-fixed-wing-motor.html
TMOT-5230-200,CONFIG,24N28P,https://store.tmotor.com/product/at5230-b-fixed-wing-motor.html
TMOT-5230-200,D SHAFT,10,https://store.tmotor.com/product/at5230-b-fixed-wing-motor.html
TMOT-5230-200,LIPO,6S-12S,https://store.tmotor.com/product/at5230-b-fixed-wing-motor.html
TMOT-5230-200,AMP,75,https://store.tmotor.com/product/at5230-b-fixed-wing-motor.html
TMOT-5230-200,PUISSANCE,3500,https://store.tmotor.com/product/at5230-b-fixed-wing-motor.html
TMOT-5330-220,D MOTEUR,63,https://store.tmotor.com/product/at5330-a-fixed-wing-motor.html
TMOT-5330-220,H MOTEUR,117.3,https://store.tmotor.com/product/at5330-a-fixed-wing-motor.html
TMOT-5330-220,CONFIG,12N14P,https://store.tmotor.com/product/at5330-a-fixed-wing-motor.html
TMOT-5330-220,D SHAFT,10,https://store.tmotor.com/product/at5330-a-fixed-wing-motor.html
TMOT-5330-220,AMP,75,https://store.tmotor.com/product/at5330-a-fixed-wing-motor.html
TMOT-5330-220,HELICE,18~20 Inch,https://store.tmotor.com/product/at5330-a-fixed-wing-motor.html
TMOT-5330-220,PUISSANCE,3600,https://store.tmotor.com/product/at5330-a-fixed-wing-motor.html
TMOT-5330-220,POIDS,685,https://store.tmotor.com/product/at5330-a-fixed-wing-motor.html
TMOT-5330-220,RESISTANCE,24mΩ,https://store.tmotor.com/product/at5330-a-fixed-wing-motor.html
TMOT-5330-220,LIPO,12S,https://store.tmotor.com/product/at5330-a-fixed-wing-motor.html
T-MO-7215-200,D MOTEUR,81.4,https://store.tmotor.com/product/at7215-fixed-wing-motor.html
T-MO-7215-200,H MOTEUR,57.9,https://store.tmotor.com/product/at7215-fixed-wing-motor.html
T-MO-7215-200,RESISTANCE,27mΩ,https://store.tmotor.com/product/at7215-fixed-wing-motor.html
T-MO-7215-200,L CABLE,100mm,https://store.tmotor.com/product/at7215-fixed-wing-motor.html
T-MO-7215-200,CONFIG,24N22P,https://store.tmotor.com/product/at7215-fixed-wing-motor.html
T-MO-7215-200,D SHAFT,10,https://store.tmotor.com/product/at7215-fixed-wing-motor.html
T-MO-7215-200,LIPO,10S-12S,https://store.tmotor.com/product/at7215-fixed-wing-motor.html
T-MO-7215-200,AMP,95,https://store.tmotor.com/product/at7215-fixed-wing-motor.html
T-MO-7215-200,PUISSANCE,4400,https://store.tmotor.com/product/at7215-fixed-wing-motor.html
T-MO-7215-220,D MOTEUR,81.4,https://store.tmotor.com/product/at7215-fixed-wing-motor.html
T-MO-7215-220,H MOTEUR,57.9,https://store.tmotor.com/product/at7215-fixed-wing-motor.html
T-MO-7215-220,RESISTANCE,24mΩ,https://store.tmotor.com/product/at7215-fixed-wing-motor.html
T-MO-7215-220,L CABLE,100mm,https://store.tmotor.com/product/at7215-fixed-wing-motor.html
T-MO-7215-220,CONFIG,24N22P,https://store.tmotor.com/product/at7215-fixed-wing-motor.html
T-MO-7215-220,D SHAFT,10,https://store.tmotor.com/product/at7215-fixed-wing-motor.html
T-MO-7215-220,LIPO,10S-12S,https://store.tmotor.com/product/at7215-fixed-wing-motor.html
T-MO-7215-220,AMP,100,https://store.tmotor.com/product/at7215-fixed-wing-motor.html
T-MO-7215-245,D MOTEUR,81.4,https://store.tmotor.com/product/at7215-fixed-wing-motor.html
T-MO-7215-245,H MOTEUR,57.9,https://store.tmotor.com/product/at7215-fixed-wing-motor.html
T-MO-7215-245,RESISTANCE,20mΩ,https://store.tmotor.com/product/at7215-fixed-wing-motor.html
T-MO-7215-245,L CABLE,100mm,https://store.tmotor.com/product/at7215-fixed-wing-motor.html
T-MO-7215-245,CONFIG,24N22P,https://store.tmotor.com/product/at7215-fixed-wing-motor.html
T-MO-7215-245,D SHAFT,10,https://store.tmotor.com/product/at7215-fixed-wing-motor.html
T-MO-7215-245,LIPO,8S-10S,https://store.tmotor.com/product/at7215-fixed-wing-motor.html
T-MO-7215-245,AMP,110,https://store.tmotor.com/product/at7215-fixed-wing-motor.html
T-MO-7215-270,D MOTEUR,81.4,https://store.tmotor.com/product/at7215-fixed-wing-motor.html
T-MO-7215-270,H MOTEUR,57.9,https://store.tmotor.com/product/at7215-fixed-wing-motor.html
T-MO-7215-270,RESISTANCE,17mΩ,https://store.tmotor.com/product/at7215-fixed-wing-motor.html
T-MO-7215-270,L CABLE,100mm,https://store.tmotor.com/product/at7215-fixed-wing-motor.html
T-MO-7215-270,CONFIG,24N22P,https://store.tmotor.com/product/at7215-fixed-wing-motor.html
T-MO-7215-270,D SHAFT,10,https://store.tmotor.com/product/at7215-fixed-wing-motor.html
T-MO-7215-270,LIPO,8S,https://store.tmotor.com/product/at7215-fixed-wing-motor.html
T-MO-7215-270,AMP,120,https://store.tmotor.com/product/at7215-fixed-wing-motor.html
T-MO-7224-160,D MOTEUR,81.4,https://store.tmotor.com/product/at7224-fixed-wing-motor.html
T-MO-7224-160,H MOTEUR,66.9,https://store.tmotor.com/product/at7224-fixed-wing-motor.html
T-MO-7224-160,RESISTANCE,24mΩ,https://store.tmotor.com/product/at7224-fixed-wing-motor.html
T-MO-7224-160,L CABLE,100mm,https://store.tmotor.com/product/at7224-fixed-wing-motor.html
T-MO-7224-160,CONFIG,24N22P,https://store.tmotor.com/product/at7224-fixed-wing-motor.html
T-MO-7224-160,D SHAFT,10,https://store.tmotor.com/product/at7224-fixed-wing-motor.html
T-MO-7224-160,LIPO,10S-12S,https://store.tmotor.com/product/at7224-fixed-wing-motor.html
T-MO-7224-160,AMP,105,https://store.tmotor.com/product/at7224-fixed-wing-motor.html
T-MO-7224-190,D MOTEUR,81.4,https://store.tmotor.com/product/at7224-fixed-wing-motor.html
T-MO-7224-190,H MOTEUR,66.9,https://store.tmotor.com/product/at7224-fixed-wing-motor.html
T-MO-7224-190,RESISTANCE,16mΩ,https://store.tmotor.com/product/at7224-fixed-wing-motor.html
T-MO-7224-190,L CABLE,100mm,https://store.tmotor.com/product/at7224-fixed-wing-motor.html
T-MO-7224-190,CONFIG,24N22P,https://store.tmotor.com/product/at7224-fixed-wing-motor.html
T-MO-7224-190,D SHAFT,10,https://store.tmotor.com/product/at7224-fixed-wing-motor.html
T-MO-7224-190,LIPO,10S-12S,https://store.tmotor.com/product/at7224-fixed-wing-motor.html
T-MO-7224-190,AMP,135,https://store.tmotor.com/product/at7224-fixed-wing-motor.html
TMOT-1030-90,AMP,93,https://store.tmotor.com/product/fixed-wing-motor-at1030.html
TMOT-1030-90,LIPO,24S,https://store.tmotor.com/product/fixed-wing-motor-at1030.html
TMOT-1030-90,RESISTANCE,12mΩ,https://store.tmotor.com/product/fixed-wing-motor-at1030.html
TMOT-1030-90,POIDS,1800,https://store.tmotor.com/product/fixed-wing-motor-at1030.html
TMOT-1030-90,D MOTEUR,110.6,https://store.tmotor.com/product/fixed-wing-motor-at1030.html
TMOT-1030-90,H MOTEUR,99.8,https://store.tmotor.com/product/fixed-wing-motor-at1030.html
TMOT-1030-90,L CABLE,100mm,https://store.tmotor.com/product/fixed-wing-motor-at1030.html
TMOT-1030-90,CONFIG,24N28P,https://store.tmotor.com/product/fixed-wing-motor-at1030.html
TMOT-1030-90,D SHAFT,15,https://store.tmotor.com/product/fixed-wing-motor-at1030.html
TMOT-1040-90,AMP,105,https://store.tmotor.com/product/fixed-wing-motor-at1040.html
TMOT-1040-90,LIPO,24S,https://store.tmotor.com/product/fixed-wing-motor-at1040.html
TMOT-1040-90,RESISTANCE,8.8mΩ,https://store.tmotor.com/product/fixed-wing-motor-at1040.html
TMOT-1040-90,POIDS,2200,https://store.tmotor.com/product/fixed-wing-motor-at1040.html
TMOT-1040-90,D MOTEUR,110.6,https://store.tmotor.com/product/fixed-wing-motor-at1040.html
TMOT-1040-90,H MOTEUR,109.8,https://store.tmotor.com/product/fixed-wing-motor-at1040.html
TMOT-1040-90,L CABLE,100mm,https://store.tmotor.com/product/fixed-wing-motor-at1040.html
TMOT-1040-90,CONFIG,24N28P,https://store.tmotor.com/product/fixed-wing-motor-at1040.html
TMOT-1040-90,D SHAFT,15,https://store.tmotor.com/product/fixed-wing-motor-at1040.html
TMOT-1050-90,AMP,135,https://store.tmotor.com/product/fixed-wing-motor-at1050.html
TMOT-1050-90,LIPO,24S,https://store.tmotor.com/product/fixed-wing-motor-at1050.html
TMOT-1050-90,RESISTANCE,7.2mΩ,https://store.tmotor.com/product/fixed-wing-motor-at1050.html
TMOT-1050-90,POIDS,2600,https://store.tmotor.com/product/fixed-wing-motor-at1050.html
TMOT-1050-90,D MOTEUR,110.6,https://store.tmotor.com/product/fixed-wing-motor-at1050.html
TMOT-1050-90,H MOTEUR,119.8,https://store.tmotor.com/product/fixed-wing-motor-at1050.html
TMOT-1050-90,L CABLE,100mm,https://store.tmotor.com/product/fixed-wing-motor-at1050.html
TMOT-1050-90,CONFIG,24N28P,https://store.tmotor.com/product/fixed-wing-motor-at1050.html
TMOT-1050-90,D SHAFT,15,https://store.tmotor.com/product/fixed-wing-motor-at1050.html
TMOT-2806-650-2,LIPO,4S,https://store.tmotor.com/product/antigravity-mn2806-evo-motor.html
TMOT-2806-650-2,AMP,16,https://store.tmotor.com/product/antigravity-mn2806-evo-motor.html
TMOT-2806-650-2,HELICE,P12*4/P13*4.4,https://store.tmotor.com/product/antigravity-mn2806-evo-motor.html
TMOT-2806-650-2,PUISSANCE,160,https://store.tmotor.com/product/antigravity-mn2806-evo-motor.html
TMOT-2806-650-2,POIDS,45,https://store.tmotor.com/product/antigravity-mn2806-evo-motor.html
TMOT-2806-650-2,RESISTANCE,201mΩ,https://store.tmotor.com/product/antigravity-mn2806-evo-motor.html
TMOT-2806-650-2,D MOTEUR,34,https://store.tmotor.com/product/antigravity-mn2806-evo-motor.html
TMOT-2806-650-2,H MOTEUR,26,https://store.tmotor.com/product/antigravity-mn2806-evo-motor.html
TMOT-2806-650-2,L CABLE,50mm,https://store.tmotor.com/product/antigravity-mn2806-evo-motor.html
TMOT-2806-650-2,CONFIG,12N14P,https://store.tmotor.com/product/antigravity-mn2806-evo-motor.html
TMOT-2806-650-2,D SHAFT,4,https://store.tmotor.com/product/antigravity-mn2806-evo-motor.html
TMOT-6007-160,RESISTANCE,178mΩ,https://store.tmotor.com/product/mn6007-v2-motor-antigravity-type.html
TMOT-6007-160,LIPO,12S,https://store.tmotor.com/product/mn6007-v2-motor-antigravity-type.html
TMOT-6007-160,AMP,23.7,https://store.tmotor.com/product/mn6007-v2-motor-antigravity-type.html
TMOT-6007-160,POIDS,159,https://store.tmotor.com/product/mn6007-v2-motor-antigravity-type.html
TMOT-6007-160,PUISSANCE,1120,https://store.tmotor.com/product/mn6007-v2-motor-antigravity-type.html
TMOT-6007-160,D MOTEUR,67.2,https://store.tmotor.com/product/mn6007-v2-motor-antigravity-type.html
TMOT-6007-160,H MOTEUR,26.1,https://store.tmotor.com/product/mn6007-v2-motor-antigravity-type.html
TMOT-6007-160,L CABLE,70mm,https://store.tmotor.com/product/mn6007-v2-motor-antigravity-type.html
TMOT-6007-160,CONFIG,24N28P,https://store.tmotor.com/product/mn6007-v2-motor-antigravity-type.html
TMOT-6007-160,D SHAFT,6,https://store.tmotor.com/product/mn6007-v2-motor-antigravity-type.html
TMOT-6007-320,RESISTANCE,47.5mΩ,https://store.tmotor.com/product/mn6007-v2-motor-antigravity-type.html
TMOT-6007-320,LIPO,6S,https://store.tmotor.com/product/mn6007-v2-motor-antigravity-type.html
TMOT-6007-320,AMP,44.2,https://store.tmotor.com/product/mn6007-v2-motor-antigravity-type.html
TMOT-6007-320,POIDS,161,https://store.tmotor.com/product/mn6007-v2-motor-antigravity-type.html
TMOT-6007-320,PUISSANCE,1040,https://store.tmotor.com/product/mn6007-v2-motor-antigravity-type.html
TMOT-6007-320,D MOTEUR,67.2,https://store.tmotor.com/product/mn6007-v2-motor-antigravity-type.html
TMOT-6007-320,H MOTEUR,26.1,https://store.tmotor.com/product/mn6007-v2-motor-antigravity-type.html
TMOT-6007-320,L CABLE,70mm,https://store.tmotor.com/product/mn6007-v2-motor-antigravity-type.html
TMOT-6007-320,CONFIG,24N28P,https://store.tmotor.com/product/mn6007-v2-motor-antigravity-type.html
TMOT-6007-320,D SHAFT,6,https://store.tmotor.com/product/mn6007-v2-motor-antigravity-type.html
TMOT-8014-100,LIPO,12S,https://store.tmotor.com/product/mn8014-motor-antigravity-type.html
TMOT-8014-100,RESISTANCE,65mΩ,https://store.tmotor.com/product/mn8014-motor-antigravity-type.html
TMOT-8014-100,AMP,52,https://store.tmotor.com/product/mn8014-motor-antigravity-type.html
TMOT-8014-100,POIDS,392,https://store.tmotor.com/product/mn8014-motor-antigravity-type.html
TMOT-8014-100,PUISSANCE,2423,https://store.tmotor.com/product/mn8014-motor-antigravity-type.html
TMOT-8014-100,D MOTEUR,87.8,https://store.tmotor.com/product/mn8014-motor-antigravity-type.html
TMOT-8014-100,H MOTEUR,31.5,https://store.tmotor.com/product/mn8014-motor-antigravity-type.html
TMOT-8014-100,TYPE CABLE,14AWG,https://store.tmotor.com/product/mn8014-motor-antigravity-type.html
TMOT-8014-100,L CABLE,90mm,https://store.tmotor.com/product/mn8014-motor-antigravity-type.html
TMOT-8014-100,CONFIG,36N42P,https://store.tmotor.com/product/mn8014-motor-antigravity-type.html
TMOT-8014-100,D SHAFT,12,https://store.tmotor.com/product/mn8014-motor-antigravity-type.html
TMOT-8017-120,LIPO,12S,https://store.tmotor.com/product/mn8017-motor-antigravity-type.html
TMOT-8017-120,RESISTANCE,45mΩ,https://store.tmotor.com/product/mn8017-motor-antigravity-type.html
TMOT-8017-120,AMP,68.6,https://store.tmotor.com/product/mn8017-motor-antigravity-type.html
TMOT-8017-120,POIDS,453,https://store.tmotor.com/product/mn8017-motor-antigravity-type.html
TMOT-8017-120,PUISSANCE,3180,https://store.tmotor.com/product/mn8017-motor-antigravity-type.html
TMOT-8017-120,D MOTEUR,87.8,https://store.tmotor.com/product/mn8017-motor-antigravity-type.html
TMOT-8017-120,H MOTEUR,34.5,https://store.tmotor.com/product/mn8017-motor-antigravity-type.html
TMOT-8017-120,L CABLE,90mm,https://store.tmotor.com/product/mn8017-motor-antigravity-type.html
TMOT-8017-120,CONFIG,36N42P,https://store.tmotor.com/product/mn8017-motor-antigravity-type.html
TMOT-8017-120,D SHAFT,12,https://store.tmotor.com/product/mn8017-motor-antigravity-type.html
T-MO-1005-90,LIPO,12S,https://store.tmotor.com/product/mn1005-v2-motor-antigravity-type.html
T-MO-1005-90,RESISTANCE,168mΩ,https://store.tmotor.com/product/mn1005-v2-motor-antigravity-type.html
T-MO-1005-90,AMP,32,https://store.tmotor.com/product/mn1005-v2-motor-antigravity-type.html
T-MO-1005-90,PUISSANCE,1500,https://store.tmotor.com/product/mn1005-v2-motor-antigravity-type.html
T-MO-1005-90,L CABLE,100mm,https://store.tmotor.com/product/mn1005-v2-motor-antigravity-type.html
T-MO-1005-90,H MOTEUR,23,https://store.tmotor.com/product/mn1005-v2-motor-antigravity-type.html
T-MO-1005-90,CONFIG,36N42P,https://store.tmotor.com/product/mn1005-v2-motor-antigravity-type.html
TMOT-4116-340,LIPO,6S,https://store.tmotor.com/product/mn4116-motor-navigator-type.html
TMOT-4116-340,HELICE,"P16-18""/T16*8""",https://store.tmotor.com/product/mn4116-motor-navigator-type.html
TMOT-4116-340,AMP,40,https://store.tmotor.com/product/mn4116-motor-navigator-type.html
TMOT-4116-340,POIDS,212,https://store.tmotor.com/product/mn4116-motor-navigator-type.html
TMOT-4116-340,PUISSANCE,910,https://store.tmotor.com/product/mn4116-motor-navigator-type.html
TMOT-4116-340,RESISTANCE,59mΩ,https://store.tmotor.com/product/mn4116-motor-navigator-type.html
TMOT-4116-340,D MOTEUR,47.4,https://store.tmotor.com/product/mn4116-motor-navigator-type.html
TMOT-4116-340,H MOTEUR,42.7,https://store.tmotor.com/product/mn4116-motor-navigator-type.html
TMOT-4116-340,CONFIG,12N14P,https://store.tmotor.com/product/mn4116-motor-navigator-type.html
TMOT-4116-340,D SHAFT,6,https://store.tmotor.com/product/mn4116-motor-navigator-type.html
TMOT-4116-340,AIMANT,N45SH,https://store.tmotor.com/product/mn4116-motor-navigator-type.html
TMOT-4116-340,TYPE CABLE,16AWG,https://store.tmotor.com/product/mn4116-motor-navigator-type.html
TMOT-4116-340,L CABLE,150mm,https://store.tmotor.com/product/mn4116-motor-navigator-type.html
TMOT-4116-450,LIPO,6S,https://store.tmotor.com/product/mn4116-motor-navigator-type.html
TMOT-4116-450,HELICE,"P15-16""/T16*8""",https://store.tmotor.com/product/mn4116-motor-navigator-type.html
TMOT-4116-450,AMP,54,https://store.tmotor.com/product/mn4116-motor-navigator-type.html
TMOT-4116-450,POIDS,212,https://store.tmotor.com/product/mn4116-motor-navigator-type.html
TMOT-4116-450,PUISSANCE,1210,https://store.tmotor.com/product/mn4116-motor-navigator-type.html
TMOT-4116-450,RESISTANCE,32mΩ,https://store.tmotor.com/product/mn4116-motor-navigator-type.html
TMOT-4116-450,D MOTEUR,47.4,https://store.tmotor.com/product/mn4116-motor-navigator-type.html
TMOT-4116-450,H MOTEUR,42.7,https://store.tmotor.com/product/mn4116-motor-navigator-type.html
TMOT-4116-450,CONFIG,12N14P,https://store.tmotor.com/product/mn4116-motor-navigator-type.html
TMOT-4116-450,D SHAFT,6,https://store.tmotor.com/product/mn4116-motor-navigator-type.html
TMOT-4116-450,AIMANT,N45SH,https://store.tmotor.com/product/mn4116-motor-navigator-type.html
TMOT-4116-450,TYPE CABLE,16AWG,https://store.tmotor.com/product/mn4116-motor-navigator-type.html
TMOT-4116-450,L CABLE,150mm,https://store.tmotor.com/product/mn4116-motor-navigator-type.html
TMOT-4112-320,LIPO,6S,https://store.tmotor.com/product/mn4112-motor-navigator-type.html
TMOT-4112-320,HELICE,"P15 17""/T16*8""",https://store.tmotor.com/product/mn4112-motor-navigator-type.html
TMOT-4112-320,AMP,40,https://store.tmotor.com/product/mn4112-motor-navigator-type.html
TMOT-4112-320,POIDS,172,https://store.tmotor.com/product/mn4112-motor-navigator-type.html
TMOT-4112-320,PUISSANCE,910,https://store.tmotor.com/product/mn4112-motor-navigator-type.html
TMOT-4112-320,RESISTANCE,94mΩ,https://store.tmotor.com/product/mn4112-motor-navigator-type.html
TMOT-4112-320,D MOTEUR,47.4,https://store.tmotor.com/product/mn4112-motor-navigator-type.html
TMOT-4112-320,H MOTEUR,38.7,https://store.tmotor.com/product/mn4112-motor-navigator-type.html
TMOT-4112-320,CONFIG,12N14P,https://store.tmotor.com/product/mn4112-motor-navigator-type.html
TMOT-4112-320,D SHAFT,6,https://store.tmotor.com/product/mn4112-motor-navigator-type.html
TMOT-4112-320,AIMANT,N45SH,https://store.tmotor.com/product/mn4112-motor-navigator-type.html
TMOT-4112-320,TYPE CABLE,16AWG,https://store.tmotor.com/product/mn4112-motor-navigator-type.html
TMOT-4112-320,L CABLE,150mm,https://store.tmotor.com/product/mn4112-motor-navigator-type.html
TMOT-4112-420,LIPO,6S,https://store.tmotor.com/product/mn4112-motor-navigator-type.html
TMOT-4112-420,HELICE,"P15*5""",https://store.tmotor.com/product/mn4112-motor-navigator-type.html
TMOT-4112-420,AMP,54,https://store.tmotor.com/product/mn4112-motor-navigator-type.html
TMOT-4112-420,POIDS,172,https://store.tmotor.com/product/mn4112-motor-navigator-type.html
TMOT-4112-420,PUISSANCE,1210,https://store.tmotor.com/product/mn4112-motor-navigator-type.html
TMOT-4112-420,RESISTANCE,60mΩ,https://store.tmotor.com/product/mn4112-motor-navigator-type.html
TMOT-4112-420,D MOTEUR,47.4,https://store.tmotor.com/product/mn4112-motor-navigator-type.html
TMOT-4112-420,H MOTEUR,38.7,https://store.tmotor.com/product/mn4112-motor-navigator-type.html
TMOT-4112-420,CONFIG,12N14P,https://store.tmotor.com/product/mn4112-motor-navigator-type.html
TMOT-4112-420,D SHAFT,6,https://store.tmotor.com/product/mn4112-motor-navigator-type.html
TMOT-4112-420,AIMANT,N45SH,https://store.tmotor.com/product/mn4112-motor-navigator-type.html
TMOT-4112-420,TYPE CABLE,16AWG,https://store.tmotor.com/product/mn4112-motor-navigator-type.html
TMOT-4112-420,L CABLE,150mm,https://store.tmotor.com/product/mn4112-motor-navigator-type.html
TMOT-4110-300,LIPO,6S,https://store.tmotor.com/product/mn4110-motor-navigator-type.html
TMOT-4110-300,HELICE,"P17-18""/T16*8""",https://store.tmotor.com/product/mn4110-motor-navigator-type.html
TMOT-4110-300,AMP,23,https://store.tmotor.com/product/mn4110-motor-navigator-type.html
TMOT-4110-300,POIDS,152,https://store.tmotor.com/product/mn4110-motor-navigator-type.html
TMOT-4110-300,PUISSANCE,535,https://store.tmotor.com/product/mn4110-motor-navigator-type.html
TMOT-4110-300,RESISTANCE,135mΩ,https://store.tmotor.com/product/mn4110-motor-navigator-type.html
TMOT-4110-300,D MOTEUR,47.4,https://store.tmotor.com/product/mn4110-motor-navigator-type.html
TMOT-4110-300,H MOTEUR,36.7,https://store.tmotor.com/product/mn4110-motor-navigator-type.html
TMOT-4110-300,CONFIG,12N14P,https://store.tmotor.com/product/mn4110-motor-navigator-type.html
TMOT-4110-300,D SHAFT,6,https://store.tmotor.com/product/mn4110-motor-navigator-type.html
TMOT-4110-300,AIMANT,N45SH,https://store.tmotor.com/product/mn4110-motor-navigator-type.html
TMOT-4110-300,TYPE CABLE,16AWG,https://store.tmotor.com/product/mn4110-motor-navigator-type.html
TMOT-4110-300,L CABLE,150mm,https://store.tmotor.com/product/mn4110-motor-navigator-type.html
TMOT-4110-340,LIPO,6S,https://store.tmotor.com/product/mn4110-motor-navigator-type.html
TMOT-4110-340,HELICE,"P17-18""/T16*8""",https://store.tmotor.com/product/mn4110-motor-navigator-type.html
TMOT-4110-340,AMP,30,https://store.tmotor.com/product/mn4110-motor-navigator-type.html
TMOT-4110-340,POIDS,152,https://store.tmotor.com/product/mn4110-motor-navigator-type.html
TMOT-4110-340,PUISSANCE,700,https://store.tmotor.com/product/mn4110-motor-navigator-type.html
TMOT-4110-340,RESISTANCE,112mΩ,https://store.tmotor.com/product/mn4110-motor-navigator-type.html
TMOT-4110-340,D MOTEUR,47.4,https://store.tmotor.com/product/mn4110-motor-navigator-type.html
TMOT-4110-340,H MOTEUR,36.7,https://store.tmotor.com/product/mn4110-motor-navigator-type.html
TMOT-4110-340,CONFIG,12N14P,https://store.tmotor.com/product/mn4110-motor-navigator-type.html
TMOT-4110-340,D SHAFT,6,https://store.tmotor.com/product/mn4110-motor-navigator-type.html
TMOT-4110-340,AIMANT,N45SH,https://store.tmotor.com/product/mn4110-motor-navigator-type.html
TMOT-4110-340,TYPE CABLE,16AWG,https://store.tmotor.com/product/mn4110-motor-navigator-type.html
TMOT-4110-340,L CABLE,150mm,https://store.tmotor.com/product/mn4110-motor-navigator-type.html
TMOT-4110-400,LIPO,6S,https://store.tmotor.com/product/mn4110-motor-navigator-type.html
TMOT-4110-400,HELICE,"P15-16""",https://store.tmotor.com/product/mn4110-motor-navigator-type.html
TMOT-4110-400,AMP,32,https://store.tmotor.com/product/mn4110-motor-navigator-type.html
TMOT-4110-400,POIDS,152,https://store.tmotor.com/product/mn4110-motor-navigator-type.html
TMOT-4110-400,PUISSANCE,770,https://store.tmotor.com/product/mn4110-motor-navigator-type.html
TMOT-4110-400,RESISTANCE,85mΩ,https://store.tmotor.com/product/mn4110-motor-navigator-type.html
TMOT-4110-400,D MOTEUR,47.4,https://store.tmotor.com/product/mn4110-motor-navigator-type.html
TMOT-4110-400,H MOTEUR,36.7,https://store.tmotor.com/product/mn4110-motor-navigator-type.html
TMOT-4110-400,CONFIG,12N14P,https://store.tmotor.com/product/mn4110-motor-navigator-type.html
TMOT-4110-400,D SHAFT,6,https://store.tmotor.com/product/mn4110-motor-navigator-type.html
TMOT-4110-400,AIMANT,N45SH,https://store.tmotor.com/product/mn4110-motor-navigator-type.html
TMOT-4110-400,TYPE CABLE,16AWG,https://store.tmotor.com/product/mn4110-motor-navigator-type.html
TMOT-4110-400,L CABLE,150mm,https://store.tmotor.com/product/mn4110-motor-navigator-type.html
T-MO--240,LIPO,6S-12S,https://store.tmotor.com/product/mn501-s-kv240-motor-navigator-type.html
T-MO--240,AMP,25,https://store.tmotor.com/product/mn501-s-kv240-motor-navigator-type.html
T-MO--240,HELICE,"14-15 / 20-22""",https://store.tmotor.com/product/mn501-s-kv240-motor-navigator-type.html
T-MO--240,RESISTANCE,85mΩ,https://store.tmotor.com/product/mn501-s-kv240-motor-navigator-type.html
T-MO--240,D MOTEUR,55.6,https://store.tmotor.com/product/mn501-s-kv240-motor-navigator-type.html
T-MO--240,H MOTEUR,33.9,https://store.tmotor.com/product/mn501-s-kv240-motor-navigator-type.html
T-MO--240,CONFIG,24N28P,https://store.tmotor.com/product/mn501-s-kv240-motor-navigator-type.html
T-MO--240,D SHAFT,6,https://store.tmotor.com/product/mn501-s-kv240-motor-navigator-type.html
T-MO--240,TYPE CABLE,16AWG,https://store.tmotor.com/product/mn501-s-kv240-motor-navigator-type.html
T-MO--240,L CABLE,150mm,https://store.tmotor.com/product/mn501-s-kv240-motor-navigator-type.html
TMOT-MN501S-300,LIPO,6S-8S,https://store.tmotor.com/product/mn501-s-kv240-motor-navigator-type.html
TMOT-MN501S-300,AMP,40,https://store.tmotor.com/product/mn501-s-kv240-motor-navigator-type.html
TMOT-MN501S-300,HELICE,"20-22""",https://store.tmotor.com/product/mn501-s-kv240-motor-navigator-type.html
TMOT-MN501S-300,PUISSANCE,1000,https://store.tmotor.com/product/mn501-s-kv240-motor-navigator-type.html
TMOT-MN501S-300,POIDS,170,https://store.tmotor.com/product/mn501-s-kv240-motor-navigator-type.html
TMOT-MN501S-300,RESISTANCE,63mΩ,https://store.tmotor.com/product/mn501-s-kv240-motor-navigator-type.html
TMOT-MN501S-300,D MOTEUR,55.6,https://store.tmotor.com/product/mn501-s-kv240-motor-navigator-type.html
TMOT-MN501S-300,H MOTEUR,33.9,https://store.tmotor.com/product/mn501-s-kv240-motor-navigator-type.html
TMOT-MN501S-300,CONFIG,24N28P,https://store.tmotor.com/product/mn501-s-kv240-motor-navigator-type.html
TMOT-MN501S-300,D SHAFT,6,https://store.tmotor.com/product/mn501-s-kv240-motor-navigator-type.html
TMOT-MN501S-300,TYPE CABLE,16AWG,https://store.tmotor.com/product/mn501-s-kv240-motor-navigator-type.html
TMOT-MN501S-300,L CABLE,150mm,https://store.tmotor.com/product/mn501-s-kv240-motor-navigator-type.html
T-MO--360,LIPO,6S,https://store.tmotor.com/product/mn501-s-kv240-motor-navigator-type.html
T-MO--360,AMP,40,https://store.tmotor.com/product/mn501-s-kv240-motor-navigator-type.html
T-MO--360,HELICE,"17-18""",https://store.tmotor.com/product/mn501-s-kv240-motor-navigator-type.html
T-MO--360,RESISTANCE,45mΩ,https://store.tmotor.com/product/mn501-s-kv240-motor-navigator-type.html
T-MO--360,D MOTEUR,55.6,https://store.tmotor.com/product/mn501-s-kv240-motor-navigator-type.html
T-MO--360,H MOTEUR,33.9,https://store.tmotor.com/product/mn501-s-kv240-motor-navigator-type.html
T-MO--360,CONFIG,24N28P,https://store.tmotor.com/product/mn501-s-kv240-motor-navigator-type.html
T-MO--360,D SHAFT,6,https://store.tmotor.com/product/mn501-s-kv240-motor-navigator-type.html
T-MO--360,TYPE CABLE,16AWG,https://store.tmotor.com/product/mn501-s-kv240-motor-navigator-type.html
T-MO--360,L CABLE,150mm,https://store.tmotor.com/product/mn501-s-kv240-motor-navigator-type.html
T-MO--320,LIPO,6S,https://store.tmotor.com/product/mn505-s-kv320-motor-navigator-type.html
T-MO--320,AMP,55,https://store.tmotor.com/product/mn505-s-kv320-motor-navigator-type.html
T-MO--320,HELICE,"20-22""",https://store.tmotor.com/product/mn505-s-kv320-motor-navigator-type.html
T-MO--320,PUISSANCE,1300,https://store.tmotor.com/product/mn505-s-kv320-motor-navigator-type.html
T-MO--320,RESISTANCE,38mΩ,https://store.tmotor.com/product/mn505-s-kv320-motor-navigator-type.html
T-MO--320,D MOTEUR,55.6,https://store.tmotor.com/product/mn505-s-kv320-motor-navigator-type.html
T-MO--320,H MOTEUR,38.9,https://store.tmotor.com/product/mn505-s-kv320-motor-navigator-type.html
T-MO--320,CONFIG,24N28P,https://store.tmotor.com/product/mn505-s-kv320-motor-navigator-type.html
T-MO--320,D SHAFT,6,https://store.tmotor.com/product/mn505-s-kv320-motor-navigator-type.html
T-MO--320,TYPE CABLE,16AWG,https://store.tmotor.com/product/mn505-s-kv320-motor-navigator-type.html
T-MO--320,L CABLE,150mm,https://store.tmotor.com/product/mn505-s-kv320-motor-navigator-type.html
T-MO--380,LIPO,6S,https://store.tmotor.com/product/mn505-s-kv320-motor-navigator-type.html
T-MO--380,AMP,50,https://store.tmotor.com/product/mn505-s-kv320-motor-navigator-type.html
T-MO--380,HELICE,"17-18""",https://store.tmotor.com/product/mn505-s-kv320-motor-navigator-type.html
T-MO--380,PUISSANCE,1200,https://store.tmotor.com/product/mn505-s-kv320-motor-navigator-type.html
T-MO--380,RESISTANCE,28mΩ,https://store.tmotor.com/product/mn505-s-kv320-motor-navigator-type.html
T-MO--380,D MOTEUR,55.6,https://store.tmotor.com/product/mn505-s-kv320-motor-navigator-type.html
T-MO--380,H MOTEUR,38.9,https://store.tmotor.com/product/mn505-s-kv320-motor-navigator-type.html
T-MO--380,CONFIG,24N28P,https://store.tmotor.com/product/mn505-s-kv320-motor-navigator-type.html
T-MO--380,D SHAFT,6,https://store.tmotor.com/product/mn505-s-kv320-motor-navigator-type.html
T-MO--380,TYPE CABLE,16AWG,https://store.tmotor.com/product/mn505-s-kv320-motor-navigator-type.html
T-MO--380,L CABLE,150mm,https://store.tmotor.com/product/mn505-s-kv320-motor-navigator-type.html
T-MO--170,LIPO,6S-12S,https://store.tmotor.com/product/mn601-s-kv170-motor-navigator-type.html
T-MO--170,AMP,30,https://store.tmotor.com/product/mn601-s-kv170-motor-navigator-type.html
T-MO--170,HELICE,"20-21""",https://store.tmotor.com/product/mn601-s-kv170-motor-navigator-type.html
T-MO--170,RESISTANCE,115mΩ,https://store.tmotor.com/product/mn601-s-kv170-motor-navigator-type.html
T-MO--170,D MOTEUR,68.8,https://store.tmotor.com/product/mn601-s-kv170-motor-navigator-type.html
T-MO--170,H MOTEUR,34.9,https://store.tmotor.com/product/mn601-s-kv170-motor-navigator-type.html
T-MO--170,CONFIG,24N28P,https://store.tmotor.com/product/mn601-s-kv170-motor-navigator-type.html
T-MO--170,D SHAFT,6,https://store.tmotor.com/product/mn601-s-kv170-motor-navigator-type.html
T-MO--170,TYPE CABLE,16AWG,https://store.tmotor.com/product/mn601-s-kv170-motor-navigator-type.html
T-MO--170,L CABLE,150mm,https://store.tmotor.com/product/mn601-s-kv170-motor-navigator-type.html
TMOT-MN601S-320,LIPO,6S,https://store.tmotor.com/product/mn601-s-kv170-motor-navigator-type.html
TMOT-MN601S-320,AMP,50,https://store.tmotor.com/product/mn601-s-kv170-motor-navigator-type.html
TMOT-MN601S-320,HELICE,"20-21""",https://store.tmotor.com/product/mn601-s-kv170-motor-navigator-type.html
TMOT-MN601S-320,PUISSANCE,1200,https://store.tmotor.com/product/mn601-s-kv170-motor-navigator-type.html
TMOT-MN601S-320,POIDS,246,https://store.tmotor.com/product/mn601-s-kv170-motor-navigator-type.html
TMOT-MN601S-320,RESISTANCE,39mΩ,https://store.tmotor.com/product/mn601-s-kv170-motor-navigator-type.html
TMOT-MN601S-320,D MOTEUR,68.8,https://store.tmotor.com/product/mn601-s-kv170-motor-navigator-type.html
TMOT-MN601S-320,H MOTEUR,34.9,https://store.tmotor.com/product/mn601-s-kv170-motor-navigator-type.html
TMOT-MN601S-320,CONFIG,24N28P,https://store.tmotor.com/product/mn601-s-kv170-motor-navigator-type.html
TMOT-MN601S-320,D SHAFT,6,https://store.tmotor.com/product/mn601-s-kv170-motor-navigator-type.html
TMOT-MN601S-320,TYPE CABLE,16AWG,https://store.tmotor.com/product/mn601-s-kv170-motor-navigator-type.html
TMOT-MN601S-320,L CABLE,150mm,https://store.tmotor.com/product/mn601-s-kv170-motor-navigator-type.html
TMOT-MN605S-170,LIPO,6S-12S,https://store.tmotor.com/product/mn605-s-kv170-motor-navigator-type.html
TMOT-MN605S-170,AMP,35,https://store.tmotor.com/product/mn605-s-kv170-motor-navigator-type.html
TMOT-MN605S-170,HELICE,"20-22""",https://store.tmotor.com/product/mn605-s-kv170-motor-navigator-type.html
TMOT-MN605S-170,PUISSANCE,1700,https://store.tmotor.com/product/mn605-s-kv170-motor-navigator-type.html
TMOT-MN605S-170,POIDS,350,https://store.tmotor.com/product/mn605-s-kv170-motor-navigator-type.html
TMOT-MN605S-170,RESISTANCE,65mΩ,https://store.tmotor.com/product/mn605-s-kv170-motor-navigator-type.html
TMOT-MN605S-170,D MOTEUR,68.8,https://store.tmotor.com/product/mn605-s-kv170-motor-navigator-type.html
TMOT-MN605S-170,H MOTEUR,34.9,https://store.tmotor.com/product/mn605-s-kv170-motor-navigator-type.html
TMOT-MN605S-170,CONFIG,24N28P,https://store.tmotor.com/product/mn605-s-kv170-motor-navigator-type.html
TMOT-MN605S-170,D SHAFT,6,https://store.tmotor.com/product/mn605-s-kv170-motor-navigator-type.html
TMOT-MN605S-170,TYPE CABLE,14AWG,https://store.tmotor.com/product/mn605-s-kv170-motor-navigator-type.html
TMOT-MN605S-170,L CABLE,150mm,https://store.tmotor.com/product/mn605-s-kv170-motor-navigator-type.html
TMOT-MN605S-320,LIPO,6S,https://store.tmotor.com/product/mn605-s-kv170-motor-navigator-type.html
TMOT-MN605S-320,AMP,55,https://store.tmotor.com/product/mn605-s-kv170-motor-navigator-type.html
TMOT-MN605S-320,HELICE,"20-22""",https://store.tmotor.com/product/mn605-s-kv170-motor-navigator-type.html
TMOT-MN605S-320,PUISSANCE,1400,https://store.tmotor.com/product/mn605-s-kv170-motor-navigator-type.html
TMOT-MN605S-320,POIDS,350,https://store.tmotor.com/product/mn605-s-kv170-motor-navigator-type.html
TMOT-MN605S-320,RESISTANCE,21mΩ,https://store.tmotor.com/product/mn605-s-kv170-motor-navigator-type.html
TMOT-MN605S-320,D MOTEUR,68.8,https://store.tmotor.com/product/mn605-s-kv170-motor-navigator-type.html
TMOT-MN605S-320,H MOTEUR,34.9,https://store.tmotor.com/product/mn605-s-kv170-motor-navigator-type.html
TMOT-MN605S-320,CONFIG,24N28P,https://store.tmotor.com/product/mn605-s-kv170-motor-navigator-type.html
TMOT-MN605S-320,D SHAFT,6,https://store.tmotor.com/product/mn605-s-kv170-motor-navigator-type.html
TMOT-MN605S-320,TYPE CABLE,14AWG,https://store.tmotor.com/product/mn605-s-kv170-motor-navigator-type.html
TMOT-MN605S-320,L CABLE,150mm,https://store.tmotor.com/product/mn605-s-kv170-motor-navigator-type.html
T-MO--135,LIPO,6S-12S,https://store.tmotor.com/product/mn701-s-kv135-motor-navigator-type.html
T-MO--135,AMP,42,https://store.tmotor.com/product/mn701-s-kv135-motor-navigator-type.html
T-MO--135,HELICE,"24-26""",https://store.tmotor.com/product/mn701-s-kv135-motor-navigator-type.html
T-MO--135,RESISTANCE,94mΩ,https://store.tmotor.com/product/mn701-s-kv135-motor-navigator-type.html
T-MO--135,D MOTEUR,79.2,https://store.tmotor.com/product/mn701-s-kv135-motor-navigator-type.html
T-MO--135,H MOTEUR,37.4,https://store.tmotor.com/product/mn701-s-kv135-motor-navigator-type.html
T-MO--135,CONFIG,24N28P,https://store.tmotor.com/product/mn701-s-kv135-motor-navigator-type.html
T-MO--135,D SHAFT,8,https://store.tmotor.com/product/mn701-s-kv135-motor-navigator-type.html
T-MO--135,TYPE CABLE,14AWG,https://store.tmotor.com/product/mn701-s-kv135-motor-navigator-type.html
T-MO--135,L CABLE,150mm,https://store.tmotor.com/product/mn701-s-kv135-motor-navigator-type.html
T-MO--280,LIPO,6S,https://store.tmotor.com/product/mn701-s-kv135-motor-navigator-type.html
T-MO--280,AMP,65,https://store.tmotor.com/product/mn701-s-kv135-motor-navigator-type.html
T-MO--280,HELICE,"24-26""",https://store.tmotor.com/product/mn701-s-kv135-motor-navigator-type.html
T-MO--280,RESISTANCE,23mΩ,https://store.tmotor.com/product/mn701-s-kv135-motor-navigator-type.html
T-MO--280,D MOTEUR,79.2,https://store.tmotor.com/product/mn701-s-kv135-motor-navigator-type.html
T-MO--280,H MOTEUR,37.4,https://store.tmotor.com/product/mn701-s-kv135-motor-navigator-type.html
T-MO--280,CONFIG,24N28P,https://store.tmotor.com/product/mn701-s-kv135-motor-navigator-type.html
T-MO--280,D SHAFT,8,https://store.tmotor.com/product/mn701-s-kv135-motor-navigator-type.html
T-MO--280,TYPE CABLE,14AWG,https://store.tmotor.com/product/mn701-s-kv135-motor-navigator-type.html
T-MO--280,L CABLE,150mm,https://store.tmotor.com/product/mn701-s-kv135-motor-navigator-type.html
T-MO--125,LIPO,12S,https://store.tmotor.com/product/mn705-s-kv125-motor-navigator-type.html
T-MO--125,AMP,45,https://store.tmotor.com/product/mn705-s-kv125-motor-navigator-type.html
T-MO--125,HELICE,"26-27""",https://store.tmotor.com/product/mn705-s-kv125-motor-navigator-type.html
T-MO--125,RESISTANCE,63mΩ,https://store.tmotor.com/product/mn705-s-kv125-motor-navigator-type.html
T-MO--125,D MOTEUR,79.2,https://store.tmotor.com/product/mn705-s-kv125-motor-navigator-type.html
T-MO--125,H MOTEUR,42.4,https://store.tmotor.com/product/mn705-s-kv125-motor-navigator-type.html
T-MO--125,CONFIG,24N28P,https://store.tmotor.com/product/mn705-s-kv125-motor-navigator-type.html
T-MO--125,D SHAFT,8,https://store.tmotor.com/product/mn705-s-kv125-motor-navigator-type.html
T-MO--125,TYPE CABLE,14AWG,https://store.tmotor.com/product/mn705-s-kv125-motor-navigator-type.html
T-MO--125,L CABLE,150mm,https://store.tmotor.com/product/mn705-s-kv125-motor-navigator-type.html
T-MO--140,LIPO,12S,https://store.tmotor.com/product/mn705-s-kv125-motor-navigator-type.html
T-MO--140,AMP,58,https://store.tmotor.com/product/mn705-s-kv125-motor-navigator-type.html
T-MO--140,HELICE,"26-27""",https://store.tmotor.com/product/mn705-s-kv125-motor-navigator-type.html
T-MO--140,PUISSANCE,2800,https://store.tmotor.com/product/mn705-s-kv125-motor-navigator-type.html
T-MO--140,RESISTANCE,45mΩ,https://store.tmotor.com/product/mn705-s-kv125-motor-navigator-type.html
T-MO--140,D MOTEUR,79.2,https://store.tmotor.com/product/mn705-s-kv125-motor-navigator-type.html
T-MO--140,H MOTEUR,42.4,https://store.tmotor.com/product/mn705-s-kv125-motor-navigator-type.html
T-MO--140,CONFIG,24N28P,https://store.tmotor.com/product/mn705-s-kv125-motor-navigator-type.html
T-MO--140,D SHAFT,8,https://store.tmotor.com/product/mn705-s-kv125-motor-navigator-type.html
T-MO--140,TYPE CABLE,14AWG,https://store.tmotor.com/product/mn705-s-kv125-motor-navigator-type.html
T-MO--140,L CABLE,150mm,https://store.tmotor.com/product/mn705-s-kv125-motor-navigator-type.html
T-MO--260,LIPO,6S,https://store.tmotor.com/product/mn705-s-kv125-motor-navigator-type.html
T-MO--260,AMP,80,https://store.tmotor.com/product/mn705-s-kv125-motor-navigator-type.html
T-MO--260,HELICE,"26-27""",https://store.tmotor.com/product/mn705-s-kv125-motor-navigator-type.html
T-MO--260,RESISTANCE,16mΩ,https://store.tmotor.com/product/mn705-s-kv125-motor-navigator-type.html
T-MO--260,D MOTEUR,79.2,https://store.tmotor.com/product/mn705-s-kv125-motor-navigator-type.html
T-MO--260,H MOTEUR,42.4,https://store.tmotor.com/product/mn705-s-kv125-motor-navigator-type.html
T-MO--260,CONFIG,24N28P,https://store.tmotor.com/product/mn705-s-kv125-motor-navigator-type.html
T-MO--260,D SHAFT,8,https://store.tmotor.com/product/mn705-s-kv125-motor-navigator-type.html
T-MO--260,TYPE CABLE,14AWG,https://store.tmotor.com/product/mn705-s-kv125-motor-navigator-type.html
T-MO--260,L CABLE,150mm,https://store.tmotor.com/product/mn705-s-kv125-motor-navigator-type.html
T-MO--120,LIPO,6S-12S,https://store.tmotor.com/product/mn801-s-kv120-motor-navigator-type.html
T-MO--120,AMP,45,https://store.tmotor.com/product/mn801-s-kv120-motor-navigator-type.html
T-MO--120,HELICE,"28-29""",https://store.tmotor.com/product/mn801-s-kv120-motor-navigator-type.html
T-MO--120,RESISTANCE,80mΩ,https://store.tmotor.com/product/mn801-s-kv120-motor-navigator-type.html
T-MO--120,D MOTEUR,89,https://store.tmotor.com/product/mn801-s-kv120-motor-navigator-type.html
T-MO--120,H MOTEUR,39.4,https://store.tmotor.com/product/mn801-s-kv120-motor-navigator-type.html
T-MO--120,CONFIG,24N28P,https://store.tmotor.com/product/mn801-s-kv120-motor-navigator-type.html
T-MO--120,D SHAFT,12,https://store.tmotor.com/product/mn801-s-kv120-motor-navigator-type.html
T-MO--120,TYPE CABLE,14AWG,https://store.tmotor.com/product/mn801-s-kv120-motor-navigator-type.html
T-MO--120,L CABLE,150mm,https://store.tmotor.com/product/mn801-s-kv120-motor-navigator-type.html
T-MO--150,LIPO,6S-12S,https://store.tmotor.com/product/mn801-s-kv120-motor-navigator-type.html
T-MO--150,AMP,60,https://store.tmotor.com/product/mn801-s-kv120-motor-navigator-type.html
T-MO--150,HELICE,"26-27""",https://store.tmotor.com/product/mn801-s-kv120-motor-navigator-type.html
T-MO--150,RESISTANCE,50mΩ,https://store.tmotor.com/product/mn801-s-kv120-motor-navigator-type.html
T-MO--150,D MOTEUR,89,https://store.tmotor.com/product/mn801-s-kv120-motor-navigator-type.html
T-MO--150,H MOTEUR,39.4,https://store.tmotor.com/product/mn801-s-kv120-motor-navigator-type.html
T-MO--150,CONFIG,24N28P,https://store.tmotor.com/product/mn801-s-kv120-motor-navigator-type.html
T-MO--150,D SHAFT,12,https://store.tmotor.com/product/mn801-s-kv120-motor-navigator-type.html
T-MO--150,TYPE CABLE,14AWG,https://store.tmotor.com/product/mn801-s-kv120-motor-navigator-type.html
T-MO--150,L CABLE,150mm,https://store.tmotor.com/product/mn801-s-kv120-motor-navigator-type.html
TMOT-MN805S-120,LIPO,6S-12S,https://store.tmotor.com/product/mn805-s-kv120-motor-navigator-type.html
TMOT-MN805S-120,AMP,65,https://store.tmotor.com/product/mn805-s-kv120-motor-navigator-type.html
TMOT-MN805S-120,HELICE,"30-32""",https://store.tmotor.com/product/mn805-s-kv120-motor-navigator-type.html
TMOT-MN805S-120,PUISSANCE,3200,https://store.tmotor.com/product/mn805-s-kv120-motor-navigator-type.html
TMOT-MN805S-120,POIDS,620,https://store.tmotor.com/product/mn805-s-kv120-motor-navigator-type.html
TMOT-MN805S-120,RESISTANCE,48mΩ,https://store.tmotor.com/product/mn805-s-kv120-motor-navigator-type.html
TMOT-MN805S-120,D MOTEUR,89,https://store.tmotor.com/product/mn805-s-kv120-motor-navigator-type.html
TMOT-MN805S-120,H MOTEUR,44.4,https://store.tmotor.com/product/mn805-s-kv120-motor-navigator-type.html
TMOT-MN805S-120,CONFIG,24N28P,https://store.tmotor.com/product/mn805-s-kv120-motor-navigator-type.html
TMOT-MN805S-120,D SHAFT,12,https://store.tmotor.com/product/mn805-s-kv120-motor-navigator-type.html
TMOT-MN805S-120,TYPE CABLE,14AWG,https://store.tmotor.com/product/mn805-s-kv120-motor-navigator-type.html
TMOT-MN805S-120,L CABLE,150mm,https://store.tmotor.com/product/mn805-s-kv120-motor-navigator-type.html
TMOT-MN805S-150,LIPO,6S-12S,https://store.tmotor.com/product/mn805-s-kv120-motor-navigator-type.html
TMOT-MN805S-150,AMP,75,https://store.tmotor.com/product/mn805-s-kv120-motor-navigator-type.html
TMOT-MN805S-150,HELICE,"28-29""",https://store.tmotor.com/product/mn805-s-kv120-motor-navigator-type.html
TMOT-MN805S-150,PUISSANCE,3600,https://store.tmotor.com/product/mn805-s-kv120-motor-navigator-type.html
TMOT-MN805S-150,POIDS,625,https://store.tmotor.com/product/mn805-s-kv120-motor-navigator-type.html
TMOT-MN805S-150,RESISTANCE,32mΩ,https://store.tmotor.com/product/mn805-s-kv120-motor-navigator-type.html
TMOT-MN805S-150,D MOTEUR,89,https://store.tmotor.com/product/mn805-s-kv120-motor-navigator-type.html
TMOT-MN805S-150,H MOTEUR,44.4,https://store.tmotor.com/product/mn805-s-kv120-motor-navigator-type.html
TMOT-MN805S-150,CONFIG,24N28P,https://store.tmotor.com/product/mn805-s-kv120-motor-navigator-type.html
TMOT-MN805S-150,D SHAFT,12,https://store.tmotor.com/product/mn805-s-kv120-motor-navigator-type.html
TMOT-MN805S-150,TYPE CABLE,14AWG,https://store.tmotor.com/product/mn805-s-kv120-motor-navigator-type.html
TMOT-MN805S-150,L CABLE,150mm,https://store.tmotor.com/product/mn805-s-kv120-motor-navigator-type.html
TMOT-MN805S-170,LIPO,6S-12S,https://store.tmotor.com/product/mn805-s-kv120-motor-navigator-type.html
TMOT-MN805S-170,AMP,83,https://store.tmotor.com/product/mn805-s-kv120-motor-navigator-type.html
TMOT-MN805S-170,HELICE,"26-27""",https://store.tmotor.com/product/mn805-s-kv120-motor-navigator-type.html
TMOT-MN805S-170,PUISSANCE,4000,https://store.tmotor.com/product/mn805-s-kv120-motor-navigator-type.html
TMOT-MN805S-170,POIDS,625,https://store.tmotor.com/product/mn805-s-kv120-motor-navigator-type.html
TMOT-MN805S-170,RESISTANCE,28mΩ,https://store.tmotor.com/product/mn805-s-kv120-motor-navigator-type.html
TMOT-MN805S-170,D MOTEUR,89,https://store.tmotor.com/product/mn805-s-kv120-motor-navigator-type.html
TMOT-MN805S-170,H MOTEUR,44.4,https://store.tmotor.com/product/mn805-s-kv120-motor-navigator-type.html
TMOT-MN805S-170,CONFIG,24N28P,https://store.tmotor.com/product/mn805-s-kv120-motor-navigator-type.html
TMOT-MN805S-170,D SHAFT,12,https://store.tmotor.com/product/mn805-s-kv120-motor-navigator-type.html
TMOT-MN805S-170,TYPE CABLE,14AWG,https://store.tmotor.com/product/mn805-s-kv120-motor-navigator-type.html
TMOT-MN805S-170,L CABLE,150mm,https://store.tmotor.com/product/mn805-s-kv120-motor-navigator-type.html
T-MO-1010-90,LIPO,6S-12S,https://store.tmotor.com/product/mn1010-kv90-motor-navigator-type.html
T-MO-1010-90,HELICE,32-34寸,https://store.tmotor.com/product/mn1010-kv90-motor-navigator-type.html
T-MO-1010-90,AMP,56,https://store.tmotor.com/product/mn1010-kv90-motor-navigator-type.html
T-MO-1010-90,RESISTANCE,46mΩ,https://store.tmotor.com/product/mn1010-kv90-motor-navigator-type.html
T-MO-1010-90,H MOTEUR,34,https://store.tmotor.com/product/mn1010-kv90-motor-navigator-type.html
T-MO-1010-90,CONFIG,36N42P,https://store.tmotor.com/product/mn1010-kv90-motor-navigator-type.html
T-MO-1010-90,AIMANT,N45SH,https://store.tmotor.com/product/mn1010-kv90-motor-navigator-type.html
T-MO-1010-135,LIPO,6S-12S,https://store.tmotor.com/product/mn1010-kv90-motor-navigator-type.html
T-MO-1010-135,HELICE,30-32寸,https://store.tmotor.com/product/mn1010-kv90-motor-navigator-type.html
T-MO-1010-135,AMP,104,https://store.tmotor.com/product/mn1010-kv90-motor-navigator-type.html
T-MO-1010-135,PUISSANCE,4930,https://store.tmotor.com/product/mn1010-kv90-motor-navigator-type.html
T-MO-1010-135,RESISTANCE,25mΩ,https://store.tmotor.com/product/mn1010-kv90-motor-navigator-type.html
T-MO-1010-135,H MOTEUR,34,https://store.tmotor.com/product/mn1010-kv90-motor-navigator-type.html
T-MO-1010-135,CONFIG,36N42P,https://store.tmotor.com/product/mn1010-kv90-motor-navigator-type.html
T-MO-1010-135,AIMANT,N45SH,https://store.tmotor.com/product/mn1010-kv90-motor-navigator-type.html
T-MO--33,D MOTEUR,60.7,https://store.tmotor.com/product/gb54-1-gimbal-type.html
T-MO--33,H MOTEUR,23,https://store.tmotor.com/product/gb54-1-gimbal-type.html
T-MO--33,L CABLE,350mm,https://store.tmotor.com/product/gb54-1-gimbal-type.html
T-MO--33,CONFIG,12N14P,https://store.tmotor.com/product/gb54-1-gimbal-type.html
T-MO--33,RESISTANCE,15.6mΩ,https://store.tmotor.com/product/gb54-1-gimbal-type.html
T-MO--33,LIPO,3S-6S,https://store.tmotor.com/product/gb54-1-gimbal-type.html
T-MO--26,D MOTEUR,60.7,https://store.tmotor.com/product/gb54-2-gimbal-type.html
T-MO--26,H MOTEUR,25,https://store.tmotor.com/product/gb54-2-gimbal-type.html
T-MO--26,L CABLE,350mm,https://store.tmotor.com/product/gb54-2-gimbal-type.html
T-MO--26,CONFIG,12N14P,https://store.tmotor.com/product/gb54-2-gimbal-type.html
T-MO--26,RESISTANCE,15mΩ,https://store.tmotor.com/product/gb54-2-gimbal-type.html
T-MO--26,LIPO,3S-6S,https://store.tmotor.com/product/gb54-2-gimbal-type.html
BETA-1102-22000-2,L CABLE,37mm,https://pyrodrone.com/products/betafpv-1102-21000kv-brushless-motors-2026-blue-for-meteor75-pro-ii-4-pieces
BETA-1102-18000-2,D SHAFT,1.5,https://pyrodrone.com/products/betafpv-1102-21000kv-brushless-motors-2026-blue-for-meteor75-pro-ii-4-pieces
BETA-1102-18000-2,L SHAFT,5,https://pyrodrone.com/products/betafpv-1102-21000kv-brushless-motors-2026-blue-for-meteor75-pro-ii-4-pieces
BETA-1102-18000-2,TYPE CABLE,28AWG,https://pyrodrone.com/products/betafpv-1102-21000kv-brushless-motors-2026-blue-for-meteor75-pro-ii-4-pieces
BETA-1102-18000-2,L CABLE,37mm,https://pyrodrone.com/products/betafpv-1102-21000kv-brushless-motors-2026-blue-for-meteor75-pro-ii-4-pieces
BETA-1506-3000,VIS FIX,M2,https://www.fpvfaster.com/products/betafpv-1506-pavo30-whoop-drone-3000kv-brushless-motors
BETA-1506-3000,LIPO,3S-6S,https://www.fpvfaster.com/products/betafpv-1506-pavo30-whoop-drone-3000kv-brushless-motors
Diat-1103-10000,D MOTEUR,14.8,https://www.unmannedtechshop.co.uk/products/diatone-mamba-toka-1103-2-3s-brushless-motor-6500kv-8500kv
Diat-1103-10000,H MOTEUR,9.8,https://www.unmannedtechshop.co.uk/products/diatone-mamba-toka-1103-2-3s-brushless-motor-6500kv-8500kv
Diat-1103-10000,D SHAFT,1.5,https://www.unmannedtechshop.co.uk/products/diatone-mamba-toka-1103-2-3s-brushless-motor-6500kv-8500kv
Diat-1103-10000,ENTRAXE FIX,9x9,https://www.unmannedtechshop.co.uk/products/diatone-mamba-toka-1103-2-3s-brushless-motor-6500kv-8500kv
Diat-1103-10000,VIS FIX,M2,https://www.unmannedtechshop.co.uk/products/diatone-mamba-toka-1103-2-3s-brushless-motor-6500kv-8500kv
Diat-1103-10000,HELICE,1.6inch~3inch,https://www.unmannedtechshop.co.uk/products/diatone-mamba-toka-1103-2-3s-brushless-motor-6500kv-8500kv
Diat-1103-10000,CONFIG,9N12P,https://www.unmannedtechshop.co.uk/products/diatone-mamba-toka-1103-2-3s-brushless-motor-6500kv-8500kv
Diat-1103-10000,LIPO,2S-3S,https://www.unmannedtechshop.co.uk/products/diatone-mamba-toka-1103-2-3s-brushless-motor-6500kv-8500kv
Diat-1103-10000,AMP,10.8,https://www.unmannedtechshop.co.uk/products/diatone-mamba-toka-1103-2-3s-brushless-motor-6500kv-8500kv
Diat-1103-10000,PUISSANCE,130,https://www.unmannedtechshop.co.uk/products/diatone-mamba-toka-1103-2-3s-brushless-motor-6500kv-8500kv
Diat-1103-10000,UTILISATION,Racing,https://www.unmannedtechshop.co.uk/products/diatone-mamba-toka-1103-2-3s-brushless-motor-6500kv-8500kv
Diat-1103-10000,LIEN,https://www.unmannedtechshop.co.uk/products/diatone-mamba-toka-1103-2-3s-brushless-motor-6500kv-8500kv,https://www.unmannedtechshop.co.uk/products/diatone-mamba-toka-1103-2-3s-brushless-motor-6500kv-8500kv
Diat-1103-10000,IMG,https://cdn.shopify.com/s/files/1/0914/9972/5181/files/duajdgdg_0001_IMG_0643_1024x_97041199-e578-43a0-8939-03a070efcf50.jpg?v=1754233234,https://www.unmannedtechshop.co.uk/products/diatone-mamba-toka-1103-2-3s-brushless-motor-6500kv-8500kv
Diat-2207-2650,D MOTEUR,28.5,https://www.fpvfaster.com/products/mamba-toka-2207-5-series-racing-motor-1700-2450kv
Diat-2207-2650,H MOTEUR,32.65,https://www.fpvfaster.com/products/mamba-toka-2207-5-series-racing-motor-1700-2450kv
Diat-2207-2650,D SHAFT,5,https://www.fpvfaster.com/products/mamba-toka-2207-5-series-racing-motor-1700-2450kv
Diat-2207-2650,VIS HEL,M5,https://www.fpvfaster.com/products/mamba-toka-2207-5-series-racing-motor-1700-2450kv
Diat-2207-2650,ENTRAXE FIX,16x16,https://www.fpvfaster.com/products/mamba-toka-2207-5-series-racing-motor-1700-2450kv
Diat-2207-2650,VIS FIX,M3,https://www.fpvfaster.com/products/mamba-toka-2207-5-series-racing-motor-1700-2450kv
Diat-2207-2650,HELICE,5inch~6inch,https://www.fpvfaster.com/products/mamba-toka-2207-5-series-racing-motor-1700-2450kv
Diat-2207-2650,CONFIG,12N14P,https://www.fpvfaster.com/products/mamba-toka-2207-5-series-racing-motor-1700-2450kv
Diat-2207-2650,LIPO,4S-6S,https://www.fpvfaster.com/products/mamba-toka-2207-5-series-racing-motor-1700-2450kv
Diat-2207-2650,AMP,38.5,https://www.fpvfaster.com/products/mamba-toka-2207-5-series-racing-motor-1700-2450kv
Diat-2207-2650,PUISSANCE,924,https://www.fpvfaster.com/products/mamba-toka-2207-5-series-racing-motor-1700-2450kv
Diat-2207-2650,UTILISATION,Racing,https://www.fpvfaster.com/products/mamba-toka-2207-5-series-racing-motor-1700-2450kv
Diat-2207-2650,LIEN,https://www.fpvfaster.com/products/mamba-toka-2207-5-series-racing-motor-1700-2450kv,https://www.fpvfaster.com/products/mamba-toka-2207-5-series-racing-motor-1700-2450kv
Diat-2207-2650,IMG,https://cdn.shopify.com/s/files/1/1762/4057/products/Diatone-Mamba-TOKA-22075-Series-Racing-Motor-2450kv_d6ca02a3-cdae-412b-9bcc-7bbbf587ebb7.jpg?v=1629365796,https://www.fpvfaster.com/products/mamba-toka-2207-5-series-racing-motor-1700-2450kv
"Diat-2207,5-1700",D MOTEUR,28.5,https://www.fpvfaster.com/products/mamba-toka-2207-5-series-racing-motor-1700-2450kv
"Diat-2207,5-1700",H MOTEUR,32.65,https://www.fpvfaster.com/products/mamba-toka-2207-5-series-racing-motor-1700-2450kv
"Diat-2207,5-1700",D SHAFT,5,https://www.fpvfaster.com/products/mamba-toka-2207-5-series-racing-motor-1700-2450kv
"Diat-2207,5-1700",VIS HEL,M5,https://www.fpvfaster.com/products/mamba-toka-2207-5-series-racing-motor-1700-2450kv
"Diat-2207,5-1700",ENTRAXE FIX,16x16,https://www.fpvfaster.com/products/mamba-toka-2207-5-series-racing-motor-1700-2450kv
"Diat-2207,5-1700",VIS FIX,M3,https://www.fpvfaster.com/products/mamba-toka-2207-5-series-racing-motor-1700-2450kv
"Diat-2207,5-1700",HELICE,5inch~6inch,https://www.fpvfaster.com/products/mamba-toka-2207-5-series-racing-motor-1700-2450kv
"Diat-2207,5-1700",CONFIG,12N14P,https://www.fpvfaster.com/products/mamba-toka-2207-5-series-racing-motor-1700-2450kv
"Diat-2207,5-1700",UTILISATION,Racing,https://www.fpvfaster.com/products/mamba-toka-2207-5-series-racing-motor-1700-2450kv
"Diat-2207,5-1700",LIEN,https://www.fpvfaster.com/products/mamba-toka-2207-5-series-racing-motor-1700-2450kv,https://www.fpvfaster.com/products/mamba-toka-2207-5-series-racing-motor-1700-2450kv
"Diat-2207,5-1700",IMG,https://cdn.shopify.com/s/files/1/1762/4057/products/Diatone-Mamba-TOKA-22075-Series-Racing-Motor-2450kv_d6ca02a3-cdae-412b-9bcc-7bbbf587ebb7.jpg?v=1629365796,https://www.fpvfaster.com/products/mamba-toka-2207-5-series-racing-motor-1700-2450kv
"Diat-2207,5-1800",D MOTEUR,28.5,https://www.fpvfaster.com/products/mamba-toka-2207-5-series-racing-motor-1700-2450kv
"Diat-2207,5-1800",H MOTEUR,32.65,https://www.fpvfaster.com/products/mamba-toka-2207-5-series-racing-motor-1700-2450kv
"Diat-2207,5-1800",D SHAFT,5,https://www.fpvfaster.com/products/mamba-toka-2207-5-series-racing-motor-1700-2450kv
"Diat-2207,5-1800",VIS HEL,M5,https://www.fpvfaster.com/products/mamba-toka-2207-5-series-racing-motor-1700-2450kv
"Diat-2207,5-1800",ENTRAXE FIX,16x16,https://www.fpvfaster.com/products/mamba-toka-2207-5-series-racing-motor-1700-2450kv
"Diat-2207,5-1800",VIS FIX,M3,https://www.fpvfaster.com/products/mamba-toka-2207-5-series-racing-motor-1700-2450kv
"Diat-2207,5-1800",HELICE,5inch~6inch,https://www.fpvfaster.com/products/mamba-toka-2207-5-series-racing-motor-1700-2450kv
"Diat-2207,5-1800",CONFIG,12N14P,https://www.fpvfaster.com/products/mamba-toka-2207-5-series-racing-motor-1700-2450kv
"Diat-2207,5-1800",UTILISATION,Racing,https://www.fpvfaster.com/products/mamba-toka-2207-5-series-racing-motor-1700-2450kv
"Diat-2207,5-1800",LIEN,https://www.fpvfaster.com/products/mamba-toka-2207-5-series-racing-motor-1700-2450kv,https://www.fpvfaster.com/products/mamba-toka-2207-5-series-racing-motor-1700-2450kv
"Diat-2207,5-1800",IMG,https://cdn.shopify.com/s/files/1/1762/4057/products/Diatone-Mamba-TOKA-22075-Series-Racing-Motor-2450kv_d6ca02a3-cdae-412b-9bcc-7bbbf587ebb7.jpg?v=1629365796,https://www.fpvfaster.com/products/mamba-toka-2207-5-series-racing-motor-1700-2450kv
"Diat-2207,5-2450",D MOTEUR,28.5,https://www.fpvfaster.com/products/mamba-toka-2207-5-series-racing-motor-1700-2450kv
"Diat-2207,5-2450",H MOTEUR,32.65,https://www.fpvfaster.com/products/mamba-toka-2207-5-series-racing-motor-1700-2450kv
"Diat-2207,5-2450",D SHAFT,5,https://www.fpvfaster.com/products/mamba-toka-2207-5-series-racing-motor-1700-2450kv
"Diat-2207,5-2450",VIS HEL,M5,https://www.fpvfaster.com/products/mamba-toka-2207-5-series-racing-motor-1700-2450kv
"Diat-2207,5-2450",ENTRAXE FIX,16x16,https://www.fpvfaster.com/products/mamba-toka-2207-5-series-racing-motor-1700-2450kv
"Diat-2207,5-2450",VIS FIX,M3,https://www.fpvfaster.com/products/mamba-toka-2207-5-series-racing-motor-1700-2450kv
"Diat-2207,5-2450",HELICE,5inch~6inch,https://www.fpvfaster.com/products/mamba-toka-2207-5-series-racing-motor-1700-2450kv
"Diat-2207,5-2450",CONFIG,12N14P,https://www.fpvfaster.com/products/mamba-toka-2207-5-series-racing-motor-1700-2450kv
"Diat-2207,5-2450",LIPO,4S-6S,https://www.fpvfaster.com/products/mamba-toka-2207-5-series-racing-motor-1700-2450kv
"Diat-2207,5-2450",AMP,38.5,https://www.fpvfaster.com/products/mamba-toka-2207-5-series-racing-motor-1700-2450kv
"Diat-2207,5-2450",PUISSANCE,924,https://www.fpvfaster.com/products/mamba-toka-2207-5-series-racing-motor-1700-2450kv
"Diat-2207,5-2450",UTILISATION,Racing,https://www.fpvfaster.com/products/mamba-toka-2207-5-series-racing-motor-1700-2450kv
"Diat-2207,5-2450",LIEN,https://www.fpvfaster.com/products/mamba-toka-2207-5-series-racing-motor-1700-2450kv,https://www.fpvfaster.com/products/mamba-toka-2207-5-series-racing-motor-1700-2450kv
"Diat-2207,5-2450",IMG,https://cdn.shopify.com/s/files/1/1762/4057/products/Diatone-Mamba-TOKA-22075-Series-Racing-Motor-2450kv_d6ca02a3-cdae-412b-9bcc-7bbbf587ebb7.jpg?v=1629365796,https://www.fpvfaster.com/products/mamba-toka-2207-5-series-racing-motor-1700-2450kv
"Diat-2207,5-2650",D MOTEUR,28.5,https://www.fpvfaster.com/products/mamba-toka-2207-5-series-racing-motor-1700-2450kv
"Diat-2207,5-2650",H MOTEUR,32.65,https://www.fpvfaster.com/products/mamba-toka-2207-5-series-racing-motor-1700-2450kv
"Diat-2207,5-2650",D SHAFT,5,https://www.fpvfaster.com/products/mamba-toka-2207-5-series-racing-motor-1700-2450kv
"Diat-2207,5-2650",VIS HEL,M5,https://www.fpvfaster.com/products/mamba-toka-2207-5-series-racing-motor-1700-2450kv
"Diat-2207,5-2650",ENTRAXE FIX,16x16,https://www.fpvfaster.com/products/mamba-toka-2207-5-series-racing-motor-1700-2450kv
"Diat-2207,5-2650",VIS FIX,M3,https://www.fpvfaster.com/products/mamba-toka-2207-5-series-racing-motor-1700-2450kv
"Diat-2207,5-2650",HELICE,5inch~6inch,https://www.fpvfaster.com/products/mamba-toka-2207-5-series-racing-motor-1700-2450kv
"Diat-2207,5-2650",CONFIG,12N14P,https://www.fpvfaster.com/products/mamba-toka-2207-5-series-racing-motor-1700-2450kv
"Diat-2207,5-2650",UTILISATION,Racing,https://www.fpvfaster.com/products/mamba-toka-2207-5-series-racing-motor-1700-2450kv
"Diat-2207,5-2650",LIEN,https://www.fpvfaster.com/products/mamba-toka-2207-5-series-racing-motor-1700-2450kv,https://www.fpvfaster.com/products/mamba-toka-2207-5-series-racing-motor-1700-2450kv
"Diat-2207,5-2650",IMG,https://cdn.shopify.com/s/files/1/1762/4057/products/Diatone-Mamba-TOKA-22075-Series-Racing-Motor-2450kv_d6ca02a3-cdae-412b-9bcc-7bbbf587ebb7.jpg?v=1629365796,https://www.fpvfaster.com/products/mamba-toka-2207-5-series-racing-motor-1700-2450kv
"Diat-2306,5-1650",CONFIG,12N14P,https://www.speedyfpv.com/products/diatone-mamba-toka-2306-5-2770kv-4-6s-brushless-racing-motor
"Diat-2306,5-1650",AIMANT,N52H,https://www.speedyfpv.com/products/diatone-mamba-toka-2306-5-2770kv-4-6s-brushless-racing-motor
"Diat-2306,5-1650",UTILISATION,Racing,https://www.speedyfpv.com/products/diatone-mamba-toka-2306-5-2770kv-4-6s-brushless-racing-motor
"Diat-2306,5-1650",LIEN,https://www.speedyfpv.com/products/diatone-mamba-toka-2306-5-2770kv-4-6s-brushless-racing-motor,https://www.speedyfpv.com/products/diatone-mamba-toka-2306-5-2770kv-4-6s-brushless-racing-motor
"Diat-2306,5-1650",IMG,https://cdn.shopify.com/s/files/1/1840/1085/products/2306.5_2770_1.jpg?v=1750793700,https://www.speedyfpv.com/products/diatone-mamba-toka-2306-5-2770kv-4-6s-brushless-racing-motor
"Diat-2306,5-1770",CONFIG,12N14P,https://www.speedyfpv.com/products/diatone-mamba-toka-2306-5-2770kv-4-6s-brushless-racing-motor
"Diat-2306,5-1770",AIMANT,N52H,https://www.speedyfpv.com/products/diatone-mamba-toka-2306-5-2770kv-4-6s-brushless-racing-motor
"Diat-2306,5-1770",UTILISATION,Racing,https://www.speedyfpv.com/products/diatone-mamba-toka-2306-5-2770kv-4-6s-brushless-racing-motor
"Diat-2306,5-1770",LIEN,https://www.speedyfpv.com/products/diatone-mamba-toka-2306-5-2770kv-4-6s-brushless-racing-motor,https://www.speedyfpv.com/products/diatone-mamba-toka-2306-5-2770kv-4-6s-brushless-racing-motor
"Diat-2306,5-1770",IMG,https://cdn.shopify.com/s/files/1/1840/1085/products/2306.5_2770_1.jpg?v=1750793700,https://www.speedyfpv.com/products/diatone-mamba-toka-2306-5-2770kv-4-6s-brushless-racing-motor
"Diat-2306,5-2770",CONFIG,12N14P,https://www.speedyfpv.com/products/diatone-mamba-toka-2306-5-2770kv-4-6s-brushless-racing-motor
"Diat-2306,5-2770",AIMANT,N52H,https://www.speedyfpv.com/products/diatone-mamba-toka-2306-5-2770kv-4-6s-brushless-racing-motor
"Diat-2306,5-2770",RESISTANCE,40 ohm,https://www.speedyfpv.com/products/diatone-mamba-toka-2306-5-2770kv-4-6s-brushless-racing-motor
"Diat-2306,5-2770",UTILISATION,Racing,https://www.speedyfpv.com/products/diatone-mamba-toka-2306-5-2770kv-4-6s-brushless-racing-motor
"Diat-2306,5-2770",LIEN,https://www.speedyfpv.com/products/diatone-mamba-toka-2306-5-2770kv-4-6s-brushless-racing-motor,https://www.speedyfpv.com/products/diatone-mamba-toka-2306-5-2770kv-4-6s-brushless-racing-motor
"Diat-2306,5-2770",IMG,https://cdn.shopify.com/s/files/1/1840/1085/products/2306.5_2770_1.jpg?v=1750793700,https://www.speedyfpv.com/products/diatone-mamba-toka-2306-5-2770kv-4-6s-brushless-racing-motor
Diat-2808-1100,CONFIG,12N14P,https://www.speedyfpv.com/products/diatone-mamba-toka-2808-brushless-motor-4-6s-1100kv-racing-motor-for-roma-f7
Diat-2808-1100,RESISTANCE,68 ohm,https://www.speedyfpv.com/products/diatone-mamba-toka-2808-brushless-motor-4-6s-1100kv-racing-motor-for-roma-f7
Diat-2808-1100,UTILISATION,Racing,https://www.speedyfpv.com/products/diatone-mamba-toka-2808-brushless-motor-4-6s-1100kv-racing-motor-for-roma-f7
Diat-2808-1100,LIEN,https://www.speedyfpv.com/products/diatone-mamba-toka-2808-brushless-motor-4-6s-1100kv-racing-motor-for-roma-f7,https://www.speedyfpv.com/products/diatone-mamba-toka-2808-brushless-motor-4-6s-1100kv-racing-motor-for-roma-f7
Diat-2808-1100,IMG,https://cdn.shopify.com/s/files/1/1840/1085/products/2808_6.jpg?v=1750793706,https://www.speedyfpv.com/products/diatone-mamba-toka-2808-brushless-motor-4-6s-1100kv-racing-motor-for-roma-f7
HAPP-0603-16000,D SHAFT,0.8,https://www.unmannedtechshop.co.uk/products/4x-happymodel-se0603-kv19000-1s-brushless-whoop-motor-c-r-a-p-whoop
HAPP-0603-16000,CONFIG,9N12P,https://www.unmannedtechshop.co.uk/products/4x-happymodel-se0603-kv19000-1s-brushless-whoop-motor-c-r-a-p-whoop
HAPP-0603-16000,D MOTEUR,9,https://www.unmannedtechshop.co.uk/products/4x-happymodel-se0603-kv19000-1s-brushless-whoop-motor-c-r-a-p-whoop
HAPP-0603-16000,H MOTEUR,15.4,https://www.unmannedtechshop.co.uk/products/4x-happymodel-se0603-kv19000-1s-brushless-whoop-motor-c-r-a-p-whoop
HAPP-0603-16000,L CABLE,35mm,https://www.unmannedtechshop.co.uk/products/4x-happymodel-se0603-kv19000-1s-brushless-whoop-motor-c-r-a-p-whoop
HAPP-0603-16000,UTILISATION,Whoop,https://www.unmannedtechshop.co.uk/products/4x-happymodel-se0603-kv19000-1s-brushless-whoop-motor-c-r-a-p-whoop
HAPP-0603-16000,LIEN,https://www.unmannedtechshop.co.uk/products/4x-happymodel-se0603-kv19000-1s-brushless-whoop-motor-c-r-a-p-whoop,https://www.unmannedtechshop.co.uk/products/4x-happymodel-se0603-kv19000-1s-brushless-whoop-motor-c-r-a-p-whoop
HAPP-0603-16000,IMG,https://cdn.shopify.com/s/files/1/0914/9972/5181/files/products-2ab2a28a-6b9d-49da-82dd-9f4e7faeb87c__79021.1544732791.1280.1280.jpg?v=1754233090,https://www.unmannedtechshop.co.uk/products/4x-happymodel-se0603-kv19000-1s-brushless-whoop-motor-c-r-a-p-whoop
HAPP-0603-19000,D SHAFT,0.8,https://www.unmannedtechshop.co.uk/products/4x-happymodel-se0603-kv19000-1s-brushless-whoop-motor-c-r-a-p-whoop
HAPP-0603-19000,CONFIG,9N12P,https://www.unmannedtechshop.co.uk/products/4x-happymodel-se0603-kv19000-1s-brushless-whoop-motor-c-r-a-p-whoop
HAPP-0603-19000,D MOTEUR,9,https://www.unmannedtechshop.co.uk/products/4x-happymodel-se0603-kv19000-1s-brushless-whoop-motor-c-r-a-p-whoop
HAPP-0603-19000,H MOTEUR,15.4,https://www.unmannedtechshop.co.uk/products/4x-happymodel-se0603-kv19000-1s-brushless-whoop-motor-c-r-a-p-whoop
HAPP-0603-19000,L CABLE,35mm,https://www.unmannedtechshop.co.uk/products/4x-happymodel-se0603-kv19000-1s-brushless-whoop-motor-c-r-a-p-whoop
HAPP-0603-19000,UTILISATION,Whoop,https://www.unmannedtechshop.co.uk/products/4x-happymodel-se0603-kv19000-1s-brushless-whoop-motor-c-r-a-p-whoop
HAPP-0603-19000,LIEN,https://www.unmannedtechshop.co.uk/products/4x-happymodel-se0603-kv19000-1s-brushless-whoop-motor-c-r-a-p-whoop,https://www.unmannedtechshop.co.uk/products/4x-happymodel-se0603-kv19000-1s-brushless-whoop-motor-c-r-a-p-whoop
HAPP-0603-19000,IMG,https://cdn.shopify.com/s/files/1/0914/9972/5181/files/products-2ab2a28a-6b9d-49da-82dd-9f4e7faeb87c__79021.1544732791.1280.1280.jpg?v=1754233090,https://www.unmannedtechshop.co.uk/products/4x-happymodel-se0603-kv19000-1s-brushless-whoop-motor-c-r-a-p-whoop
HAPP-1102-8500,CONFIG,9N12P,https://www.racedayquads.com/products/happymodel-ex1102-9000kv-1-5mm-shaft-whoop-micro-motor-4-pack-for-mobula7-hd
HAPP-1102-8500,D MOTEUR,13.5,https://www.racedayquads.com/products/happymodel-ex1102-9000kv-1-5mm-shaft-whoop-micro-motor-4-pack-for-mobula7-hd
HAPP-1102-8500,H MOTEUR,16,https://www.racedayquads.com/products/happymodel-ex1102-9000kv-1-5mm-shaft-whoop-micro-motor-4-pack-for-mobula7-hd
HAPP-1102-8500,D SHAFT,1.5,https://www.racedayquads.com/products/happymodel-ex1102-9000kv-1-5mm-shaft-whoop-micro-motor-4-pack-for-mobula7-hd
HAPP-1102-8500,UTILISATION,Whoop,https://www.racedayquads.com/products/happymodel-ex1102-9000kv-1-5mm-shaft-whoop-micro-motor-4-pack-for-mobula7-hd
HAPP-1102-9000,CONFIG,9N12P,https://www.racedayquads.com/products/happymodel-ex1102-9000kv-1-5mm-shaft-whoop-micro-motor-4-pack-for-mobula7-hd
HAPP-1102-9000,D MOTEUR,13.5,https://www.racedayquads.com/products/happymodel-ex1102-9000kv-1-5mm-shaft-whoop-micro-motor-4-pack-for-mobula7-hd
HAPP-1102-9000,H MOTEUR,16,https://www.racedayquads.com/products/happymodel-ex1102-9000kv-1-5mm-shaft-whoop-micro-motor-4-pack-for-mobula7-hd
HAPP-1102-9000,D SHAFT,1.5,https://www.racedayquads.com/products/happymodel-ex1102-9000kv-1-5mm-shaft-whoop-micro-motor-4-pack-for-mobula7-hd
HAPP-1102-9000,UTILISATION,Whoop,https://www.racedayquads.com/products/happymodel-ex1102-9000kv-1-5mm-shaft-whoop-micro-motor-4-pack-for-mobula7-hd
HAPP-1102-10000,CONFIG,9N12P,https://www.racedayquads.com/products/happymodel-ex1102-9000kv-1-5mm-shaft-whoop-micro-motor-4-pack-for-mobula7-hd
HAPP-1102-10000,D MOTEUR,13.5,https://www.racedayquads.com/products/happymodel-ex1102-9000kv-1-5mm-shaft-whoop-micro-motor-4-pack-for-mobula7-hd
HAPP-1102-10000,H MOTEUR,16,https://www.racedayquads.com/products/happymodel-ex1102-9000kv-1-5mm-shaft-whoop-micro-motor-4-pack-for-mobula7-hd
HAPP-1102-10000,D SHAFT,1.5,https://www.racedayquads.com/products/happymodel-ex1102-9000kv-1-5mm-shaft-whoop-micro-motor-4-pack-for-mobula7-hd
HAPP-1102-10000,UTILISATION,Whoop,https://www.racedayquads.com/products/happymodel-ex1102-9000kv-1-5mm-shaft-whoop-micro-motor-4-pack-for-mobula7-hd
HAPP-1102-13500,CONFIG,9N12P,https://www.racedayquads.com/products/happymodel-ex1102-9000kv-1-5mm-shaft-whoop-micro-motor-4-pack-for-mobula7-hd
HAPP-1102-13500,D MOTEUR,13.5,https://www.racedayquads.com/products/happymodel-ex1102-9000kv-1-5mm-shaft-whoop-micro-motor-4-pack-for-mobula7-hd
HAPP-1102-13500,H MOTEUR,16,https://www.racedayquads.com/products/happymodel-ex1102-9000kv-1-5mm-shaft-whoop-micro-motor-4-pack-for-mobula7-hd
HAPP-1102-13500,D SHAFT,1.5,https://www.racedayquads.com/products/happymodel-ex1102-9000kv-1-5mm-shaft-whoop-micro-motor-4-pack-for-mobula7-hd
HAPP-1102-13500,UTILISATION,Whoop,https://www.racedayquads.com/products/happymodel-ex1102-9000kv-1-5mm-shaft-whoop-micro-motor-4-pack-for-mobula7-hd
HAPP-1102-19000,UTILISATION,Whoop,https://www.racedayquads.com/products/happymodel-ex1102-9000kv-1-5mm-shaft-whoop-micro-motor-4-pack-for-mobula7-hd
"HAPP-1202,5-8000",LIEN,https://www.racedayquads.com/products/happymodel-ex1202-5-6400kv-micro-motor-for-crux3-cw,https://www.racedayquads.com/products/happymodel-ex1202-5-6400kv-micro-motor-for-crux3-cw
"HAPP-1202,5-8000",IMG,https://cdn.shopify.com/s/files/1/1285/4651/products/happymodel-happymodel-ex1202-5-6400kv-micro-motor-cw-motor-15924209320049.jpg?v=1762441006,https://www.racedayquads.com/products/happymodel-ex1202-5-6400kv-micro-motor-for-crux3-cw
"HAPP-1202,5-11000",LIEN,https://www.racedayquads.com/products/happymodel-ex1202-5-6400kv-micro-motor-for-crux3-cw,https://www.racedayquads.com/products/happymodel-ex1202-5-6400kv-micro-motor-for-crux3-cw
"HAPP-1202,5-11000",IMG,https://cdn.shopify.com/s/files/1/1285/4651/products/happymodel-happymodel-ex1202-5-6400kv-micro-motor-cw-motor-15924209320049.jpg?v=1762441006,https://www.racedayquads.com/products/happymodel-ex1202-5-6400kv-micro-motor-for-crux3-cw
IFLI-1202-8000,LIPO,2S-3S,https://www.unmannedtechshop.co.uk/products/iflight-xing-nano-1202-brushless-motor-8000kv-10000kv
IFLI-1202-8000,CONFIG,9N12P,https://www.unmannedtechshop.co.uk/products/iflight-xing-nano-1202-brushless-motor-8000kv-10000kv
IFLI-1202-8000,D SHAFT,1.5,https://www.unmannedtechshop.co.uk/products/iflight-xing-nano-1202-brushless-motor-8000kv-10000kv
IFLI-1202-8000,ENTRAXE FIX,9x9,https://www.unmannedtechshop.co.uk/products/iflight-xing-nano-1202-brushless-motor-8000kv-10000kv
IFLI-1202-8000,LIEN,https://www.unmannedtechshop.co.uk/products/iflight-xing-nano-1202-brushless-motor-8000kv-10000kv,https://www.unmannedtechshop.co.uk/products/iflight-xing-nano-1202-brushless-motor-8000kv-10000kv
IFLI-1202-8000,IMG,https://cdn.shopify.com/s/files/1/0914/9972/5181/files/xing-1202-fpv-motor-1-1000x1000-1.jpg?v=1754157501,https://www.unmannedtechshop.co.uk/products/iflight-xing-nano-1202-brushless-motor-8000kv-10000kv
IFLI-1202-10000,LIPO,2S-3S,https://www.unmannedtechshop.co.uk/products/iflight-xing-nano-1202-brushless-motor-8000kv-10000kv
IFLI-1202-10000,CONFIG,9N12P,https://www.unmannedtechshop.co.uk/products/iflight-xing-nano-1202-brushless-motor-8000kv-10000kv
IFLI-1202-10000,D SHAFT,1.5,https://www.unmannedtechshop.co.uk/products/iflight-xing-nano-1202-brushless-motor-8000kv-10000kv
IFLI-1202-10000,ENTRAXE FIX,9x9,https://www.unmannedtechshop.co.uk/products/iflight-xing-nano-1202-brushless-motor-8000kv-10000kv
IFLI-1202-10000,LIEN,https://www.unmannedtechshop.co.uk/products/iflight-xing-nano-1202-brushless-motor-8000kv-10000kv,https://www.unmannedtechshop.co.uk/products/iflight-xing-nano-1202-brushless-motor-8000kv-10000kv
IFLI-1202-10000,IMG,https://cdn.shopify.com/s/files/1/0914/9972/5181/files/xing-1202-fpv-motor-1-1000x1000-1.jpg?v=1754157501,https://www.unmannedtechshop.co.uk/products/iflight-xing-nano-1202-brushless-motor-8000kv-10000kv
IFLI-2207-1700,CONFIG,12N14P,https://www.racedayquads.com/products/iflight-xing-e-pro-2207-1800kv-motor
IFLI-2207-1700,AIMANT,N52SH,https://www.racedayquads.com/products/iflight-xing-e-pro-2207-1800kv-motor
IFLI-2207-1700,D MOTEUR,28.5,https://www.racedayquads.com/products/iflight-xing-e-pro-2207-1800kv-motor
IFLI-2207-1700,H MOTEUR,19.7,https://www.racedayquads.com/products/iflight-xing-e-pro-2207-1800kv-motor
IFLI-2207-1700,D SHAFT,4,https://www.racedayquads.com/products/iflight-xing-e-pro-2207-1800kv-motor
IFLI-2207-1700,ENTRAXE FIX,Ø16,https://www.racedayquads.com/products/iflight-xing-e-pro-2207-1800kv-motor
IFLI-2207-1700,VIS FIX,M3,https://www.racedayquads.com/products/iflight-xing-e-pro-2207-1800kv-motor
IFLI-2207-2450-2,LIPO,2S-4S,https://www.racedayquads.com/products/iflight-xing-e-pro-2207-2450kv-motor
IFLI-2207-2450-2,CONFIG,12N14P,https://www.racedayquads.com/products/iflight-xing-e-pro-2207-2450kv-motor
IFLI-2207-2450-2,AIMANT,N52SH,https://www.racedayquads.com/products/iflight-xing-e-pro-2207-2450kv-motor
IFLI-2207-2450-2,AMP,42.63,https://www.racedayquads.com/products/iflight-xing-e-pro-2207-2450kv-motor
IFLI-2207-2450-2,RESISTANCE,46.8mΩ,https://www.racedayquads.com/products/iflight-xing-e-pro-2207-2450kv-motor
IFLI-2207-2450-2,D MOTEUR,28.5,https://www.racedayquads.com/products/iflight-xing-e-pro-2207-2450kv-motor
IFLI-2207-2450-2,H MOTEUR,19.7,https://www.racedayquads.com/products/iflight-xing-e-pro-2207-2450kv-motor
IFLI-2207-2450-2,D SHAFT,4,https://www.racedayquads.com/products/iflight-xing-e-pro-2207-2450kv-motor
IFLI-2207-2450-2,ENTRAXE FIX,Ø16,https://www.racedayquads.com/products/iflight-xing-e-pro-2207-2450kv-motor
IFLI-2207-2450-2,VIS FIX,M3,https://www.racedayquads.com/products/iflight-xing-e-pro-2207-2450kv-motor
IFLI-2207-2450-2,POIDS,33.8,https://www.racedayquads.com/products/iflight-xing-e-pro-2207-2450kv-motor
IFLI-2208-1800,LIEN,https://www.fpvfaster.com/products/motor-xing-x2208-1700kv-2-6s-fpv-nextgen-motor,https://www.fpvfaster.com/products/motor-xing-x2208-1700kv-2-6s-fpv-nextgen-motor
IFLI-2208-1800,IMG,https://cdn.shopify.com/s/files/1/1762/4057/products/iFlight-MOTOR-XING-X2208-FPV-NextGen-Motor-1700KV-2-6S_b7db9ce4-4fb6-4040-953b-c057e3f4de30.jpg?v=1629456213,https://www.fpvfaster.com/products/motor-xing-x2208-1700kv-2-6s-fpv-nextgen-motor
IFLI-2208-2450,LIEN,https://www.fpvfaster.com/products/motor-xing-x2208-1700kv-2-6s-fpv-nextgen-motor,https://www.fpvfaster.com/products/motor-xing-x2208-1700kv-2-6s-fpv-nextgen-motor
IFLI-2208-2450,IMG,https://cdn.shopify.com/s/files/1/1762/4057/products/iFlight-MOTOR-XING-X2208-FPV-NextGen-Motor-1700KV-2-6S_b7db9ce4-4fb6-4040-953b-c057e3f4de30.jpg?v=1629456213,https://www.fpvfaster.com/products/motor-xing-x2208-1700kv-2-6s-fpv-nextgen-motor
"IFLI-2806,5-1800",LIPO,2S-6S,https://pyrodrone.com/products/iflight-xing-x2806-5-fpv-nextgen-motor-1800kv
LUMI-2206-1750,CONFIG,12N14P,https://newbeedrone.com/products/lumenier-2306-johnnyfpv-cinematic-v2-motor-1750kv
LUMI-2206-1750,AIMANT,N52SH,https://newbeedrone.com/products/lumenier-2306-johnnyfpv-cinematic-v2-motor-1750kv
LUMI-2206-1750,D SHAFT,5,https://newbeedrone.com/products/lumenier-2306-johnnyfpv-cinematic-v2-motor-1750kv
LUMI-2206-1750,L CABLE,145mm,https://newbeedrone.com/products/lumenier-2306-johnnyfpv-cinematic-v2-motor-1750kv
LUMI-2206-1750,UTILISATION,Cinematic,https://newbeedrone.com/products/lumenier-2306-johnnyfpv-cinematic-v2-motor-1750kv
LUMI-2206-1750,LIEN,https://newbeedrone.com/products/lumenier-2306-johnnyfpv-cinematic-v2-motor-1750kv,https://newbeedrone.com/products/lumenier-2306-johnnyfpv-cinematic-v2-motor-1750kv
LUMI-2206-1750,IMG,https://cdn.shopify.com/s/files/1/1126/9610/products/Lumenier2306JohnnyFPVCinematicV2Motor2250KV.jpg?v=1728777651,https://newbeedrone.com/products/lumenier-2306-johnnyfpv-cinematic-v2-motor-1750kv
LUMI-2206-2250,CONFIG,12N14P,https://newbeedrone.com/products/lumenier-2306-johnnyfpv-cinematic-v2-motor-1750kv
LUMI-2206-2250,AIMANT,N52SH,https://newbeedrone.com/products/lumenier-2306-johnnyfpv-cinematic-v2-motor-1750kv
LUMI-2206-2250,D SHAFT,5,https://newbeedrone.com/products/lumenier-2306-johnnyfpv-cinematic-v2-motor-1750kv
LUMI-2206-2250,L CABLE,145mm,https://newbeedrone.com/products/lumenier-2306-johnnyfpv-cinematic-v2-motor-1750kv
LUMI-2206-2250,UTILISATION,Cinematic,https://newbeedrone.com/products/lumenier-2306-johnnyfpv-cinematic-v2-motor-1750kv
LUMI-2206-2250,LIEN,https://newbeedrone.com/products/lumenier-2306-johnnyfpv-cinematic-v2-motor-1750kv,https://newbeedrone.com/products/lumenier-2306-johnnyfpv-cinematic-v2-motor-1750kv
LUMI-2206-2250,IMG,https://cdn.shopify.com/s/files/1/1126/9610/products/Lumenier2306JohnnyFPVCinematicV2Motor2250KV.jpg?v=1728777651,https://newbeedrone.com/products/lumenier-2306-johnnyfpv-cinematic-v2-motor-1750kv
LUMI-2206-2550,CONFIG,12N14P,https://newbeedrone.com/products/lumenier-2306-johnnyfpv-cinematic-v2-motor-1750kv
LUMI-2206-2550,AIMANT,N52SH,https://newbeedrone.com/products/lumenier-2306-johnnyfpv-cinematic-v2-motor-1750kv
LUMI-2206-2550,D SHAFT,5,https://newbeedrone.com/products/lumenier-2306-johnnyfpv-cinematic-v2-motor-1750kv
LUMI-2206-2550,L CABLE,145mm,https://newbeedrone.com/products/lumenier-2306-johnnyfpv-cinematic-v2-motor-1750kv
LUMI-2206-2550,UTILISATION,Cinematic,https://newbeedrone.com/products/lumenier-2306-johnnyfpv-cinematic-v2-motor-1750kv
LUMI-2206-2550,LIEN,https://newbeedrone.com/products/lumenier-2306-johnnyfpv-cinematic-v2-motor-1750kv,https://newbeedrone.com/products/lumenier-2306-johnnyfpv-cinematic-v2-motor-1750kv
LUMI-2206-2550,IMG,https://cdn.shopify.com/s/files/1/1126/9610/products/Lumenier2306JohnnyFPVCinematicV2Motor2250KV.jpg?v=1728777651,https://newbeedrone.com/products/lumenier-2306-johnnyfpv-cinematic-v2-motor-1750kv
LUMI-2207-2150,CONFIG,12N14P,https://www.unmannedtechshop.co.uk/products/lumenier-2207-2150kv-chief-racing-motor
LUMI-2207-2150,AIMANT,N52SH,https://www.unmannedtechshop.co.uk/products/lumenier-2207-2150kv-chief-racing-motor
LUMI-2207-2150,D SHAFT,5,https://www.unmannedtechshop.co.uk/products/lumenier-2207-2150kv-chief-racing-motor
LUMI-2207-2150,ENTRAXE FIX,16x16,https://www.unmannedtechshop.co.uk/products/lumenier-2207-2150kv-chief-racing-motor
LUMI-2207-2150,VIS FIX,M3,https://www.unmannedtechshop.co.uk/products/lumenier-2207-2150kv-chief-racing-motor
LUMI-2207-2150,D MOTEUR,27,https://www.unmannedtechshop.co.uk/products/lumenier-2207-2150kv-chief-racing-motor
LUMI-2207-2150,H MOTEUR,19,https://www.unmannedtechshop.co.uk/products/lumenier-2207-2150kv-chief-racing-motor
LUMI-2207-2150,LIPO,4S-6S,https://www.unmannedtechshop.co.uk/products/lumenier-2207-2150kv-chief-racing-motor
LUMI-2207-2150,TYPE CABLE,20AWG,https://www.unmannedtechshop.co.uk/products/lumenier-2207-2150kv-chief-racing-motor
LUMI-2207-2150,L CABLE,150mm,https://www.unmannedtechshop.co.uk/products/lumenier-2207-2150kv-chief-racing-motor
LUMI-2207-2150,UTILISATION,Racing,https://www.unmannedtechshop.co.uk/products/lumenier-2207-2150kv-chief-racing-motor
LUMI-2207-2150,LIEN,https://www.unmannedtechshop.co.uk/products/lumenier-2207-2150kv-chief-racing-motor,https://www.unmannedtechshop.co.uk/products/lumenier-2207-2150kv-chief-racing-motor
LUMI-2207-2150,IMG,https://cdn.shopify.com/s/files/1/0914/9972/5181/files/chief-motor-chief_1.jpg?v=1754233360,https://www.unmannedtechshop.co.uk/products/lumenier-2207-2150kv-chief-racing-motor
LUMI-2306-1750,CONFIG,12N14P,https://newbeedrone.com/products/lumenier-2306-johnnyfpv-cinematic-v2-motor-1750kv
LUMI-2306-1750,AIMANT,N52SH,https://newbeedrone.com/products/lumenier-2306-johnnyfpv-cinematic-v2-motor-1750kv
LUMI-2306-1750,D SHAFT,5,https://newbeedrone.com/products/lumenier-2306-johnnyfpv-cinematic-v2-motor-1750kv
LUMI-2306-1750,L CABLE,145mm,https://newbeedrone.com/products/lumenier-2306-johnnyfpv-cinematic-v2-motor-1750kv
LUMI-2306-1750,UTILISATION,Cinematic,https://newbeedrone.com/products/lumenier-2306-johnnyfpv-cinematic-v2-motor-1750kv
LUMI-2306-1750,LIEN,https://newbeedrone.com/products/lumenier-2306-johnnyfpv-cinematic-v2-motor-1750kv,https://newbeedrone.com/products/lumenier-2306-johnnyfpv-cinematic-v2-motor-1750kv
LUMI-2306-1750,IMG,https://cdn.shopify.com/s/files/1/1126/9610/products/Lumenier2306JohnnyFPVCinematicV2Motor2250KV.jpg?v=1728777651,https://newbeedrone.com/products/lumenier-2306-johnnyfpv-cinematic-v2-motor-1750kv
LUMI-2306-2250,CONFIG,12N14P,https://newbeedrone.com/products/lumenier-2306-johnnyfpv-cinematic-v2-motor-1750kv
LUMI-2306-2250,AIMANT,N52SH,https://newbeedrone.com/products/lumenier-2306-johnnyfpv-cinematic-v2-motor-1750kv
LUMI-2306-2250,D SHAFT,5,https://newbeedrone.com/products/lumenier-2306-johnnyfpv-cinematic-v2-motor-1750kv
LUMI-2306-2250,L CABLE,145mm,https://newbeedrone.com/products/lumenier-2306-johnnyfpv-cinematic-v2-motor-1750kv
LUMI-2306-2250,UTILISATION,Cinematic,https://newbeedrone.com/products/lumenier-2306-johnnyfpv-cinematic-v2-motor-1750kv
LUMI-2306-2250,LIEN,https://newbeedrone.com/products/lumenier-2306-johnnyfpv-cinematic-v2-motor-1750kv,https://newbeedrone.com/products/lumenier-2306-johnnyfpv-cinematic-v2-motor-1750kv
LUMI-2306-2250,IMG,https://cdn.shopify.com/s/files/1/1126/9610/products/Lumenier2306JohnnyFPVCinematicV2Motor2250KV.jpg?v=1728777651,https://newbeedrone.com/products/lumenier-2306-johnnyfpv-cinematic-v2-motor-1750kv
LUMI-2306-2550,CONFIG,12N14P,https://newbeedrone.com/products/lumenier-2306-johnnyfpv-cinematic-v2-motor-1750kv
LUMI-2306-2550,AIMANT,N52SH,https://newbeedrone.com/products/lumenier-2306-johnnyfpv-cinematic-v2-motor-1750kv
LUMI-2306-2550,D SHAFT,5,https://newbeedrone.com/products/lumenier-2306-johnnyfpv-cinematic-v2-motor-1750kv
LUMI-2306-2550,L CABLE,145mm,https://newbeedrone.com/products/lumenier-2306-johnnyfpv-cinematic-v2-motor-1750kv
LUMI-2306-2550,UTILISATION,Cinematic,https://newbeedrone.com/products/lumenier-2306-johnnyfpv-cinematic-v2-motor-1750kv
LUMI-2306-2550,LIEN,https://newbeedrone.com/products/lumenier-2306-johnnyfpv-cinematic-v2-motor-1750kv,https://newbeedrone.com/products/lumenier-2306-johnnyfpv-cinematic-v2-motor-1750kv
LUMI-2306-2550,IMG,https://cdn.shopify.com/s/files/1/1126/9610/products/Lumenier2306JohnnyFPVCinematicV2Motor2250KV.jpg?v=1728777651,https://newbeedrone.com/products/lumenier-2306-johnnyfpv-cinematic-v2-motor-1750kv
LUMI-2407-1700,LIPO,3S-8S,https://www.racedayquads.com/products/lumenier-zip-v2-2407-blackout-motor-1700kv
LUMI-2407-1700,TYPE CABLE,18AWG,https://www.racedayquads.com/products/lumenier-zip-v2-2407-blackout-motor-1700kv
LUMI-2407-1700,L CABLE,160mm,https://www.racedayquads.com/products/lumenier-zip-v2-2407-blackout-motor-1700kv
LUMI-2407-1700,D SHAFT,4,https://www.racedayquads.com/products/lumenier-zip-v2-2407-blackout-motor-1700kv
LUMI-2407-1700,ENTRAXE FIX,16x16,https://www.racedayquads.com/products/lumenier-zip-v2-2407-blackout-motor-1700kv
LUMI-2407-1700,VIS FIX,M3,https://www.racedayquads.com/products/lumenier-zip-v2-2407-blackout-motor-1700kv
LUMI-2407-1700,CLOCHE,Anodized Aluminum,https://www.racedayquads.com/products/lumenier-zip-v2-2407-blackout-motor-1700kv
LUMI-2407-1700,D MOTEUR,32,https://www.racedayquads.com/products/lumenier-zip-v2-2407-blackout-motor-1700kv
LUMI-2407-1700,H MOTEUR,29,https://www.racedayquads.com/products/lumenier-zip-v2-2407-blackout-motor-1700kv
LUMI-2407-1700,AIMANT,N52SH,https://www.racedayquads.com/products/lumenier-zip-v2-2407-blackout-motor-1700kv
LUMI-2407-1700,CONFIG,12N14P,https://www.racedayquads.com/products/lumenier-zip-v2-2407-blackout-motor-1700kv
LUMI-2407-1700,UTILISATION,Racing,https://www.racedayquads.com/products/lumenier-zip-v2-2407-blackout-motor-1700kv
LUMI-2407-1700,LIEN,https://www.racedayquads.com/products/lumenier-zip-v2-2407-blackout-motor-1700kv,https://www.racedayquads.com/products/lumenier-zip-v2-2407-blackout-motor-1700kv
LUMI-2407-1700,IMG,https://cdn.shopify.com/s/files/1/1285/4651/files/lumenier-lumenier-zip-v2-2407-blackout-motor-1700kv-motor-32443005567089.webp?v=1736967106,https://www.racedayquads.com/products/lumenier-zip-v2-2407-blackout-motor-1700kv
LUMI-2407-2250,TYPE CABLE,18AWG,https://www.racedayquads.com/products/lumenier-zip-v2-2407-blackout-motor-1700kv
LUMI-2407-2250,L CABLE,160mm,https://www.racedayquads.com/products/lumenier-zip-v2-2407-blackout-motor-1700kv
LUMI-2407-2250,D SHAFT,4,https://www.racedayquads.com/products/lumenier-zip-v2-2407-blackout-motor-1700kv
LUMI-2407-2250,ENTRAXE FIX,16x16,https://www.racedayquads.com/products/lumenier-zip-v2-2407-blackout-motor-1700kv
LUMI-2407-2250,VIS FIX,M3,https://www.racedayquads.com/products/lumenier-zip-v2-2407-blackout-motor-1700kv
LUMI-2407-2250,CLOCHE,Anodized Aluminum,https://www.racedayquads.com/products/lumenier-zip-v2-2407-blackout-motor-1700kv
LUMI-2407-2250,D MOTEUR,32,https://www.racedayquads.com/products/lumenier-zip-v2-2407-blackout-motor-1700kv
LUMI-2407-2250,H MOTEUR,29,https://www.racedayquads.com/products/lumenier-zip-v2-2407-blackout-motor-1700kv
LUMI-2407-2250,AIMANT,N52SH,https://www.racedayquads.com/products/lumenier-zip-v2-2407-blackout-motor-1700kv
LUMI-2407-2250,CONFIG,12N14P,https://www.racedayquads.com/products/lumenier-zip-v2-2407-blackout-motor-1700kv
LUMI-2407-2250,UTILISATION,Racing,https://www.racedayquads.com/products/lumenier-zip-v2-2407-blackout-motor-1700kv
LUMI-2407-2250,LIEN,https://www.racedayquads.com/products/lumenier-zip-v2-2407-blackout-motor-1700kv,https://www.racedayquads.com/products/lumenier-zip-v2-2407-blackout-motor-1700kv
LUMI-2407-2250,IMG,https://cdn.shopify.com/s/files/1/1285/4651/files/lumenier-lumenier-zip-v2-2407-blackout-motor-1700kv-motor-32443005567089.webp?v=1736967106,https://www.racedayquads.com/products/lumenier-zip-v2-2407-blackout-motor-1700kv
LUMI-2407-2550,TYPE CABLE,18AWG,https://www.racedayquads.com/products/lumenier-zip-v2-2407-blackout-motor-1700kv
LUMI-2407-2550,L CABLE,160mm,https://www.racedayquads.com/products/lumenier-zip-v2-2407-blackout-motor-1700kv
LUMI-2407-2550,D SHAFT,4,https://www.racedayquads.com/products/lumenier-zip-v2-2407-blackout-motor-1700kv
LUMI-2407-2550,ENTRAXE FIX,16x16,https://www.racedayquads.com/products/lumenier-zip-v2-2407-blackout-motor-1700kv
LUMI-2407-2550,VIS FIX,M3,https://www.racedayquads.com/products/lumenier-zip-v2-2407-blackout-motor-1700kv
LUMI-2407-2550,CLOCHE,Anodized Aluminum,https://www.racedayquads.com/products/lumenier-zip-v2-2407-blackout-motor-1700kv
LUMI-2407-2550,D MOTEUR,32,https://www.racedayquads.com/products/lumenier-zip-v2-2407-blackout-motor-1700kv
LUMI-2407-2550,H MOTEUR,29,https://www.racedayquads.com/products/lumenier-zip-v2-2407-blackout-motor-1700kv
LUMI-2407-2550,AIMANT,N52SH,https://www.racedayquads.com/products/lumenier-zip-v2-2407-blackout-motor-1700kv
LUMI-2407-2550,CONFIG,12N14P,https://www.racedayquads.com/products/lumenier-zip-v2-2407-blackout-motor-1700kv
LUMI-2407-2550,UTILISATION,Racing,https://www.racedayquads.com/products/lumenier-zip-v2-2407-blackout-motor-1700kv
LUMI-2407-2550,LIEN,https://www.racedayquads.com/products/lumenier-zip-v2-2407-blackout-motor-1700kv,https://www.racedayquads.com/products/lumenier-zip-v2-2407-blackout-motor-1700kv
LUMI-2407-2550,IMG,https://cdn.shopify.com/s/files/1/1285/4651/files/lumenier-lumenier-zip-v2-2407-blackout-motor-1700kv-motor-32443005567089.webp?v=1736967106,https://www.racedayquads.com/products/lumenier-zip-v2-2407-blackout-motor-1700kv
NEWB-0802-19000,UTILISATION,Whoop,https://www.racedayquads.com/products/newbeedrone-flow-0802-dual-ball-bearing-whoop-motor-27000kv-set-of-4
NEWB-0802-14000-2,UTILISATION,Whoop,https://www.racedayquads.com/products/newbeedrone-flow-0802-dual-ball-bearing-whoop-motor-27000kv-set-of-4
RACE-2212-920,D SHAFT,6,https://www.speedyfpv.com/products/racerstar-br2212-2212-980kv-2-4s-brushless-motor-ccw
RACE-2212-920,L SHAFT,7,https://www.speedyfpv.com/products/racerstar-br2212-2212-980kv-2-4s-brushless-motor-ccw
RACE-2212-920,LIEN,https://www.speedyfpv.com/products/racerstar-br2212-2212-980kv-2-4s-brushless-motor-ccw,https://www.speedyfpv.com/products/racerstar-br2212-2212-980kv-2-4s-brushless-motor-ccw
RACE-2212-920,IMG,https://cdn.shopify.com/s/files/1/1840/1085/products/57_f8e0060f-2ea1-450e-8d08-ea4165e44e7c.jpg?v=1750794078,https://www.speedyfpv.com/products/racerstar-br2212-2212-980kv-2-4s-brushless-motor-ccw
RACE-2212-930,D SHAFT,6,https://www.speedyfpv.com/products/racerstar-br2212-2212-980kv-2-4s-brushless-motor-ccw
RACE-2212-930,L SHAFT,7,https://www.speedyfpv.com/products/racerstar-br2212-2212-980kv-2-4s-brushless-motor-ccw
RACE-2212-930,LIEN,https://www.speedyfpv.com/products/racerstar-br2212-2212-980kv-2-4s-brushless-motor-ccw,https://www.speedyfpv.com/products/racerstar-br2212-2212-980kv-2-4s-brushless-motor-ccw
RACE-2212-930,IMG,https://cdn.shopify.com/s/files/1/1840/1085/products/57_f8e0060f-2ea1-450e-8d08-ea4165e44e7c.jpg?v=1750794078,https://www.speedyfpv.com/products/racerstar-br2212-2212-980kv-2-4s-brushless-motor-ccw
RACE-2212-980,D SHAFT,6,https://www.speedyfpv.com/products/racerstar-br2212-2212-980kv-2-4s-brushless-motor-ccw
RACE-2212-980,L SHAFT,7,https://www.speedyfpv.com/products/racerstar-br2212-2212-980kv-2-4s-brushless-motor-ccw
RACE-2212-980,PUISSANCE,118,https://www.speedyfpv.com/products/racerstar-br2212-2212-980kv-2-4s-brushless-motor-ccw
RACE-2212-980,LIEN,https://www.speedyfpv.com/products/racerstar-br2212-2212-980kv-2-4s-brushless-motor-ccw,https://www.speedyfpv.com/products/racerstar-br2212-2212-980kv-2-4s-brushless-motor-ccw
RACE-2212-980,IMG,https://cdn.shopify.com/s/files/1/1840/1085/products/57_f8e0060f-2ea1-450e-8d08-ea4165e44e7c.jpg?v=1750794078,https://www.speedyfpv.com/products/racerstar-br2212-2212-980kv-2-4s-brushless-motor-ccw
RACE-2212-1000,D SHAFT,6,https://www.speedyfpv.com/products/racerstar-br2212-2212-980kv-2-4s-brushless-motor-ccw
RACE-2212-1000,L SHAFT,7,https://www.speedyfpv.com/products/racerstar-br2212-2212-980kv-2-4s-brushless-motor-ccw
RACE-2212-1000,LIEN,https://www.speedyfpv.com/products/racerstar-br2212-2212-980kv-2-4s-brushless-motor-ccw,https://www.speedyfpv.com/products/racerstar-br2212-2212-980kv-2-4s-brushless-motor-ccw
RACE-2212-1000,IMG,https://cdn.shopify.com/s/files/1/1840/1085/products/57_f8e0060f-2ea1-450e-8d08-ea4165e44e7c.jpg?v=1750794078,https://www.speedyfpv.com/products/racerstar-br2212-2212-980kv-2-4s-brushless-motor-ccw
RACE-2212-1400,D SHAFT,6,https://www.speedyfpv.com/products/racerstar-br2212-2212-980kv-2-4s-brushless-motor-ccw
RACE-2212-1400,L SHAFT,7,https://www.speedyfpv.com/products/racerstar-br2212-2212-980kv-2-4s-brushless-motor-ccw
RACE-2212-1400,LIEN,https://www.speedyfpv.com/products/racerstar-br2212-2212-980kv-2-4s-brushless-motor-ccw,https://www.speedyfpv.com/products/racerstar-br2212-2212-980kv-2-4s-brushless-motor-ccw
RACE-2212-1400,IMG,https://cdn.shopify.com/s/files/1/1840/1085/products/57_f8e0060f-2ea1-450e-8d08-ea4165e44e7c.jpg?v=1750794078,https://www.speedyfpv.com/products/racerstar-br2212-2212-980kv-2-4s-brushless-motor-ccw
RACE-2212-1800,D SHAFT,6,https://www.speedyfpv.com/products/racerstar-br2212-2212-980kv-2-4s-brushless-motor-ccw
RACE-2212-1800,L SHAFT,7,https://www.speedyfpv.com/products/racerstar-br2212-2212-980kv-2-4s-brushless-motor-ccw
RACE-2212-1800,LIEN,https://www.speedyfpv.com/products/racerstar-br2212-2212-980kv-2-4s-brushless-motor-ccw,https://www.speedyfpv.com/products/racerstar-br2212-2212-980kv-2-4s-brushless-motor-ccw
RACE-2212-1800,IMG,https://cdn.shopify.com/s/files/1/1840/1085/products/57_f8e0060f-2ea1-450e-8d08-ea4165e44e7c.jpg?v=1750794078,https://www.speedyfpv.com/products/racerstar-br2212-2212-980kv-2-4s-brushless-motor-ccw
RACE-2212-2200,D SHAFT,6,https://www.speedyfpv.com/products/racerstar-br2212-2212-980kv-2-4s-brushless-motor-ccw
RACE-2212-2200,L SHAFT,7,https://www.speedyfpv.com/products/racerstar-br2212-2212-980kv-2-4s-brushless-motor-ccw
RACE-2212-2200,LIEN,https://www.speedyfpv.com/products/racerstar-br2212-2212-980kv-2-4s-brushless-motor-ccw,https://www.speedyfpv.com/products/racerstar-br2212-2212-980kv-2-4s-brushless-motor-ccw
RACE-2212-2200,IMG,https://cdn.shopify.com/s/files/1/1840/1085/products/57_f8e0060f-2ea1-450e-8d08-ea4165e44e7c.jpg?v=1750794078,https://www.speedyfpv.com/products/racerstar-br2212-2212-980kv-2-4s-brushless-motor-ccw
RACE-2212-2450,D SHAFT,6,https://www.speedyfpv.com/products/racerstar-br2212-2212-980kv-2-4s-brushless-motor-ccw
RACE-2212-2450,L SHAFT,7,https://www.speedyfpv.com/products/racerstar-br2212-2212-980kv-2-4s-brushless-motor-ccw
RACE-2212-2450,LIEN,https://www.speedyfpv.com/products/racerstar-br2212-2212-980kv-2-4s-brushless-motor-ccw,https://www.speedyfpv.com/products/racerstar-br2212-2212-980kv-2-4s-brushless-motor-ccw
RACE-2212-2450,IMG,https://cdn.shopify.com/s/files/1/1840/1085/products/57_f8e0060f-2ea1-450e-8d08-ea4165e44e7c.jpg?v=1750794078,https://www.speedyfpv.com/products/racerstar-br2212-2212-980kv-2-4s-brushless-motor-ccw
T-MO-2004-3000,LIPO,4S-5S,https://www.racedayquads.com/products/t-motor-f2004-3000kv-micro-motor-1-5mm-shaft
T-MO-2004-3000,RESISTANCE,90mΩ,https://www.racedayquads.com/products/t-motor-f2004-3000kv-micro-motor-1-5mm-shaft
T-MO-2207-1750,D MOTEUR,27.5,https://www.fpvfaster.com/products/t-motor-velox-v2-v2207-motor-fpv-drone-2550kv
T-MO-2207-1750,H MOTEUR,31.35,https://www.fpvfaster.com/products/t-motor-velox-v2-v2207-motor-fpv-drone-2550kv
T-MO-2207-1750,TYPE CABLE,20AWG,https://www.fpvfaster.com/products/t-motor-velox-v2-v2207-motor-fpv-drone-2550kv
T-MO-2207-1750,L CABLE,150mm,https://www.fpvfaster.com/products/t-motor-velox-v2-v2207-motor-fpv-drone-2550kv
T-MO-2207-1750,D SHAFT,4,https://www.fpvfaster.com/products/t-motor-velox-v2-v2207-motor-fpv-drone-2550kv
T-MO-2207-1750,CONFIG,12N14P,https://www.fpvfaster.com/products/t-motor-velox-v2-v2207-motor-fpv-drone-2550kv
T-MO-2207-1750,UTILISATION,Freestyle,https://www.fpvfaster.com/products/t-motor-velox-v2-v2207-motor-fpv-drone-2550kv
T-MO-2810-1100,D MOTEUR,33.4,https://www.racedayquads.com/products/t-motor-f100-2810-1350kv-motor
T-MO-2810-1100,H MOTEUR,38.05,https://www.racedayquads.com/products/t-motor-f100-2810-1350kv-motor
T-MO-2810-1100,TYPE CABLE,18AWG,https://www.racedayquads.com/products/t-motor-f100-2810-1350kv-motor
T-MO-2810-1100,L CABLE,250mm,https://www.racedayquads.com/products/t-motor-f100-2810-1350kv-motor
T-MO-2810-1100,D SHAFT,4,https://www.racedayquads.com/products/t-motor-f100-2810-1350kv-motor
T-MO-2810-1100,CONFIG,12N14P,https://www.racedayquads.com/products/t-motor-f100-2810-1350kv-motor
T-MO-2810-1350,D MOTEUR,33.4,https://www.racedayquads.com/products/t-motor-f100-2810-1350kv-motor
T-MO-2810-1350,H MOTEUR,38.05,https://www.racedayquads.com/products/t-motor-f100-2810-1350kv-motor
T-MO-2810-1350,TYPE CABLE,18AWG,https://www.racedayquads.com/products/t-motor-f100-2810-1350kv-motor
T-MO-2810-1350,L CABLE,250mm,https://www.racedayquads.com/products/t-motor-f100-2810-1350kv-motor
T-MO-2810-1350,D SHAFT,4,https://www.racedayquads.com/products/t-motor-f100-2810-1350kv-motor
T-MO-2810-1350,PUISSANCE,1237,https://www.racedayquads.com/products/t-motor-f100-2810-1350kv-motor
T-MO-2810-1350,RESISTANCE,42mΩ,https://www.racedayquads.com/products/t-motor-f100-2810-1350kv-motor
T-MO-2810-1350,CONFIG,12N14P,https://www.racedayquads.com/products/t-motor-f100-2810-1350kv-motor
T-MO-2810-1350,LIPO,5S-6S,https://www.racedayquads.com/products/t-motor-f100-2810-1350kv-motor
T-MO-2810-1350,AMP,61.65,https://www.racedayquads.com/products/t-motor-f100-2810-1350kv-motor
T-MO--1600,LIEN,https://www.fpvfaster.com/products/motor-shield-for-t-motor-f40-pro,https://www.fpvfaster.com/products/motor-shield-for-t-motor-f40-pro
T-MO--1600,IMG,https://cdn.shopify.com/s/files/1/1762/4057/products/T-Motor-F40-PRO-II-Motor-Shield_f0c12851-493d-4480-9777-d550fd3f025d.jpg?v=1629452767,https://www.fpvfaster.com/products/motor-shield-for-t-motor-f40-pro
T-MO--1750,LIEN,https://www.fpvfaster.com/products/motor-shield-for-t-motor-f40-pro,https://www.fpvfaster.com/products/motor-shield-for-t-motor-f40-pro
T-MO--1750,IMG,https://cdn.shopify.com/s/files/1/1762/4057/products/T-Motor-F40-PRO-II-Motor-Shield_f0c12851-493d-4480-9777-d550fd3f025d.jpg?v=1629452767,https://www.fpvfaster.com/products/motor-shield-for-t-motor-f40-pro
T-MO--2150,LIEN,https://www.fpvfaster.com/products/motor-shield-for-t-motor-f40-pro,https://www.fpvfaster.com/products/motor-shield-for-t-motor-f40-pro
T-MO--2150,IMG,https://cdn.shopify.com/s/files/1/1762/4057/products/T-Motor-F40-PRO-II-Motor-Shield_f0c12851-493d-4480-9777-d550fd3f025d.jpg?v=1629452767,https://www.fpvfaster.com/products/motor-shield-for-t-motor-f40-pro
T-MO--1950,D MOTEUR,27.9,https://www.fpvfaster.com/products/t-motor-f40-pro-iv-1950kv-motor
T-MO--1950,H MOTEUR,29.8,https://www.fpvfaster.com/products/t-motor-f40-pro-iv-1950kv-motor
T-MO--1950,TYPE CABLE,20AWG,https://www.fpvfaster.com/products/t-motor-f40-pro-iv-1950kv-motor
T-MO--1950,L CABLE,150mm,https://www.fpvfaster.com/products/t-motor-f40-pro-iv-1950kv-motor
T-MO--1950,D SHAFT,4,https://www.fpvfaster.com/products/t-motor-f40-pro-iv-1950kv-motor
T-MO--1950,RESISTANCE,65Ω,https://www.fpvfaster.com/products/t-motor-f40-pro-iv-1950kv-motor
T-MO--1950,CONFIG,12N14P,https://www.fpvfaster.com/products/t-motor-f40-pro-iv-1950kv-motor
T-MO--1950,LIPO,4S-6S,https://www.fpvfaster.com/products/t-motor-f40-pro-iv-1950kv-motor
T-MO--1950,AMP,42,https://www.fpvfaster.com/products/t-motor-f40-pro-iv-1950kv-motor
T-MO--1950,UTILISATION,Racing,https://www.fpvfaster.com/products/t-motor-f40-pro-iv-1950kv-motor
TMOT-2207.5-2020,D MOTEUR,26.8,https://pyrodrone.com/products/t-motor-f60-pro-iv-v2-0-2550kv-motor-grey
TMOT-2207.5-2020,H MOTEUR,32.7,https://pyrodrone.com/products/t-motor-f60-pro-iv-v2-0-2550kv-motor-grey
TMOT-2207.5-1950,TYPE CABLE,20AWG,https://pyrodrone.com/products/t-motor-f60-pro-iv-v2-0-2550kv-motor-grey
TMOT-2207.5-1950,L CABLE,150mm,https://pyrodrone.com/products/t-motor-f60-pro-iv-v2-0-2550kv-motor-grey
TMOT-2207.5-2550,RESISTANCE,43mΩ,https://pyrodrone.com/products/t-motor-f60-pro-iv-v2-0-2550kv-motor-grey
TMOT-2207.5-2550,UTILISATION,Racing,https://pyrodrone.com/products/t-motor-f60-pro-iv-v2-0-2550kv-motor-grey
TMOT-2550-2550,RESISTANCE,43mΩ,https://pyrodrone.com/products/t-motor-f60-pro-iv-v2-0-2550kv-motor-grey
TMOT-3800-3800,UTILISATION,Racing,https://pyrodrone.com/products/t-motor-f30-3-inch-racing-fpv-drone-motor-set-4-pcs-3s
TMOT-2900-2900,UTILISATION,Racing,https://pyrodrone.com/products/t-motor-f30-3-inch-racing-fpv-drone-motor-set-4-pcs-3s
TMOT-4600-4600,UTILISATION,Racing,https://pyrodrone.com/products/t-motor-f30-3-inch-racing-fpv-drone-motor-set-4-pcs-3s
T-MO--2400,D MOTEUR,27.9,https://www.fpvfaster.com/products/t-motor-f40-pro-iv-1950kv-motor
T-MO--2400,H MOTEUR,29.8,https://www.fpvfaster.com/products/t-motor-f40-pro-iv-1950kv-motor
T-MO--2400,TYPE CABLE,20AWG,https://www.fpvfaster.com/products/t-motor-f40-pro-iv-1950kv-motor
T-MO--2400,L CABLE,150mm,https://www.fpvfaster.com/products/t-motor-f40-pro-iv-1950kv-motor
T-MO--2400,D SHAFT,4,https://www.fpvfaster.com/products/t-motor-f40-pro-iv-1950kv-motor
T-MO--2400,RESISTANCE,65Ω,https://www.fpvfaster.com/products/t-motor-f40-pro-iv-1950kv-motor
T-MO--2400,CONFIG,12N14P,https://www.fpvfaster.com/products/t-motor-f40-pro-iv-1950kv-motor
T-MO--2400,LIPO,4S-6S,https://www.fpvfaster.com/products/t-motor-f40-pro-iv-1950kv-motor
T-MO--2400,AMP,42,https://www.fpvfaster.com/products/t-motor-f40-pro-iv-1950kv-motor
T-MO--2600,D MOTEUR,27.9,https://www.fpvfaster.com/products/t-motor-f40-pro-iv-1950kv-motor
T-MO--2600,H MOTEUR,29.8,https://www.fpvfaster.com/products/t-motor-f40-pro-iv-1950kv-motor
T-MO--2600,TYPE CABLE,20AWG,https://www.fpvfaster.com/products/t-motor-f40-pro-iv-1950kv-motor
T-MO--2600,L CABLE,150mm,https://www.fpvfaster.com/products/t-motor-f40-pro-iv-1950kv-motor
T-MO--2600,D SHAFT,4,https://www.fpvfaster.com/products/t-motor-f40-pro-iv-1950kv-motor
T-MO--2600,CONFIG,12N14P,https://www.fpvfaster.com/products/t-motor-f40-pro-iv-1950kv-motor
TMOT-2306.8-1950,RESISTANCE,65Ω,https://www.fpvfaster.com/products/t-motor-f40-pro-iv-1950kv-motor
RCIN-2207-1960,H MOTEUR,30.3,https://www.racedayquads.com/products/rcinpower-gts-v4-2207-1960kv-motor-silver-pink
RCIN-2207-1960,TYPE CABLE,20AWG,https://www.racedayquads.com/products/rcinpower-gts-v4-2207-1960kv-motor-silver-pink
RCIN-2207-1960,L CABLE,150mm,https://www.racedayquads.com/products/rcinpower-gts-v4-2207-1960kv-motor-silver-pink
RCIN-2207-1960,RESISTANCE,58m Ω,https://www.racedayquads.com/products/rcinpower-gts-v4-2207-1960kv-motor-silver-pink
RCIN-2207-1960,AMP,50.2,https://www.racedayquads.com/products/rcinpower-gts-v4-2207-1960kv-motor-silver-pink
RCIN-2207-1960,PUISSANCE,1200,https://www.racedayquads.com/products/rcinpower-gts-v4-2207-1960kv-motor-silver-pink
T-MO-2306-2500,UTILISATION,Freestyle,https://pyrodrone.com/products/t-motor-slatts-2306-3-2500kv-fpv-drone-motor-choose-color
IFLI-2306-1755,L CABLE,160mm,https://www.racedayquads.com/products/iflight-xing2-2306-1755kv-motor
IFLI-2306-1755,ENTRAXE FIX,16x16,https://www.racedayquads.com/products/iflight-xing2-2306-1755kv-motor
IFLI-2306-2555,L CABLE,160mm,https://www.racedayquads.com/products/iflight-xing2-2306-2555kv-motor
IFLI-2306-2555,ENTRAXE FIX,16x16,https://www.racedayquads.com/products/iflight-xing2-2306-2555kv-motor
BADA-2207.5-1400,POIDS,37,https://www.racedayquads.com/products/rdq-badass-2-2207-5-motor-1400kv-1900kv-2400kv
BADA-2207.5-1400,RESISTANCE,0.108Ω,https://www.racedayquads.com/products/rdq-badass-2-2207-5-motor-1400kv-1900kv-2400kv
BADA-2207.5-1400,LIPO,4S-6S,https://www.racedayquads.com/products/rdq-badass-2-2207-5-motor-1400kv-1900kv-2400kv
BADA-2207.5-1400,AMP,33.3,https://www.racedayquads.com/products/rdq-badass-2-2207-5-motor-1400kv-1900kv-2400kv
BADA-2207.5-1400,PUISSANCE,800,https://www.racedayquads.com/products/rdq-badass-2-2207-5-motor-1400kv-1900kv-2400kv
BADA-2207.5-1900,POIDS,37,https://www.racedayquads.com/products/rdq-badass-2-2207-5-motor-1400kv-1900kv-2400kv
BADA-2207.5-1900,RESISTANCE,0.108Ω,https://www.racedayquads.com/products/rdq-badass-2-2207-5-motor-1400kv-1900kv-2400kv
BADA-2207.5-1900,LIPO,4S-6S,https://www.racedayquads.com/products/rdq-badass-2-2207-5-motor-1400kv-1900kv-2400kv
BADA-2207.5-1900,AMP,33.3,https://www.racedayquads.com/products/rdq-badass-2-2207-5-motor-1400kv-1900kv-2400kv
BADA-2207.5-1900,PUISSANCE,800,https://www.racedayquads.com/products/rdq-badass-2-2207-5-motor-1400kv-1900kv-2400kv
BADA-2207.5-2400,POIDS,37,https://www.racedayquads.com/products/rdq-badass-2-2207-5-motor-1400kv-1900kv-2400kv
BADA-2207.5-2400,RESISTANCE,0.108Ω,https://www.racedayquads.com/products/rdq-badass-2-2207-5-motor-1400kv-1900kv-2400kv
BADA-2207.5-2400,LIPO,4S-6S,https://www.racedayquads.com/products/rdq-badass-2-2207-5-motor-1400kv-1900kv-2400kv
BADA-2207.5-2400,AMP,33.3,https://www.racedayquads.com/products/rdq-badass-2-2207-5-motor-1400kv-1900kv-2400kv
BADA-2207.5-2400,PUISSANCE,800,https://www.racedayquads.com/products/rdq-badass-2-2207-5-motor-1400kv-1900kv-2400kv
BADA-1507-2650,POIDS,17,https://www.racedayquads.com/products/rdq-badass-2-1507-motor-2650kv-4000kv
BADA-1507-2650,RESISTANCE,0.16Ω,https://www.racedayquads.com/products/rdq-badass-2-1507-motor-2650kv-4000kv
BADA-1507-2650,LIPO,3S-6S,https://www.racedayquads.com/products/rdq-badass-2-1507-motor-2650kv-4000kv
BADA-1507-2650,AMP,19.7,https://www.racedayquads.com/products/rdq-badass-2-1507-motor-2650kv-4000kv
BADA-1507-2650,PUISSANCE,437,https://www.racedayquads.com/products/rdq-badass-2-1507-motor-2650kv-4000kv
BADA-1507-4000,POIDS,17,https://www.racedayquads.com/products/rdq-badass-2-1507-motor-2650kv-4000kv
BADA-1507-4000,RESISTANCE,0.16Ω,https://www.racedayquads.com/products/rdq-badass-2-1507-motor-2650kv-4000kv
BADA-1507-4000,LIPO,3S-6S,https://www.racedayquads.com/products/rdq-badass-2-1507-motor-2650kv-4000kv
BADA-1507-4000,AMP,19.7,https://www.racedayquads.com/products/rdq-badass-2-1507-motor-2650kv-4000kv
BADA-1507-4000,PUISSANCE,437,https://www.racedayquads.com/products/rdq-badass-2-1507-motor-2650kv-4000kv
BADA-2306.5-1400,POIDS,37,https://www.racedayquads.com/products/rdq-badass-2-2306-5-motor-1400kv-1900kv-2400kv
BADA-2306.5-1400,RESISTANCE,0.098Ω,https://www.racedayquads.com/products/rdq-badass-2-2306-5-motor-1400kv-1900kv-2400kv
BADA-2306.5-1400,LIPO,3S-6S,https://www.racedayquads.com/products/rdq-badass-2-2306-5-motor-1400kv-1900kv-2400kv
BADA-2306.5-1400,AMP,35.2,https://www.racedayquads.com/products/rdq-badass-2-2306-5-motor-1400kv-1900kv-2400kv
BADA-2306.5-1400,PUISSANCE,840,https://www.racedayquads.com/products/rdq-badass-2-2306-5-motor-1400kv-1900kv-2400kv
BADA-2306.5-1900,POIDS,37,https://www.racedayquads.com/products/rdq-badass-2-2306-5-motor-1400kv-1900kv-2400kv
BADA-2306.5-1900,RESISTANCE,0.098Ω,https://www.racedayquads.com/products/rdq-badass-2-2306-5-motor-1400kv-1900kv-2400kv
BADA-2306.5-1900,LIPO,3S-6S,https://www.racedayquads.com/products/rdq-badass-2-2306-5-motor-1400kv-1900kv-2400kv
BADA-2306.5-1900,AMP,35.2,https://www.racedayquads.com/products/rdq-badass-2-2306-5-motor-1400kv-1900kv-2400kv
BADA-2306.5-1900,PUISSANCE,840,https://www.racedayquads.com/products/rdq-badass-2-2306-5-motor-1400kv-1900kv-2400kv
BADA-2306.5-2400,POIDS,37,https://www.racedayquads.com/products/rdq-badass-2-2306-5-motor-1400kv-1900kv-2400kv
BADA-2306.5-2400,RESISTANCE,0.098Ω,https://www.racedayquads.com/products/rdq-badass-2-2306-5-motor-1400kv-1900kv-2400kv
BADA-2306.5-2400,LIPO,3S-6S,https://www.racedayquads.com/products/rdq-badass-2-2306-5-motor-1400kv-1900kv-2400kv
BADA-2306.5-2400,AMP,35.2,https://www.racedayquads.com/products/rdq-badass-2-2306-5-motor-1400kv-1900kv-2400kv
BADA-2306.5-2400,PUISSANCE,840,https://www.racedayquads.com/products/rdq-badass-2-2306-5-motor-1400kv-1900kv-2400kv
AXIS-2207.5-1860-3,UTILISATION,Freestyle,https://www.racedayquads.com/products/axisflying-af2207-5-fpv-motor-1960kv
HAPP-1102-10000-2,UTILISATION,Toothpick,https://www.racedayquads.com/products/happymodel-rs1102-micro-motors-4pcs-13500kv
HGLR-1404-2750,AIMANT,N52H,https://www.racedayquads.com/products/hglrc-specter-1404-4800kv-micro-motor
HGLR-1404-5500,AIMANT,N52H,https://www.racedayquads.com/products/hglrc-specter-1404-4800kv-micro-motor
HAPP-1103-7000-2,ENTRAXE FIX,Ø7,https://www.racedayquads.com/products/happymodel-ex-1103-11000kv-micro-motor
HAPP-1103-6000-2,ENTRAXE FIX,Ø7,https://www.racedayquads.com/products/happymodel-ex-1103-11000kv-micro-motor
HAPP-1103-6000-2,UTILISATION,Toothpick,https://www.racedayquads.com/products/happymodel-ex-1103-11000kv-micro-motor
HAPP-1103-8000-2,ENTRAXE FIX,Ø7,https://www.racedayquads.com/products/happymodel-ex-1103-11000kv-micro-motor
HAPP-1103-8000-2,UTILISATION,Toothpick,https://www.racedayquads.com/products/happymodel-ex-1103-11000kv-micro-motor
HAPP-1103-12000-2,ENTRAXE FIX,Ø7,https://www.racedayquads.com/products/happymodel-ex-1103-11000kv-micro-motor
HAPP-1103-12000-2,UTILISATION,Toothpick,https://www.racedayquads.com/products/happymodel-ex-1103-11000kv-micro-motor
AXIS-2307-2060,POIDS,34.74,https://pyrodrone.com/products/axisflying-blackbird-v4-2307-6s-top-quality-freestyle-sbang-fpv-drone-motor-2060kv
AXIS-2307-1960,POIDS,34.74,https://pyrodrone.com/products/axisflying-blackbird-v4-2307-6s-top-quality-freestyle-sbang-fpv-drone-motor-1960kv
LUME-2807-1300,CLOCHE,7075 Anodized Alumin,https://www.racedayquads.com/products/lumenier-zip-v2-2807-blackout-motor-1700kv
LUME-2807-1300,TYPE CABLE,18AWG,https://www.racedayquads.com/products/lumenier-zip-v2-2807-blackout-motor-1700kv
LUME-2807-1300,L CABLE,180mm,https://www.racedayquads.com/products/lumenier-zip-v2-2807-blackout-motor-1700kv
LUME-2807-1300,CONFIG,12N14P,https://www.racedayquads.com/products/lumenier-zip-v2-2807-blackout-motor-1700kv
LUME-2807-1950,CLOCHE,7075 Anodized Alumin,https://www.racedayquads.com/products/lumenier-zip-v2-2807-blackout-motor-1700kv
LUME-2807-1950,TYPE CABLE,18AWG,https://www.racedayquads.com/products/lumenier-zip-v2-2807-blackout-motor-1700kv
LUME-2807-1950,L CABLE,180mm,https://www.racedayquads.com/products/lumenier-zip-v2-2807-blackout-motor-1700kv
LUME-2807-1950,CONFIG,12N14P,https://www.racedayquads.com/products/lumenier-zip-v2-2807-blackout-motor-1700kv
IFLI-1404-4600-2,D MOTEUR,19.9,https://www.racedayquads.com/products/iflight-xing2-1404-3000kv-micro-motor
IFLI-1404-4600-2,H MOTEUR,13.5,https://www.racedayquads.com/products/iflight-xing2-1404-3000kv-micro-motor
IFLI-1404-4600-2,AIMANT,N52H,https://www.racedayquads.com/products/iflight-xing2-1404-3000kv-micro-motor
IFLI-1404-4600-2,UTILISATION,Toothpick,https://www.racedayquads.com/products/iflight-xing2-1404-3000kv-micro-motor
IFLI-1404-3000-2,D SHAFT,1.5,https://www.racedayquads.com/products/iflight-xing2-1404-4600kv-micro-motor
IFLI-1404-3800-2,D SHAFT,1.5,https://www.racedayquads.com/products/iflight-xing2-1404-4600kv-micro-motor
LUME-3115-900,POIDS,98,https://www.racedayquads.com/products/lumenier-zip-v2-3115-cinematic-motor-900kv-1050kv
LUME-3115-900,LIPO,4S-6S,https://www.racedayquads.com/products/lumenier-zip-v2-3115-cinematic-motor-900kv-1050kv
LUME-3115-1050,POIDS,98,https://www.racedayquads.com/products/lumenier-zip-v2-3115-cinematic-motor-900kv-1050kv
LUME-3115-1050,LIPO,4S-6S,https://www.racedayquads.com/products/lumenier-zip-v2-3115-cinematic-motor-900kv-1050kv
EMAX-2807-1300-2,POIDS,49.6,https://www.racedayquads.com/products/emax-e3-series-2807-motor-1300kv-1500kv-1700kv
EMAX-2807-1300-2,RESISTANCE,60mΩ,https://www.racedayquads.com/products/emax-e3-series-2807-motor-1300kv-1500kv-1700kv
EMAX-2807-1300-2,PUISSANCE,1390,https://www.racedayquads.com/products/emax-e3-series-2807-motor-1300kv-1500kv-1700kv
EMAX-2807-1300-2,AMP,55,https://www.racedayquads.com/products/emax-e3-series-2807-motor-1300kv-1500kv-1700kv
EMAX-2807-1300-2,LIPO,3S-6S,https://www.racedayquads.com/products/emax-e3-series-2807-motor-1300kv-1500kv-1700kv
EMAX-2807-1500-2,POIDS,49.6,https://www.racedayquads.com/products/emax-e3-series-2807-motor-1300kv-1500kv-1700kv
EMAX-2807-1500-2,RESISTANCE,60mΩ,https://www.racedayquads.com/products/emax-e3-series-2807-motor-1300kv-1500kv-1700kv
EMAX-2807-1500-2,PUISSANCE,1390,https://www.racedayquads.com/products/emax-e3-series-2807-motor-1300kv-1500kv-1700kv
EMAX-2807-1500-2,AMP,55,https://www.racedayquads.com/products/emax-e3-series-2807-motor-1300kv-1500kv-1700kv
EMAX-2807-1500-2,LIPO,3S-6S,https://www.racedayquads.com/products/emax-e3-series-2807-motor-1300kv-1500kv-1700kv
EMAX-2807-1700-2,POIDS,49.6,https://www.racedayquads.com/products/emax-e3-series-2807-motor-1300kv-1500kv-1700kv
EMAX-2807-1700-2,RESISTANCE,60mΩ,https://www.racedayquads.com/products/emax-e3-series-2807-motor-1300kv-1500kv-1700kv
EMAX-2807-1700-2,PUISSANCE,1390,https://www.racedayquads.com/products/emax-e3-series-2807-motor-1300kv-1500kv-1700kv
EMAX-2807-1700-2,AMP,55,https://www.racedayquads.com/products/emax-e3-series-2807-motor-1300kv-1500kv-1700kv
EMAX-2807-1700-2,LIPO,3S-6S,https://www.racedayquads.com/products/emax-e3-series-2807-motor-1300kv-1500kv-1700kv
VCI-1303-7200,UTILISATION,Toothpick,https://www.racedayquads.com/products/vci-hobby-spark-1303-motor-2-pcs-5400kv
XILO-2207-1800,POIDS,31,https://www.racedayquads.com/products/xilo-stealth-2207-motor-1800kv-2450kv
XILO-2207-2450,POIDS,31,https://www.racedayquads.com/products/xilo-stealth-2207-motor-1800kv-2450kv
AXIS-2207-2100,L CABLE,150mm,https://www.racedayquads.com/products/pre-order-axisflying-ae2207-v2-2207-1960kv-motor
AXIS-2207-1750,L CABLE,150mm,https://www.racedayquads.com/products/pre-order-axisflying-ae2207-v2-2207-1960kv-motor
LUME-2307-1750,D SHAFT,4,https://pyrodrone.com/products/lumenier-2307-johnnyfpv-v3-pro-cinematic-motor-2550kv
LUME-2307-1750,VIS HEL,M5,https://pyrodrone.com/products/lumenier-2307-johnnyfpv-v3-pro-cinematic-motor-2550kv
LUME-2307-1950,D SHAFT,4,https://pyrodrone.com/products/lumenier-2307-johnnyfpv-v3-pro-cinematic-motor-2550kv
LUME-2307-1950,VIS HEL,M5,https://pyrodrone.com/products/lumenier-2307-johnnyfpv-v3-pro-cinematic-motor-2550kv
LUME-2307-2550,D SHAFT,4,https://pyrodrone.com/products/lumenier-2307-johnnyfpv-v3-pro-cinematic-motor-2550kv
LUME-2307-2550,VIS HEL,M5,https://pyrodrone.com/products/lumenier-2307-johnnyfpv-v3-pro-cinematic-motor-2550kv
LUME-2307-2550,POIDS,34.3,https://pyrodrone.com/products/lumenier-2307-johnnyfpv-v3-pro-cinematic-motor-2550kv
LUME-2307-1750,POIDS,34.3,https://pyrodrone.com/products/lumenier-2307-johnnyfpv-v3-pro-cinematic-motor-1750kv
EMAX-3115-400,RESISTANCE,130,https://www.racedayquads.com/products/emax-eco-ii-3115-motor-400kv-500kv-640kv-900kv
EMAX-3115-400,LIPO,2S,https://www.racedayquads.com/products/emax-eco-ii-3115-motor-400kv-500kv-640kv-900kv
EMAX-3115-400,PUISSANCE,1970,https://www.racedayquads.com/products/emax-eco-ii-3115-motor-400kv-500kv-640kv-900kv
EMAX-3115-400,AMP,41,https://www.racedayquads.com/products/emax-eco-ii-3115-motor-400kv-500kv-640kv-900kv
EMAX-3115-500,RESISTANCE,130,https://www.racedayquads.com/products/emax-eco-ii-3115-motor-400kv-500kv-640kv-900kv
EMAX-3115-500,LIPO,2S,https://www.racedayquads.com/products/emax-eco-ii-3115-motor-400kv-500kv-640kv-900kv
EMAX-3115-500,PUISSANCE,1970,https://www.racedayquads.com/products/emax-eco-ii-3115-motor-400kv-500kv-640kv-900kv
EMAX-3115-500,AMP,41,https://www.racedayquads.com/products/emax-eco-ii-3115-motor-400kv-500kv-640kv-900kv
EMAX-3115-640,RESISTANCE,130,https://www.racedayquads.com/products/emax-eco-ii-3115-motor-400kv-500kv-640kv-900kv
EMAX-3115-640,LIPO,2S,https://www.racedayquads.com/products/emax-eco-ii-3115-motor-400kv-500kv-640kv-900kv
EMAX-3115-640,PUISSANCE,1970,https://www.racedayquads.com/products/emax-eco-ii-3115-motor-400kv-500kv-640kv-900kv
EMAX-3115-640,AMP,41,https://www.racedayquads.com/products/emax-eco-ii-3115-motor-400kv-500kv-640kv-900kv
EMAX-3115-900,RESISTANCE,130,https://www.racedayquads.com/products/emax-eco-ii-3115-motor-400kv-500kv-640kv-900kv
EMAX-3115-900,LIPO,2S,https://www.racedayquads.com/products/emax-eco-ii-3115-motor-400kv-500kv-640kv-900kv
EMAX-3115-900,PUISSANCE,1970,https://www.racedayquads.com/products/emax-eco-ii-3115-motor-400kv-500kv-640kv-900kv
EMAX-3115-900,AMP,41,https://www.racedayquads.com/products/emax-eco-ii-3115-motor-400kv-500kv-640kv-900kv
EMAX-3115-800,HELICE,"10""",https://www.racedayquads.com/products/emax-eco-ii-3115-motor-400kv-500kv-640kv-900kv
VCI-2208-1850,L SHAFT,13.1,https://www.racedayquads.com/products/vci-hobby-2208-2450kv-motor
VCI-2208-1850,D MOTEUR,27,https://www.racedayquads.com/products/vci-hobby-2208-2450kv-motor
VCI-2208-1850,H MOTEUR,34.2,https://www.racedayquads.com/products/vci-hobby-2208-2450kv-motor
BROT-2004-1950,VIS HEL,M1.5,https://www.racedayquads.com/products/brotherhobby-tc-2004-3150kv-micro-motor
BROT-2004-2100,VIS HEL,M1.5,https://www.racedayquads.com/products/brotherhobby-tc-2004-3150kv-micro-motor
BROT-2004-1700,VIS HEL,M1.5,https://www.racedayquads.com/products/brotherhobby-tc-2004-3150kv-micro-motor
IFLI-2205-3200,ENTRAXE FIX,12x12,https://www.racedayquads.com/products/iflight-xing-2205-2300kv-micro-motor
IFLI-2205-3200,VIS FIX,M2,https://www.racedayquads.com/products/iflight-xing-2205-2300kv-micro-motor
VCI-0702-30000-2,UTILISATION,Toothpick,https://www.racedayquads.com/products/vci-hobby-0702-pro-db-motor-4-pcs-27000kv
VCI-0702-23000,UTILISATION,Toothpick,https://www.racedayquads.com/products/vci-hobby-0702-pro-db-motor-4-pcs-27000kv
FLYW-1002-19800,D SHAFT,1.5,https://www.racedayquads.com/products/flywoo-robo-1002-23500kv-micro-motor
FLYW-1002-19800,UTILISATION,Whoop,https://www.racedayquads.com/products/flywoo-robo-1002-23500kv-micro-motor
EMAX-2306-1700-2,POIDS,29.4,https://www.racedayquads.com/products/emax-e3-series-2306-motor-1700kv-1900kv-2400kv
EMAX-2306-1700-2,RESISTANCE,79mΩ,https://www.racedayquads.com/products/emax-e3-series-2306-motor-1700kv-1900kv-2400kv
EMAX-2306-1700-2,AMP,36,https://www.racedayquads.com/products/emax-e3-series-2306-motor-1700kv-1900kv-2400kv
EMAX-2306-1700-2,PUISSANCE,970,https://www.racedayquads.com/products/emax-e3-series-2306-motor-1700kv-1900kv-2400kv
EMAX-2306-1700-2,LIPO,3S-6S,https://www.racedayquads.com/products/emax-e3-series-2306-motor-1700kv-1900kv-2400kv
EMAX-2306-1900-2,POIDS,29.4,https://www.racedayquads.com/products/emax-e3-series-2306-motor-1700kv-1900kv-2400kv
EMAX-2306-1900-2,RESISTANCE,79mΩ,https://www.racedayquads.com/products/emax-e3-series-2306-motor-1700kv-1900kv-2400kv
EMAX-2306-1900-2,AMP,36,https://www.racedayquads.com/products/emax-e3-series-2306-motor-1700kv-1900kv-2400kv
EMAX-2306-1900-2,PUISSANCE,970,https://www.racedayquads.com/products/emax-e3-series-2306-motor-1700kv-1900kv-2400kv
EMAX-2306-1900-2,LIPO,3S-6S,https://www.racedayquads.com/products/emax-e3-series-2306-motor-1700kv-1900kv-2400kv
EMAX-2306-2400-2,POIDS,29.4,https://www.racedayquads.com/products/emax-e3-series-2306-motor-1700kv-1900kv-2400kv
EMAX-2306-2400-2,RESISTANCE,79mΩ,https://www.racedayquads.com/products/emax-e3-series-2306-motor-1700kv-1900kv-2400kv
EMAX-2306-2400-2,AMP,36,https://www.racedayquads.com/products/emax-e3-series-2306-motor-1700kv-1900kv-2400kv
EMAX-2306-2400-2,PUISSANCE,970,https://www.racedayquads.com/products/emax-e3-series-2306-motor-1700kv-1900kv-2400kv
EMAX-2306-2400-2,LIPO,3S-6S,https://www.racedayquads.com/products/emax-e3-series-2306-motor-1700kv-1900kv-2400kv
EMAX-2306-2100-2,ENTRAXE FIX,19x19,https://www.racedayquads.com/products/emax-e3-series-2306-motor-1700kv-1900kv-2400kv
EMAX-2306-2100-2,HELICE,"5""-5.5""",https://www.racedayquads.com/products/emax-e3-series-2306-motor-1700kv-1900kv-2400kv
VCI-0702-30000,UTILISATION,Toothpick,https://www.racedayquads.com/products/vci-hobby-0702-pro-lite-motor-4-pcs-27000kv
VCI-0702-23000-2,UTILISATION,Toothpick,https://www.racedayquads.com/products/vci-hobby-0702-pro-lite-motor-4-pcs-27000kv
FOXE-2306.5-2020,ENTRAXE FIX,16x16,https://www.racedayquads.com/products/foxeer-datura-2306-5-2550kv-motor
HAPP-0802-16000,ENTRAXE FIX,Ø7,https://www.racedayquads.com/products/happymodel-se-0802-19000kv-micro-motor
AXIS-2406-1860,RESISTANCE,78mΩ,https://www.racedayquads.com/products/axisflying-af2406-x-modular-motor-1860kv-2080kv
AXIS-2406-1860,LIPO,4S-6S,https://www.racedayquads.com/products/axisflying-af2406-x-modular-motor-1860kv-2080kv
AXIS-2406-1860,POIDS,35.10,https://www.racedayquads.com/products/axisflying-af2406-x-modular-motor-1860kv-2080kv
AXIS-2406-1860,AMP,40.95,https://www.racedayquads.com/products/axisflying-af2406-x-modular-motor-1860kv-2080kv
AXIS-2406-1860,PUISSANCE,960.70,https://www.racedayquads.com/products/axisflying-af2406-x-modular-motor-1860kv-2080kv
AXIS-2406-2080,RESISTANCE,78mΩ,https://www.racedayquads.com/products/axisflying-af2406-x-modular-motor-1860kv-2080kv
AXIS-2406-2080,LIPO,4S-6S,https://www.racedayquads.com/products/axisflying-af2406-x-modular-motor-1860kv-2080kv
AXIS-2406-2080,POIDS,35.10,https://www.racedayquads.com/products/axisflying-af2406-x-modular-motor-1860kv-2080kv
AXIS-2406-2080,AMP,40.95,https://www.racedayquads.com/products/axisflying-af2406-x-modular-motor-1860kv-2080kv
AXIS-2406-2080,PUISSANCE,960.70,https://www.racedayquads.com/products/axisflying-af2406-x-modular-motor-1860kv-2080kv
LUME-2305-2400,VIS HEL,M5,https://www.racedayquads.com/products/lumenier-zip-v2-2305-cinematic-motor-w-m3-shaft-1800kv-2400kv-3200kv
LUME-2305-2400,VIS FIX,M3,https://www.racedayquads.com/products/lumenier-zip-v2-2305-cinematic-motor-w-m3-shaft-1800kv-2400kv-3200kv
LUME-2305-1800,POIDS,24,https://www.racedayquads.com/products/lumenier-zip-v2-2305-cinematic-motor-w-m3-shaft-1800kv-2400kv-3200kv
LUME-2305-3200,POIDS,24,https://www.racedayquads.com/products/lumenier-zip-v2-2305-cinematic-motor-w-m3-shaft-1800kv-2400kv-3200kv
AOS-3220-700,AMP,5,https://www.racedayquads.com/products/aos-rc-supernova-3220-motor-700kv-925kv
AOS-3220-700,PUISSANCE,2214,https://www.racedayquads.com/products/aos-rc-supernova-3220-motor-700kv-925kv
AOS-3220-700,LIPO,6S-8S,https://www.racedayquads.com/products/aos-rc-supernova-3220-motor-700kv-925kv
AOS-3220-700,POIDS,170,https://www.racedayquads.com/products/aos-rc-supernova-3220-motor-700kv-925kv
AOS-3220-925,AMP,5,https://www.racedayquads.com/products/aos-rc-supernova-3220-motor-700kv-925kv
AOS-3220-925,PUISSANCE,2214,https://www.racedayquads.com/products/aos-rc-supernova-3220-motor-700kv-925kv
AOS-3220-925,LIPO,6S-8S,https://www.racedayquads.com/products/aos-rc-supernova-3220-motor-700kv-925kv
AOS-3220-925,POIDS,170,https://www.racedayquads.com/products/aos-rc-supernova-3220-motor-700kv-925kv
LUME-2812-1150,POIDS,71,https://www.racedayquads.com/products/lumenier-zip-v2-2812-cinematic-motor-1150kv-1300kv
LUME-2812-1150,LIPO,3S-8S,https://www.racedayquads.com/products/lumenier-zip-v2-2812-cinematic-motor-1150kv-1300kv
LUME-2812-1300,POIDS,71,https://www.racedayquads.com/products/lumenier-zip-v2-2812-cinematic-motor-1150kv-1300kv
LUME-2812-1300,LIPO,3S-8S,https://www.racedayquads.com/products/lumenier-zip-v2-2812-cinematic-motor-1150kv-1300kv
LUME-1404-2750,POIDS,8.3,https://www.racedayquads.com/products/lumenier-zip-v2-1404-micro-cinematic-motor-2750kv-4600kv
LUME-1404-4600,POIDS,8.3,https://www.racedayquads.com/products/lumenier-zip-v2-1404-micro-cinematic-motor-2750kv-4600kv
NEWB-2306.5-1750,HELICE,5-6,https://www.racedayquads.com/products/newbeedrone-2306-5-smoov-v2-ring-magnet-cinematic-fpv-motor-2450kv
NEWB-2306.5-1750,TYPE CABLE,20AWG,https://www.racedayquads.com/products/newbeedrone-2306-5-smoov-v2-ring-magnet-cinematic-fpv-motor-2450kv
NEWB-2306.5-1750,L CABLE,150mm,https://www.racedayquads.com/products/newbeedrone-2306-5-smoov-v2-ring-magnet-cinematic-fpv-motor-2450kv
NEWB-2306.5-2450,HELICE,5-6,https://www.racedayquads.com/products/newbeedrone-2306-5-smoov-v2-ring-magnet-cinematic-fpv-motor-2450kv
NEWB-2306.5-2450,TYPE CABLE,20AWG,https://www.racedayquads.com/products/newbeedrone-2306-5-smoov-v2-ring-magnet-cinematic-fpv-motor-2450kv
NEWB-2306.5-2450,L CABLE,150mm,https://www.racedayquads.com/products/newbeedrone-2306-5-smoov-v2-ring-magnet-cinematic-fpv-motor-2450kv
IFLI-2306-2750,CONFIG,12N14P,https://www.racedayquads.com/products/iflight-xing-e-pro-2306-1700kv-motor
IFLI-2306-2750,D SHAFT,5,https://www.racedayquads.com/products/iflight-xing-e-pro-2306-1700kv-motor
IFLI-2306-2750,ENTRAXE FIX,Ø16,https://www.racedayquads.com/products/iflight-xing-e-pro-2306-1700kv-motor
AXIS-2006-2750,D SHAFT,1.5,https://www.racedayquads.com/products/axisflying-c206-2006-motor-1960kv
AXIS-2006-2500,D SHAFT,1.5,https://www.racedayquads.com/products/axisflying-c206-2006-motor-1960kv
IFLI-2208-2150,IMG,https://cdn.shopify.com/s/files/1/0914/9972/5181/files/XING-2208-3-1000x1000.jpg?v=1754065831,https://www.unmannedtechshop.co.uk/products/iflight-xing-2208-2-6s-brushless-motor-1700kv-2450kv
BETA-0702-23000-2,UTILISATION,Racing,https://www.racedayquads.com/products/betafpv-0702-ii-motors-4pcs-30000kv
BETA-0702-27000-3,UTILISATION,Racing,https://www.racedayquads.com/products/betafpv-0702-ii-motors-4pcs-30000kv
TMOT-2207-2150,POIDS,55,https://www.racedayquads.com/products/t-motor-f50-2207-5-racing-motor-2150kv-2200kv
TMOT-2207-2150,RESISTANCE,50mΩ,https://www.racedayquads.com/products/t-motor-f50-2207-5-racing-motor-2150kv-2200kv
TMOT-2207-2150,AMP,54.8,https://www.racedayquads.com/products/t-motor-f50-2207-5-racing-motor-2150kv-2200kv
TMOT-2207-2150,PUISSANCE,1273,https://www.racedayquads.com/products/t-motor-f50-2207-5-racing-motor-2150kv-2200kv
TMOT-2207-2200,POIDS,55,https://www.racedayquads.com/products/t-motor-f50-2207-5-racing-motor-2150kv-2200kv
TMOT-2207-2200,RESISTANCE,50mΩ,https://www.racedayquads.com/products/t-motor-f50-2207-5-racing-motor-2150kv-2200kv
TMOT-2207-2200,AMP,54.8,https://www.racedayquads.com/products/t-motor-f50-2207-5-racing-motor-2150kv-2200kv
TMOT-2207-2200,PUISSANCE,1273,https://www.racedayquads.com/products/t-motor-f50-2207-5-racing-motor-2150kv-2200kv
TMOT-0802-27000,UTILISATION,Whoop,https://www.racedayquads.com/products/t-motor-m0802-ii-micro-motor-25000kv
TMOT-2306-1950,UTILISATION,Freestyle,https://www.racedayquads.com/products/t-motor-velox-v3-2306-motor-choose-your-kv
TMOT-2306-2550,UTILISATION,Freestyle,https://www.racedayquads.com/products/t-motor-velox-v3-2306-motor-choose-your-kv
TMOT-2306-1750,UTILISATION,Freestyle,https://www.racedayquads.com/products/t-motor-velox-v3-2306-motor-choose-your-kv
WEBL-0702-X,IMG,https://cdn.shopify.com/s/files/1/1285/4651/files/webleedfpv-webleedfpv-0702-40-000kv-skrrrt-micro-motors-w-knurled-shaft-design-set-of-4-motors-motors-31587489316977.jpg?v=1737440870,https://www.racedayquads.com/products/webleedfpv-0702-40-000kv-skrrrt-w-knurled-shaft-design-set-of-4-motors
UMMA-1605-3800,UTILISATION,Racing,https://www.racedayquads.com/products/ummagawd-aerolite-1605-3600kv-motor-gunmetal-blue
GEPR-2809-1450,AIMANT,N52SH,https://www.racedayquads.com/products/geprc-speedx2-2809-1280kv-motor
GEPR-2809-1450,D SHAFT,5,https://www.racedayquads.com/products/geprc-speedx2-2809-1280kv-motor
GEPR-2809-1450,TYPE CABLE,18AWG,https://www.racedayquads.com/products/geprc-speedx2-2809-1280kv-motor
GEPR-2809-1450,L CABLE,250mm,https://www.racedayquads.com/products/geprc-speedx2-2809-1280kv-motor
GEPR-2809-1450,VIS FIX,M3,https://www.racedayquads.com/products/geprc-speedx2-2809-1280kv-motor
TMOT-1002-22000,D SHAFT,1.5,https://www.racedayquads.com/products/t-motor-m1002-18000kv-micro-motor
TMOT-1002-22000,CONFIG,9N12P,https://www.racedayquads.com/products/t-motor-m1002-18000kv-micro-motor
TMOT-1002-14000,D SHAFT,1.5,https://www.racedayquads.com/products/t-motor-m1002-18000kv-micro-motor
TMOT-1002-14000,CONFIG,9N12P,https://www.racedayquads.com/products/t-motor-m1002-18000kv-micro-motor
FIVE-2207-1960,D SHAFT,5,https://pyrodrone.com/products/five33-headsup-2207-1960kv-brushless-fpv-drone-motor-w-mr30-set-of-4
FIVE-2207-1960,ENTRAXE FIX,16x16,https://pyrodrone.com/products/five33-headsup-2207-1960kv-brushless-fpv-drone-motor-w-mr30-set-of-4
FIVE-2207-1960,UTILISATION,Racing,https://pyrodrone.com/products/five33-headsup-2207-1960kv-brushless-fpv-drone-motor-w-mr30-set-of-4
TMOT-2306.5-2550,D MOTEUR,28.6,https://www.racedayquads.com/products/t-motor-velox-v2-v2306-5-1950kv-motor
TMOT-2306.5-2550,H MOTEUR,30.45,https://www.racedayquads.com/products/t-motor-velox-v2-v2306-5-1950kv-motor
TMOT-2306.5-2550,TYPE CABLE,20AWG,https://www.racedayquads.com/products/t-motor-velox-v2-v2306-5-1950kv-motor
TMOT-2306.5-2550,L CABLE,150mm,https://www.racedayquads.com/products/t-motor-velox-v2-v2306-5-1950kv-motor
TMOT-2306.5-2550,CONFIG,12N14P,https://www.racedayquads.com/products/t-motor-velox-v2-v2306-5-1950kv-motor
TMOT-2306.5-2550,D SHAFT,4,https://www.racedayquads.com/products/t-motor-velox-v2-v2306-5-1950kv-motor
TMOT-2306.5-2550,UTILISATION,Freestyle,https://www.racedayquads.com/products/t-motor-velox-v2-v2306-5-1950kv-motor
FOXE-2105.5-3650,D SHAFT,1.533,https://www.racedayquads.com/products/foxeer-datura-2105-5-2650kv-motor
FOXE-2105.5-3650,ENTRAXE FIX,12x12,https://www.racedayquads.com/products/foxeer-datura-2105-5-2650kv-motor
FOXE-2105.5-2950,D SHAFT,1.533,https://www.racedayquads.com/products/foxeer-datura-2105-5-2650kv-motor
FOXE-2105.5-2950,ENTRAXE FIX,12x12,https://www.racedayquads.com/products/foxeer-datura-2105-5-2650kv-motor
FOXE-2105.5-2950,UTILISATION,Cinewhoop,https://www.racedayquads.com/products/foxeer-datura-2105-5-2650kv-motor
FOXE-2105.5-1650,D SHAFT,1.533,https://www.racedayquads.com/products/foxeer-datura-2105-5-2650kv-motor
FOXE-2105.5-1650,ENTRAXE FIX,12x12,https://www.racedayquads.com/products/foxeer-datura-2105-5-2650kv-motor
FOXE-2105.5-1650,UTILISATION,Cinewhoop,https://www.racedayquads.com/products/foxeer-datura-2105-5-2650kv-motor
TMOT-3008-1350,D MOTEUR,35.8,https://www.racedayquads.com/products/copy-of-t-motor-v3008-1155kv-motor
TMOT-3008-1350,H MOTEUR,37,https://www.racedayquads.com/products/copy-of-t-motor-v3008-1155kv-motor
TMOT-3008-1500,D MOTEUR,35.8,https://www.racedayquads.com/products/copy-of-t-motor-v3008-1155kv-motor
TMOT-3008-1500,H MOTEUR,37,https://www.racedayquads.com/products/copy-of-t-motor-v3008-1155kv-motor
TMOT-2808-1950,D MOTEUR,33.4,https://www.racedayquads.com/products/t-motor-v2808-1300kv-motor
TMOT-2808-1950,H MOTEUR,37,https://www.racedayquads.com/products/t-motor-v2808-1300kv-motor
FOXE-1404-4533,D SHAFT,1.5,https://www.racedayquads.com/products/foxeer-datura-1404-3850kv-micro-motor
FOXE-1404-4533,ENTRAXE FIX,9x9,https://www.racedayquads.com/products/foxeer-datura-1404-3850kv-micro-motor
TMOT-1408-2800,ENTRAXE FIX,Ø9,https://www.racedayquads.com/products/t-motor-f1408-1408-3950kv-motor
BROT-2207-1720,ENTRAXE FIX,Ø16,https://www.racedayquads.com/products/brotherhobby-vs-2207-2400kv-motor
BROT-2207-2700,ENTRAXE FIX,Ø16,https://www.racedayquads.com/products/brotherhobby-vs-2207-2400kv-motor
BROT-2207-1700,ENTRAXE FIX,Ø16,https://www.racedayquads.com/products/brotherhobby-vs-2207-2400kv-motor
BROT-2005-2800,UTILISATION,Long Range,https://www.unmannedtechshop.co.uk/products/brotherhobby-la-2005-ultralight-motor-1450kv-2450kv-2800kv-3450kv
BROT-2005-3450,UTILISATION,Long Range,https://www.unmannedtechshop.co.uk/products/brotherhobby-la-2005-ultralight-motor-1450kv-2450kv-2800kv-3450kv
BROT-2005-2450,UTILISATION,Long Range,https://www.unmannedtechshop.co.uk/products/brotherhobby-la-2005-ultralight-motor-1450kv-2450kv-2800kv-3450kv
BROT-2005-1450,UTILISATION,Long Range,https://www.unmannedtechshop.co.uk/products/brotherhobby-la-2005-ultralight-motor-1450kv-2450kv-2800kv-3450kv
SPEE-2306.5-1800,UTILISATION,Racing,https://newbeedrone.com/products/speedybee-2306-5-1800kv-motor-master5v2-5-inch-fpv-1-pcs
IFLI-1806-1600,IMG,https://cdn.shopify.com/s/files/1/2778/6650/products/XING2-1806_20_6_-1000x1000.jpg?v=1616805735,https://pyrodrone.com/products/iflight-xing2-1806-2500kv-motor
RCIN-3220-1000,UTILISATION,Long Range,https://pyrodrone.com/products/rcinpower-aos-supernova-3220-cinelifter-wing-motor-925kv
RCIN-2104-1800-2,D MOTEUR,23.35,https://www.racedayquads.com/products/rcinpower-gts-v3-2104-light-1800kv-motor-2mm-t-mount-teal-pink
RCIN-2104-1800-2,H MOTEUR,13.8,https://www.racedayquads.com/products/rcinpower-gts-v3-2104-light-1800kv-motor-2mm-t-mount-teal-pink
RCIN-2104-1800-2,ENTRAXE FIX,12x12,https://www.racedayquads.com/products/rcinpower-gts-v3-2104-light-1800kv-motor-2mm-t-mount-teal-pink
RCIN-2104-3000,D MOTEUR,23.35,https://www.racedayquads.com/products/rcinpower-gts-v3-2104-light-1800kv-motor-2mm-t-mount-teal-pink
RCIN-2104-3000,H MOTEUR,13.8,https://www.racedayquads.com/products/rcinpower-gts-v3-2104-light-1800kv-motor-2mm-t-mount-teal-pink
RCIN-2104-3000,ENTRAXE FIX,12x12,https://www.racedayquads.com/products/rcinpower-gts-v3-2104-light-1800kv-motor-2mm-t-mount-teal-pink
BROT-3008-1900,UTILISATION,Cinematic,https://www.unmannedtechshop.co.uk/products/brotherhobby-avenger-3008-motor-1150kv-1300kv-1500kv-1900kv
BROT-3008-1150,UTILISATION,Cinematic,https://www.unmannedtechshop.co.uk/products/brotherhobby-avenger-3008-motor-1150kv-1300kv-1500kv-1900kv
BROT-3008-1500,UTILISATION,Cinematic,https://www.unmannedtechshop.co.uk/products/brotherhobby-avenger-3008-motor-1150kv-1300kv-1500kv-1900kv
BROT-3008-1300,UTILISATION,Cinematic,https://www.unmannedtechshop.co.uk/products/brotherhobby-avenger-3008-motor-1150kv-1300kv-1500kv-1900kv
HGLR-0802-17000,CONFIG,9N12P,https://pyrodrone.com/products/hglrc-aeolus-0802-25000kv-micro-motor
HGLR-0802-17000,D SHAFT,1.0,https://pyrodrone.com/products/hglrc-aeolus-0802-25000kv-micro-motor
HGLR-0802-17000,D MOTEUR,11.2,https://pyrodrone.com/products/hglrc-aeolus-0802-25000kv-micro-motor
HGLR-0802-17000,H MOTEUR,7.6,https://pyrodrone.com/products/hglrc-aeolus-0802-25000kv-micro-motor
HGLR-0802-17000,ENTRAXE FIX,6.6x1.4,https://pyrodrone.com/products/hglrc-aeolus-0802-25000kv-micro-motor
HGLR-0802-17000,L CABLE,30mm,https://pyrodrone.com/products/hglrc-aeolus-0802-25000kv-micro-motor
HGLR-0802-17000,HELICE,1-1.6Inch,https://pyrodrone.com/products/hglrc-aeolus-0802-25000kv-micro-motor
HGLR-0802-17000,IMG,https://cdn.shopify.com/s/files/1/2778/6650/products/hglrc-aeolus-0802-17000kv-2200kv-25000kv-brushless-motor-965104_e5076f01-4c45-4b29-b257-ea1eb95fb79a.jpg?v=1630107775,https://pyrodrone.com/products/hglrc-aeolus-0802-25000kv-micro-motor
AMAX-2305.5-2550,LIPO,3S-4S,https://www.racedayquads.com/products/amax-superleggera-a-bell-2305-5-2550kv-motor
AMAX-2305.5-1950,LIPO,4S-6S,https://www.racedayquads.com/products/amax-superleggera-a-bell-2305-5-1950kv-motor
IFLI-5215-500-2,D SHAFT,6,https://pyrodrone.com/products/iflight-xing-e-5215-x-class-fpv-motor-300kv
IFLI-5215-500-2,L SHAFT,26,https://pyrodrone.com/products/iflight-xing-e-5215-x-class-fpv-motor-300kv
IFLI-5215-500-2,TYPE CABLE,14AWG,https://pyrodrone.com/products/iflight-xing-e-5215-x-class-fpv-motor-300kv
IFLI-5215-500-2,L CABLE,600mm,https://pyrodrone.com/products/iflight-xing-e-5215-x-class-fpv-motor-300kv
IFLI-5215-500-2,AIMANT,N52H,https://pyrodrone.com/products/iflight-xing-e-5215-x-class-fpv-motor-300kv
AMAX-2207-2550-2,LIPO,3S-4S,https://www.racedayquads.com/products/amax-performante-a-bell-2207-2550kv-motor
GEPR-3215-750,PUISSANCE,1780,https://newbeedrone.com/products/pre-ordergeprc-em3215-900kv-750kv-motor
GEPR-3215-750,AMP,75,https://newbeedrone.com/products/pre-ordergeprc-em3215-900kv-750kv-motor
GEPR-3215-750,RESISTANCE,33mΩ,https://newbeedrone.com/products/pre-ordergeprc-em3215-900kv-750kv-motor
GEPR-3215-750,LIPO,6S,https://newbeedrone.com/products/pre-ordergeprc-em3215-900kv-750kv-motor
GEPR-3215-750,POIDS,122,https://newbeedrone.com/products/pre-ordergeprc-em3215-900kv-750kv-motor
GEPR-3215-900,PUISSANCE,1780,https://newbeedrone.com/products/pre-ordergeprc-em3215-900kv-750kv-motor
GEPR-3215-900,AMP,75,https://newbeedrone.com/products/pre-ordergeprc-em3215-900kv-750kv-motor
GEPR-3215-900,RESISTANCE,33mΩ,https://newbeedrone.com/products/pre-ordergeprc-em3215-900kv-750kv-motor
GEPR-3215-900,LIPO,6S,https://newbeedrone.com/products/pre-ordergeprc-em3215-900kv-750kv-motor
GEPR-3215-900,POIDS,122,https://newbeedrone.com/products/pre-ordergeprc-em3215-900kv-750kv-motor
NEWB-2808-1300,IMG,https://cdn.shopify.com/s/files/1/1126/9610/files/NewBeeDrone-Flow-2808-1300KV-Motor-NewBeeDrone-53042918.jpg?v=1729822714,https://newbeedrone.com/products/newbeedrone-flow-2808-1300kv-motor
TMOT-1804-2400-3,D SHAFT,5,https://pyrodrone.com/products/t-motor-pacer-p1804-2400kv-5mm-shaft-ultra-light-freestyle-brushless-motor
TMOT-1804-2400-3,ENTRAXE FIX,12x12,https://pyrodrone.com/products/t-motor-pacer-p1804-2400kv-5mm-shaft-ultra-light-freestyle-brushless-motor
TMOT-1804-2400-3,POIDS,13.78,https://pyrodrone.com/products/t-motor-pacer-p1804-2400kv-5mm-shaft-ultra-light-freestyle-brushless-motor
TMOT-1804-2400-3,LIPO,6S,https://pyrodrone.com/products/t-motor-pacer-p1804-2400kv-5mm-shaft-ultra-light-freestyle-brushless-motor
TMOT-1804-2400-3,PUISSANCE,379.8,https://pyrodrone.com/products/t-motor-pacer-p1804-2400kv-5mm-shaft-ultra-light-freestyle-brushless-motor
TMOT-1804-2400-3,CONFIG,12N14P,https://pyrodrone.com/products/t-motor-pacer-p1804-2400kv-5mm-shaft-ultra-light-freestyle-brushless-motor
TMOT-1804-2400-3,L CABLE,110mm,https://pyrodrone.com/products/t-motor-pacer-p1804-2400kv-5mm-shaft-ultra-light-freestyle-brushless-motor
TMOT-1804-3400-2,D SHAFT,5,https://pyrodrone.com/products/t-motor-pacer-p1804-2400kv-5mm-shaft-ultra-light-freestyle-brushless-motor
TMOT-1804-3400-2,ENTRAXE FIX,12x12,https://pyrodrone.com/products/t-motor-pacer-p1804-2400kv-5mm-shaft-ultra-light-freestyle-brushless-motor
TMOT-1804-3400-2,CONFIG,12N14P,https://pyrodrone.com/products/t-motor-pacer-p1804-2400kv-5mm-shaft-ultra-light-freestyle-brushless-motor
TMOT-1804-3400-2,L CABLE,110mm,https://pyrodrone.com/products/t-motor-pacer-p1804-2400kv-5mm-shaft-ultra-light-freestyle-brushless-motor
TMOT-1804-3400-2,POIDS,14.3,https://pyrodrone.com/products/t-motor-pacer-p1804-3400kv-5mm-shaft-ultra-light-freestyle-brushless-motor
TMOT-1804-3400-2,LIPO,4S,https://pyrodrone.com/products/t-motor-pacer-p1804-3400kv-5mm-shaft-ultra-light-freestyle-brushless-motor
TMOT-1804-3400-2,PUISSANCE,318.3,https://pyrodrone.com/products/t-motor-pacer-p1804-3400kv-5mm-shaft-ultra-light-freestyle-brushless-motor
AXIS-X-2650,D MOTEUR,29.3,https://newbeedrone.com/products/axisflying-cinematic-series-c246-motors
AXIS-X-2650,H MOTEUR,31.8,https://newbeedrone.com/products/axisflying-cinematic-series-c246-motors
AXIS-X-2650,UTILISATION,Cinematic,https://newbeedrone.com/products/axisflying-cinematic-series-c246-motors
AXIS-2203.5-1610,LIPO,3S-6S,https://newbeedrone.com/products/axisflying-af223-2203-5-motor
AXIS-2203.5-1610,POIDS,19.5,https://newbeedrone.com/products/axisflying-af223-2203-5-motor
AXIS-2203.5-2910,LIPO,3S-6S,https://newbeedrone.com/products/axisflying-af223-2203-5-motor
AXIS-2203.5-2910,POIDS,19.5,https://newbeedrone.com/products/axisflying-af223-2203-5-motor
AXIS-2203.5-3710,LIPO,3S-6S,https://newbeedrone.com/products/axisflying-af223-2203-5-motor
AXIS-2203.5-3710,POIDS,19.5,https://newbeedrone.com/products/axisflying-af223-2203-5-motor
HAPP-0703-15000,LIPO,1S,https://www.speedyfpv.com/products/happymodel-se0703-1s-brushless-motor-1mm-shaft-15000kv-19000kv
HAPP-0703-15000,POIDS,2.5,https://www.speedyfpv.com/products/happymodel-se0703-1s-brushless-motor-1mm-shaft-15000kv-19000kv
HAPP-0703-19000,LIPO,1S,https://www.speedyfpv.com/products/happymodel-se0703-1s-brushless-motor-1mm-shaft-15000kv-19000kv
HAPP-0703-19000,POIDS,2.5,https://www.speedyfpv.com/products/happymodel-se0703-1s-brushless-motor-1mm-shaft-15000kv-19000kv
EMAX-1407-4100-2,POIDS,13.7,https://www.speedyfpv.com/products/emax-eco-series-1407-brushless-motor-2-4s-2800-3300-4100kv
EMAX-2207-1700-3,UTILISATION,Racing,https://www.unmannedtechshop.co.uk/products/emax-eco-iii-series-2207-motor-1900kv-2400kv
EMAX-2207-2400-3,UTILISATION,Racing,https://www.unmannedtechshop.co.uk/products/emax-eco-iii-series-2207-motor-1900kv-2400kv
EMAX-2207-1900-3,UTILISATION,Racing,https://www.unmannedtechshop.co.uk/products/emax-eco-iii-series-2207-motor-1900kv-2400kv
HAPP-0802-19000-3,LIPO,1S-2S,https://www.fpvfaster.com/products/happymodel-se0802-1-2s-16000kv-19000kv-brushless-motor-for-mobula7-snapper7-rc-drone
HAPP-0802-19000-3,POIDS,1.9,https://www.fpvfaster.com/products/happymodel-se0802-1-2s-16000kv-19000kv-brushless-motor-for-mobula7-snapper7-rc-drone
EMAX-2807-1300-3,UTILISATION,Racing,https://www.unmannedtechshop.co.uk/products/emax-eco-iii-series-2807-motor-1300kv-1500kv
EMAX-2807-1700-3,UTILISATION,Racing,https://www.unmannedtechshop.co.uk/products/emax-eco-iii-series-2807-motor-1300kv-1500kv
EMAX-1306-2700-2,LIPO,3S-4S,https://www.fpvfaster.com/products/emax-rs1306-v2-1306b-micro-brushless-fpv-racing-motor
EMAX-1306-2700-2,POIDS,9.6,https://www.fpvfaster.com/products/emax-rs1306-v2-1306b-micro-brushless-fpv-racing-motor
EMAX-1306-4000-2,LIPO,3S-4S,https://www.fpvfaster.com/products/emax-rs1306-v2-1306b-micro-brushless-fpv-racing-motor
EMAX-1306-4000-2,POIDS,9.6,https://www.fpvfaster.com/products/emax-rs1306-v2-1306b-micro-brushless-fpv-racing-motor
EMAX-1404-3700-2,POIDS,8.6,https://www.unmannedtechshop.co.uk/products/emax-eco-1404-high-efficiency-micro-motor-3700kv-6000kv
EMAX-1404-6000-2,POIDS,8.6,https://www.unmannedtechshop.co.uk/products/emax-eco-1404-high-efficiency-micro-motor-3700kv-6000kv
EMAX-2808-1300-2,RESISTANCE,56mΩ,https://www.unmannedtechshop.co.uk/products/emax-eco-iii-series-2808-motor-1300kv-1500kv
EMAX-2808-1300-2,AMP,56,https://www.unmannedtechshop.co.uk/products/emax-eco-iii-series-2808-motor-1300kv-1500kv
EMAX-2808-1300-2,PUISSANCE,1410,https://www.unmannedtechshop.co.uk/products/emax-eco-iii-series-2808-motor-1300kv-1500kv
EMAX-2808-1500-3,RESISTANCE,56mΩ,https://www.unmannedtechshop.co.uk/products/emax-eco-iii-series-2808-motor-1300kv-1500kv
EMAX-2808-1500-3,AMP,56,https://www.unmannedtechshop.co.uk/products/emax-eco-iii-series-2808-motor-1300kv-1500kv
EMAX-2808-1500-3,PUISSANCE,1410,https://www.unmannedtechshop.co.uk/products/emax-eco-iii-series-2808-motor-1300kv-1500kv
XNOV-2812-1300-2,UTILISATION,Freestyle,https://www.unmannedtechshop.co.uk/products/xnova-smooth-line-2812-brushless-motors
XNOV-2812-1100-2,UTILISATION,Freestyle,https://www.unmannedtechshop.co.uk/products/xnova-smooth-line-2812-brushless-motors
XNOV-2812-900-2,UTILISATION,Freestyle,https://www.unmannedtechshop.co.uk/products/xnova-smooth-line-2812-brushless-motors
TMOT-1507-2700-3,D MOTEUR,18.9,https://www.unmannedtechshop.co.uk/products/v1507-4s-4100kv-motor-5mm
TMOT-1507-2700-3,H MOTEUR,19.8,https://www.unmannedtechshop.co.uk/products/v1507-4s-4100kv-motor-5mm
TMOT-1507-2700-3,VIS HEL,M5,https://www.unmannedtechshop.co.uk/products/v1507-4s-4100kv-motor-5mm
TMOT-1507-2700-3,TYPE CABLE,24AWG,https://www.unmannedtechshop.co.uk/products/v1507-4s-4100kv-motor-5mm
TMOT-1507-2700-3,L CABLE,100mm,https://www.unmannedtechshop.co.uk/products/v1507-4s-4100kv-motor-5mm
TMOT-1507-2700-3,D SHAFT,5,https://www.unmannedtechshop.co.uk/products/v1507-4s-4100kv-motor-5mm
RCIN-1303-8000-2,LIPO,2S-3S,https://pyrodrone.com/products/rcinpower-gts-v3-1303-8000kv-plus-2-3-inch-cinewhoop-micro-motor-gold-orange
RCIN-1303-8000-2,RESISTANCE,145mΩ,https://pyrodrone.com/products/rcinpower-gts-v3-1303-8000kv-plus-2-3-inch-cinewhoop-micro-motor-gold-orange
RCIN-1303-8000-2,PUISSANCE,250,https://pyrodrone.com/products/rcinpower-gts-v3-1303-8000kv-plus-2-3-inch-cinewhoop-micro-motor-gold-orange
RCIN-1303-8000-2,AMP,22.5,https://pyrodrone.com/products/rcinpower-gts-v3-1303-8000kv-plus-2-3-inch-cinewhoop-micro-motor-gold-orange
RCIN-1303-8000-2,POIDS,5.6,https://pyrodrone.com/products/rcinpower-gts-v3-1303-8000kv-plus-2-3-inch-cinewhoop-micro-motor-gold-orange
RCIN-1303-8000-2,UTILISATION,Cinewhoop,https://pyrodrone.com/products/rcinpower-gts-v3-1303-8000kv-plus-2-3-inch-cinewhoop-micro-motor-gold-orange
RCIN-1303-11500-2,UTILISATION,Cinewhoop,https://pyrodrone.com/products/rcinpower-gts-v3-1303-8000kv-plus-2-3-inch-cinewhoop-micro-motor-gold-orange
IFLI-1404-3800-3,LIPO,2S-4S,https://www.unmannedtechshop.co.uk/products/iflight-xing-nano-1404-2-4s-brushless-motor-3800kv-4600kv
IFLI-1404-3800-3,AMP,11.8,https://www.unmannedtechshop.co.uk/products/iflight-xing-nano-1404-2-4s-brushless-motor-3800kv-4600kv
IFLI-1404-3800-3,PUISSANCE,174.6,https://www.unmannedtechshop.co.uk/products/iflight-xing-nano-1404-2-4s-brushless-motor-3800kv-4600kv
IFLI-1404-3800-3,RESISTANCE,0.28Ω,https://www.unmannedtechshop.co.uk/products/iflight-xing-nano-1404-2-4s-brushless-motor-3800kv-4600kv
IFLI-1404-3800-3,POIDS,8.5,https://www.unmannedtechshop.co.uk/products/iflight-xing-nano-1404-2-4s-brushless-motor-3800kv-4600kv
IFLI-1404-4600-3,LIPO,2S-4S,https://www.unmannedtechshop.co.uk/products/iflight-xing-nano-1404-2-4s-brushless-motor-3800kv-4600kv
IFLI-1404-4600-3,AMP,11.8,https://www.unmannedtechshop.co.uk/products/iflight-xing-nano-1404-2-4s-brushless-motor-3800kv-4600kv
IFLI-1404-4600-3,PUISSANCE,174.6,https://www.unmannedtechshop.co.uk/products/iflight-xing-nano-1404-2-4s-brushless-motor-3800kv-4600kv
IFLI-1404-4600-3,RESISTANCE,0.28Ω,https://www.unmannedtechshop.co.uk/products/iflight-xing-nano-1404-2-4s-brushless-motor-3800kv-4600kv
IFLI-1404-4600-3,POIDS,8.5,https://www.unmannedtechshop.co.uk/products/iflight-xing-nano-1404-2-4s-brushless-motor-3800kv-4600kv
IFLI-1206-4500,LIPO,2S-4S,https://www.unmannedtechshop.co.uk/products/iflight-xing-nano-1206-3-4s-brushless-motor-4500kv-6500kv
IFLI-1206-4500,POIDS,8.5,https://www.unmannedtechshop.co.uk/products/iflight-xing-nano-1206-3-4s-brushless-motor-4500kv-6500kv
IFLI-1206-6500,LIPO,2S-4S,https://www.unmannedtechshop.co.uk/products/iflight-xing-nano-1206-3-4s-brushless-motor-4500kv-6500kv
IFLI-1206-6500,POIDS,8.5,https://www.unmannedtechshop.co.uk/products/iflight-xing-nano-1206-3-4s-brushless-motor-4500kv-6500kv
GEPR-1202.5-15000,D SHAFT,2,https://www.fpvfaster.com/products/geprc-speedx2-1202-5-motor-1-2s-tinywhoop-15000kv
GEPR-1202.5-15000,TYPE CABLE,28AWG,https://www.fpvfaster.com/products/geprc-speedx2-1202-5-motor-1-2s-tinywhoop-15000kv
GEPR-1202.5-15000,L CABLE,60mm,https://www.fpvfaster.com/products/geprc-speedx2-1202-5-motor-1-2s-tinywhoop-15000kv
GEPR-1202.5-15000,PUISSANCE,128,https://www.fpvfaster.com/products/geprc-speedx2-1202-5-motor-1-2s-tinywhoop-15000kv
GEPR-1202.5-15000,AMP,17.3,https://www.fpvfaster.com/products/geprc-speedx2-1202-5-motor-1-2s-tinywhoop-15000kv
GEPR-1202.5-15000,VIS FIX,M2,https://www.fpvfaster.com/products/geprc-speedx2-1202-5-motor-1-2s-tinywhoop-15000kv
GEPR-1202.5-10000,D SHAFT,2,https://www.fpvfaster.com/products/geprc-speedx2-1202-5-motor-1-2s-tinywhoop-15000kv
GEPR-1202.5-10000,TYPE CABLE,28AWG,https://www.fpvfaster.com/products/geprc-speedx2-1202-5-motor-1-2s-tinywhoop-15000kv
GEPR-1202.5-10000,L CABLE,60mm,https://www.fpvfaster.com/products/geprc-speedx2-1202-5-motor-1-2s-tinywhoop-15000kv
GEPR-1202.5-10000,VIS FIX,M2,https://www.fpvfaster.com/products/geprc-speedx2-1202-5-motor-1-2s-tinywhoop-15000kv
GEPR-1002-18000,D SHAFT,1.5,https://www.racedayquads.com/products/geprc-speedx2-1002-motor-no-plug-18000kv-25000kv
GEPR-1002-18000,TYPE CABLE,28AWG,https://www.racedayquads.com/products/geprc-speedx2-1002-motor-no-plug-18000kv-25000kv
GEPR-1002-18000,L CABLE,36mm,https://www.racedayquads.com/products/geprc-speedx2-1002-motor-no-plug-18000kv-25000kv
GEPR-1002-18000,PUISSANCE,41.1,https://www.racedayquads.com/products/geprc-speedx2-1002-motor-no-plug-18000kv-25000kv
GEPR-1002-18000,AMP,11.1,https://www.racedayquads.com/products/geprc-speedx2-1002-motor-no-plug-18000kv-25000kv
GEPR-1002-18000,VIS FIX,M1.4,https://www.racedayquads.com/products/geprc-speedx2-1002-motor-no-plug-18000kv-25000kv
GEPR-1002-18000,HELICE,1.6–2 inch,https://www.racedayquads.com/products/geprc-speedx2-1002-motor-no-plug-18000kv-25000kv
RCIN-2020-2020,UTILISATION,Racing,https://www.racedayquads.com/products/rcinpower-wasp-major-22-6-6-6-1860kv-motor-gold
THOB-1880-1880,POIDS,36,https://www.unmannedtechshop.co.uk/products/t-hobby-pacer-p22-6-7-bando-series-6s-fpv-motor-1880kv-1980kv
RCIN-2200-2200-2,CONFIG,12N14P,https://newbeedrone.com/products/rcinpower-wasp-major-evo-plus-22-6-7-2-2200kv-red-purple
RCIN-2200-2200-2,D MOTEUR,27.2,https://newbeedrone.com/products/rcinpower-wasp-major-evo-plus-22-6-7-2-2200kv-red-purple
RCIN-2200-2200-2,H MOTEUR,17.8,https://newbeedrone.com/products/rcinpower-wasp-major-evo-plus-22-6-7-2-2200kv-red-purple
RCIN-2200-2200-2,ENTRAXE FIX,16x16,https://newbeedrone.com/products/rcinpower-wasp-major-evo-plus-22-6-7-2-2200kv-red-purple
RCIN-2200-2200-2,TYPE CABLE,20AWG,https://newbeedrone.com/products/rcinpower-wasp-major-evo-plus-22-6-7-2-2200kv-red-purple
RCIN-2200-2200-2,L CABLE,150mm,https://newbeedrone.com/products/rcinpower-wasp-major-evo-plus-22-6-7-2-2200kv-red-purple
RCIN-2200-2200-2,AMP,60.3,https://newbeedrone.com/products/rcinpower-wasp-major-evo-plus-22-6-7-2-2200kv-red-purple
RCIN-2200-2200-2,PUISSANCE,1447,https://newbeedrone.com/products/rcinpower-wasp-major-evo-plus-22-6-7-2-2200kv-red-purple
RCIN-2200-2200-2,RESISTANCE,38mΩ,https://newbeedrone.com/products/rcinpower-wasp-major-evo-plus-22-6-7-2-2200kv-red-purple
RCIN-2160-2160-2,CONFIG,12N14P,https://newbeedrone.com/products/rcinpower-wasp-major-evo-plus-22-6-7-2-2200kv-red-purple
RCIN-2160-2160-2,D MOTEUR,27.2,https://newbeedrone.com/products/rcinpower-wasp-major-evo-plus-22-6-7-2-2200kv-red-purple
RCIN-2160-2160-2,TYPE CABLE,20AWG,https://newbeedrone.com/products/rcinpower-wasp-major-evo-plus-22-6-7-2-2200kv-red-purple
RCIN-2160-2160-2,L CABLE,150mm,https://newbeedrone.com/products/rcinpower-wasp-major-evo-plus-22-6-7-2-2200kv-red-purple
RCIN-2160-2160-2,AMP,60.3,https://newbeedrone.com/products/rcinpower-wasp-major-evo-plus-22-6-7-2-2200kv-red-purple
RCIN-2160-2160-2,PUISSANCE,1447,https://newbeedrone.com/products/rcinpower-wasp-major-evo-plus-22-6-7-2-2200kv-red-purple
RCIN-2160-2160-2,RESISTANCE,38mΩ,https://newbeedrone.com/products/rcinpower-wasp-major-evo-plus-22-6-7-2-2200kv-red-purple
THOB-1980-1980,ENTRAXE FIX,Ø16,https://www.unmannedtechshop.co.uk/products/t-hobby-pacer-p22-6-7-bando-series-6s-fpv-motor-1880kv-1980kv
THOB-1980-1980,VIS FIX,M3,https://www.unmannedtechshop.co.uk/products/t-hobby-pacer-p22-6-7-bando-series-6s-fpv-motor-1880kv-1980kv
THOB-1980-1980,TYPE CABLE,20AWG,https://www.unmannedtechshop.co.uk/products/t-hobby-pacer-p22-6-7-bando-series-6s-fpv-motor-1880kv-1980kv
THOB-1980-1980,L CABLE,170mm,https://www.unmannedtechshop.co.uk/products/t-hobby-pacer-p22-6-7-bando-series-6s-fpv-motor-1880kv-1980kv
THOB-1980-1980,UTILISATION,Cinematic,https://www.unmannedtechshop.co.uk/products/t-hobby-pacer-p22-6-7-bando-series-6s-fpv-motor-1880kv-1980kv
AXIS-4800-4800,LIPO,3S-4S,https://www.unmannedtechshop.co.uk/products/axisflying-c155-motor-for-2-5inch-3-5inch-cinewhoop
AXIS-4800-4800,ENTRAXE FIX,9x9,https://www.unmannedtechshop.co.uk/products/axisflying-c155-motor-for-2-5inch-3-5inch-cinewhoop
AXIS-4800-4800,VIS FIX,M2,https://www.unmannedtechshop.co.uk/products/axisflying-c155-motor-for-2-5inch-3-5inch-cinewhoop
AXIS-4800-4800,D SHAFT,1.5,https://www.unmannedtechshop.co.uk/products/axisflying-c155-motor-for-2-5inch-3-5inch-cinewhoop
AXIS-4800-4800,HELICE,2.5–3.5 inch props (freestyle ,https://www.unmannedtechshop.co.uk/products/axisflying-c155-motor-for-2-5inch-3-5inch-cinewhoop
AXIS-4800-4800,UTILISATION,Cinewhoop,https://www.unmannedtechshop.co.uk/products/axisflying-c155-motor-for-2-5inch-3-5inch-cinewhoop
AXIS-2650-2650,LIPO,6S,https://www.racedayquads.com/products/axisflying-c204-2004-2650kv-t-mount-motor
AXIS-2650-2650,TYPE CABLE,20AWG,https://www.racedayquads.com/products/axisflying-c204-2004-2650kv-t-mount-motor
AXIS-2650-2650,L CABLE,150mm,https://www.racedayquads.com/products/axisflying-c204-2004-2650kv-t-mount-motor
AXIS-2650-2650,D SHAFT,1.5,https://www.racedayquads.com/products/axisflying-c204-2004-2650kv-t-mount-motor
AXIS-2650-2650,ENTRAXE FIX,12x12,https://www.racedayquads.com/products/axisflying-c204-2004-2650kv-t-mount-motor
AXIS-2650-2650,VIS FIX,M2,https://www.racedayquads.com/products/axisflying-c204-2004-2650kv-t-mount-motor
AXIS-2650-2650,UTILISATION,Cinewhoop,https://www.racedayquads.com/products/axisflying-c204-2004-2650kv-t-mount-motor
AXIS-3500-3500,TYPE CABLE,20AWG,https://www.racedayquads.com/products/axisflying-c204-2004-2650kv-t-mount-motor
AXIS-3500-3500,L CABLE,150mm,https://www.racedayquads.com/products/axisflying-c204-2004-2650kv-t-mount-motor
AXIS-3500-3500,ENTRAXE FIX,12x12,https://www.racedayquads.com/products/axisflying-c204-2004-2650kv-t-mount-motor
AXIS-3500-3500,VIS FIX,M2,https://www.racedayquads.com/products/axisflying-c204-2004-2650kv-t-mount-motor
AXIS-3500-3500,UTILISATION,Cinewhoop,https://www.racedayquads.com/products/axisflying-c204-2004-2650kv-t-mount-motor
AXIS-3500-3500,LIPO,4S,https://www.racedayquads.com/products/axis-flying-c204-2004-3500kv-motor
AXIS-1960-1960-2,L CABLE,150mm,https://www.unmannedtechshop.co.uk/products/axisflying-c206-2006-2500kv-brushless-motor
AXIS-1960-1960-2,UTILISATION,Cinematic,https://www.unmannedtechshop.co.uk/products/axisflying-c206-2006-2500kv-brushless-motor
AXIS-2750-2750,L CABLE,150mm,https://www.unmannedtechshop.co.uk/products/axisflying-c206-2006-2500kv-brushless-motor
AXIS-2750-2750,UTILISATION,Cinematic,https://www.unmannedtechshop.co.uk/products/axisflying-c206-2006-2500kv-brushless-motor
AXIS-4500-4500,L CABLE,150mm,https://pyrodrone.com/products/axisflying-c145-1404-5-4s-2-5inch-cinewhoop-and-cinematic-fpv-drone-motor-4500kv
AXIS-4500-4500,UTILISATION,Cinewhoop,https://pyrodrone.com/products/axisflying-c145-1404-5-4s-2-5inch-cinewhoop-and-cinematic-fpv-drone-motor-4500kv
AXIS-1350-1350,UTILISATION,Cinematic,https://www.unmannedtechshop.co.uk/products/axisflying-brushless-motor-c287-2807-5
AXIS-2050-2050,L CABLE,150mm,https://newbeedrone.com/products/axisflying-cinematic-series-c246-motors
AXIS-1850-1850,L CABLE,150mm,https://newbeedrone.com/products/axisflying-cinematic-series-c246-motors
AXIS-1650-1650,L CABLE,150mm,https://newbeedrone.com/products/axisflying-cinematic-series-c246-motors
BROT-2207-2500,CLOCHE,Al 7075,https://www.racedayquads.com/products/brotherhobby-gom-2207-5-2500kv-motor
BROT-2207-2500,VIS HEL,M5,https://www.racedayquads.com/products/brotherhobby-gom-2207-5-2500kv-motor
BROT-2207-2500,UTILISATION,Racing,https://www.racedayquads.com/products/brotherhobby-gom-2207-5-2500kv-motor
SUNN-2814-900,RESISTANCE,21.3mΩ (Low resistan,https://www.unmannedtechshop.co.uk/products/sunnysky-x2814-1100kv-v3-brushless-motor-high-efficiency-rc-power
SUNN-2814-900,AMP,55,https://www.unmannedtechshop.co.uk/products/sunnysky-x2814-1100kv-v3-brushless-motor-high-efficiency-rc-power
SUNN-2814-900,IMG,https://cdn.shopify.com/s/files/1/0914/9972/5181/files/sunnysky__2_d6eeeda4-c35c-461e-ad47-c3114c8b2f01.jpg?v=1783523579,https://www.unmannedtechshop.co.uk/products/sunnysky-x2814-1100kv-v3-brushless-motor-high-efficiency-rc-power
EMAX-2207-2500,RESISTANCE,42m Ω,https://www.racedayquads.com/products/emax-rsiii-series-2207-2500kv-motor-1
RCIN-0802-27000,RESISTANCE,95mΩ,https://www.racedayquads.com/products/rcinpower-gts-v3-1s-0802-27000kv-motors-choose-color
RCIN-2105-1850-3,ENTRAXE FIX,12x12,https://www.racedayquads.com/products/rcinpower-gts-v3-2105-plus-2950kv-motor-choose-color
RCIN-2105-1850-3,VIS FIX,M2,https://www.racedayquads.com/products/rcinpower-gts-v3-2105-plus-2950kv-motor-choose-color
RCIN-2105-3600-2,ENTRAXE FIX,12x12,https://www.racedayquads.com/products/rcinpower-gts-v3-2105-plus-2950kv-motor-choose-color
RCIN-2105-3600-2,VIS FIX,M2,https://www.racedayquads.com/products/rcinpower-gts-v3-2105-plus-2950kv-motor-choose-color
EMAX-2207-1900-2,POIDS,31.9,https://www.racedayquads.com/products/emax-e3-series-2207-motor-1700kv-1900kv-2400kv
EMAX-2207-1900-2,RESISTANCE,74mΩ,https://www.racedayquads.com/products/emax-e3-series-2207-motor-1700kv-1900kv-2400kv
EMAX-2207-1900-2,PUISSANCE,1050,https://www.racedayquads.com/products/emax-e3-series-2207-motor-1700kv-1900kv-2400kv
EMAX-2207-1900-2,AMP,42,https://www.racedayquads.com/products/emax-e3-series-2207-motor-1700kv-1900kv-2400kv
EMAX-2207-1900-2,LIPO,3S-6S,https://www.racedayquads.com/products/emax-e3-series-2207-motor-1700kv-1900kv-2400kv
EMAX-2207-2400-2,POIDS,31.9,https://www.racedayquads.com/products/emax-e3-series-2207-motor-1700kv-1900kv-2400kv
EMAX-2207-2400-2,RESISTANCE,74mΩ,https://www.racedayquads.com/products/emax-e3-series-2207-motor-1700kv-1900kv-2400kv
EMAX-2207-2400-2,PUISSANCE,1050,https://www.racedayquads.com/products/emax-e3-series-2207-motor-1700kv-1900kv-2400kv
EMAX-2207-2400-2,AMP,42,https://www.racedayquads.com/products/emax-e3-series-2207-motor-1700kv-1900kv-2400kv
EMAX-2207-2400-2,LIPO,3S-6S,https://www.racedayquads.com/products/emax-e3-series-2207-motor-1700kv-1900kv-2400kv
EMAX-2207-2100-2,HELICE,"5""-5.5""",https://www.racedayquads.com/products/emax-e3-series-2207-motor-1700kv-1900kv-2400kv
EMAX-2207-2100-2,ENTRAXE FIX,19x19,https://www.racedayquads.com/products/emax-e3-series-2207-motor-1700kv-1900kv-2400kv
BETA-1506-4200,UTILISATION,Freestyle,https://pyrodrone.com/products/betafpv-lava-series-1506-brushless-motor-4200kv-1pc
BETA-0702-27000-2,D SHAFT,1,https://pyrodrone.com/products/betafpv-0702-ii-brushless-motor-set-30000kv-4-pcs
BETA-0702-27000-2,L SHAFT,4.2,https://pyrodrone.com/products/betafpv-0702-ii-brushless-motor-set-30000kv-4-pcs
BETA-0702-27000-2,VIS FIX,M1.4,https://pyrodrone.com/products/betafpv-0702-ii-brushless-motor-set-30000kv-4-pcs
BETA-0702-27000-2,TYPE CABLE,30AWG,https://pyrodrone.com/products/betafpv-0702-ii-brushless-motor-set-30000kv-4-pcs
BETA-0702-27000-2,L CABLE,35mm,https://pyrodrone.com/products/betafpv-0702-ii-brushless-motor-set-30000kv-4-pcs
IFLI-2207-1750,TYPE CABLE,20AWG,https://www.racedayquads.com/products/iflight-xing2-2207-1855kv-motor
IFLI-2207-2050-2,TYPE CABLE,20AWG,https://www.racedayquads.com/products/iflight-xing2-2207-1855kv-motor
IFLI-2207-2050-2,L CABLE,160mm,https://www.racedayquads.com/products/iflight-xing2-2207-1855kv-motor
IFLI-2207-2050-2,ENTRAXE FIX,16x16,https://www.racedayquads.com/products/iflight-xing2-2207-1855kv-motor
IFLI-2207-1855,D SHAFT,5,https://www.racedayquads.com/products/iflight-xing2-2207-unibell-motor-2050kv
IFLI-2207-1855,L SHAFT,13.5,https://www.racedayquads.com/products/iflight-xing2-2207-unibell-motor-2050kv
IFLI-2207-1855,AIMANT,N52H,https://www.racedayquads.com/products/iflight-xing2-2207-unibell-motor-2050kv
IFLI-2207-1855,UTILISATION,Freestyle,https://www.racedayquads.com/products/iflight-xing2-2207-unibell-motor-2050kv
IFLI-2207-2755,D SHAFT,5,https://www.racedayquads.com/products/iflight-xing2-2207-unibell-motor-2050kv
IFLI-2207-2755,L SHAFT,13.5,https://www.racedayquads.com/products/iflight-xing2-2207-unibell-motor-2050kv
IFLI-2207-2755,AIMANT,N52H,https://www.racedayquads.com/products/iflight-xing2-2207-unibell-motor-2050kv
IFLI-2207-2755,UTILISATION,Freestyle,https://www.racedayquads.com/products/iflight-xing2-2207-unibell-motor-2050kv
IFLI-2207-1950,D SHAFT,5,https://www.racedayquads.com/products/iflight-xing2-2207-unibell-motor-2050kv
IFLI-2207-1950,L SHAFT,13.5,https://www.racedayquads.com/products/iflight-xing2-2207-unibell-motor-2050kv
IFLI-2207-1950,AIMANT,N52H,https://www.racedayquads.com/products/iflight-xing2-2207-unibell-motor-2050kv
IFLI-2207-1950,UTILISATION,Freestyle,https://www.racedayquads.com/products/iflight-xing2-2207-unibell-motor-2050kv
