ID,REF,MARQUE,NOM,VERSION,CLASSE,KV,POIDS,H STATOR,D STATOR,H MOTEUR,D MOTEUR,D SHAFT,L SHAFT,TYPE SHAFT,VIS HEL,VIS FIX,ENTRAXE FIX,LIPO,VOLTAGE,L CABLE,TYPE CABLE,HELICE,PUISSANCE,AMP,AIMANT,CLOCHE,CONFIG,LIEN,IMG,RESISTANCE,UTILISATION
1,BETA-1102-22000,BetaFPV,1102 Brushless Motor,2022,1102,22000,2.79,2,11,13.6,,1.5,5,Lisse,,M1.4,Ø6.6 (3 trous),1S,3.7V,37mm,28AWG,40mm 3 pales,,,,,,https://betafpv.com/products/1102-13500kv-brushless-motors,https://betafpv.com/cdn/shop/products/74b96dbb2d19db9758ba306fc55ad040_f7a20941-d790-4480-9c37-a4e829a8cd8e_800x.jpg?v=1662720960,,
2,BETA-1102-18000,BetaFPV,1102 Brushless Motor,V1,1102,18000,2.95,2,11,15.2,13.8,1.5,5,Lisse,,M1.4,Ø6.6 (3 trous),1S,3.7V,37mm,28AWG,40mm 3 pales,,,,,,https://betafpv.com/products/1102-13500kv-brushless-motors,https://betafpv.com/cdn/shop/products/74b96dbb2d19db9758ba306fc55ad040_f7a20941-d790-4480-9c37-a4e829a8cd8e_800x.jpg?v=1662720960,,
3,BETA-1102-14000,BetaFPV,1102 Brushless Motor,2022,1102,14000,,2,11,,,1.5,5,Lisse,,M1.4,Ø6.6 (3 trous),1S,3.7V,37mm,28AWG,40mm 3 pales,,,,,,https://betafpv.com/products/1102-13500kv-brushless-motors,https://betafpv.com/cdn/shop/products/74b96dbb2d19db9758ba306fc55ad040_f7a20941-d790-4480-9c37-a4e829a8cd8e_800x.jpg?v=1662720960,,
4,EMAX-2004-2400,Emax,ECO II 2004,ECO II,2004,2400,18,4,20,19.2,24.7,1.5,,T-Mount,,M2,12x12,4S-6S,14.8-22.2V,120mm,24AWG,"3""-4""",,,N52SH,,12N14P,https://www.racedayquads.com/products/emax-eco-ii-2004-2400kv-motor,https://www.racedayquads.com/cdn/shop/products/emax-emax-eco-ii-2004-2400kv-motor-motor-29349070831729.jpg?v=1762441476&width=1200,,
5,EMAX-2207-1800,Emax,RSIII 2207,RSIII,2207,1800,29.3,7,22,33,26.9,4,,Plein (titane),M5,M3,16x16,3S-6S,11.1-22.2V,120mm,20AWG,"5""-5.5""",1080,43,,,12N14P,https://www.racedayquads.com/products/emax-rsiii-series-2207-1800kv-motor,https://www.racedayquads.com/cdn/shop/files/emax-emax-rsiii-series-2207-1800kv-motor-motor-30806852141169.jpg?v=1762443233&width=1200,72m Ω,Racing
6,EMAX-2306-1800,Emax,RSIII 2306,RSIII,2306,1800,27.9,6,23,32,27.3,4,,Plein (titane),M5,M3,16x16,3S-6S,11.1-22.2V,120mm,20AWG,"5""-5.5""",860,34,,,12N14P,https://www.racedayquads.com/products/emax-rsiii-series-2306-1800kv-motor,https://www.racedayquads.com/cdn/shop/files/emax-emax-rsiii-series-2306-1800kv-motor-motor-30806860497009.jpg?v=1762443235&width=1200,,
7,EMAX-2306-2500,Emax,RSIII 2306,RSIII,2306,2500,27.7,6,23,32,27.3,4,,Plein (titane),M5,M3,16x16,3S-4S,11.1-14.8V,120mm,20AWG,"5""-5.5""",720,43,,,12N14P,https://www.racedayquads.com/products/emax-rsiii-series-2306-2500kv-motor,https://www.racedayquads.com/cdn/shop/files/emax-emax-rsiii-series-2306-2500kv-motor-motor-30806865444977.jpg?v=1762443237&width=1200,,
8,EMAX-2306-2100,Emax,RSIII 2306,RSIII,2306,2100,27.8,6,23,32,27.3,4,,Plein (titane),M5,M3,16x16,3S-6S,11.1-22.2V,120mm,20AWG,"5""-5.5""",1160,46,,,12N14P,https://www.racedayquads.com/products/emax-rsiii-series-2306-2100kv-motor,https://www.racedayquads.com/cdn/shop/files/emax-emax-rsiii-series-2306-2100kv-motor-motor-30806862921841.jpg?v=1762443237&width=1200,,
9,RCIN-0802-25000,RCinPower,GTS V3 0802,GTS V3,0802,25000,1.97,2,8,8.2,11.2,1,,,,,,1S,3.7V,,,,24.1,6.5,,,9N12P,https://pyrodrone.com/products/rcinpower-gts-v3-0802-25000kv-brushless-fpv-drone-motor-choose-color,https://pyrodrone.com/cdn/shop/products/S36bdf6bd1b3148b18f4e2525048040931_9cc00cb4-5bf7-40d6-99f7-57af5248b7cc_700x700.jpg?v=1671651610,105mΩ,
10,RCIN-0802-22000,RCinPower,GTS V3 0802,GTS V3,0802,22000,1.97,2,8,8.2,11.2,1,,,,,,1S,3.7V,,,,21.5,5.8,,,9N12P,https://pyrodrone.com/products/rcinpower-gts-v3-0802-22000kv-brushless-fpv-drone-motor-choose-color,https://pyrodrone.com/cdn/shop/products/S36bdf6bd1b3148b18f4e2525048040931_700x700.jpg?v=1671651214,117mΩ,
11,RCIN-0802-27000,RCinPower,GTS V3 0802,GTS V3,0802,27000,1.97,2,8,8.2,11.2,1,,,,,,1S,3.7V,,,,26.6,7.2,,,9N12P,https://pyrodrone.com/products/rcinpower-gts-v3-0802-27000kv-brushless-fpv-drone-motor-choose-color,https://pyrodrone.com/cdn/shop/products/S36bdf6bd1b3148b18f4e2525048040931_a5eced9d-a801-4e68-ac8a-b62c8c9ca56b_700x700.jpg?v=1671651855,,
12,BETA-0702-23000,BetaFPV,0702SE II Brushless Motor,SE II,0702,23000,1.45,2,7,,,1,4.2,Lisse,,M1.4,Ø6.6,1S,3.7V,35mm,30AWG,31mm (1210 / 1208),,,,,,https://betafpv.com/products/0702-ii-brushless-motors,https://betafpv.com/cdn/shop/files/0702_II_motor_800x.jpg?v=1744079246,,
13,BETA-0702-27000,BetaFPV,0702SE II Brushless Motor,SE II,0702,27000,1.47,2,7,,,1,4.2,Lisse,,M1.4,Ø6.6,1S,3.7V,35mm,30AWG,31mm (1210 / 1208),,,,,,https://betafpv.com/products/0702-ii-brushless-motors,https://betafpv.com/cdn/shop/files/0702_II_motor_800x.jpg?v=1744079246,,
14,BETA-1805-2550,BetaFPV,1805 Brushless Motor,V1,1805,2550,16.1,5,18,19.7,23.2,1.5,3.8,Lisse,Vis M2,M2,12x12,4S,14.8V,80mm,24AWG,"5"" (5125 / 5025)",,,,,,https://betafpv.com/products/1805-brushless-motors,https://betafpv.com/cdn/shop/products/1550_eb7d4c8a-5e2c-43c4-b854-2b979b320d58_800x.jpg?v=1593592995,,
15,BETA-1103-10500,BetaFPV,1103 Brushless Motor (Aquila20),,1103,10500,3.5,3,11,,,1.5,5,Lisse,,M1.4,Ø6.6,2S,7.4V,52mm,30AWG,45mm (Gemfan 2218 3 pales),,,,,,https://betafpv.com/products/1103-brushless-motors-aquila20,https://betafpv.com/cdn/shop/files/1103_Brushless_Motors_1PCS_800x.jpg?v=1775703206,,
16,EMAX-2004-3000,Emax,ECO II 2004,ECO II,2004,3000,18,4,20,19.2,24.7,1.5,,T-Mount,,M2,12x12,3S-6S,11.1-22.2V,120mm,24AWG,,,,N52SH,,12N14P,https://www.racedayquads.com/products/emax-eco-ii-2004-3000kv-motor,https://www.racedayquads.com/cdn/shop/products/emax-emax-eco-ii-2004-3000kv-motor-motor-29349080760433.jpg?v=1762441478&width=1200,,
17,RCIN-1002-22000,RCinPower,GTS V3 1002,GTS V3,1002,22000,2.5,2,10,7.75,13.5,1.5,,,,,9x9,1S,3.7V,,,,,14,,,9N12P,https://www.racedayquads.com/products/rcinpower-gts-v3-1002-22000kv-motor-choose-color,https://www.racedayquads.com/cdn/shop/products/rcinpower-rcinpower-gts-v3-1002-22000kv-micro-motor-choose-color-teal-pink-motor-30002005475441.jpg?v=1737459241&width=600,75mΩ,
18,EMAX-2004-2000,Emax,ECO II 2004,ECO II,2004,2000,16.6,4,20,19.2,24.7,1.5,,T-Mount,,M2,12x12,4S-6S,14.8-22.2V,120mm,24AWG,,,,N52SH,,12N14P,https://www.racedayquads.com/products/emax-eco-ii-2004-2000kv-motor,https://www.racedayquads.com/cdn/shop/products/emax-emax-eco-ii-2004-2000kv-motor-motor-29349066178673.jpg?v=1762441476&width=1200,,
19,RCIN-1003-10000,RCinPower,GTS V3 1003,GTS V3,1003,10000,3.45,3,10,9.2,13.5,1.5,,,,,,1S-2S,3.7-7.4V,50mm,,,85,11.5,,,9N12P,https://www.racedayquads.com/products/rcinpower-gts-v3-1003-10000kv-motor-choose-your-color,https://www.racedayquads.com/cdn/shop/files/rcinpower-rcinpower-gts-v3-1003-10000kv-micro-motor-choose-color-teal-blue-pink-motor-30802735267953.jpg?v=1737315957&width=600,162m Ω,
20,RCIN-2105-2950,RCinPower,GTS V3 2105 Plus,GTS V3 Plus,2105,2950,20,5.5,21,15.2,25.53,5,,,M5,M2,12x12,3S-4S,11.1-14.8V,,,,,38.8,,,12N14P,https://www.racedayquads.com/products/rcinpower-gts-v3-2105-plus-2950kv-motor-choose-color,https://www.racedayquads.com/cdn/shop/products/rcinpower-rcinpower-gts-v3-2105-plus-2950kv-motor-choose-color-teal-pink-motor-29465188302961.jpg?v=1737152338&width=600,60mΩ,
21,RCIN-1002-14000,RCinPower,GTS V3 1002,GTS V3,1002,14000,2.5,2,10,7.75,13.5,1.5,,,,,9x9,1S-2S,3.7-7.4V,,,,,9,,,9N12P,https://www.racedayquads.com/products/rcinpower-gts-v3-1002-14000kv-motor-choose-color,https://www.racedayquads.com/cdn/shop/products/rcinpower-rcinpower-gts-v3-1002-14000kv-micro-motor-choose-color-teal-pink-motor-30001986011249.jpg?v=1737459406&width=600,175mΩ,
22,RCIN-1003-22000,RCinPower,GTS V3 1003,GTS V3,1003,22000,3.45,3,10,9.2,13.5,1.5,,,,,,1S,3.7V,50mm,,,67,18.1,,,9N12P,https://www.racedayquads.com/products/rcinpower-gts-v3-1003-22000kv-micro-motor-choose-color,https://www.racedayquads.com/cdn/shop/files/rcinpower-rcinpower-gts-v3-1003-22000kv-micro-motor-choose-color-teal-blue-pink-motor-30802815811697.jpg?v=1762443198&width=1200,46mΩ,
23,RCIN-1002-19000,RCinPower,GTS V3 1002,GTS V3,1002,19000,2.5,2,10,7.75,13.5,1.5,,,,,9x9,1S,3.7V,,,,,11.8,,,9N12P,https://www.racedayquads.com/products/rcinpower-gts-v3-1002-19000kv-motor-choose-color,https://www.racedayquads.com/cdn/shop/products/rcinpower-rcinpower-gts-v3-1002-19000kv-micro-motor-choose-color-teal-pink-motor-30001996103793.jpg?v=1737382378&width=600,89mΩ,
24,RCIN-2107-2080,RCinPower,GTS V3 2107 Plus,GTS V3 Plus,2107,2080,29,7.5,21,30.85,26.29,5,,,M5,,16x16,5S-6S,18.5-22.2V,,,,,43.4,,,12N14P,https://www.racedayquads.com/products/rcinpower-gts-v3-2107-plus-2080kv-motor-choose-color,https://www.racedayquads.com/cdn/shop/products/rcinpower-rcinpower-gts-v3-2107-plus-2080kv-motor-choose-color-teal-pink-motor-29465621168241.jpg?v=1737316489&width=600,53mΩ,
25,RCIN-1003-18000,RCinPower,GTS V3 1003,GTS V3,1003,18000,3.45,3,10,9.2,13.5,1.5,,,,,,1S,3.7V,50mm,,,54,14.6,,,9N12P,https://www.racedayquads.com/products/rcinpower-gts-v3-1003-18000kv-micro-motor-choose-color,https://www.racedayquads.com/cdn/shop/files/rcinpower-rcinpower-gts-v3-1003-18000kv-micro-motor-choose-color-teal-blue-pink-motor-30802776883313.jpg?v=1737251153&width=600,162mΩ,
26,RCIN-2104-1800,RCinPower,GTS V3 2104 Light,GTS V3 Light,2104,1800,15.9,4,21,13.8,23.35,1.5,,,,,12x12,4S-6S,14.8-22.2V,,,,,22.1,,,12N14P,https://www.racedayquads.com/products/rcinpower-gts-v3-2104-light-1800kv-motor-choose-color,https://www.racedayquads.com/cdn/shop/products/rcinpower-rcinpower-gts-v3-2104-light-1800kv-motor-choose-color-gunmetal-gold-motor-29462515351665.jpg?v=1737137221&width=600,210mΩ,
27,HAPP-0702-26000,HappyModel,SE 0702,SE,0702,26000,1.46,2,7,14,9.5,1,,,,,Ø7,1S,3.7V,,,,,,,,9N12P,https://www.racedayquads.com/products/happymodel-se0702-0702-26000kv-motor,https://www.racedayquads.com/cdn/shop/files/happymodel-happymodel-se-0702-26000kv-motor-cw-motor-31828271562865.jpg?v=1737124793&width=600,,Whoop
28,FLYF-2207-1950,FlyFishRC,Sword 2207,Sword,2207,1950,34.4,7,22,32.4,26.9,4,13.5,Ecrou,Non,4 Vis,16x16,6S,22.2V,150mm,20AWG,,,,,,12N14P,https://www.racedayquads.com/products/flyfishrc-sword-2207-1950kv-motor-non-unibell-black,https://www.racedayquads.com/cdn/shop/files/flyfish-flyfishrc-sword-2207-1950kv-motor-black-motor-30796719882353.jpg?v=1762443154&width=1200,,
29,EMAX-2808-1300,Emax,E3 2808,E3,2808,1300,53.6,8,28,37,34.8,5,,,M5,,19x19,3S-6S,11.1-22.2V,250mm,18AWG,"6""-7""",1410,56,,,12N14P,https://www.racedayquads.com/products/emax-e3-series-2808-motor-1300kv-1500kv,https://www.racedayquads.com/cdn/shop/files/emax-e3-series-2808-motor-1300kv-1500kv-motor-1157041715.jpg?v=1745147073&width=1200,56mΩ,Long Range
30,EMAX-2808-1500,Emax,E3 2808,E3,2808,1500,53.8,8,28,37,34.8,5,,,M5,,19x19,3S-6S,11.1-22.2V,250mm,18AWG,"6""-7""",1640,65,,,12N14P,https://www.racedayquads.com/products/emax-e3-series-2808-motor-1300kv-1500kv,https://www.racedayquads.com/cdn/shop/files/emax-e3-series-2808-motor-1300kv-1500kv-motor-1157041715.jpg?v=1745147073&width=1200,56mΩ,Long Range
31,IFLI-2205-2300,iFlight,XING2 2205 Unibell,XING2,2205,2300,23.7,5,22,29.5,28.6,5,13.5,,M5,M2,12x12,6S,22.2V,160mm,22AWG,,451.33,17.91,N52H,Unibell,12N14P,https://www.racedayquads.com/products/iflight-xing2-2205-motor-2300kv-unibell,https://www.racedayquads.com/cdn/shop/files/iflight-xing2-2205-motor-2300kv-unibell-motor-1189609768.jpg?v=1756311151&width=1200,72.41mΩ / 50.63mΩ / ,Freestyle
32,RCIN-2207-1980,RCinPower,AOS Supernova 2207 (Chris Rosser),Supernova,2207,1980,31,7,22,19.5,27.6,4,,Creux,,,,5S-6S,18.5-22.2V,,,,1456,61,,,12N14P,https://www.racedayquads.com/products/rcinpower-aos-supernova-2207-1980kv-motor-chris-rosser,https://www.racedayquads.com/cdn/shop/files/rcinpower-rcinpower-aos-supernova-2207-1980kv-motor-chris-rosser-motor-30951712227441.jpg?v=1762456501&width=1200,45mΩ,
33,BETA-1805-1550,BetaFPV,1805 Brushless Motor,V1,1805,1550,16.1,5,18,19.7,23.2,1.5,3.8,Lisse,Vis M2,M2,12x12,6S,22.2V,100mm,24AWG,"5"" (5125 / 5025)",,,,,,https://pyrodrone.com/products/betafpv-1805-brushless-motors-1550kv-1pc,https://pyrodrone.com/cdn/shop/products/8b465053d72bf33c227fa9eedfc2486b_720x_183031e6-4aba-4128-8cc7-d8592f880b87_700x700.png?v=1592608929,,
34,RCIN-1804-3450,RCinPower,GTS V3 1804,GTS V3,1804,3450,12,4,18,13.2,22.74,1.5,,,,,,3S-4S,11.1-14.8V,,,,385,24,,,12N14P,https://pyrodrone.com/products/rcinpower-gts-v3-1804-3450kv-brushless-fpv-drone-motor-teal-blue-pink,https://pyrodrone.com/cdn/shop/products/PhotoRoom-20230228_110546_700x700.png?v=1677612701,116m Ω,
35,RCIN-2207-1600,RCinPower,GTS V4 2207 8S,GTS V4,2207,1600,29.9,7,22,30.3,27.3,4,,Creux,,,,8S,29.6V,,,,,,,,12N14P,https://pyrodrone.com/products/rcinpower-gts-v4-2207-1600kv-8s-brushless-fpv-drone-motor-black-gold,https://pyrodrone.com/cdn/shop/files/PhotoRoom-20230228_111446_1200x1200_f50cdfd3-7289-49b0-b864-1132238281c0_700x700.webp?v=1700259020,,
36,RCIN-1404-2850,RCinPower,GTS V3 1404.6,GTS V3,1404,2850,9,4.6,14,13.1,18.2,1.5,,,,M2,9x9,,,,,"4"" (longue portée)",,,N52H,,9N12P,https://pyrodrone.com/products/rcinpower-gts-v3-1404-6-2850kv-fpv-drone-motor-choose-color,https://pyrodrone.com/cdn/shop/files/2_9b128c83-83ac-4d2e-8928-d42d6e9f58f1_700x700.jpg?v=1735590835,,
37,RCIN-1404-4680,RCinPower,GTS V3 1404.6,GTS V3,1404,4680,9,4.6,14,13.1,18.2,1.5,,,,M2,9x9,,,,,"4"" (longue portée)",,,N52H,,9N12P,https://pyrodrone.com/products/rcinpower-gts-v3-1404-6-4680kv-fpv-drone-motor-choose-color,https://pyrodrone.com/cdn/shop/files/2_4a63c271-3118-4ee1-8149-e76e66ca52fb_700x700.jpg?v=1735590795,,
38,RCIN-1404-4000,RCinPower,AOS Supernova 1404,Supernova,1404,4000,10.2,4.5,14,13.2,18.75,1.5,,,,,,3S-4S,11.1-14.8V,,,,335,20.9,,,9N12P,https://pyrodrone.com/products/rcinpower-aos-supernova-1404-4000kv-brushless-fpv-drone-motor,https://pyrodrone.com/cdn/shop/files/aos-supernova-1404-4000kv-brushless-motor-by-rcinpower_1_700x700.jpg?v=1762297075,,Freestyle
39,RCIN-1507-2680,RCinPower,Smoox Plus 1507,Smoox Plus,1507,2680,16.8,7,15,28.2,20.7,5,,,M5,,,4S-6S,14.8-22.2V,,,,420,19,,,9N12P,https://pyrodrone.com/products/rcinpower-smoox-plus-1507-2680kv-fpv-drone-motor-gun-metal,https://pyrodrone.com/cdn/shop/products/4PCS-RCINPOWER-SmooX-1507-Plus-2680KV-3800KV-4200KV-3-6S-FPV-Brushless-Motor-for-FPV-Racing_jpg_Q90_jpg_3ba8514f-dac1-4790-869d-964e93066938_700x700.jpg?v=1652468797,113mΩ,Racing
40,FLYF-1404-4500,FlyFishRC,Flash 1404,Flash,1404,4500,8.7,4,14,15.5,19.3,1.5,3,Tige,Oui,4 Vis,9x9,3S-4S,11.1-14.8V,120mm,24AWG,,,,,,9N12P,https://pyrodrone.com/products/flyfishrc-flash-1404-4500kv-motor,https://pyrodrone.com/cdn/shop/products/Flash-1404-motor-5_700x700.webp?v=1667508240,,
41,RCIN-2807-1400,RCinPower,AOS Supernova 2807,Supernova,2807,1400,47,7,28,35.3,32.9,4,,Creux,,,,4S-6S,14.8-22.2V,,,,960,40,,,12N14P,https://pyrodrone.com/products/rcinpower-aos-supernova-2807-1400kv-brushless-fpv-drone-motor,https://pyrodrone.com/cdn/shop/files/1-3_1_1200x1200_26ec9c9d-7a26-4607-aafa-42062cf66788_700x700.webp?v=1711163534,58mΩ,
42,RCIN-2207-1920,RCinPower,Vanover V3 2207,V3,2207,1920,31,7,22,18.8,28.1,4,,Creux,,,,5S-6S,18.5-22.2V,,,,1340,55.8,,,12N14P,https://pyrodrone.com/products/rcinpower-vanover-v3-2207-brushless-fpv-drone-motor-1920kv,https://pyrodrone.com/cdn/shop/files/VanoverV3Motor_700x700.jpg?v=1735430818,50mΩ,Racing
43,EMAX-2207-2500,Emax,RSIII 2207,RSIII,2207,2500,29.4,7,22,33,26.9,4,,Plein (titane),M5,M3,16x16,3S-4S,11.1-14.8V,120mm,20AWG,"5""-5.5""",750,45,,,12N14P,https://pyrodrone.com/products/emax-rsiii-2207-2500kv-fpv-racing-motor,https://pyrodrone.com/cdn/shop/files/DSC0241_cd03b8e0-d60e-46e3-8ba3-d4379043bcbe_700x700.webp?v=1694806828,,Racing
44,RCIN-2207-2060,RCinPower,Vanover V3 2207,V3,2207,2060,31,7,22,18.8,28.1,4,,Creux,,,,5S-6S,18.5-22.2V,,,,1428,59.5,,,12N14P,https://pyrodrone.com/products/rcinpower-vanover-v3-2207-brushless-fpv-drone-motor-2060kv,https://pyrodrone.com/cdn/shop/files/VanoverV3Motor_700x700.jpg?v=1735430818,46mΩ,Racing
45,BETA-1103-15000,BetaFPV,1103 Brushless Motor,V1,1103,15000,3.7,3,11,14,13.6,1.5,,Lisse,,M1.6,Ø8.5,1S,3.7V,45mm,,40mm 4 pales,,,N48H,,,https://betafpv.com/products/1103-brushless-motors,https://betafpv.com/cdn/shop/products/1_1a77febc-1122-4ff1-8a41-0370f0416580_800x.jpg?v=1568718208,,
46,BETA-1103-11000,BetaFPV,1103 Brushless Motor,V1,1103,11000,3.3,3,11,14,13.6,1.5,,Lisse,,M1.6,Ø8.5,2S,7.4V,32mm,,40mm 4 pales,,,N48H,,,https://betafpv.com/products/1103-brushless-motors,https://betafpv.com/cdn/shop/products/1_1a77febc-1122-4ff1-8a41-0370f0416580_800x.jpg?v=1568718208,,
47,BETA-1103-8000,BetaFPV,1103 Brushless Motor,V1,1103,8000,3.8,3,11,14,13.6,1.5,,Lisse,,M1.6,Ø8.5,3S,11.1V,35mm / 55mm,,40mm 4 pales,,,N48H,,,https://betafpv.com/products/1103-brushless-motors,https://betafpv.com/cdn/shop/products/1_1a77febc-1122-4ff1-8a41-0370f0416580_800x.jpg?v=1568718208,,
48,BETA-1103-8500,BetaFPV,1103 Brushless Motor,,1103,8500,,3,11,14,,1.5,,Lisse,,M1.6,Ø8.5,,,,,40mm 4 pales,,,N48H,,,https://betafpv.com/products/1103-brushless-motors,https://betafpv.com/cdn/shop/products/1_1a77febc-1122-4ff1-8a41-0370f0416580_800x.jpg?v=1568718208,,
49,FLYF-2207-1850,FlyFishRC,Flash 2207,Flash,2207,1850,32.2,6,23,32.3,28.4,5,13.5,Ecrou,M5,4 Vis,16x16,6S,22.2V,150MM,20AWG,,,,,,12N14P,https://www.racedayquads.com/products/flyfishrc-flash-2207-1850kv-motor,https://www.racedayquads.com/cdn/shop/products/flyfish-flyfishrc-flash-2207-1850kv-motor-motor-30468258365553.webp?v=1762442200&width=1200,,
50,EMAX-2207-1700,Emax,E3 2207,E3,2207,1700,31.9,7,22,32.8,28.6,4,,,,,19x19,3S-6S,11.1-22.2V,120mm,20AWG,"5""-5.5""",1050,42,,,12N14P,https://www.racedayquads.com/products/emax-e3-series-2207-motor-1700kv-1900kv-2400kv,https://www.racedayquads.com/cdn/shop/files/emax-e3-series-2207-motor-1700kv-1900kv-2400kv-motor-1157042065.jpg?v=1745152472&width=1200,74mΩ,
51,IFLI-2806-1300,iFlight,XING 2806.5,XING,2806,1300,49.5,6.5,28,21.3,35.06,5,15.5,,M5,M3,19x19,6S,22.2V,265mm,18AWG,,1132.9,48.33,N52H,,12N14P,https://www.racedayquads.com/products/iflight-xing-2806-5-race-motor-1300kv-1800kv,https://www.racedayquads.com/cdn/shop/files/iflight-xing-2806-5-race-motor-1300kv-1800kv-motor-1157041767.jpg?v=1745147687&width=1200,48.5mΩ,Long Range
52,IFLI-2806-1800,iFlight,XING 2806.5,XING,2806,1800,53.3,6.5,28,21.3,35.06,5,15.5,,M5,M3,19x19,6S,22.2V,265mm,18AWG,,1681,72.3,N52H,,12N14P,https://www.racedayquads.com/products/iflight-xing-2806-5-race-motor-1300kv-1800kv,https://www.racedayquads.com/cdn/shop/files/iflight-xing-2806-5-race-motor-1300kv-1800kv-motor-1157041767.jpg?v=1745147687&width=1200,48.5mΩ,Long Range
53,IFLI-2207-1590,iFlight,R5 2207,R5,2207,1590,33.8,7,22,19,28.2,5,12.5,,M5,M3,16x16,,,150mm,20AWG,,1221.6,38.62,N52H,,12N14P,https://www.racedayquads.com/products/iflight-r5-2207-motor-1590kv-2050kv,https://www.racedayquads.com/cdn/shop/files/iflight-r5-2207-motor-1590kv-2050kv-motor-1157041762.jpg?v=1745147671&width=1200,95.6mΩ,Racing
54,IFLI-2207-2050,iFlight,R5 2207,R5,2207,2050,34.6,7,22,19,28.2,5,12.5,,M5,M3,16x16,6S,22.2V,150mm,20AWG,,1166.4,49.53,N52H,,12N14P,https://www.racedayquads.com/products/iflight-r5-2207-motor-1590kv-2050kv,https://www.racedayquads.com/cdn/shop/files/iflight-r5-2207-motor-1590kv-2050kv-motor-1157041762.jpg?v=1745147671&width=1200,95.6mΩ,Racing
55,AMAX-2306-1950,AMAX,Competition 2306,Competition,2306,1950,33.5,6,23,15,,5,12,Ecrou,M5,M3,16x16,6S,22.2V,150mm,,,1000,,,,12N14P,https://www.racedayquads.com/products/amaxinno-competition-2306-1950kv-motor-1,https://www.racedayquads.com/cdn/shop/files/amax-amax-competition-2306-1950kv-motor-motor-30961584341105.jpg?v=1736995906&width=1200,,Racing
56,EMAX-2004-1600,Emax,ECO II 2004,ECO II,2004,1600,16.6,4,20,19.2,24.7,1.5,,T-Mount,,M2,12x12,4S-6S,14.8-22.2V,120mm,24AWG,,,,N52SH,,12N14P,https://pyrodrone.com/products/emax-eco-ii-2004-brushless-motor-1600kv,https://pyrodrone.com/cdn/shop/products/3000KV_4_700x700.jpg?v=1638834655,,
57,EMAX-1404-3700,Emax,ECO Micro 1404,ECO Micro,1404,3700,8.6,4,14,19.75,18.8,1.5,,,,,,,,,,"2.5""-4""",,,,,9N12P,https://pyrodrone.com/products/emax-eco-micro-series-brushless-motor-1404-3700kv,https://pyrodrone.com/cdn/shop/products/photo-3202_560x560.png?v=1583450272,,
58,BETA-1104-5500,BetaFPV,LAVA 1104 Brushless Motor,LAVA,1104,5500,5.3,4,11,,,1.5,5,Lisse,4 vis M2 (Ø5),M2,Ø9,,,24mm,28AWG,"2"" (Gemfan D2.2 / 2218)",123.5,7.7,,,,https://betafpv.com/products/lava-series-1104-brushless-motors,https://betafpv.com/cdn/shop/files/LAVA_Series_1104_7200KV_Brushless_Motors_800x.jpg?v=1785490151,,Freestyle
59,BETA-1506-4200,BetaFPV,LAVA 1506 Brushless Motor,LAVA,1506,4200,13.6,6,15,,,1.5,4,Lisse,4 vis M2 (Ø5),M2,Ø12,4S,14.8V,34mm / 80mm,24AWG,"2.5"" (GF D63 3 pales)",313.44,19.59,,,,https://betafpv.com/products/lava-series-1506-brushless-motors,https://betafpv.com/cdn/shop/files/6391ace427ade714b70fb966024ae804_30ede877-f065-413a-a67d-b4083a1c3b85_800x.jpg?v=1706153218,,
60,BETA-0702-25000,BetaFPV,0702 Brushless Motor,2026 Freestyle,0702,25000,1.50,2,7,,,1,3.4,Lisse,,M1.4,Ø6.6 (3 trous),1S,3.7V,35mm,30AWG,31mm (GF 1219S 3 pales),15.01,3.86,,,,https://www.racedayquads.com/products/betafpv-freestyle-0702-motor-4-pcs-25000kv,https://www.racedayquads.com/cdn/shop/files/betafpv-freestyle-0702-motor-4-pcs-25000kv-motor-1234986821.jpg?v=1777579988&width=1200,,Whoop
61,IFLI-2207-1855,iFlight,XING2 2207,XING2,2207,1855,31.6,7,22,,,,,,,,16x16,4S,14.8V,160mm,20AWG,,,,,,12N14P,https://www.racedayquads.com/products/iflight-xing2-2207-1855kv-motor,https://www.racedayquads.com/cdn/shop/products/iflight-iflight-xing2-2207-1855kv-motor-motor-28328603123825.jpg?v=1762441178&width=1200,,
62,IFLI-2506-1500,iFlight,XING2 2506,XING2,2506,1500,38.2,6,25,,,,,,,,16x16,6S,22.2V,160mm,20AWG,,,,,,12N14P,https://www.racedayquads.com/products/copy-of-iflight-xing2-2306-2555kv-motor,https://www.racedayquads.com/cdn/shop/products/iflight-iflight-xing2-2506-1500kv-motor-motor-30030155710577.jpg?v=1762441928&width=1200,,
63,IFLI-2506-1850,iFlight,XING2 2506,XING2,2506,1850,38.2,6,25,,,,,,,,16x16,6S,22.2V,160mm,20AWG,,,,,,12N14P,https://www.racedayquads.com/products/copy-of-iflight-xing2-2506-1500kv-motor,https://www.racedayquads.com/cdn/shop/products/iflight-iflight-xing2-2506-1850kv-motor-motor-30030183956593.jpg?v=1762441928&width=1200,,
64,HGLR-1804-2450,HGLRC,SPECTER 1804,SPECTER,1804,2450,13.3,4,18,13.2,22.68,1.5,3.8,,,M2,12x12,4S-6S,14.8-22.2V,150mm,26AWG,"3""-3.5""",432,18,N52H,,12N14P,https://www.racedayquads.com/products/hglrc-specter-1804-2450kv-micro-motor,https://www.racedayquads.com/cdn/shop/files/hglrc-hglrc-specter-1804-2450kv-micro-motor-motor-30792118665329.jpg?v=1762443127&width=1200,,Freestyle
65,HGLR-1002-21000,HGLRC,SPECTER 1002,SPECTER,1002,21000,2.5,2,10,8.25,13.59,,,,,M1.4,Ø6.6 (3 trous),1S,3.7V,,,"1.6""-2""",85,13.5,,,9N12P,https://www.racedayquads.com/products/hglrc-specter-1002-21000kv-micro-motor,https://www.racedayquads.com/cdn/shop/files/hglrc-hglrc-specter-1002-21000kv-micro-motor-motor-30791997948017.jpg?v=1762443123&width=1200,,
66,HGLR-2306-1900,HGLRC,SPECTER 2306.5,SPECTER,2306,1900,34.2,6.5,23,32.15,28.97,5,13.2,,M5,M3,16x16,5S-6S,18.5-22.2V,150mm,20AWG,"5""-6""",1145,47.7,N52H,,12N14P,https://www.racedayquads.com/products/hglrc-specter-2306-5-1900kv-motor,https://www.racedayquads.com/cdn/shop/files/hglrc-hglrc-specter-2306-5-1900kv-motor-motor-30792127021169.jpg?v=1762443127&width=1200,,
67,BETA-1104-7200,BetaFPV,LAVA 1104 Brushless Motor,LAVA,1104,7200,5.3,4,11,,,1.5,5,Lisse,4 vis M2 (Ø5),M2,Ø9,3S,11.1V,80mm,28AWG,"2"" (Gemfan D2.2 / 2218)",122.5,10.2,,,,https://pyrodrone.com/products/betafpv-lava-series-1104-7200kv-brushless-motor-with-80mm-wire-for-3s-2-2-quads-1pc,https://pyrodrone.com/cdn/shop/files/74b96dbb2d19db9758ba306fc55ad040_720x_62324af3-8bbe-4b65-a2f5-6fb109c55c07_700x700.webp?v=1723816863,,Freestyle
68,BETA-1102-21000,BetaFPV,1102 Brushless Motor,2026,1102,21000,2.85,2,11,,,1.5,5,Lisse,,M1.4,Ø6.6 (3 trous),1S,3.7V,37mm,28AWG,45mm (GF 1811 3 pales),35,9.2,,,,https://pyrodrone.com/products/betafpv-1102-21000kv-brushless-motors-2026-blue-for-meteor75-pro-ii-4-pieces,https://pyrodrone.com/cdn/shop/files/1102_Brushless_Motors_2026_4PCS_1080x_8f7ca502-16b5-44c5-bd9e-8cc150232764_700x700.jpg?v=1783956423,,
69,BETA-0802-28000,BetaFPV,0802 Brushless Motor,2026 Champion,0802,28000,1.95,2,8,,,1,4,Lisse,,M1.4,Ø6.6 (3 trous),1S,3.7V,35mm,30AWG,40mm (GF 1614 3 pales),34.3,9,,,,https://pyrodrone.com/products/betafpv-0802-brushless-motor-2026-4-pcs-choose-version,https://pyrodrone.com/cdn/shop/files/0802_Brushless_Motors_2026_Champion_1080x_3e750e5c-4f15-48b1-bd0c-ef6830166b50_700x700.jpg?v=1770676502,,Racing
70,BETA-0802-25000,BetaFPV,0802 Brushless Motor,2026 Racing,0802,25000,1.88,2,8,,,1,4,Lisse,,M1.4,Ø6.6 (3 trous),1S,3.7V,35mm,30AWG,40mm (GF 1614 3 pales),31.15,8.15,,,,https://pyrodrone.com/products/betafpv-0802-brushless-motor-2026-4-pcs-choose-version,https://pyrodrone.com/cdn/shop/files/0802_Brushless_Motors_2026_Champion_1080x_3e750e5c-4f15-48b1-bd0c-ef6830166b50_700x700.jpg?v=1770676502,,Racing
71,BETA-0802-22000,BetaFPV,0802 Brushless Motor,2026 Freestyle,0802,22000,1.88,2,8,14.9,10.5,1,4,Lisse,,M1.4,Ø6.6 (3 trous),1S,3.7V,35mm,30AWG,40mm (GF 1614 3 pales),22.73,5.90,,,,https://pyrodrone.com/products/betafpv-0802-brushless-motor-2026-4-pcs-choose-version,https://pyrodrone.com/cdn/shop/files/0802_Brushless_Motors_2026_Champion_1080x_3e750e5c-4f15-48b1-bd0c-ef6830166b50_700x700.jpg?v=1770676502,,Racing
72,BETA-0702-36000,BetaFPV,0702 Brushless Motor,2026 Champion,0702,36000,1.59,2,7,,,1,3.4,Lisse,,M1.4,Ø6.6 (3 trous),1S,3.7V,35mm,30AWG,31mm (GF 1207 3 pales),27.53,7.17,,,,https://pyrodrone.com/products/betafpv-0702-brushless-motor-2026-4-pcs-choose-version,https://pyrodrone.com/cdn/shop/files/0702_Brushless_Motors_2026_Champion_1080x_81fbd2cf-db3f-46d3-aa43-ffe4591b5837_700x700.jpg?v=1770677235,,Whoop
73,BETA-0702-30000,BetaFPV,0702 Brushless Motor,2026 Racing,0702,30000,1.50,2,7,,,1,3.4,Lisse,,M1.4,Ø6.6 (3 trous),1S,3.7V,35mm,30AWG,31mm (GF 1207 3 pales),23.3,6.03,,,,https://pyrodrone.com/products/betafpv-0702-brushless-motor-2026-4-pcs-choose-version,https://pyrodrone.com/cdn/shop/files/0702_Brushless_Motors_2026_Champion_1080x_81fbd2cf-db3f-46d3-aa43-ffe4591b5837_700x700.jpg?v=1770677235,,Whoop
74,EMAX-2207-1900,Emax,ECO II 2207,ECO II,2207,1900,33.6,7,22,,,,,,,,16x16,4S-6S,14.8-22.2V,,,"5""",,,N52SH,,,https://www.racedayquads.com/products/emax-eco-ii-series-2207-1900kv-motor,https://www.racedayquads.com/cdn/shop/products/emax-emax-eco-ii-series-2207-1900kv-motor-motor-15722707681393.jpg?v=1762440974&width=1200,,
75,EMAX-2807-1700,Emax,ECO II 2807,ECO II,2807,1700,54,7,28,,,,,,,,19x19,4S-6S,14.8-22.2V,,,"7""",,,N52SH,,,https://www.racedayquads.com/products/emax-eco-ii-2807-1700kv-motor,https://www.racedayquads.com/cdn/shop/products/emax-emax-eco-ii-series-2807-1700kv-motor-motor-15722867490929.jpg?v=1762440980&width=1200,,
76,EMAX-2807-1500,Emax,ECO II 2807,ECO II,2807,1500,54,7,28,,,,,,,,19x19,4S-6S,14.8-22.2V,,,"7""",,,N52SH,,,https://www.racedayquads.com/products/emax-eco-ii-2807-1500kv-motor,https://www.racedayquads.com/cdn/shop/products/emax-emax-eco-ii-series-2807-1500kv-motor-motor-15722838032497.jpg?v=1762440980&width=1200,,
77,HAPP-0702-23000,HappyModel,SE 0702,SE,0702,23000,1.46,2,7,14,9.5,1,,,,,Ø7,1S,3.7V,,,,,,,,9N12P,https://www.racedayquads.com/products/happymodel-se-0702-23000kv-micro-motor,https://www.racedayquads.com/cdn/shop/files/happymodel-happymodel-se-0702-23000kv-micro-motor-motor-30838562685041.jpg?v=1762442465&width=1200,,Whoop
78,NEWB-0703-16420,NewBeeDrone,0703 Silver Edition,Silver Edition,0703,16420,1.85,3,7,,,1,,,,,,1S-2S,3.7-7.4V,24mm,,,,,,,,https://www.racedayquads.com/products/newbeedrone-0703-16420kv-brushless-motors-silver-edition-set-of-4,https://www.racedayquads.com/cdn/shop/files/newbeedrone-newbeedrone-0703-16420kv-brushless-motors-silver-edition-set-of-4-drone-motors-30962959057009.jpg?v=1737038760&width=1200,,Whoop
79,GEPR-2107-1960,GEPRC,SPEEDX2 2107.5,SPEEDX2,2107,1960,29.5,7.5,21,30.85,26.83,4,,,,,,,,,,,,,,,12N14P,https://www.racedayquads.com/products/geprc-speedx2-2107-5-motor-choose-version,https://www.racedayquads.com/cdn/shop/products/geprc-geprc-speedx2-2107-5-motor-choose-version-1960kv-motor-30385532436593.jpg?v=1762442082&width=1200,,
80,GEPR-2107-2450,GEPRC,SPEEDX2 2107.5,SPEEDX2,2107,2450,29.5,7.5,21,30.85,26.83,4,,,,,,,,,,,,,,,12N14P,https://www.racedayquads.com/products/geprc-speedx2-2107-5-motor-choose-version,https://www.racedayquads.com/cdn/shop/products/geprc-geprc-speedx2-2107-5-motor-choose-version-1960kv-motor-30385532436593.jpg?v=1762442082&width=1200,,
81,NEWB-1202-8420,NewBeeDrone,FLOW 1202,FLOW,1202,8420,4.5,2,12,,,1.5,,Titane TC4,,,9x9,2S,7.4V,60mm,30AWG,,,,,,,https://www.racedayquads.com/products/newbeedrone-flow-1202-racing-and-freestyle-fpv-micro-motor-set-of-4-8420kv-11420kv,https://www.racedayquads.com/cdn/shop/files/newbeedrone-newbeedrone-flow-1202-racing-and-freestyle-fpv-micro-motor-set-of-4-8420kv-11420kv-drone-motors-30962977374321.jpg?v=1737305686&width=1200,,Racing
82,NEWB-1202-11420,NewBeeDrone,FLOW 1202,FLOW,1202,11420,4.5,2,12,,,1.5,,Titane TC4,,,9x9,1S,3.7V,60mm,30AWG,,,,,,,https://www.racedayquads.com/products/newbeedrone-flow-1202-racing-and-freestyle-fpv-micro-motor-set-of-4-8420kv-11420kv,https://www.racedayquads.com/cdn/shop/files/newbeedrone-newbeedrone-flow-1202-racing-and-freestyle-fpv-micro-motor-set-of-4-8420kv-11420kv-drone-motors-30962977374321.jpg?v=1737305686&width=1200,,Racing
83,FLYF-1804-3500,FlyFishRC,Flash 1804,Flash,1804,3500,14,4,18,23.8,16.5,,,,,,12x12,4S,14.8V,150mm,22AWG,,,,,,12N14P,https://pyrodrone.com/products/flyfishrc-flash-1804-brushless-fpv-freestyle-motor-3500kv,https://pyrodrone.com/cdn/shop/files/3500_700x700.webp?v=1688598090,,
84,FLYF-1804-2450,FlyFishRC,Flash 1804,Flash,1804,2450,14,4,18,23.8,16.5,,,,,,12x12,6S,22.2V,150mm,22AWG,,,,,,12N14P,https://pyrodrone.com/products/flyfishrc-flash-1804-brushless-fpv-freestyle-motor-2450kv,https://pyrodrone.com/cdn/shop/files/Flash-1804-2450KV-3500KV-Freestyle-Motor-2_700x700.webp?v=1688597573,,
85,EMAX-2207-2400,Emax,ECO II 2207,ECO II,2207,2400,33.5,7,22,,,,,,,,16x16,4S-6S,14.8-22.2V,,,"5""",,,N52SH,,,https://www.racedayquads.com/products/emax-eco-ii-series-2207-2400kv-motor,https://www.racedayquads.com/cdn/shop/products/emax-emax-eco-ii-series-2207-2400kv-motor-motor-15722738974833.jpg?v=1762440974&width=1200,,
86,EMAX-2306-2400,Emax,ECO II 2306,ECO II,2306,2400,30.2,6,23,,,,,,,,16x16,4S-6S,14.8-22.2V,,,"5""-6""",,,N52SH,,,https://www.racedayquads.com/products/emax-eco-ii-2306-2400kv-motor,https://www.racedayquads.com/cdn/shop/products/emax-emax-eco-ii-series-2306-2400kv-motor-motor-15722806837361.jpg?v=1762440978&width=1200,,
87,RCIN-0702-29000,RCinPower,GTS V3 0702,GTS V3,0702,29000,1.5,2,7,8.1,9.6,1,,,,,,1S,3.7V,40mm,,,19.7,4.7,,,9N12P,https://pyrodrone.com/products/rcinpower-0702-29000kv-brushless-motor-for-fpv-choose-color,https://pyrodrone.com/cdn/shop/files/signal-2024-04-30-143301_002_large_webp_700x700.jpg?v=1717757553,222mΩ,
88,RCIN-0702-27000,RCinPower,0702,,0702,27000,1.59,2,7,8.1,9.6,1,,,,,,1S,3.7V,40mm,,,17.6,4.2,,,9N12P,https://pyrodrone.com/products/rcinpower-0702-27000kv-brushless-motor-for-fpv-choose-color,https://pyrodrone.com/cdn/shop/files/signal-2024-04-30-143301_002_large_webp_700x700.jpg?v=1717757553,222mΩ,
89,NEWB-2207-2050,NewBeeDrone,Flow 2207 Race,FLOW,2207,2050,,7,22,,,,,,,,,,,,,,,,,,,https://www.racedayquads.com/products/newbeedrone-flow-2207-race-motor-2050kv-4-pack,https://www.racedayquads.com/cdn/shop/files/newbeedrone-newbeedrone-flow-2207-race-motor-2050kv-4-pack-drone-motors-30962980683889.jpg?v=1737306784&width=1200,,
90,3BHO-802-12000,3BHOBBY,3BR 0802,V1,0802,12000,1.7,02,08,14.4,10.7,1,5.7,Tige,Non,3 Vis,6.6,2S,7.4V,30MM,30AWG,"1,2-1,5 Inch",,,,,,https://www.3bhobby.com/07/17.html,https://ae01.alicdn.com/kf/HTB1S1l2d79E3KVjSZFGq6A19XXaz/3BHOBBY-Moteur-De-Course-3BR-0802-3BR-08028-3BR-2207-PRO-3BR-3214-1S-2S-12000kv.jpg_q50.jpg,,
91,3BHO-0802-13500,3BHOBBY,3BR 0802,V1,0802,13500,1.7,02,08,14.4,10.7,1,5.7,Tige,Non,3 Vis,6.6,2S,7.4V,30MM,30AWG,"1,2-1,5 Inch",,,,,,https://www.3bhobby.com/07/17.html,https://ae01.alicdn.com/kf/HTB1S1l2d79E3KVjSZFGq6A19XXaz/3BHOBBY-Moteur-De-Course-3BR-0802-3BR-08028-3BR-2207-PRO-3BR-3214-1S-2S-12000kv.jpg_q50.jpg,,
92,3BHO-0802-18000,3BHOBBY,3BR 0802,V1,0802,18000,1.7,02,08,14.4,10.7,1,5.7,Tige,Non,3 Vis,6.6,2S,7.4V,30MM,30AWG,"1,2-1,5 Inch",,,,,,https://www.3bhobby.com/07/17.html,https://ae01.alicdn.com/kf/HTB1S1l2d79E3KVjSZFGq6A19XXaz/3BHOBBY-Moteur-De-Course-3BR-0802-3BR-08028-3BR-2207-PRO-3BR-3214-1S-2S-12000kv.jpg_q50.jpg,,
93,3BHO-08028-12000,3BHOBBY,3BR 08028,V1,08028,12000,2,28,08,14.4,10.7,1,5.7,Tige,Non,3 Vis,6.6,2S,7.4V,30MM,30AWG,"1,5 Inch",,,,,,https://www.3bhobby.com/07/19.html,,,
94,3BHO-08028-16000,3BHOBBY,3BR 08028,V1,08028,16000,2,28,08,14.4,10.7,1,5.7,Tige,Non,3 Vis,6.6,2S,7.4V,30MM,30AWG,"1,5 Inch",,,,,,https://www.3bhobby.com/07/19.html,,,
95,3BHO-0804-7100,3BHOBBY,3BR 0804,V1,0804,7100,3.4,04,08,14.5,11.6,1,3,Tige,Oui,3 Vis,8,2S,7.4V,80MM,28AWG,"1,9-2,5 Inch",,,,,,https://www.3bhobby.com/07/20.html,https://gloimg.gbtcdn.com/images/pdm-provider-img/straight-product-img/20180808/T028162/T0281620003/source-img/141522-6912.jpg_500x500.jpg,,
96,3BHO-0804-11900,3BHOBBY,3BR 0804,V1,0804,11900,3.4,04,08,14.5,11.6,,3,Tige,Oui,3 Vis,8,2S,7.4V,80MM,28AWG,"1,9-2,5 Inch",,,,,,https://www.3bhobby.com/07/20.html,https://gloimg.gbtcdn.com/images/pdm-provider-img/straight-product-img/20180808/T028162/T0281620003/source-img/141522-6912.jpg_500x500.jpg,,
97,3BHO-0806-6200,3BHOBBY,3BR 0806,V1,0806,6200,4.5,06,08,11.5,11.6,,3,Tige,Oui,3 Vis,8,3S,11.1V,80MM,28AWG,"1,9-3 Inch",,,,,,https://www.3bhobby.com/07/21.html,https://ae01.alicdn.com/kf/HTB1vxUpGVuWBuNjSszbq6AS7FXa7/3BHOBBY-BBB-3B-R-Moteur-Brushless-0804-7100KV-11900KV-Soutien-2S-1S-6A-12A-ESC-pour.jpg_q50.jpg,,
98,3BHO-0806-7500,3BHOBBY,3BR 0806,V1,0806,7500,4.5,06,08,11.5,11.6,,3,Tige,Oui,3 Vis,8,3S,11.1V,80MM,28AWG,"1,9-3 Inch",,,,,,https://www.3bhobby.com/07/21.html,https://ae01.alicdn.com/kf/HTB1vxUpGVuWBuNjSszbq6AS7FXa7/3BHOBBY-BBB-3B-R-Moteur-Brushless-0804-7100KV-11900KV-Soutien-2S-1S-6A-12A-ESC-pour.jpg_q50.jpg,,
99,3BHO-1103-6000,3BHOBBY,3BR 1103,V1,1103,6000,4,03,11,15.4,13.6,,4.9,Tige,Oui,4 Vis,9,3S,11.1V,50MM,28AWG,2 Inch,,,,,,https://www.3bhobby.com/11/37.html,https://ae01.alicdn.com/kf/HTB1e9KXAv5TBuNjSspmq6yDRVXaV/3B-HOBBY-2407-Pro-1700KV-2100KV-2400KV-2600KV-Racing-moteur-Brushless-CW-pour-empattement-200-220.jpg,,
100,3BHO-1103-8500,3BHOBBY,3BR 1103,V1,1103,8500,4,03,11,15.4,13.6,,4.9,Tige,Oui,4 Vis,9,3S,11.1V,50MM,28AWG,2 Inch,,,,,,https://www.3bhobby.com/11/37.html,https://ae01.alicdn.com/kf/HTB1e9KXAv5TBuNjSspmq6yDRVXaV/3B-HOBBY-2407-Pro-1700KV-2100KV-2400KV-2600KV-Racing-moteur-Brushless-CW-pour-empattement-200-220.jpg,,
101,3BHO-1104-4500,3BHOBBY,3BR 1104,V1,1104,4500,5,04,11,14.3,14.2,,3,Tige,Oui,4 Vis,9,4S,14.8V,80MM,28AWG,2 Inch,,,,,,https://www.3bhobby.com/11/39.html,https://www.3bhobby.com/Uploads/images/2020/09/17/5f6320c706e99.jpg,,
102,3BHO-1104-6500,3BHOBBY,3BR 1104,V1,1104,6500,5,04,11,14.3,14.2,,3,Tige,Oui,4 Vis,9,4S,14.8V,80MM,28AWG,2 Inch,,,,,,https://www.3bhobby.com/11/39.html,https://www.3bhobby.com/Uploads/images/2020/09/17/5f6320c706e99.jpg,,
103,3BHO-1105-5500,3BHOBBY,3BR 1105,V1,1105,5500,6,05,11,14.7,14.2,,2,Tige,Oui,4 Vis,9,4S,14.8V,80MM,28AWG,2 Inch,,,,,,https://www.3bhobby.com/11/22.html,https://ae01.alicdn.com/kf/HTB1EHsOrZuYBuNkSmRyq6AA3pXaR.jpg,,
104,3BHO-1105-6500,3BHOBBY,3BR 1105,V1,1105,6500,6,05,11,14.7,14.2,,2,Tige,Oui,4 Vis,9,4S,14.8V,80MM,28AWG,2 Inch,,,,,,https://www.3bhobby.com/11/22.html,https://ae01.alicdn.com/kf/HTB1EHsOrZuYBuNkSmRyq6AA3pXaR.jpg,,
105,3BHO-1106-5500,3BHOBBY,3BR 1106,V1,1106,5500,7,06,11,15.7,14.2,,2,Tige,Oui,4 Vis,9,4S,14.8V,80MM,28AWG,2 Inch,,,,,,https://www.3bhobby.com/11/23.html,https://gloimg.gbtcdn.com/images/pdm-provider-img/straight-product-img/20180813/T028162/T0281620007/source-img/164441-3900.jpg,,
106,3BHO-1106-6000,3BHOBBY,3BR 1106,V1,1106,6000,7,06,11,15.7,14.2,,2,Tige,Oui,4 Vis,9,4S,14.8V,80MM,28AWG,2 Inch,,,,,,https://www.3bhobby.com/11/23.html,https://gloimg.gbtcdn.com/images/pdm-provider-img/straight-product-img/20180813/T028162/T0281620007/source-img/164441-3900.jpg,,
107,3BHO-1106-7500,3BHOBBY,3BR 1106,V1,1106,7500,7,06,11,15.7,14.2,,2,Tige,Oui,4 Vis,9,4S,14.8V,80MM,28AWG,2 Inch,,,,,,https://www.3bhobby.com/11/23.html,https://gloimg.gbtcdn.com/images/pdm-provider-img/straight-product-img/20180813/T028162/T0281620007/source-img/164441-3900.jpg,,
108,3BHO-1202-5500,3BHOBBY,3BR 1202,V1,1202,5500,4,02,12,14.4,15.7,,4.9,Tige,Oui,4 Vis,9,3S,11.1V,50MM,28AWG,2 Inch,,,,,,https://www.3bhobby.com/11/40.html,https://www.3bhobby.com/Uploads/images/2020/09/21/5f685941212ed.jpg,,
109,3BHO-1202-8000,3BHOBBY,3BR 1202,V1,1202,8000,4,02,12,14.4,15.7,,4.9,Tige,Oui,4 Vis,9,3S,11.1V,50MM,28AWG,2 Inch,,,,,,https://www.3bhobby.com/11/40.html,https://www.3bhobby.com/Uploads/images/2020/09/21/5f685941212ed.jpg,,
110,3BHO-1203-6000,3BHOBBY,3BR 1203,V1,1203,6000,4.8,03,12,15.4,15.3,,4.9,Tige,Oui,4 Vis,9,3S,11.1V,50MM,28AWG,2 Inch,,,,,,https://www.3bhobby.com/11/41.html,https://www.3bhobby.com/Uploads/images/2020/10/10/5f815ec073de3.jpg,,
111,3BHO-1203-8500,3BHOBBY,3BR 1203,V1,1203,8500,4.8,03,12,15.4,15.3,,4.9,Tige,Oui,4 Vis,9,3S,11.1V,50MM,28AWG,2 Inch,,,,,,https://www.3bhobby.com/11/41.html,https://www.3bhobby.com/Uploads/images/2020/10/10/5f815ec073de3.jpg,,
112,3BHO-1204-5500,3BHOBBY,3BR 1204,V1,1204,5500,5.8,04,12,14.3,15.3,,3,Tige,Oui,4 Vis,9,4S,14.8V,80MM,28AWG,2 Inch,,,,,,https://www.3bhobby.com/11/45.html,https://www.3bhobby.com/Uploads/images/2020/10/30/5f9bcdb83804f.jpg,,
113,3BHO-1204-7000,3BHOBBY,3BR 1204,V1,1204,7000,5.8,04,12,14.3,15.3,,3,Tige,Oui,4 Vis,9,4S,14.8V,80MM,28AWG,2 Inch,,,,,,https://www.3bhobby.com/11/45.html,https://www.3bhobby.com/Uploads/images/2020/10/30/5f9bcdb83804f.jpg,,
114,3BHO-1205-5000,3BHOBBY,3BR 1205,V1,1205,5000,7.2,05,12,14.7,15.3,,2,Tige,Oui,4 Vis,9,4S,14.8V,80MM,28AWG,2 Inch,,,,,,https://www.3bhobby.com/11/42.html,https://www.3bhobby.com/Uploads/images/2020/10/15/5f87f6ef715f6.jpg,,
115,3BHO-1206-5000,3BHOBBY,3BR 1206,V1,1206,5000,7.8,06,12,15.7,15.3,,2,Tige,Oui,4 Vis,9,4S,14.8V,80MM,28AWG,2 Inch,,,,,,https://www.3bhobby.com/11/46.html,https://www.3bhobby.com/Uploads/images/2020/10/30/5f9bd3207850c.jpg,,
116,3BHO-1206-6500,3BHOBBY,3BR 1206,V1,1206,6500,7.8,06,12,15.7,15.3,,2,Tige,Oui,4 Vis,9,4S,14.8V,80MM,28AWG,2 Inch,,,,,,https://www.3bhobby.com/11/46.html,https://www.3bhobby.com/Uploads/images/2020/10/30/5f9bd3207850c.jpg,,
117,3BHO-1306-3600,3BHOBBY,3BR 1306,V1,1306,3600,12,06,13,18.2,18,,3.8,Tige,Oui,4 Vis,12,4S,14.8V,100MM,24AWG,3 Inch,,,,,,https://www.3bhobby.com/11/47.html,https://www.3bhobby.com/Uploads/images/2020/10/29/5f9a5d65e3071.jpg,,
118,3BHO-1403-3600,3BHOBBY,3BR 1403,V1,1403,3600,9.6,03,14,15.3,19,,3,Tige,Oui,4 Vis,12,4S,14.8V,100MM,24AWG,3 Inch,,,,,,https://www.3bhobby.com/14/48.html,https://www.3bhobby.com/Uploads/images/2020/10/30/5f9bbdcb4bdbf.jpg,,
119,3BHO-1403-5000,3BHOBBY,3BR 1403,V1,1403,5000,9.6,03,14,15.3,19,,3,Tige,Oui,4 Vis,12,4S,14.8V,100MM,24AWG,3 Inch,,,,,,https://www.3bhobby.com/14/48.html,https://www.3bhobby.com/Uploads/images/2020/10/30/5f9bbdcb4bdbf.jpg,,
120,3BHO-1404-2750,3BHOBBY,3BR 1404,V1,1404,2750,11,04,14,18,19,,4,Tige,Oui,4 Vis,12,4S,14.8V,100MM,24AWG,3-4 Inch,,,,,,https://www.3bhobby.com/14/49.html,https://www.3bhobby.com/Uploads/images/2020/10/30/5f9b889bd081b.jpg,,
121,3BHO-1404-4350,3BHOBBY,3BR 1404,V1,1404,4350,11,04,14,18,19,,4,Tige,Oui,4 Vis,12,4S,14.8V,100MM,24AWG,3-4 Inch,,,,,,https://www.3bhobby.com/14/49.html,https://www.3bhobby.com/Uploads/images/2020/10/30/5f9b889bd081b.jpg,,
122,3BHO-1405-3250,3BHOBBY,3BR 1405,V1,1405,3250,12,05,14,18.3,19,,3.8,Tige,Oui,4 Vis,12,4S,14.8V,100MM,24AWG,3-4 Inch,,,,,,https://www.3bhobby.com/14/50.html,https://www.3bhobby.com/Uploads/images/2020/10/30/5f9b8977b5d02.jpg,,
123,3BHO-1405-4000,3BHOBBY,3BR 1405,V1,1405,4000,12,05,14,18.3,19,,3.8,Tige,Oui,4 Vis,12,4S,14.8V,100MM,24AWG,3-4 Inch,,,,,,https://www.3bhobby.com/14/50.html,https://www.3bhobby.com/Uploads/images/2020/10/30/5f9b8977b5d02.jpg,,
124,3BHO-1406-3150,3BHOBBY,3BR 1406,V1,1406,3150,13.5,06,14,16.9,19,,2,Tige,Oui,4 Vis,12,4S,14.8V,100MM,24AWG,3-4 Inch,,,,,,https://www.3bhobby.com/14/51.html,https://www.3bhobby.com/Uploads/images/2020/10/29/5f9a8641ee053.jpg,,
125,3BHO-1406-4000,3BHOBBY,3BR 1406,V1,1406,4000,13.5,06,14,16.9,19,,2,Tige,Oui,4 Vis,12,4S,14.8V,100MM,24AWG,3-4 Inch,,,,,,https://www.3bhobby.com/14/51.html,https://www.3bhobby.com/Uploads/images/2020/10/29/5f9a8641ee053.jpg,,
126,3BHO-1407-3000,3BHOBBY,3BR 1407,V1,1407,3000,15.5,07,14,17.9,19,,2,Tige,Oui,4 Vis,12,4S,14.8V,100MM,24AWG,3-4 Inch,,,,,,https://www.3bhobby.com/14/52.html,https://www.3bhobby.com/Uploads/images/2020/10/29/5f9a76dcc6543.jpg,,
127,3BHO-1407-4000,3BHOBBY,3BR 1407,V1,1407,4000,15.5,07,14,17.9,19,,2,Tige,Oui,4 Vis,12,4S,14.8V,100MM,24AWG,3-4 Inch,,,,,,https://www.3bhobby.com/14/52.html,https://www.3bhobby.com/Uploads/images/2020/10/29/5f9a76dcc6543.jpg,,
128,3BHO-1408-3000,3BHOBBY,3BR 1408,V1,1408,3000,17,08,14,18.9,19,,2,Tige,Oui,4 Vis,12,4S,14.8V,100MM,24AWG,3-4 Inch,,,,,,https://www.3bhobby.com/14/24.html,https://www.3bhobby.com/Uploads/images/2020/10/29/5f9a3d99465a3.jpg,,
129,3BHO-1408-4000,3BHOBBY,3BR 1408,V1,1408,4000,17,08,14,18.9,19,,2,Tige,Oui,4 Vis,12,4S,14.8V,100MM,24AWG,3-4 Inch,,,,,,https://www.3bhobby.com/14/24.html,https://www.3bhobby.com/Uploads/images/2020/10/29/5f9a3d99465a3.jpg,,
130,3BHO-1503-3000,3BHOBBY,3BR 1503,V1,1503,3000,9,03,15,15.1,18.9,,2.6,Tige,Oui,4 Vis,12,4S,14.8V,100MM,24AWG,3-4 Inch,,,,,,https://www.3bhobby.com/14/53.html,https://www.3bhobby.com/Uploads/images/2020/10/30/5f9bc938752ab.jpg,,
131,3BHO-1503-3900,3BHOBBY,3BR 1503,V1,1503,3900,9,03,15,15.1,18.9,,2.6,Tige,Oui,4 Vis,12,4S,14.8V,100MM,24AWG,3-4 Inch,,,,,,https://www.3bhobby.com/14/53.html,https://www.3bhobby.com/Uploads/images/2020/10/30/5f9bc938752ab.jpg,,
132,3BHO-1504-2950,3BHOBBY,3BR 1504,V1,1504,2950,10.5,04,15,18,18.9,,4,Tige,Oui,4 Vis,12,4S,14.8V,100MM,24AWG,3-4 Inch,,,,,,https://www.3bhobby.com/14/55.html,https://www.3bhobby.com/Uploads/images/2020/10/30/5f9bd8e790a6f.jpg,,
133,3BHO-1504-3950,3BHOBBY,3BR 1504,V1,1504,3950,10.5,04,15,18,18.9,,4,Tige,Oui,4 Vis,12,4S,14.8V,100MM,24AWG,3-4 Inch,,,,,,https://www.3bhobby.com/14/55.html,https://www.3bhobby.com/Uploads/images/2020/10/30/5f9bd8e790a6f.jpg,,
134,3BHO-1505-2950,3BHOBBY,3BR 1505,V1,1505,2950,12,05,15,18.3,18.3,,3.8,Tige,Oui,4 Vis,12,4S,14.8V,100MM,24AWG,3-4 Inch,,,,,,https://www.3bhobby.com/14/56.html,https://www.3bhobby.com/Uploads/images/2020/10/30/5f9be78b3dda6.jpg,,
135,3BHO-1505-3150,3BHOBBY,3BR 1505,V1,1505,3150,12,05,15,18.3,18.3,,3.8,Tige,Oui,4 Vis,12,4S,14.8V,100MM,24AWG,3-4 Inch,,,,,,https://www.3bhobby.com/14/56.html,https://www.3bhobby.com/Uploads/images/2020/10/30/5f9be78b3dda6.jpg,,
136,3BHO-1505-3950,3BHOBBY,3BR 1505,V1,1505,3950,12,05,15,18.3,18.3,,3.8,Tige,Oui,4 Vis,12,4S,14.8V,100MM,24AWG,3-4 Inch,,,,,,https://www.3bhobby.com/14/56.html,https://www.3bhobby.com/Uploads/images/2020/10/30/5f9be78b3dda6.jpg,,
137,3BHO-1505-4120,3BHOBBY,3BR 1505,V1,1505,4120,12,05,15,18.3,18.3,,3.8,Tige,Oui,4 Vis,12,4S,14.8V,100MM,24AWG,3-4 Inch,,,,,,https://www.3bhobby.com/14/56.html,https://www.3bhobby.com/Uploads/images/2020/10/30/5f9be78b3dda6.jpg,,
138,3BHO-1506-3000,3BHOBBY,3BR 1506,V1,1506,3000,13.5,06,15,18.1,18.9,,2.2,Tige,Oui,4 Vis,12,4S,14.8V,100MM,24AWG,3-4 Inch,,,,,,https://www.3bhobby.com/14/57.html,https://www.3bhobby.com/Uploads/images/2020/10/30/5f9be2232cc7b.jpg,,
139,3BHO-1506-4350,3BHOBBY,3BR 1506,V1,1506,4350,13.5,06,15,18.1,18.9,,2.2,Tige,Oui,4 Vis,12,4S,14.8V,100MM,24AWG,3-4 Inch,,,,,,https://www.3bhobby.com/14/57.html,https://www.3bhobby.com/Uploads/images/2020/10/30/5f9be2232cc7b.jpg,,
140,3BHO-1507-3250,3BHOBBY,3BR 1507,V1,1507,3250,15,07,15,18.9,18.9,,2.2,Tige,Oui,4 Vis,12,4S,14.8V,100MM,24AWG,3-4 Inch,,,,,,https://www.3bhobby.com/14/54.html,https://www.3bhobby.com/Uploads/images/2020/10/30/5f9bd46fb2743.jpg,,
141,3BHO-1507-4350,3BHOBBY,3BR 1507,V1,1507,4350,15,07,15,18.9,18.9,,2.2,Tige,Oui,4 Vis,12,4S,14.8V,100MM,24AWG,3-4 Inch,,,,,,https://www.3bhobby.com/14/54.html,https://www.3bhobby.com/Uploads/images/2020/10/30/5f9bd46fb2743.jpg,,
142,3BHO-1606-1600,3BHOBBY,3BR 1606,V1,1606,1600,15,06,16,18.3,20.6,,3.8,Tige,Oui,4 Vis,12,6S,22.2V,100MM,24AWG,5 Inch,,,,,,https://www.3bhobby.com/14/58.html,https://www.3bhobby.com/Uploads/images/2020/10/26/5f96a2ddee494.JPG,,
143,3BHO-1606-2650,3BHOBBY,3BR 1606,V1,1606,2650,15,06,16,18.3,20.6,,3.8,Tige,Oui,4 Vis,12,6S,22.2V,100MM,24AWG,5 Inch,,,,,,https://www.3bhobby.com/14/58.html,https://www.3bhobby.com/Uploads/images/2020/10/26/5f96a2ddee494.JPG,,
144,3BHO-1805-1500,3BHOBBY,3BR 1805,V1,1805,1500,16,05,18,18.3,22.2,,3.8,Tige,Oui,4 Vis,12,6S,22.2V,100MM,24AWG,5 Inch,,,,,,https://www.3bhobby.com/14/62.html,https://www.3bhobby.com/Uploads/images/2020/10/26/5f968763438c0.JPG,,
145,3BHO-1805-2500,3BHOBBY,3BR 1805,V1,1805,2500,16,05,18,18.3,22.2,,3.8,Tige,Oui,4 Vis,12,6S,22.2V,100MM,24AWG,5 Inch,,,,,,https://www.3bhobby.com/14/62.html,https://www.3bhobby.com/Uploads/images/2020/10/26/5f968763438c0.JPG,,
146,3BHO-2004-1750,3BHOBBY,3BR 2004,V1,2004,1750,16.2,04,20,16.4,24.6,,3.1,Tige,Oui,4 Vis,12,6S,22.2V,100MM,24AWG,5 Inch,,,,,,https://www.3bhobby.com/20/35.html,https://www.3bhobby.com/Uploads/images/2020/08/14/5f36639e56b96.jpg,,
147,3BHO-2004-3100,3BHOBBY,3BR 2004,V1,2004,3100,16.2,04,20,16.4,24.6,,3.1,Tige,Oui,4 Vis,12,6S,22.2V,100MM,24AWG,5 Inch,,,,,,https://www.3bhobby.com/20/35.html,https://www.3bhobby.com/Uploads/images/2020/08/14/5f36639e56b96.jpg,,
148,3BHO-2005-2000,3BHOBBY,3BR 2004,V1,2005,2000,,05,20,,,,,Tige,Oui,4 Vis,12,,,100MM,24AWG,5 Inch,,,,,,,https://www.3bhobby.com/Uploads/images/2021/12/24/61c58f7369833.jpg,,
149,3BHO-2005-3200,3BHOBBY,3BR 2004,V1,2005,3200,,05,20,,,,,Tige,Oui,4 Vis,12,,,100MM,24AWG,5 Inch,,,,,,,https://www.3bhobby.com/Uploads/images/2021/12/24/61c58f7369833.jpg,,
150,3BHO-2206-1800,3BHOBBY,3BR 2206,V1,2206,1800,27.5,06,22,30.3,27.5,5,13.4,Ecrou,Non,4 Vis,16,6S,22.2V,150MM,20AWG,5-6 Inch,,,,,,https://www.3bhobby.com/20/25.html,https://cdn.getfpv.com/media/catalog/product/cache/1/image/9df78eab33525d08d6e5fb8d27136e95/3/b/3b-2206.jpg,,
151,3BHO-2206-2200,3BHOBBY,3BR 2206,V1,2206,2200,27.5,06,22,30.3,27.5,5,13.4,Ecrou,Non,4 Vis,16,5S,18.5V,150MM,20AWG,5-6 Inch,,,,,,https://www.3bhobby.com/20/25.html,https://cdn.getfpv.com/media/catalog/product/cache/1/image/9df78eab33525d08d6e5fb8d27136e95/3/b/3b-2206.jpg,,
152,3BHO-2206-2600,3BHOBBY,3BR 2206,V1,2206,2600,27.5,06,22,30.3,27.5,5,13.4,Ecrou,Non,4 Vis,16,4S,14.8V,150MM,20AWG,5-6 Inch,,,,,,https://www.3bhobby.com/20/25.html,https://cdn.getfpv.com/media/catalog/product/cache/1/image/9df78eab33525d08d6e5fb8d27136e95/3/b/3b-2206.jpg,,
153,"3BHO-2207,5-1900",3BHOBBY,B 75,V1,2207.5,1900,31.5,",5",22,32.9,27.5,5,14.3,Ecrou,Non,4 Vis,16,6S,22.2V,100MM,20AWG,5 Inch,,,,,,https://www.3bhobby.com/20/26.html,https://ae01.alicdn.com/kf/H89e586fea11340c386d8589419a27805V.png,,
154,3BHO-2306-1700,3BHOBBY,3BT 2306,V1,2306,1700,29.3,06,23,29.7,27.9,5,13.4,Ecrou,Non,4 Vis,16,6S,22.2V,150MM,20AWG,5-6 Inch,,,,,,https://www.3bhobby.com/20/32.html,https://ae01.alicdn.com/kf/Hb42eebe7008e4f219b7c1ed0b07f658dV.jpg?width=1000&height=1000&hash=2000,,
155,3BHO-2306-1800,3BHOBBY,3BF 2306,V1,2306,1800,29,06,23,30.4,27.9,5,13.5,Ecrou,Non,4 Vis,16,6S,22.2V,150MM,20AWG,5-6 Inch,,,,,,https://www.3bhobby.com/20/33.html,https://imgaz.staticbg.com/images/oaupload/banggood/images/29/47/e2c17933-ddc9-4d0a-aaec-28b6e37ad9df.jpg,,
156,3BHO-2306-2100,3BHOBBY,3BT 2306,V1,2306,2100,29.3,06,23,29.7,27.9,5,13.4,Ecrou,Non,4 Vis,16,6S,22.2V,150MM,20AWG,5-6 Inch,,,,,,https://www.3bhobby.com/20/32.html,https://ae01.alicdn.com/kf/Hb42eebe7008e4f219b7c1ed0b07f658dV.jpg?width=1000&height=1000&hash=2000,,
157,3BHO-2306-2500,3BHOBBY,3BT 2306,V1,2306,2500,29.3,06,23,29.7,27.9,5,13.4,Ecrou,Non,4 Vis,16,6S,22.2V,150MM,20AWG,5-6 Inch,,,,,,https://www.3bhobby.com/20/32.html,https://ae01.alicdn.com/kf/Hb42eebe7008e4f219b7c1ed0b07f658dV.jpg?width=1000&height=1000&hash=2000,,
158,3BHO-2306-2600,3BHOBBY,3BF 2306,V1,2306,2600,29,06,23,30.4,27.9,5,13.5,Ecrou,Non,4 Vis,16,6S,22.2V,150MM,20AWG,5-6 Inch,,,,,,https://www.3bhobby.com/20/33.html,https://imgaz.staticbg.com/images/oaupload/banggood/images/29/47/e2c17933-ddc9-4d0a-aaec-28b6e37ad9df.jpg,,
159,3BHO-2306-2700,3BHOBBY,3BT 2306,V1,2306,2700,29.3,06,23,29.7,27.9,5,13.4,Ecrou,Non,4 Vis,16,6S,22.2V,150MM,20AWG,5-6 Inch,,,,,,https://www.3bhobby.com/20/32.html,https://ae01.alicdn.com/kf/Hb42eebe7008e4f219b7c1ed0b07f658dV.jpg?width=1000&height=1000&hash=2000,,
160,"3BHO-2306,5-1900",3BHOBBY,B 65,V1,2306.5,1900,31,",5",23,30.7,28.9,5,14.3,Ecrou,Non,4 Vis,16,6S,22.2V,150MM,20AWG,5 Inch,,,,,,https://www.3bhobby.com/20/36.html,https://ae01.alicdn.com/kf/H678947c7dea24bc2aed3ec444835d8f6k/3Bhobby-B-65-2306-5-1900KV-6S-Moteur-Brushless-Pour-200-250mm-5-Pouces-FPV-Racing.jpg_q50.jpg,,
161,3BHO-2407-1700,3BHOBBY,2407 PRO,V1,2407,1700,32.6,07,24,31,28.72,5,13.2,Ecrou,Non,4 Vis,16,6S,22.2V,150MM,20AWG,4-6 Inch,,,,,,https://www.3bhobby.com/20/27.html,https://www.3bhobby.com/Apps/Home/View/default/Public/img/product_detail01.png,,
162,3BHO-2407-2100,3BHOBBY,2407 PRO,V1,2407,2100,32.6,07,24,31,28.72,5,13.2,Ecrou,Non,4 Vis,16,6S,22.2V,150MM,20AWG,4-6 Inch,,,,,,https://www.3bhobby.com/20/27.html,https://www.3bhobby.com/Apps/Home/View/default/Public/img/product_detail01.png,,
163,3BHO-2407-2400,3BHOBBY,2407 PRO,V1,2407,2400,32.6,07,24,31,28.72,5,13.2,Ecrou,Non,4 Vis,16,6S,22.2V,150MM,20AWG,4-6 Inch,,,,,,https://www.3bhobby.com/20/27.html,https://www.3bhobby.com/Apps/Home/View/default/Public/img/product_detail01.png,,
164,3BHO-2407-2600,3BHOBBY,2407 PRO,V1,2407,2600,32.6,07,24,31,28.72,5,13.2,Ecrou,Non,4 Vis,16,6S,22.2V,150MM,20AWG,4-6 Inch,,,,,,https://www.3bhobby.com/20/27.html,https://www.3bhobby.com/Apps/Home/View/default/Public/img/product_detail01.png,,
165,3BHO-2408-1900,3BHOBBY,2408 PRO II,V1,2408,1900,38,08,24,32.1,28.72,5,12.7,Ecrou,Non,4 Vis,16,6S,22.2V,150MM,18AWG,5-7 Inch,,,,,,https://www.3bhobby.com/20/29.html,https://cdn.getfpv.com/media/catalog/product/cache/1/image/9df78eab33525d08d6e5fb8d27136e95/3/b/3b-2408-popo-main_2.jpg,,
166,3BHO-2408-2500,3BHOBBY,2408 PRO II,V1,2408,2500,38,08,24,32.1,28.72,5,12.7,Ecrou,Non,4 Vis,16,6S,22.2V,150MM,18AWG,5-7 Inch,,,,,,https://www.3bhobby.com/20/29.html,https://cdn.getfpv.com/media/catalog/product/cache/1/image/9df78eab33525d08d6e5fb8d27136e95/3/b/3b-2408-popo-main_2.jpg,,
167,3BHO-3214-640,3BHOBBY,3BH-3214,V1,3214,640,110,14,32,30.4,39,5,16.6,Ecrou,Non,4 Vis,19,6S,22.2V,150MM,18AWG,9-10 Inch,,,,,,https://www.3bhobby.com/28/30.html,https://www.3bhobby.com/Uploads/images/2020/08/22/5f41184b8e7b3.jpg,,
168,3BHO-3214-900,3BHOBBY,3BH-3214,V1,3214,900,110,14,32,30.4,39,5,16.6,Ecrou,Non,4 Vis,19,6S,22.2V,150MM,18AWG,9-10 Inch,,,,,,https://www.3bhobby.com/28/30.html,https://www.3bhobby.com/Uploads/images/2020/08/22/5f41184b8e7b3.jpg,,
169,3BHO-3214-1200,3BHOBBY,3BH-3214,V1,3214,1200,110,14,32,30.4,39,5,16.6,Ecrou,Non,4 Vis,19,6S,22.2V,150MM,18AWG,9-10 Inch,,,,,,https://www.3bhobby.com/28/30.html,https://www.3bhobby.com/Uploads/images/2020/08/22/5f41184b8e7b3.jpg,,
170,3BHO-4218-350,3BHOBBY,3BH-4218,V1,4218,350,252,18,42,63.9,50.4,6,25.5,Ecrou,Non,4 Vis,30,12S,44.4V,750MM,14AWG,,,,,,,https://www.3bhobby.com/28/31.html,https://imgaz3.staticbg.com/thumb/view/oaupload/banggood/images/A2/49/188ca1a1-0f4a-4ba8-999e-78914b176e5e.jpg,,
171,3BHO-4218-540,3BHOBBY,3BH-4218,V1,4218,540,252,18,42,63.9,50.4,6,25.5,Ecrou,Non,4 Vis,30,12S,44.4V,750MM,14AWG,,,,,,,https://www.3bhobby.com/28/31.html,https://imgaz3.staticbg.com/thumb/view/oaupload/banggood/images/A2/49/188ca1a1-0f4a-4ba8-999e-78914b176e5e.jpg,,
172,3BHO-2207-2500,3BHOBBY,RAY 7 II,V2,2207,2500,33,07,22,32.6,27,5,13.8,Ecrou,Non,4 Vis,16,6S,22.2V,150MM,20AWG,5 Inch,,,,,,,https://www.3bhobby.com/Uploads/images/2021/12/24/61c57438986c4.jpg,,
173,3BHO-2207-2050,3BHOBBY,RAY 7 II,V2,2207,2050,33,07,22,32.6,27,5,13.8,Ecrou,Non,4 Vis,16,6S,22.2V,150MM,20AWG,5 Inch,,,,,,,https://www.3bhobby.com/Uploads/images/2021/12/24/61c57438986c4.jpg,,
174,3BHO-2808-1500,3BHOBBY,RAY 8,V1,2808,1500,62,08,28,40.1,33.5,5,15.75,Ecrou,Non,4 Vis,19,6S,22.2V,300MM,18AWG,8 Inch,,,,,,,https://www.3bhobby.com/Uploads/images/2021/12/24/61c5773861c31.jpg,,
175,3BHO-3214-800,3BHOBBY,RAY 14,V1,3214,800,134,14,32,49.2,39.7,5,15.6,Ecrou,Non,4 Vis,19,6S,22.2V,300MM,16AWG,9-10 Inch,,,,,,,https://www.3bhobby.com/Uploads/images/2021/12/24/61c57b71db95c.jpg,,
176,3BHO-3214-1000,3BHOBBY,RAY 14,V1,3214,1000,134,14,32,49.2,39.7,5,15.6,Ecrou,Non,4 Vis,19,6S,22.2V,300MM,16AWG,9-10 Inch,,,,,,,https://www.3bhobby.com/Uploads/images/2021/12/24/61c57b71db95c.jpg,,
177,3BHO-2812-1100,3BHOBBY,RAY 12,V1,2812,1100,89,12,28,44.1,33.5,5,15.75,Ecrou,Non,4 Vis,19,6S,22.2V,300MM,16AWG,8 Inch,,,,,,,https://www.3bhobby.com/Uploads/images/2021/12/24/61c57a4fd7d06.jpg,,
178,3BHO-3210-900,3BHOBBY,RAY 10,V1,3210,900,110,10,32,44.4,39.7,5,15.3,Ecrou,Non,4 Vis,19,6S,22.2V,300MM,16AWG,8-9 Inch,,,,,,,https://www.3bhobby.com/Uploads/images/2021/12/24/61c578aaa9ef3.jpg,,
179,3BHO-3210-1000,3BHOBBY,RAY 10,V1,3210,1000,110,10,32,44.4,39.7,5,15.3,Ecrou,Non,4 Vis,19,6S,22.2V,300MM,16AWG,8-9 Inch,,,,,,,https://www.3bhobby.com/Uploads/images/2021/12/24/61c578aaa9ef3.jpg,,
180,4Max-6366-230,4Max,4Max-6366-230,,6366,230,635,66,63,94,63,10,28,Tige,Oui,4 Vis,30 - 40,10S,37V,,,,,85,,,12N14P,,https://www.4-max.co.uk/photos/outrunners/po-series/po-6366-230-big.jpg,,
181,4Max-2834-310,4Max,4Max-2834-310,,2834,310,69,34,28,49,27.9,4,14,Tige,Oui,4 Vis,16/19,4S,14.8V,,,,,28,,,12N14P,,https://www.4-max.co.uk/photos/outrunners/po-series/po-2834-910-big.jpg,,
182,4Max-5065-360,4Max,4Max-5065-360,,5065,360,396,65,50,80,49,8,25,Tige,Oui,4 Vis,30,6S,22.2V,,,,,58,,,12N14P,,https://www.4-max.co.uk/photos/outrunners/po-series/po-5065-360-big.jpg,,
183,4Max-5065-420,4Max,4Max-5065-420,,5065,420,394,65,50,80,49,8,25,Tige,Oui,4 Vis,30,6S,22.2V,,,,,58,,,12N14P,,https://www.4-max.co.uk/photos/outrunners/po-series/po-5065-420-big.jpg,,
184,4Max-5055-500,4Max,4Max-5055-500,,5055,500,303,55,50,80,49,8,25,Tige,Oui,4 Vis,30,6S,22.2V,,,,,58,,,12N14P,,https://www.4-max.co.uk/photos/outrunners/po-series/po-5055-500-big.jpg,,
185,4Max-5055-595,4Max,4Max-5055-595,,5055,595,303,55,50,80,49,8,25,Tige,Oui,4 Vis,30,6S,22.2V,,,,,58,,,12N14P,,https://www.4-max.co.uk/photos/outrunners/po-series/po-5055-595-big.jpg,,
186,4Max-3547-700,4Max,4Max-3547-700,,3547,700,154,47,35,57,35,5,20,Tige,Oui,4 Vis,25,5S,18.5V,,,,,36,,,12N14P,,https://www.4-max.co.uk/photos/outrunners/po-series/po-3547-700-big.jpg,,
187,4Max-3547-800,4Max,4Max-3547-800,,3547,800,154,47,35,57,35,5,20,Tige,Oui,4 Vis,25,4S,14.8V,,,,,36,,,12N14P,,https://www.4-max.co.uk/photos/outrunners/po-series/po-3547-800-big.jpg,,
188,4Max-3541-810,4Max,4Max-3541-810,,3541,810,127,41,35,51,35,5,20,Tige,Oui,4 Vis,25,4S,14.8V,,,,,40,,,12N14P,,https://www.4-max.co.uk/photos/outrunners/po-series/po-3541-810-big.jpg,,
189,4Max-3535-870,4Max,4Max-3535-870,,3535,870,99,35,35,55,35,5,20,Tige,Oui,4 Vis,25,4S,14.8V,,,,,30,,,12N14P,,https://www.4-max.co.uk/photos/outrunners/po-series/po-3535-870-big.jpg,,
190,4Max-4240-890,4Max,4Max-4240-890,,4240,890,140,40,42,60,42.5,5,20,Tige,Oui,4 Vis,25,7S,25.9V,,,,540,80,,,,,https://www.4-max.co.uk/photos/outrunners/ppo-4240-large.jpg,,
191,4Max-3660-920,4Max,4Max-3660-920,,3660,920,250,60,36,77,36,5,,Tige,Non,4 Vis,,9S,33.3V,,,,,30,,,2N4P,,https://www.4-max.co.uk/photos/inrunners/ppi-3660-920-big.jpg,,
192,4Max-2826-920,4Max,4Max-2826-920,,2826,920,48,26,28,31,27.9,4,14,Tige,Oui,4 Vis,16/19,3S,11.1V,,,,,20,,,12N14P,,https://www.4-max.co.uk/photos/outrunners/po-series/po-2826-920-big.jpg,,
193,4Max-3541-920,4Max,4Max-3541-920,,3541,920,127,41,35,51,35,5,20,Tige,Oui,4 Vis,25,4S,14.8V,,,,,45,,,12N14P,,https://www.4-max.co.uk/photos/outrunners/po-series/po-3541-920-big.jpg,,
194,4Max-2830-980,4Max,4Max-2830-980,,2830,980,60,30,28,45,27.9,4,14,Tige,Oui,4 Vis,16/19,3S,11.1V,,,,,23,,,12N14P,,https://www.4-max.co.uk/photos/outrunners/po-series/po-2830-980-big.jpg,,
195,4Max-3547-960,4Max,4Max-3547-960,,3547,960,154,47,35,57,35,5,20,Tige,Oui,4 Vis,25,4S,14.8V,,,,,42,,,12N14P,,https://www.4-max.co.uk/photos/outrunners/po-series/po-3547-960-big.jpg,,
196,4Max-2212-1000,4Max,A2212,,2212,1000,53,12,22,40,27.7,3.17,13,Tige,Non,4 Vis,16/19,3S,11.1V,,,,,10,,,,,https://www.4-max.co.uk/photos/outrunners2/A2212-13T-1000kv-big.jpg,,
197,4Max-2834-1020,4Max,4Max-2834-1020,,2834,1020,69,34,28,49,27.9,4,14,Tige,Oui,4 Vis,16/19,3S,11.1V,,,,,28,,,12N14P,,https://www.4-max.co.uk/photos/outrunners/po-series/po-2834-1020-big.jpg,,
198,4Max-4240-1020,4Max,4Max-4240-1020,,4240,1020,140,40,42,60,42.5,5,20,Tige,Oui,4 Vis,25,3S,11.1V,,,,540,80,,,,,https://www.4-max.co.uk/photos/outrunners/ppo-4240-large.jpg,,
199,4Max-2826-1040,4Max,4Max-2826-1040,,2826,1040,48,26,28,31,27.9,4,14,Tige,Oui,4 Vis,16/19,3S,11.1V,,,,,20,,,12N14P,,https://www.4-max.co.uk/photos/outrunners/po-series/po-2826-1040-big.jpg,,
200,4Max-3541-1070,4Max,4Max-3541-1070,,3541,1070,127,41,35,51,35,5,20,Tige,Oui,4 Vis,25,4S,14.8V,,,,,38,,,12N14P,,https://www.4-max.co.uk/photos/outrunners/po-series/po-3541-1070-big.jpg,,
201,4Max-3535-1090,4Max,4Max-3535-1090,,3535,1090,99,35,35,55,35,5,20,Tige,Oui,4 Vis,25,4S,14.8V,,,,,35,,,12N14P,,https://www.4-max.co.uk/photos/outrunners/po-series/po-3535-1090-big.jpg,,
202,4Max-3660-1105,4Max,4Max-3660-1105,,3660,1105,250,60,36,77,36,5,,Tige,Non,4 Vis,,3S,11.1V,,,,,36,,,2N4P,,https://www.4-max.co.uk/photos/inrunners/ppi-3660-1105-big.jpg,,
203,4Max-2834-1160,4Max,4Max-2834-1160,,2834,1160,69,34,28,49,27.9,4,14,Tige,Oui,4 Vis,16/19,3S,11.1V,,,,,28,,,12N14P,,https://www.4-max.co.uk/photos/outrunners/po-series/po-2834-1160-big.jpg,,
204,4Max-3547-1190,4Max,4Max-3547-1190,,3547,1190,154,47,35,57,35,5,20,Tige,Oui,4 Vis,25,4S,14.8V,,,,,48,,,12N14P,,https://www.4-max.co.uk/photos/outrunners/po-series/po-3547-1190-big.jpg,,
205,4Max-2212-1200,4Max,4Max-2212-1200,,2212,1200,53,12,22,40,27.7,3.17,13,Tige,Non,4 Vis,16/19,3S,11.1V,,,,,10,,,,,https://www.4-max.co.uk/photos/outrunners2/A2212-1T-1200kv-big.jpg,,
206,4Max-2830-1210,4Max,4Max-2830-1210,,2830,1210,60,30,28,45,27.9,4,14,Tige,Oui,4 Vis,16/19,3S,11.1V,,,,,28,,,12N14P,,https://www.4-max.co.uk/photos/outrunners/po-series/po-2830-1210-big.jpg,,
207,4Max-3541-1270,4Max,4Max-3541-1270,,3541,1270,127,41,35,51,35,5,20,Tige,Oui,4 Vis,25,4S,14.8V,,,,,45,,,12N14P,,https://www.4-max.co.uk/photos/outrunners/po-series/po-3541-1270-big.jpg,,
208,4Max-2826-1290,4Max,4Max-2826-1290,,2826,1290,48,26,28,31,27.9,4,14,Tige,Oui,4 Vis,16/19,3S,11.1V,,,,,20,,,12N14P,,https://www.4-max.co.uk/photos/outrunners/po-series/po-2826-1290-big.jpg,,
209,4Max-2830-1350,4Max,4Max-2830-1350,,2830,1350,60,30,28,45,27.9,4,14,Tige,Oui,4 Vis,16/19,3S,11.1V,,,,140,27,,,12N14P,https://www.4-max.co.uk/photos/outrunners/po-series/po-2830-1210-big.jpg,https://www.4-max.co.uk/photos/outrunners/po-series/po-2830-1350-big.jpg,,
210,4Max-3535-1390,4Max,4Max-3535-1390,,3535,1390,99,35,35,55,35,5,20,Tige,Oui,4 Vis,25,3S,11.1V,,,,,35,,,12N14P,,https://www.4-max.co.uk/photos/outrunners/po-series/po-3535-1390-big.jpg,,
211,4Max-2212-1400,4Max,4Max-2212-1400,,2212,1400,53,12,22,40,27.7,3.17,13,Tige,Non,4 Vis,16/19,3S,11.1V,,,,,17.5,,,,,https://www.4-max.co.uk/photos/outrunners2/A2212-10T-1400kv-big.jpg,,
212,4Max-2834-1680,4Max,4Max-2834-1680,,2834,1680,69,34,28,49,27.9,4,14,Tige,Oui,4 Vis,16/19,3S,11.1V,,,,,28,,,12N14P,,https://www.4-max.co.uk/photos/outrunners/po-series/po-2834-1680-big.jpg,,
213,4Max-2212-1800,4Max,4Max-2212-1800,,2212,1800,53,12,22,40,27.7,3.17,13,Tige,Non,4 Vis,16/19,3S,11.1V,,,,,10,,,,,https://www.4-max.co.uk/photos/outrunners2/A2212-13T-1800kv-big.jpg,,
214,4Max-1818-1850,4Max,4Max-1818-1850,,1818,1850,13,18,18,23,18,2,5,Tige,Non,3 Vis,,3S,11.1V,,,,,4,,,,,https://www.4-max.co.uk/photos/micro-motors/PPOM-1818-1850-big.jpg,,
215,4Max-2050-2321,4Max,4Max-2050-2321,,2050,2321,26,50,20,32.5,21,3,9.5,Tige,Non,4 Vis,,3S,11.1V,,,,150,14,,,,,https://www.4-max.co.uk/photos/micro-motors/PPOM-2321-2050-big.jpg,,
216,4Max-2834-2100,4Max,4Max-2834-2100,,2834,2100,69,34,28,49,27.9,4,14,Tige,Oui,4 Vis,16/19,3S,11.1V,,,,,35,,,12N14P,,https://www.4-max.co.uk/photos/outrunners/po-series/po-2834-2100-big.jpg,,
217,4Max-2830-2150,4Max,4Max-2830-2150,,2830,2150,60,30,28,45,27.9,4,14,Tige,Oui,4 Vis,16/19,3S,11.1V,,,,,27,,,12N14P,,https://www.4-max.co.uk/photos/outrunners/po-series/po-2830-2150-big.jpg,,
218,4Max-2847-2180,4Max,4Max-2847-2180,,2847,2180,117,47,28,60,28,4,12,Tige,Non,4 Vis,16/19,7S,25.9V,,,,,26,,,2N4P,,https://www.4-max.co.uk/photos/inrunners/ppi-2847-2180-big.jpg,,
219,4Max-2826-2200,4Max,4Max-2826-2200,,2826,2200,48,26,28,31,27.9,4,14,Tige,Oui,4 Vis,16/19,3S,11.1V,,,,,20,,,12N14P,,https://www.4-max.co.uk/photos/outrunners/po-series/po-2826-2200-big.jpg,,
220,4Max-2212-2200,4Max,4Max-2212-2200,,2212,2200,53,12,22,40,27.7,3.17,13,Tige,Non,4 Vis,16/19,3S,11.1V,,,,,10.3,,,,,https://www.4-max.co.uk/photos/outrunners2/A2212-6T-2200kv-big.jpg,,
221,4Max-2314-2400,4Max,4Max-2314-2400,,2314,2400,21,14,23,27.5,14,3,13.5,Tige,Non,4 Vis,,2S,7.4V,,,,,15,,,,,https://www.4-max.co.uk/photos/micro-motors/ppom-2314-2400-01-big.jpg,,
222,4Max-2830-2700,4Max,4Max-2830-2700,,2830,2700,60,30,28,45,27.9,4,14,Tige,Oui,4 Vis,16/19,2S,7.4V,,,,,27,,,12N14P,,https://www.4-max.co.uk/photos/outrunners/po-series/po-2830-2700-big.jpg,,
223,4Max-2847-2700,4Max,4Max-2847-2700,,2847,2700,117,47,28,60,28,4,12,Tige,Non,4 Vis,16/19,7S,25.9V,,,,,28,,,2N4P,,https://www.4-max.co.uk/photos/inrunners/ppi-2847-2700-big.jpg,,
224,4Max-1410-2900,4Max,4Max-1410-2900,,1410,2900,4.2,10,14,15.7,13.8,1.5,5.5,Tige,Non,4 Vis,,2S,7.4V,,,,,5,,,,,https://www.4-max.co.uk/photos/micro-motors/PPOM-1410-2900.jpg,,
225,4Max-1815-2900,4Max,4Max-1815-2900,,1815,2900,9.2,15,18,19.4,17.7,2,4.5,Tige,Non,3 Vis,,2S,7.4V,,,,,4,,,,,https://www.4-max.co.uk/photos/micro-motors/PPOM-1815-2900-big.jpg,,
226,4Max-450-3500,4Max,4Max-450-3500,,0450,3500,27.8,31,45,44,27.8,4,14,Tige,Oui,4 Vis,16/19,3S,11.1V,,,,220,33,,,,,https://www.4-max.co.uk/photos/heli/pph-450-large.jpg,,
227,AIRB-1806-2300,AIRBOT,E1806,V1,1806,2300,20.1,06,18,,,,,Tige,Oui,4 Vis,,3S,11.1V,,,,,,,,,,https://store.myairbot.com/motor/8xe1806-2300kvmotor.html,,
228,AIRB-2208-1800,AIRBOT,HEXA 2208,V1,2208,1800,36.5,08,22,32.15,27.80,5,13.6,Ecrou,Non,4 Vis,16,6S,22.2V,300MM,,,,38,,,,,https://store.myairbot.com/motor/hexamotor.html,,
229,AIRB-2208-2700,AIRBOT,HEXA 2208,V1,2208,2700,36.5,08,22,32.15,27.80,5,13.6,Ecrou,Non,4 Vis,16,5S,18.5V,300MM,,,,60,,,,,https://store.myairbot.com/motor/hexamotor.html,,
230,AIRB-2306-2400,AIRBOT,MR COPPER 2306,V1,2306,2400,36,06,23,42,28.49,5,13,Ecrou,Non,4 Vis,16/19,5S,18.5V,150MM,,,,26,,,,,https://store.myairbot.com/motor/mrcopper2306motor.html,,
231,AIRB-2306-2700,AIRBOT,MR COPPER 2306,V1,2306,2700,36,06,23,42,28.49,5,13,Ecrou,Non,4 Vis,16/19,5S,18.5V,150MM,,,,26,,,,,https://store.myairbot.com/motor/mrcopper2306motor.html,,
232,"AIRB-2306,5-1800",AIRBOT,"VITE 2306,5",V1,2306.5,1800,33.5,6.05,23,30.15,28.6,4,,Ecrou,Non,4 Vis,16,6S,22.2V,300MM,,,,70,,,,,,,
233,"AIRB-2306,5-2500",AIRBOT,"VITE 2306,5",V1,2306.5,2500,33.5,6.05,23,30.15,28.6,4,,Ecrou,Non,4 Vis,16,5S,18.5V,300MM,,,,40,,,,,,,
234,AMAX-1103-5000,AMAX,1103 INNO,V1,1103,5000,3.5,03,11,13.7,14.3,,4.8,Tige,Oui,4 Vis,9,2S,7.4V,85MM,,,,,,N52H,,,,,
235,AMAX-1103-7500,AMAX,1103 INNO,V1,1103,7500,3.8,03,11,13.7,14.3,,4.8,Tige,Oui,4 Vis,9,2S,7.4V,85MM,,,,,,N52H,,,,,
236,AMAX-1106-4300,AMAX,1106,V1,1106,4300,3.8,06,11,16.25,14.3,,3.75,Tige,Oui,4 Vis,9,4S,14.8V,80MM,,,,,,N52H,,,,,
237,AMAX-1106-5000,AMAX,1106,V1,1106,5000,3.8,06,11,16.25,14.3,,3.75,Tige,Oui,4 Vis,9,4S,14.8V,80MM,,,,,,N52H,,,,,
238,AMAX-1106-6300,AMAX,1106,V1,1106,6300,3.8,06,11,16.25,14.3,,3.75,Tige,Oui,4 Vis,9,4S,14.8V,80MM,,,,,,N52H,,,,,
239,AMAX-1303-5000,AMAX,Performante 1303,V1,1303,5000,4.6,03,13,9.4,,2,,Tige,Oui,4 Vis,9,4S,14.8V,90MM,,,,,,,,,https://amaxshop.com/index.php?route=product/product&product_id=419,,
240,AMAX-1303-7500,AMAX,Performante 1305,V1,1303,7500,4.6,03,13,9.4,,2,,Tige,Oui,4 Vis,9,3S,11.1V,90MM,,,,,,,,,https://amaxshop.com/index.php?route=product/product&product_id=420,,
241,AMAX-2207-1750,AMAX,Performante 2207,V1,2207,1750,28,07,22,16.15,,5,12,Ecrou,Non,4 Vis,16,6S,22.2V,150MM,,,,,,,12N14P,,https://amaxshop.com/index.php?route=product/product&product_id=412,,
242,AMAX-2207-1950,AMAX,Performante 2207,V1,2207,1950,28,07,22,16,,5,12,Ecrou,Non,4 Vis,16,6S,22.2V,150MM,,,,,,,12N14P,,https://amaxshop.com/index.php?route=product/product&product_id=417,,
243,AMAX-2207-2550,AMAX,Performante 2207,V1,2207,2550,28,07,22,16,,5,12,Ecrou,Non,4 Vis,16,4S,14.8V,150MM,,,,,,,12N14P,https://pyrodrone.com/products/amaxinno-performante-2207-a-bell-fpv-drone-motor-2550kv,https://amaxshop.com/index.php?route=product/product&product_id=416,,
244,"AMAX-2305,5-1750",AMAX,"Superleggera 2305,5",V1,2305.5,1750,23.2,",5",23,14.2,,5,12,Ecrou,Non,4 Vis,16,6S,22.2V,150MM,,,,,,,,https://www.racedayquads.com/products/amax-superleggera-2305-5-1750kv-motor,https://amaxshop.com/index.php?route=product/product&product_id=399,,
245,"AMAX-2305,5-1950",AMAX,"Superleggera 2305,5",V1,2305.5,1950,23.2,",5",23,14.2,,5,12,Ecrou,Non,4 Vis,16,6S,22.2V,150MM,,,,,,,,,https://amaxshop.com/index.php?route=product/product&product_id=400,,
246,"AMAX-2305,5-2550",AMAX,"Superleggera 2305,5",V1,2305.5,2550,23.2,",5",23,14.2,,5,12,Ecrou,Non,4 Vis,16,4S,14.8V,150MM,,,,,,,,https://www.racedayquads.com/products/amax-superleggera-a-bell-2305-5-2550kv-motor,https://amaxshop.com/index.php?route=product/product&product_id=400,,
247,AMAX-2306-1750,AMAX,Performante 2306,V1,2306,1750,27,06,23,15,,5,12,Ecrou,Non,4 Vis,16,6S,22.2V,150MM,,,,,,,12N14P,https://pyrodrone.com/products/amaxinno-performante-2306-a-bell-fpv-drone-motor-2550kv,https://amaxshop.com/index.php?route=product/product&product_id=488,,
248,AMAX-2306-2550,AMAX,Performante 2306,V1,2306,2550,27,06,23,15,,5,12,Ecrou,Non,4 Vis,16,4S,14.8V,150MM,,,,,,,12N14P,https://pyrodrone.com/products/amaxinno-performante-2306-a-bell-fpv-drone-motor-2550kv,https://amaxshop.com/index.php?route=product/product&product_id=488,,
249,Arma-1103-8000,Armattan,MICRO 1103,V1,1103,8000,3.68,03,11,,,,,Tige,Oui,4 Vis,,3S,11.1V,70MM,30AWG,"2,5 Inch",,,,N52H ARC,,,https://armattanquads.com/armattan-micro-1103-8000kv-motor-1-piece/,,
250,Arma-1204-5000,Armattan,1204,V1,1204,5000,6.22,04,12,,,,,Tige,Oui,4 Vis,,4S,14.8V,90MM,28AWG,"2,5-3 Inch",,,,N52H,,,https://armattanquads.com/armattan-1204-5000kv-motor-1-piece/,,
251,Arma-1306-3500,Armattan,1306,V1,1306,3500,,06,13,,,,,Ecrou,Non,4 Vis,,,,,,,,,,,,,https://armattanquads.com/armattan-1306-3500kv-oem-motor/,,
252,Arma-1407-3650,Armattan,OOMPH TITAN MINI 1407,V1,1407,3650,13,07,14,,,5,5,Tige,Non,3 Vis,16,4S,14.8V,150MM,20AWG,3-4 Inch,Multicopter,,,N52H ARC,,,,,
253,Arma-1407-3850,Armattan,OOMPH 1407,V1,1407,3850,15.7,07,14,,,5,,Ecrou,Non,4 Vis,,4S,14.8V,,,3-4 Inch,,,,N52H ARC,,,https://armattanquads.com/armattan-oomph-titan-mini-1407-3650-kv-motor/,,
254,Arma-1806-2550,Armattan,SE RACE SERIES 1806,V1,1806,2550,23,06,18,,,3,,,,,,,,,,,,,,,,,,,
255,Arma-2205-2550,Armattan,OOMPH 2205,V1,2205,2550,29,05,22,,,5,,Ecrou,Non,4 Vis,,4S,14.8V,,,4-5 Inch,,,,N52H ARC,,,https://armattanquads.com/armattan-oomph-2205-2550/,,
256,Arma-2206-2300,Armattan,OOPH VELVET EDITION 2206,V1,2206,2300,29,06,22,,,5,,,,,,,,,,,,,,,,,,,
257,Arma-2306-1750,Armattan,Premium 2306,V1,2306,1750,31.6,06,23,,,5,,,,,,,,,,,,,,,,,,,
258,Arma-2306-2150,Armattan,Premium 2306,V1,2306,2150,31.6,06,23,,,5,,,,,,,,,,,,,,,,,,,
259,Arma-2306-2300,Armattan,SABOTAGERC BOOTY 2306,V1,2306,2300,33.56,06,23,,,5,,,,,,,,,,,,,,,,,,,
260,Arma-2306-2400,Armattan,SS 2306,V1,2306,2400,35.79,06,23,,,5,,,,,,,,,,,,,,,,,,,
261,Arma-2306-2450,Armattan,OOMPH TITAN EDITION 2306,V1,2306,2450,30.5,06,23,,,5,,Ecrou,Non,4 Vis,,4S,14.8V,190MM,,5-6 Inch,,,,N54H,,,https://armattanquads.com/armattan-oomph-titan-edition-2306-2450-kv-motor/,,
262,Arma-2507-1450,Armattan,KAREAREA,V1,2507,1450,37.92,07,25,,,5,,,,,,,,,,,,,,,,,,,
263,Astr-2307-2700,Astrox,EXTREAM MOTOR 2207,V1,2307,2700,29,07,23,,,5,,,,,,,,,,,,,,,,,,,
264,AXIS-1404-4510,AXIS,AF144,V1,1404,4510,7.8,04,14,15.8,18,2,,,,,,,,,,,,,,,,https://www.unmannedtechshop.co.uk/products/axis-af144-1404-brushless-fpv-motor-4510kv,https://cdn.shopify.com/s/files/1/0914/9972/5181/files/AF144-1.jpg?v=1754245347,,
265,AXIS-2004-1810,AXIS,AF204,V1,2004,1810,15.4,04,20,15.3,24.6,44 682,,,,,,,,,,,,,,,,,,,
266,AXIS-2004-2910,AXIS,AF204,V1,2004,2910,15.4,04,20,15.3,24.6,44 682,,,,,,,,,,,,,,,,,,,
267,AXIS-2004-3710,AXIS,AF204,V1,2004,3710,15.4,04,20,15.3,24.6,44 682,,,,,,,,,,,,,,,,,,,
268,AXIS-2203-1610,AXIS,AF223,V1,2203,1610,19.5,03,22,27.7,27,5,,,M5,,,3S-6S,,,24AWG,,,,,,12N14P,https://newbeedrone.com/products/axisflying-af223-2203-5-motor,https://cdn.shopify.com/s/files/1/1126/9610/products/Axis-Flying-AF223-2203.5-Motor-1610KV-2910KV-3710KV.jpg?v=1728778638,,Racing
269,AXIS-2203-2910,AXIS,AF223,V1,2203,2910,19.5,03,22,27.7,27,5,,,M5,,,3S-6S,,,24AWG,,,,,,12N14P,https://newbeedrone.com/products/axisflying-af223-2203-5-motor,https://cdn.shopify.com/s/files/1/1126/9610/products/Axis-Flying-AF223-2203.5-Motor-1610KV-2910KV-3710KV.jpg?v=1728778638,,Racing
270,AXIS-2203-3710,AXIS,AF223,V1,2203,3710,19.5,03,22,27.7,27,5,,,M5,,,3S-6S,,,24AWG,,,,,,12N14P,https://newbeedrone.com/products/axisflying-af223-2203-5-motor,https://cdn.shopify.com/s/files/1/1126/9610/products/Axis-Flying-AF223-2203.5-Motor-1610KV-2910KV-3710KV.jpg?v=1728778638,,Racing
271,AXIS-2306-1810,AXIS,AF236,V1,2306,1810,28.9,06,23,30.6,28.3,5,,,,,,,,,,,,,,,,,,,
272,AXIS-2306-1960,AXIS,AF236,V1,2306,1960,28.9,06,23,30.6,28.3,5,,,,,,,,,,,,,,,,,,,
273,AXIS-2306-2410,AXIS,AF236,V1,2306,2410,28.9,06,23,30.6,28.3,5,,,,,,,,,,,,,,,,,,,
274,AXIS-2207-1960,AXIS,AF227,V1,2207,1960,30,07,22,33,27,5,,,,,,,,,,,,,,,,https://pyrodrone.com/products/axis-flying-af227-2207-fpv-drone-motor-2710kv,https://cdn.shopify.com/s/files/1/2778/6650/products/1960KV_b0c59001-70ef-4ed9-a171-7e845d0e2f53.jpg?v=1624913697,,
275,AXIS-2207-2010,AXIS,AF227,V1,2207,2010,30,07,22,33,27,5,,,,,,,,,,,,,,,,https://pyrodrone.com/products/axis-flying-af227-2207-fpv-drone-motor-2710kv,https://cdn.shopify.com/s/files/1/2778/6650/products/1960KV_b0c59001-70ef-4ed9-a171-7e845d0e2f53.jpg?v=1624913697,,
276,AXIS-2207-2710,AXIS,AF227,V1,2207,2710,30,07,22,33,27,5,,,,,,3S-6S,,,,,,,,,,https://pyrodrone.com/products/axis-flying-af227-2207-fpv-drone-motor-2710kv,https://cdn.shopify.com/s/files/1/2778/6650/products/1960KV_b0c59001-70ef-4ed9-a171-7e845d0e2f53.jpg?v=1624913697,,
277,AXIS-3010-1010,AXIS,AF310,V1,3010,1010,71,10,30,41.6,36.4,5,,,,,,,,350mm,,,,,,,12N14P,https://pyrodrone.com/products/axis-flying-af310-3010-fpv-drone-motor-1210kv,https://cdn.shopify.com/s/files/1/2778/6650/products/Axisflying_brushless_top_quality_fpv_motor_AF310_3010_for_cinelifter__1665568465543_0.webp?v=1678480367,,Freestyle
278,AXIS-3010-1210,AXIS,AF310,V1,3010,1210,71,10,30,41.6,36.4,5,,,,,,4S-6S,,350mm,,,1300,60,,,12N14P,https://pyrodrone.com/products/axis-flying-af310-3010-fpv-drone-motor-1210kv,https://cdn.shopify.com/s/files/1/2778/6650/products/Axisflying_brushless_top_quality_fpv_motor_AF310_3010_for_cinelifter__1665568465543_0.webp?v=1678480367,,Freestyle
279,BEEM-1104-7000,BEEMOTOR,Z1104,V1,1104,7000,33,04,11,16.5,14,44 682,,,,,,,,,,,,,,,,,,,
280,BEEM-1407-4100,BEEMOTOR,Z1407 ZOEFPV,V1,1407,4100,17,07,14,32,18.3,5,,,,,,,,,,,,,,,,,,,
281,BEEM-1806-2900,BEEMOTOR,Z1806 ZOEFPV,V1,1806,2900,22,06,18,31.5,23,5,,,,,,,,,,,,,,,,,,,
282,BEEM-2010-2400,BEEMOTOR,Z2010 ZOEFPV,V1,2010,2400,37,10,20,37.2,25.5,5,,,,,,,,,,,,,,,,,,,
283,BEEM-2205-2300,BEEMOTOR,Z2205 ZOE FPV,V1,2205,2300,27,05,22,19,27.7,5,,,,,,,,,,,,,,,,,,,
284,BEEM-2207-2400,BEEMOTOR,Z2207 ZOEFPV,V1,2207,2400,33,07,22,,25.5,5,,,,,,,,,,,,,,,,,,,
285,BEEM-2207-2780,BEEMOTOR,Z2207 ZOEFPV,V1,2207,2780,33,07,22,,25.5,5,,,,,,,,,,,,,,,,,,,
286,BEEM--700,BEEMOTOR,XCLASS X6 ZOEFPV,V1,,700,240,,,38,54,4,,,,,,,,,,,,,,,,,,,
287,BEEM--950,BEEMOTOR,XCLASS X6 ZOEFPV,V1,,950,240,,,38,54,4,,,,,,,,,,,,,,,,,,,
288,BETA-0603-16000,BETAFPV,O603,V1,0603,16000,1.8,03,06,14.1,10.7,1,,,,,,,,,,,,,,,,,,,
289,BETA-0603-19000,BETAFPV,O603,V1,0603,19000,1.8,03,06,14.1,10.7,1,,,,,,,,,,,,,,,,,,,
290,BETA-0802-19500,BETAFPV,0802SE,V1,0802,19500,1.83,02,08,14.9,10.5,1,5,,,M1.4,,1S,,35mm,30AWG,,,,,,,https://www.racedayquads.com/products/betafpv-0802se-19500kv-micro-motor,https://cdn.shopify.com/s/files/1/1285/4651/products/betafpv-betafpv-0802se-0802-19500kv-micro-motor-set-of-4-motor-30555820621937.jpg?v=1762442361,,Whoop
291,BETA-08028-12000,BETAFPV,08028,V1,08028,12000,2.3,28,08,13.6,10.5,1,,,,,,,,,,,,,,,,,,,
292,BETA-1102-13500,BETAFPV,1102,V1,1102,13500,2.95,02,11,15.2,13.8,1.5,5,,,M1.4,Ø3,1S,,37mm,28AWG,40mm 3-Blade Props,35,9.2,,,,https://pyrodrone.com/products/betafpv-1102-21000kv-brushless-motors-2026-blue-for-meteor75-pro-ii-4-pieces,https://cdn.shopify.com/s/files/1/2778/6650/files/1102_Brushless_Motors_2026_4PCS_1080x_8f7ca502-16b5-44c5-bd9e-8cc150232764.jpg?v=1783956423,,Whoop
293,BETA-1105-5000,BETAFPV,1105,V1,1105,5000,5.2,05,11,16.5,14,,,,,,,,,,,,,,,,,,,,
294,BETA-1105-6000,BETAFPV,1105,V1,1105,6000,5.2,05,11,16.5,14,,,,,,,,,,,,,,,,,,,,
295,BETA-1106-3800,BETAFPV,1106,V1,1106,3800,6.6,06,11,16.5,14.2,,,,,,,,,,,,,,,,,,,,
296,BETA-1106-4500,BETAFPV,1106,V1,1106,4500,6.6,06,11,16.5,14.2,,,,,,,,,,,,,,,,,,,,
297,BETA-1204-5000,BETAFPV,1204,V1,1204,5000,5.9,04,12,16.1,14.7,2,,,,,,,,,,,,,,,,,,,
298,BETA-1404-3800,BETAFPV,1404,V1,1404,3800,9.66,04,14,15.3,18.6,2,,,,,,,,,,,,,,,,,,,
299,BETA-1404-4500,BETAFPV,1404,V1,1404,4500,9.66,04,14,15.3,18.6,2,,,,,,,,,,,,,,,,,,,
300,BETA-1505-3600,BETAFPV,1505,V1,1505,3600,13.08,05,15,18.9,21.3,2,,,,,,,,,,,,,,,,,,,
301,BETA-1506-3000,BETAFPV,1506,V1,1506,3000,14,06,15,19,21,2,4,,,,,,,80mm,24AWG,,313.44,19.59,,,,https://pyrodrone.com/products/betafpv-lava-series-1506-brushless-motor-4200kv-1pc,https://cdn.shopify.com/s/files/1/2778/6650/files/6391ace427ade714b70fb966024ae804_720x_f70e9f63-a7bb-41e5-a67b-c04295a8ba5f.webp?v=1714076084,,Freestyle
302,BETA-1606-1550,BETAFPV,1606,V1,1606,1550,15.17,06,16,18.2,21.6,2,,,,,,,,,,,,,,,,,,,
303,BETA-1606-2550,BETAFPV,1606,V1,1606,2550,15.17,06,16,18.2,21.6,2,,,,,,,,,,,,,,,,,,,
304,BETA-2004-1700,BETAFPV,2004,V1,2004,1700,16.62,04,20,16.7,24.6,,,,,,,,,,,,,,,,,,,,
305,BETA-2004-3000,BETAFPV,2004,V1,2004,3000,16.62,04,20,16.7,24.6,,,,,,,,,,,,,,,,,,,,
306,Brot-0804-1000,BrotherHobby,AVENGER 0804,V1,0804,1000,3.4,04,08,14.1,11.4,44 682,,,,,,,,,,,,,,,,https://www.unmannedtechshop.co.uk/products/brotherhobby-avenger-0804-10000kv-micro-fpv-motor,https://cdn.shopify.com/s/files/1/0914/9972/5181/files/4c4bc3ecca.jpg?v=1754245062,,
307,Brot-0804-12000,BrotherHobby,AVENGER 0804,V1,0804,12000,3.4,04,08,14.1,11.4,44 682,,,,,,,,,,,,,,,,https://www.unmannedtechshop.co.uk/products/brotherhobby-avenger-0804-10000kv-micro-fpv-motor,https://cdn.shopify.com/s/files/1/0914/9972/5181/files/4c4bc3ecca.jpg?v=1754245062,,
308,Brot-0804-15000,BrotherHobby,AVENGER 0804,V1,0804,15000,3.4,04,08,14.1,11.4,44 682,,,,,,,,,,,,,,,,https://www.unmannedtechshop.co.uk/products/brotherhobby-avenger-0804-10000kv-micro-fpv-motor,https://cdn.shopify.com/s/files/1/0914/9972/5181/files/4c4bc3ecca.jpg?v=1754245062,,
309,Brot-10012-98,BrotherHobby,MAX 10012,V1,10012,98,,12,10,,,,,,,,,,,,,,,,,,,,,,
310,Brot-1103-8000,BrotherHobby,RETURNER R3 1103,V1,1103,8000,3.9,03,11,,,,,,,,,,,,,,,,,,,,,,
311,Brot-1103-11000,BrotherHobby,RETURNER R3 1103,V1,1103,11000,3.9,03,11,,,,,,,,,,,,,,,,,,,,,,
312,Brot-1106-5100,BrotherHobby,RETURNER R3 1106,V1,1106,5100,7.8,06,11,,,,,,,,,,,,,,,,,,,,,,
313,Brot-1106-7100,BrotherHobby,RETURNER R3 1106,V1,1106,7100,7.8,06,11,,,,,,,,,,,,,,,,,,,,,,
314,Brot-1402-8100,BrotherHobby,RETURNER R3 1402,V1,1402,8100,6,02,14,,,,,,,,,,,,,,,,,,,,,,
315,Brot-1402-9500,BrotherHobby,RETURNER R3 1402,V1,1402,9500,6,02,14,,,,,,,,,,,,,,,,,,,,,,
316,Brot-1404-2900,BrotherHobby,RETURNER R3 1404,V1,1404,2900,7.5,04,14,,,,,,,,,,,,,,,,,,,,,,
317,Brot-1404-3650,BrotherHobby,RETURNER R3 1404,V1,1404,3650,7.5,04,14,,,,,,,,,,,,,,,,,,,,,,
318,Brot-1407-2800,BrotherHobby,TORNADO T1 1407,V1,1407,2800,15.5,07,14,,,,,,,,,,,,,,,,,,,,,,
319,Brot-1407-3600,BrotherHobby,TORNADO T1 1407,V1,1407,3600,15.5,07,14,,,,,,,,,,,,,,,,,,,,,,
320,Brot-1407-4100,BrotherHobby,TORNADO T1 1407,V1,1407,4100,15.5,07,14,,,,,,,,,,,,,,,,,,,,,,
321,"Brot-1504,5-2650",BrotherHobby,"VY 1504,5",V1,1504.5,2650,12,",5",15,,,,,,,,,3S-4S,,160mm,24AWG,,,,,Al 7075,12N14P,https://pyrodrone.com/products/brotherhobby-vy-1504-5-2650kv-motor,https://cdn.shopify.com/s/files/1/2778/6650/products/860eac48-a2b7-4634-8d65-acc19ba85166.png?v=1595362519,,
322,"Brot-1504,5-2950",BrotherHobby,"VY 1504,5",V1,1504.5,2950,12,",5",15,,,,,,,,,,,160mm,24AWG,,,,,Al 7075,12N14P,,,,
323,"Brot-1504,5-3950",BrotherHobby,"VY 1504,5",V1,1504.5,3950,12,",5",15,,,,,,,,,3S-4S,,160mm,24AWG,,,,,Al 7075,12N14P,https://pyrodrone.com/products/brotherhobby-vy-1504-5-3950kv-motor,https://cdn.shopify.com/s/files/1/2778/6650/products/860eac48-a2b7-4634-8d65-acc19ba85166_92ac29c8-4923-4d83-8057-d344b04f0e52.png?v=1595364891,,
324,Brot-1507-1550,BrotherHobby,VY 1507,V1,1507,1550,16.3,07,15,,,,,,,,,,,,24AWG,,,,N52H,Al 7075,12N14P,https://www.racedayquads.com/products/brotherhobby-vy-1507-4150v-micro-motor,https://cdn.shopify.com/s/files/1/1285/4651/products/brotherhobby-brotherhobby-vy-1507-4150kv-micro-motor-motor-13721141182577.jpg?v=1762440537,,Cinewhoop
325,Brot-1507-1900,BrotherHobby,VY 1507,V1,1507,1900,16.3,07,15,,,,,,,,,,,,24AWG,,,,N52H,Al 7075,12N14P,https://www.racedayquads.com/products/brotherhobby-vy-1507-4150v-micro-motor,https://cdn.shopify.com/s/files/1/1285/4651/products/brotherhobby-brotherhobby-vy-1507-4150kv-micro-motor-motor-13721141182577.jpg?v=1762440537,,Cinewhoop
326,Brot-1507-2800,BrotherHobby,AVENGER 1507,V1,1507,2800,16.3,07,15,28.1,19.4,2,,,,,,,,,,,,,,,,,,,
327,Brot-1507-3100,BrotherHobby,VY 1507,V1,1507,3100,16.3,07,15,,,,,,,,,,,,24AWG,,,,N52H,Al 7075,12N14P,https://www.racedayquads.com/products/brotherhobby-vy-1507-4150v-micro-motor,https://cdn.shopify.com/s/files/1/1285/4651/products/brotherhobby-brotherhobby-vy-1507-4150kv-micro-motor-motor-13721141182577.jpg?v=1762440537,,Cinewhoop
328,Brot-1507-3600,BrotherHobby,AVENGER 1507,V1,1507,3600,16.3,07,15,28.1,19.4,2,,,,,,,,,,,,,,,,,,,
329,Brot-1507-4100,BrotherHobby,AVENGER 1507,V1,1507,4100,16.3,07,15,28.1,19.4,2,,,,,,,,,,,,,,,,,,,
330,Brot-1507-4150,BrotherHobby,VY 1507,V1,1507,4150,16.3,07,15,,,,,,,,,4S-6S,,,24AWG,,,,N52H,Al 7075,12N14P,https://www.racedayquads.com/products/brotherhobby-vy-1507-4150v-micro-motor,https://cdn.shopify.com/s/files/1/1285/4651/products/brotherhobby-brotherhobby-vy-1507-4150kv-micro-motor-motor-13721141182577.jpg?v=1762440537,,Cinewhoop
331,Brot-1608-3200,BrotherHobby,TORNADO T2 1608,V1,1608,3200,22,08,16,,,3,,,,,,,,,,,,,,,,https://www.racedayquads.com/products/brotherhobby-tornado-t2-1608-3200kv-motor,https://cdn.shopify.com/s/files/1/1285/4651/files/brotherhobby-brotherhobby-tornado-t2-1608-3200kv-motor-motor-30918709575793.jpg?v=1762454899,,Racing
332,Brot-1806-2850,BrotherHobby,RETURNER R4 1806,V1,1806,2850,22,06,18,,,,,,,,,,,,,,,,,,,,,,
333,Brot-2004-1650,BrotherHobby,AVENGER LR 2004,V1,2004,1650,17.5,04,20,29.9,24.6,3,,,,,,2S,,,,"7""\n",61.32,7.3,N52H,,12N14P,https://www.unmannedtechshop.co.uk/products/brotherhobby-avenger-lr-2004-1650kv-motor,https://cdn.shopify.com/s/files/1/0914/9972/5181/files/brotherhobby-avenger-lr-2004-1650kv-1.jpg?v=1753831296,327.40 mΩ\n,Long Range
334,Brot-2004-1700,BrotherHobby,AVENGER SE 2004,V1,2004,1700,15,04,20,18.9,24.6,3,,,,,,,,,,,,,,,,,,,
335,Brot-2004-1950,BrotherHobby,AVENGER SE 2004,V1,2004,1950,15,04,20,18.9,24.6,3,,,,,,,,,,,,,,,,,,,
336,Brot-2004-2100,BrotherHobby,AVENGER SE 2004,V1,2004,2100,15,04,20,18.9,24.6,3,,,,,,,,,,,,,,,,,,,
337,Brot-2004-3150,BrotherHobby,AVENGER SE 2004,V1,2004,3150,15,04,20,18.9,24.6,3,,,,,,,,,,,,,,,,,,,
338,Brot-2205-1750,BrotherHobby,RETURNER R2 2205,V1,2205,1750,28,05,22,31.5,27,5,14,Ecrou,Non,4 Vis,16/19,6S,22.2V,160MM,20AWG,5 Inch,Multicopter,,,N52H,,,,,
339,Brot-2205-2300,BrotherHobby,RETURNER R2 2205,V1,2205,2300,28,05,22,31.5,27,5,14,Ecrou,Non,4 Vis,16/19,4S,14.8V,160MM,20AWG,5 Inch,Multicopter,,,N52H,,,,,
340,Brot-2205-2400,BrotherHobby,RETURNER R6 2205 RAINBOW,V1,2205,2400,26.5,05,22,,,,,,,,,,,,,,,,,,,,,,
341,Brot-2205-2600,BrotherHobby,RETURNER R2 2205,V1,2205,2600,28,05,22,31.5,27,5,14,Ecrou,Non,4 Vis,16/19,4S,14.8V,160MM,20AWG,5 Inch,Multicopter,,,N52H,,,,,
342,Brot-2205-2800,BrotherHobby,RETURNER R2 2205,V1,2205,2800,28,05,22,31.5,27,5,14,Ecrou,Non,4 Vis,16/19,4S,14.8V,160MM,20AWG,5 Inch,Multicopter,,,N52H,,,,,
343,Brot-2206-1720,BrotherHobby,RETURNER R3 2206,V1,2206,1720,30.5,06,22,,,,,,,,,,,,,,,,,,,,,,
344,Brot-2206-1800,BrotherHobby,TORNADO T2 2206,V1,2206,1800,32.5,06,22,,,,,,,,,,,,,,,,,,,,,,
345,Brot-2206-1900,BrotherHobby,VENOM 2206,V1,2206,1900,35.7,06,22,,,,,,,,,,,,,,,,,,,,,,
346,Brot-2206-2140,BrotherHobby,RETURNER R3 2206,V1,2206,2140,30.5,06,22,,,,,,,,,,,,,,,,,,,,,,
347,Brot-2206-2300,BrotherHobby,RETURNER R3 2206,V1,2206,2300,30.5,06,22,,,,,,,,,,,,,,,,,,,,,,
348,Brot-2206-2400,BrotherHobby,VENOM 2206,V1,2206,2400,35.7,06,22,,,,,,,,,,,,,,,,,,,,,,
349,Brot-2206-2450,BrotherHobby,RETURNER R4 2206,V1,2206,2450,28,06,22,30.7,28,5,12,Ecrou,Non,4 Vis,16/19,5S,18.5V,155MM,20AWG,5 Inch,Multicopter,,,N52H ARC,7075,,,,
350,Brot-2206-2600,BrotherHobby,RETURNER R3 2206,V1,2206,2600,30.5,06,22,,,,,,,,,,,,,,,,,,,,,,
351,Brot-2206-2650,BrotherHobby,RETURNER R5 RED HULK 2206,V1,2206,2650,30.8,06,22,30.7,28,5,12,Ecrou,Non,4 Vis,16/19,5S,18.5V,155MM,20AWG,5 Inch,Multicopter,,,N52H ARC,7075,,,,
352,Brot-2206-2700,BrotherHobby,RETURNER R4 2206,V1,2206,2700,28,06,22,,,,,,,,,,,,,,,,,,,,,,
353,Brot-2207-1660,BrotherHobby,RETURNER R3 2207,V1,2207,1660,33,07,22,,,,,,,,,,,,,,,,,,,,,,
354,Brot-2207-1750,BrotherHobby,RETURNER R5 2207,V1,2207,1750,28,07,22,,,,,,,,,,,,,,,,,,,,,,
355,Brot-2207-2400,BrotherHobby,RETURNER R3 2207,V1,2207,2400,33,07,22,,,,,,,,,,,,,,,,,,,,,,
356,Brot-2207-2500,BrotherHobby,RETURNER R5 2207,V1,2207,2500,28,07,22,,,,,,,,,,,,,,,,,,,,,,
357,Brot-2207-2550,BrotherHobby,RETURNER R3 2207,V1,2207,2550,33,07,22,,,,,,,,,,,,,,,,,,,,,,
358,Brot-2207-2700,BrotherHobby,RETURNER R5 2207,V1,2207,2700,28,07,22,,,,,,,,,,,,,,,,,,,,,,
359,"Brot-2207,5-1560",BrotherHobby,"SPEED SHIELD 2207,5 V2",V2,2207.5,1560,33,7.5,22,,,,,,,,,,,,,,,,,,,,,,
360,"Brot-2207,5-1750",BrotherHobby,"GOM 2207,5",V1,2207.5,1750,36.1,7.5,22,33.9,28.5,5,14,Ecrou,Non,4 Vis,16,6S,22.2V,160MM,20AWG,5 Inch,Multicopter,,,N52H,12N14P,https://www.racedayquads.com/products/brotherhobby-gom-2207-5-2500kv-motor,https://cdn.shopify.com/s/files/1/1285/4651/products/brotherhobby-brotherhobby-gom-2207-5-2500kv-motor-motor-30568395735153.jpg?v=1762442403,,Racing
361,"Brot-2207,5-1900",BrotherHobby,"AVENGER 2207,5 V3",V3,2207.5,1900,33.6,7.5,22,33.9,27,5,,,,,,,,,,,,,,,,,,,
362,"Brot-2207,5-1920",BrotherHobby,"GOM 2207,5",V1,2207.5,1920,36.1,7.5,22,33.9,28.5,5,14,Ecrou,Non,4 Vis,16,6S,22.2V,160MM,20AWG,5 Inch,Multicopter,,,N52H,12N14P,https://www.racedayquads.com/products/brotherhobby-gom-2207-5-2500kv-motor,https://cdn.shopify.com/s/files/1/1285/4651/products/brotherhobby-brotherhobby-gom-2207-5-2500kv-motor-motor-30568395735153.jpg?v=1762442403,,Racing
363,"Brot-2207,5-2108",BrotherHobby,"SPEED SHIELD 2207,5 V2",V2,2207.5,2108,33,7.5,22,,,,,,,,,,,,,,,,,,,,,,
364,"Brot-2207,5-2350",BrotherHobby,"AVENGER 2207,5 V3",V3,2207.5,2350,33.6,7.5,22,33.9,27,5,,,,,,,,,,,,,,,,,,,
365,"Brot-2207,5-2400",BrotherHobby,"SPEED SHIELD 2207,5 V2",V2,2207.5,2400,33,7.5,22,,,,,,,,,,,,,,,,,,,,,,
366,"Brot-2207,5-2500",BrotherHobby,"GOM 2207,5",V1,2207.5,2500,36.1,7.5,22,33.9,28.5,5,14,Ecrou,Non,4 Vis,16,4S,14.8V,160MM,20AWG,5 Inch,Multicopter,,,N52H,12N14P,https://www.racedayquads.com/products/brotherhobby-gom-2207-5-2500kv-motor,https://cdn.shopify.com/s/files/1/1285/4651/products/brotherhobby-brotherhobby-gom-2207-5-2500kv-motor-motor-30568395735153.jpg?v=1762442403,,Racing
367,"Brot-2207,5-2700",BrotherHobby,"SPEED SHIELD 2207,5 V2",V2,2207.5,2700,33,7.5,22,,,,,,,,,,,,,,,,,,,,,,
368,"Brot-2207,5-3400",BrotherHobby,"SPEED SHIELD 2207,5 V2",V2,2207.5,3400,33,7.5,22,,,,,,,,,,,,,,,,,,,,,,
369,Brot-2208-1800,BrotherHobby,RETURNER R8 2208,V1,2208,1800,,08,22,,,,,,,,,,,,,,,,,,,,,,
370,Brot-2208-2400,BrotherHobby,RETURNER R8 2208,V1,2208,2400,,08,22,,,,,,,,,,,,,,,,,,,,,,
371,Brot-2208-2700,BrotherHobby,RETURNER R8 2208,V1,2208,2700,,08,22,,,,,,,,,,,,,,,,,,,,,,
372,Brot-2306-1660,BrotherHobby,RETURNER R6 2306 RAINBOW,V1,2306,1660,32,06,23,,,,,,,,,,,,,,,,,,,,,,
373,Brot-2306-2150,BrotherHobby,TORNADO Y3 2306,V1,2306,2150,35,06,23,,,,,,,,,,,,,,,,,,,,,,
374,Brot-2306-2450,BrotherHobby,RETURNER R5 2306 DEADPOOL,V1,2306,2450,28,06,23,,,,,,,,,,,,,,,,,,,,,,
375,Brot-2306-2650,BrotherHobby,RETURNER R5 2306 DEADPOOL,V1,2306,2650,28,06,23,,,,,,,,,,,,,,,,,,,,,,
376,"Brot-2306,5-2000",BrotherHobby,"AVENGER 2306,5 V3",V3,2306.5,2000,34.4,",5",23,33.9,27,5,,,,,,,,,,,,,,,,,,,
377,"Brot-2306,5-2450",BrotherHobby,"AVENGER 2306,5 V3",V3,2306.5,2450,34.4,",5",23,33.9,27,5,,,,,,,,,,,,,,,,,,,
378,"Brot-2306,5-2650",BrotherHobby,"LPD 2306,5",V1,2306.5,2650,,",5",23,32.9,29.7,0.15,,,M5,,,4S-6S,,,20AWG,,,,,Al 7075,12N14P,https://www.racedayquads.com/products/brotherhobby-lpd-2306-5-2000kv-motor,https://cdn.shopify.com/s/files/1/1285/4651/products/brotherhobby-brotherhobby-lpd-2306-5-2000kv-motor-motor-30568434696305.jpg?v=1762442405,,Racing
379,Brot-2307-1750,BrotherHobby,ENGINEERX 2307,V1,2307,1750,36,07,23,31.5,30.97,,,,,,,,,,,,,,,,,,,,
380,Brot-2307-2500,BrotherHobby,ENGINEERX 2307,V1,2307,2500,36,07,23,31.5,30.97,,,,,,,,,,,,,,,,,,,,
381,Brot-2307-2700,BrotherHobby,ENGINEERX 2307,V1,2307,2700,36,07,23,31.5,30.97,,,,,,,,,,,,,,,,,,,,
382,Brot-2318-890,BrotherHobby,REUNION 2318,V1,2318,890,72,18,23,,,,,Creux,,,,,,,,,,,N52H,,,https://www.unmannedtechshop.co.uk/products/brotherhobby-reunion-2318-motor-1250kv-reunion-2318,https://cdn.shopify.com/s/files/1/0914/9972/5181/files/ff2aec04a2.jpg.640x640.webp?v=1767099020,,Cinematic
383,Brot-2318-1250,BrotherHobby,REUNION 2318,V1,2318,1250,72,18,23,,,,,Creux,,,,,,,,,,,N52H,,,https://www.unmannedtechshop.co.uk/products/brotherhobby-reunion-2318-motor-1250kv-reunion-2318,https://cdn.shopify.com/s/files/1/0914/9972/5181/files/ff2aec04a2.jpg.640x640.webp?v=1767099020,,Cinematic
384,Brot-2318-1450,BrotherHobby,REUNION 2318,V1,2318,1450,72,18,23,,,,,Creux,,,,,,,,,,,N52H,,,https://www.unmannedtechshop.co.uk/products/brotherhobby-reunion-2318-motor-1250kv-reunion-2318,https://cdn.shopify.com/s/files/1/0914/9972/5181/files/ff2aec04a2.jpg.640x640.webp?v=1767099020,,Cinematic
385,Brot-2318-2500,BrotherHobby,REUNION 2318,V1,2318,2500,72,18,23,,,,,Creux,,,,,,,,,,,N52H,,,https://www.unmannedtechshop.co.uk/products/brotherhobby-reunion-2318-motor-1250kv-reunion-2318,https://cdn.shopify.com/s/files/1/0914/9972/5181/files/ff2aec04a2.jpg.640x640.webp?v=1767099020,,Cinematic
386,Brot-2507-1200,BrotherHobby,AVENGER 2507 V2,V2,2507,1200,40,07,25,35,30,5,,Creux,M5,,,,,,18AWG,,,,,Al 7075,12N14P,https://www.racedayquads.com/products/avenger-v2-2507-1850kv-4-6s-long-range-fpv-motor-by-brotherhobby,https://cdn.shopify.com/s/files/1/1285/4651/products/brotherhobby-brotherhobby-avenger-v2-2507-1850kv-motor-motor-6591742345329.jpg?v=1762440259,,Long Range
387,Brot-2507-1500,BrotherHobby,AVENGER 2507 V2,V2,2507,1500,40,07,25,35,30,5,,Creux,M5,,,,,,18AWG,,,,,Al 7075,12N14P,https://www.racedayquads.com/products/avenger-v2-2507-1850kv-4-6s-long-range-fpv-motor-by-brotherhobby,https://cdn.shopify.com/s/files/1/1285/4651/products/brotherhobby-brotherhobby-avenger-v2-2507-1850kv-motor-motor-6591742345329.jpg?v=1762440259,,Long Range
388,Brot-2507-1750,BrotherHobby,AVENGER 2507 V2,V2,2507,1750,40,07,25,35,30,5,,Creux,M5,,,,,,18AWG,,,,,Al 7075,12N14P,https://www.racedayquads.com/products/avenger-v2-2507-1850kv-4-6s-long-range-fpv-motor-by-brotherhobby,https://cdn.shopify.com/s/files/1/1285/4651/products/brotherhobby-brotherhobby-avenger-v2-2507-1850kv-motor-motor-6591742345329.jpg?v=1762440259,,Long Range
389,Brot-2510-930,BrotherHobby,AVENGER 2510,V1,2510,930,55,10,25,36.5,30.3,5,,,,,,,,,,,,,,,,,,,
390,Brot-2510-1030,BrotherHobby,AVENGER 2510,V1,2510,1030,55,10,25,36.5,30.3,5,,,,,,,,,,,,,,,,,,,
391,Brot-2510-1380,BrotherHobby,AVENGER 2510,V1,2510,1380,55,10,25,36.5,30.3,5,,,,,,,,,,,,,,,,,,,
392,"Brot-2806,5-1300",BrotherHobby,"AVENGER 2806,5",V1,2806.5,1300,41,",5",28,33.6,33.2,5,,Creux,M5,,,4S-6S,,,18AWG,,,,,,12N14P,https://pyrodrone.com/products/brotherhobby-avenger-2806-5-1300kv-1700kv-motor,https://cdn.shopify.com/s/files/1/2778/6650/products/ezgif-1-5e8dee46ff04.jpg?v=1569427710,,Long Range
393,"Brot-2806,5-1700",BrotherHobby,"AVENGER 2806,5",V1,2806.5,1700,41,",5",28,33.6,33.2,5,,Creux,M5,,,4S-6S,,,18AWG,,,,,,12N14P,https://pyrodrone.com/products/brotherhobby-avenger-2806-5-1300kv-1700kv-motor,https://cdn.shopify.com/s/files/1/2778/6650/products/ezgif-1-5e8dee46ff04.jpg?v=1569427710,,Long Range
394,Brot-2808-1500,BrotherHobby,AVENGER 2808,V1,2808,1500,54,08,28,36.2,33,5,,Creux,M5,,,4S-6S,,,18AWG,,,,,Al 7075,12N14P,https://www.racedayquads.com/products/brotherhobby-avenger-2808-1500kv-motor,https://cdn.shopify.com/s/files/1/1285/4651/files/brotherhobby-brotherhobby-avenger-2808-1500kv-motor-motor-31035279081585.jpg?v=1737495587,,
395,Brot-2808-1900,BrotherHobby,AVENGER 2808,V1,2808,1900,54,08,28,36.2,33,5,,Creux,M5,,,,,,18AWG,,,,,Al 7075,12N14P,https://www.racedayquads.com/products/brotherhobby-avenger-2808-1500kv-motor,https://cdn.shopify.com/s/files/1/1285/4651/files/brotherhobby-brotherhobby-avenger-2808-1500kv-motor-motor-31035279081585.jpg?v=1737495587,,
396,Brot-2810-860,BrotherHobby,AVENGER 2810,V1,2810,860,65,10,28,37,33.3,5,,Creux,M5,M3,19x19,,,,18AWG,,,,N52H,Al 7075,12N14P,,,,Cinematic
397,Brot-2810-960,BrotherHobby,AVENGER 2810,V1,2810,960,65,10,28,37,33.3,5,,Creux,M5,M3,19x19,,,,18AWG,,,,N52H,Al 7075,12N14P,,,,Cinematic
398,Brot-2810-1180,BrotherHobby,AVENGER 2810,V1,2810,1180,65,10,28,37,33.3,5,,Creux,M5,M3,19x19,,,,18AWG,,,,N52H,Al 7075,12N14P,,,,Cinematic
399,Brot-2810-1500,BrotherHobby,AVENGER 2810,V1,2810,1500,65,10,28,37,33.3,5,,Creux,M5,M3,19x19,5S-7S,,,18AWG,,,,N52H,Al 7075,12N14P,https://www.racedayquads.com/products/brotherhobby-avenger-2810-1500kv-motor,https://cdn.shopify.com/s/files/1/1285/4651/products/brotherhobby-brotherhobby-avenger-2810-1500kv-motor-motor-14775616602225.jpg?v=1762440739,,Cinematic
400,Brot-2812-900,BrotherHobby,AVENGER 2812 V2,V2,2812,900,78,12,28,44.5,33.9,5,,,,,,,,,,,,,,,,,,,
401,Brot-2812-1115,BrotherHobby,AVENGER 2812 V2,V2,2812,1115,78,12,28,44.5,33.9,5,,,,,,,,,,,,,,,,,,,
402,Brot-3115-900,BrotherHobby,TORNADO T5 3115 PRO,V1,3115,900,110,15,31,,,,,Creux,M5,,,,,,18AWG,,,,,Al 7075,12N14P,,,,
403,Brot-3115-1050,BrotherHobby,TORNADO T5 3115 PRO,V1,3115,1050,110,15,31,,,,,Creux,M5,,,5S-8S,,,18AWG,,,,,Al 7075,12N14P,https://www.racedayquads.com/products/brotherhobby-tornado-t5-3115-pro-1050kv-motor,https://cdn.shopify.com/s/files/1/1285/4651/products/brotherhobby-brotherhobby-tornado-t5-3115-pro-1050kv-motor-motor-15755906023537.jpg?v=1762440982,,
404,Brot-3115-1520,BrotherHobby,TORNADO T5 3115 PRO,V1,3115,1520,110,15,31,,,,,Creux,M5,,,,,,18AWG,,,,,Al 7075,12N14P,,,,
405,Brot-4008-490,BrotherHobby,RETURNER R7 4008,V1,4008,490,117,08,40,,,,,,,,,,,,,,,,,,,,,,
406,Brot-4215-520,BrotherHobby,TORNADO T7 4215 X CLASS,V1,4215,520,215,15,42,,,,,,,,,,,,,,,,,,,,,,
407,Brot-4215-680,BrotherHobby,TORNADO T7 4215 X CLASS,V1,4215,680,215,15,42,,,,,,,,,,,,,,,,,,,,,,
408,Brot-4215-800,BrotherHobby,TORNADO T7 4215 X CLASS,V1,4215,800,215,15,42,,,,,,,,,,,,,,,,,,,,,,
409,Brot-5215-170,BrotherHobby,TORNADO T10 5215 PRO X CLASS,V1,5215,170,339,15,52,,,,,,,,,,,,,,,,,,,,,,
410,Brot-5215-330,BrotherHobby,TORNADO T10 5215 PRO X CLASS,V1,5215,330,339,15,52,,,,,,,,,,,,,,,,,,,,,,
411,Brot-5215-500,BrotherHobby,TORNADO T10 5215 PRO X CLASS,V1,5215,500,339,15,52,,,,,,,,,,,,,,,,,,,,,,
412,Brot-6210-167,BrotherHobby,MAX 6210,V1,6210,167,351.71,10,62,,,,,,,,,,,,,,,,,,,,,,
413,Brot-7212-130,BrotherHobby,MAX 7212,V1,7212,130,487.94,12,72,,,,,,,,,,,,,,,,,,,,,,
414,COBR-2206-2100,COBRA,2206,V1,2206,2100,36.5,06,22,,,,,,,,,,,,,,,,,,,,,,
415,COBR-2208-2000,COBRA,2208,V1,2208,2000,44.2,08,22,,,,,,,,,,,,,,,,,,,,,,
416,COBR-2217-750,COBRA,2217,V1,2217,750,74,17,22,,,,,,,,,,,,,,,,,,,,,,
417,Diat-1103-6500,Diatone,MAMBA 1103,V1,1103,6500,4.9,03,11,9.8,14.8,1.5,,,,M2,9x9,2S-3S,,,,1.6inch~3inch,130,10.8,,,9N12P,https://www.unmannedtechshop.co.uk/products/diatone-mamba-toka-1103-2-3s-brushless-motor-6500kv-8500kv,https://cdn.shopify.com/s/files/1/0914/9972/5181/files/duajdgdg_0001_IMG_0643_1024x_97041199-e578-43a0-8939-03a070efcf50.jpg?v=1754233234,,Racing
418,Diat-1103-8500,Diatone,MAMBA 1103,V1,1103,8500,4.9,03,11,9.8,14.8,1.5,,,,M2,9x9,2S-3S,,,,1.6inch~3inch,130,10.8,,,9N12P,https://www.unmannedtechshop.co.uk/products/diatone-mamba-toka-1103-2-3s-brushless-motor-6500kv-8500kv,https://cdn.shopify.com/s/files/1/0914/9972/5181/files/duajdgdg_0001_IMG_0643_1024x_97041199-e578-43a0-8939-03a070efcf50.jpg?v=1754233234,,Racing
419,Diat-1103-10000,Diatone,MAMBA TOKA 1103,V1,1103,10000,,03,11,,,,,,,,,,,,,,,,,,,,,,
420,Diat-1103-12000,Diatone,MAMBA 1103,V1,1103,12000,4.9,03,11,9.8,14.8,1.5,,,,M2,9x9,,,,,1.6inch~3inch,,,,,9N12P,https://www.unmannedtechshop.co.uk/products/diatone-mamba-toka-1103-2-3s-brushless-motor-6500kv-8500kv,https://cdn.shopify.com/s/files/1/0914/9972/5181/files/duajdgdg_0001_IMG_0643_1024x_97041199-e578-43a0-8939-03a070efcf50.jpg?v=1754233234,,Racing
421,Diat-1105-5500,Diatone,MAMBA 1105,V1,1105,5500,,05,11,,,,,,,,,,,,,,,,,,,,,,
422,Diat-1206-2450,Diatone,MAMBA TOKA 1206,V1,1206,2450,8.79,06,12,15,17,1.5,1.6,Tige,Oui,4 Vis,9,6S,22.2V,150MM,24AWG,3 Inch,Multicopter,456,,N52H,,,,,
423,Diat-1206-3600,Diatone,MAMBA TOKA 1206,V1,1206,3600,8.79,06,12,15,17,1.5,1.6,Tige,Oui,4 Vis,9,4S,14.8V,150MM,24AWG,3 Inch,Multicopter,236,,N52H,,,,,
424,Diat-1206-4500,Diatone,MAMBA TOKA 1206,V1,1206,4500,8.79,06,12,15,17,1.5,1.6,Tige,Oui,4 Vis,9,4S,14.8V,150MM,24AWG,3 Inch,Multicopter,168,,N52H,,,,,
425,Diat-1206-6000,Diatone,MAMBA TOKA 1206,V1,1206,6000,8.79,06,12,15,17,1.5,1.6,Tige,Oui,4 Vis,9,3S,11.1V,150MM,24AWG,3 Inch,Multicopter,168,,N52H,,,,,
426,Diat-1206-7500,Diatone,MAMBA TOKA 1206,V1,1206,7500,8.79,06,12,15,17,1.5,1.6,Tige,Oui,4 Vis,9,3S,11.1V,150MM,24AWG,3 Inch,Multicopter,76,,N52H,,,,,
427,Diat-1404-3000,Diatone,MAMBA 1404,V2,1404,3000,10.41,04,14,15,20.5,1.5,1.6,Tige,Oui,4 Vis,12,6S,22.2V,150MM,24AWG,4 Inch,Multicopter,310,,,9N12P,https://www.racedayquads.com/products/diatone-mamba-toka-1404-3000kv-micro-motor,https://cdn.shopify.com/s/files/1/1285/4651/products/diatone-diatone-mamba-toka-1404-3000kv-micro-motor-motor-29134764343409.jpg?v=1762441404,310 mΩ,Racing
428,Diat-1404-3650,Diatone,MAMBA 1404,V1,1404,3650,10.5,04,14,15,20.5,1.5,,,,,Ø12,,,,,,,,,,9N12P,https://www.racedayquads.com/products/diatone-mamba-toka-1404-3000kv-micro-motor,https://cdn.shopify.com/s/files/1/1285/4651/products/diatone-diatone-mamba-toka-1404-3000kv-micro-motor-motor-29134764343409.jpg?v=1762441404,,Racing
429,Diat-1404-4000,Diatone,MAMBA 1404,V2,1404,4000,10.41,04,14,15,20.5,1.5,1.6,Tige,Oui,4 Vis,12,4S,14.8V,150MM,24AWG,4 Inch,Multicopter,175,,,9N12P,https://www.racedayquads.com/products/diatone-mamba-toka-1404-3000kv-micro-motor,https://cdn.shopify.com/s/files/1/1285/4651/products/diatone-diatone-mamba-toka-1404-3000kv-micro-motor-motor-29134764343409.jpg?v=1762441404,,Racing
430,Diat-1404-5000,Diatone,MAMBA 1404,V1,1404,5000,10.5,04,14,15,20.5,1.5,,,,,Ø12,,,,,,,,,,9N12P,https://www.racedayquads.com/products/diatone-mamba-toka-1404-3000kv-micro-motor,https://cdn.shopify.com/s/files/1/1285/4651/products/diatone-diatone-mamba-toka-1404-3000kv-micro-motor-motor-29134764343409.jpg?v=1762441404,,Racing
431,Diat-1408-2900,Diatone,MAMBA 1408,V1,1408,2900,18,08,14,18.5,20.6,1.5,1.6,Tige,Oui,4 Vis,12,6S,22.2V,150MM,24AWG,4 Inch,Multicopter,135,,,,,,,
432,Diat-1408-4100,Diatone,MAMBA 1408,V1,1408,4100,18,08,14,18.5,20.6,1.5,1.6,Tige,Oui,4 Vis,12,4S,14.8V,150MM,24AWG,4 Inch,Multicopter,85,,,,,,,
433,Diat-1606-2700,Diatone,MAMBA TOKA 1606,V1,1606,2700,,06,16,,,,,,,,,,,,,,,,,,,,,,
434,Diat-1606-3750,Diatone,MAMBA TOKA 1606,V1,1606,3750,,06,16,,,,,,,,,,,,,,,,,,,,,,
435,Diat-2004-1700,Diatone,MAMBA TOKA 2004,V1,2004,1700,17.5,04,20,15.3,26.2,1.5,1.6,Tige,Oui,4 Vis,12,6S,22.2V,150MM,24AWG,5 Inch,Multicopter,210,,,12N14P,https://www.racedayquads.com/products/diatone-mamba-toka-2004-1700kv-micro-motor,https://cdn.shopify.com/s/files/1/1285/4651/products/diatone-diatone-mamba-toka-2004-1700kv-motor-motor-28269908328561.jpg?v=1762441166,,Toothpick
436,Diat-2004-2900,Diatone,MAMBA TOKA 2004,V1,2004,2900,18,04,20,15.3,26.2,1.5,1.6,Tige,Oui,4 Vis,12,4S,14.8V,150MM,24AWG,5 Inch,Multicopter,90,,,12N14P,https://www.racedayquads.com/products/diatone-mamba-toka-2004-1700kv-micro-motor,https://cdn.shopify.com/s/files/1/1285/4651/products/diatone-diatone-mamba-toka-2004-1700kv-motor-motor-28269908328561.jpg?v=1762441166,,Toothpick
437,"Diat-2203,5-1650",Diatone,"MAMBA TOKA 2203,5",V1,2203.5,1650,20.8,3.5,22,29.4,28.9,5,12.5,Ecrou,Non,4 Vis,16,6S,22.2V,190MM,24AWG,5 Inch,Multicopter,232,,,12N14P,,,,Racing
438,"Diat-2203,5-2200",Diatone,"MAMBA TOKA 2203,5",V1,2203.5,2200,20.8,3.5,22,29.4,28.9,5,12.5,Ecrou,Non,4 Vis,16,6S,22.2V,190MM,24AWG,4 Inch,Multicopter,160,,,12N14P,,,,Racing
439,"Diat-2203,5-2650",Diatone,"MAMBA TOKA 2203,5",V1,2203.5,2650,20.8,3.5,22,29.4,28.9,5,12.5,Ecrou,Non,4 Vis,16,4S,14.8V,190MM,24AWG,5 Inch,Multicopter,120,,,12N14P,,,,Racing
440,"Diat-2203,5-3300",Diatone,"MAMBA TOKA 2203,5",V1,2203.5,3300,20.8,3.5,22,29.4,28.9,5,12.5,Ecrou,Non,4 Vis,16,4S,14.8V,190MM,24AWG,"3,5 Inch",Multicopter,80,,,12N14P,https://www.racedayquads.com/products/diatone-mamba-toka-2203-5-3300kv-racing-motor,https://cdn.shopify.com/s/files/1/1285/4651/files/diatone-diatone-mamba-toka-2203-5-3300kv-racing-motor-motor-31719118274673.jpg?v=1737163665,,Racing
441,"Diat-2203,5-4200",Diatone,"MAMBA TOKA 2203,5",V1,2203.5,4200,20.8,3.5,22,29.4,28.9,5,12.5,Ecrou,Non,4 Vis,16,4S,14.8V,190MM,24AWG,"3,5 Inch",Multicopter,65,,,12N14P,https://www.racedayquads.com/products/diatone-mamba-toka-2203-5-4200kv-motor,https://cdn.shopify.com/s/files/1/1285/4651/products/diatone-diatone-mamba-toka-2203-5-4200kv-motor-motor-29427500580977.jpg?v=1762441520,,Racing
442,Diat-2207-2650,Diatone,MAMBA 2207,V1,2207,2650,30,7,22,,,,,,,,,,,,,,,,,,,,,,
443,"Diat-2207,5-1700",Diatone,"MAMBA TOKA 2207,5",V1,2207.5,1700,,7.5,22,,,,,,,,,,,,,,,,,,,,,,
444,"Diat-2207,5-1800",Diatone,"MAMBA TOKA 2207,5",V1,2207.5,1800,,7.5,22,,,,,,,,,,,,,,,,,,,,,,
445,"Diat-2207,5-2450",Diatone,"MAMBA TOKA 2207,5",V1,2207.5,2450,,7.5,22,,,,,,,,,,,,,,,,,,,,,,
446,"Diat-2207,5-2650",Diatone,"MAMBA TOKA 2207,5",V1,2207.5,2650,,7.5,22,,,,,,,,,,,,,,,,,,,,,,
447,"Diat-2306,5-1650",Diatone,"MAMBA TOKA 2306,5",V1,2306.5,1650,,6.5,23,33.2,29.8,5,,Ecrou,Non,4 Vis,16,6S,22.2V,190MM,20AWG,6 Inch,Multicopter,78,,,,,,,
448,"Diat-2306,5-1770",Diatone,"MAMBA TOKA 2306,5",V1,2306.5,1770,,6.5,23,33.2,29.8,5,,Ecrou,Non,4 Vis,16,6S,22.2V,190MM,20AWG,5 Inch,Multicopter,65,,,,,,,
449,"Diat-2306,5-2770",Diatone,"MAMBA TOKA 2306,5",V1,2306.5,2770,,6.5,23,33.2,29.8,5,,Ecrou,Non,4 Vis,16,4S,14.8V,190MM,20AWG,5 Inch,Multicopter,40,,,,,,,
450,Diat-2808-1100,Diatone,MAMBA TOKA 2808,V1,2808,1100,63.5,08,28,40.3,35.1,6,,Ecrou,Non,4 Vis,16,6S,22.2V,,18AWG,7 Inch,Multicopter,68,,,,,,,
451,DJI-2212-920,DJI,2212,V1,2212,920,,12,22,,,,,,,,,,,,,,,,,,,,,,
452,Dual-0802-3000,DualSky,R4,V1,0802,3000,,02,08,,,,,,,,,,,,,,,,,,,,,,
453,Dual-1500-550,DualSky,GA1500R,V1,1500,550,275,00,15,,,,,,,,,,,,,,,,,,,,,,
454,Dual-1500-500,DualSky,"GA1500,5",V1,1500,500,280,00,15,,,,,,,,,,,,,,,,,,,,,,
455,Dual-1812-2230,DualSky,XM1812MA-42,V1,1812,2230,7,12,18,,,,,,,,,,,,,,,,,,,,,,
456,Dual-1812-2330,DualSky,XM1812RTR-42,V1,1812,2330,11,12,18,,,,,,,,,,,,,,,,,,,,,,
457,Dual-2000-480,DualSky,GA2000R,V1,2000,480,345,00,20,,,,,,,,,,,,,,,,,,,,,,
458,Dual-2000-400,DualSky,"GA2000,4",V1,2000,400,350,00,20,,,,,,,,,,,,,,,,,,,,,,
459,Dual-2203-1470,DualSky,ECO 2203C,V1,2203,1470,22,03,22,,,,,,,,,,,,,,,,,,,,,,
460,Dual-2203-1780,DualSky,ECO 2203C,V1,2203,1780,22,03,22,,,,,,,,,,,,,,,,,,,,,,
461,Dual-2204-1450,DualSky,ECO 2204C,V1,2204,1450,23,04,22,,,,,,,,,,,,,,,,,,,,,,
462,Dual-2204-,DualSky,ECO 2204C,V1,2204,,23,04,22,,,,,,,,,,,,,,,,,,,,,,
463,Dual-2206-,DualSky,ECO 2206X,V1,2206,,27,06,22,,,,,,,,,,,,,,,,,,,,,,
464,Dual-2208-,DualSky,ECO 2208C,V1,2208,,44,08,22,,,,,,,,,,,,,,,,,,,,,,
465,Dual-2212-2160,DualSky,XM2212MA-25,V1,2212,2160,10.5,12,22,,,,,,,,,,,,,,,,,,,,,,
466,Dual-2212-,DualSky,ECO 2212C,V1,2212,,55,12,22,,,,,,,,,,,,,,,,,,,,,,
467,Dual-2215-1620,DualSky,XM2215MA-17,V1,2215,1620,16.5,15,22,,,,,,,,,,,,,,,,,,,,,,
468,Dual-2216-,DualSky,ECO 2216C,V1,2216,,70,16,22,,,,,,,,,,,,,,,,,,,,,,
469,Dual-2223-1700,DualSky,XM2223EA-17,V1,2223,1700,21,23,22,,,,,,,,,,,,,,,,,,,,,,
470,Dual-2223-2200,DualSky,XM2223EA-13,V1,2223,2200,21,23,22,,,,,,,,,,,,,,,,,,,,,,
471,Dual-2223-2850,DualSky,XM2223EA-10,V1,2223,2850,21,23,22,,,,,,,,,,,,,,,,,,,,,,
472,Dual-2227-1150,DualSky,XM2227EA-15,V1,2227,1150,28,27,22,,,,,,,,,,,,,,,,,,,,,,
473,Dual-2227-1440,DualSky,XM2227EA-12,V1,2227,1440,28,27,22,,,,,,,,,,,,,,,,,,,,,,
474,Dual-2227-1720,DualSky,XM2227EA-10,V1,2227,1720,28,27,22,,,,,,,,,,,,,,,,,,,,,,
475,Dual-2303-1470,DualSky,ECO 2303C,V1,2303,1470,19,03,23,,,,,,,,,,,,,,,,,,,,,,
476,Dual-2303-1800,DualSky,ECO 2303C,V1,2303,1800,19,03,23,,,,,,,,,,,,,,,,,,,,,,
477,Dual-2303-2000,DualSky,ECO 2303C,V1,2303,2000,19,03,23,,,,,,,,,,,,,,,,,,,,,,
478,Dual-2304-1450,DualSky,ECO 2304C,V1,2304,1450,23,04,23,,,,,,,,,,,,,,,,,,,,,,
479,Dual-2304-1850,DualSky,ECO 2304C,V1,2304,1850,23,04,23,,,,,,,,,,,,,,,,,,,,,,
480,Dual-2304-2300,DualSky,ECO 2304C,V1,2304,2300,23,04,23,,,,,,,,,,,,,,,,,,,,,,
481,Dual-2306-1500,DualSky,ECO 2306C,V1,2306,1500,23,06,23,,,,,,,,,,,,,,,,,,,,,,
482,Dual-2306-1900,DualSky,ECO 2306C,V1,2306,1900,23,06,23,,,,,,,,,,,,,,,,,,,,,,
483,Dual-2306-2300,DualSky,ECO 2306C,V1,2306,2300,23,06,23,,,,,,,,,,,,,,,,,,,,,,
484,Dual-2308-980,DualSky,ECO 2308C,V1,2308,980,47,08,23,,,,,,,,,,,,,,,,,,,,,,
485,Dual-2308-1180,DualSky,ECO 2308C,V1,2308,1180,47,08,23,,,,,,,,,,,,,,,,,,,,,,
486,Dual-2308-1500,DualSky,ECO 2308C,,2308,1500,47,08,23,,,,,,,,,,,,,,,,,,,,,,
487,Dual-2308-1800,DualSky,ECO 2308C,,2308,1800,47,08,23,,,,,,,,,,,,,,,,,,,,,,
488,Dual-2312-760,DualSky,ECO 2312C,,2312,760,58,12,23,,,,,,,,,,,,,,,,,,,,,,
489,Dual-2312-840,DualSky,ECO 2312C,,2312,840,58,12,23,,,,,,,,,,,,,,,,,,,,,,
490,Dual-2312-960,DualSky,ECO 2312C,,2312,960,58,12,23,,,,,,,,,,,,,,,,,,,,,,
491,Dual-2312-1150,DualSky,ECO 2312C,,2312,1150,58,12,23,,,,,,,,,,,,,,,,,,,,,,
492,Dual-2312-1500,DualSky,ECO 2312C,,2312,1500,58,12,23,,,,,,,,,,,,,,,,,,,,,,
493,Dual-2316-880,DualSky,ECO 2316C,,2316,880,72,16,23,,,,,,,,,,,,,,,,,,,,,,
494,Dual-2316-980,DualSky,ECO 2316C,,2316,980,72,16,23,,,,,,,,,,,,,,,,,,,,,,
495,Dual-2316-1250,DualSky,ECO 2316C,,2316,1250,72,16,23,,,,,,,,,,,,,,,,,,,,,,
496,Dual-2316-1500,DualSky,ECO 2316C,,2316,1500,72,16,23,,,,,,,,,,,,,,,,,,,,,,
497,Dual-2808-1000,DualSky,ECO 2808C,,2808,1000,75,08,28,,,,,,,,,,,,,,,,,,,,,,
498,Dual-2808-1200,DualSky,ECO 2808C,,2808,1200,75,08,28,,,,,,,,,,,,,,,,,,,,,,
499,Dual-2808-1430,DualSky,ECO 2808C,,2808,1430,75,08,28,,,,,,,,,,,,,,,,,,,,,,
500,Dual-2808-,DualSky,ECO 2808X,,2808,,65,08,28,,,,,,,,,,,,,,,,,,,,,,
501,Dual-2812-1470,DualSky,XM2812CA-33,,2812,1470,19,12,28,,,,,,,,,,,,,,,,,,,,,,
502,Dual-2812-1780,DualSky,XM2812CA-27,,2812,1780,19,12,28,,,,,,,,,,,,,,,,,,,,,,
503,Dual-2814-860,DualSky,ECO 2814C,V1,2814,860,105,14,28,,,,,,,,,,,,,,,,,,,,,,
504,Dual-2814-970,DualSky,ECO 2814C,V1,2814,970,105,14,28,,,,,,,,,,,,,,,,,,,,,,
505,Dual-2814-1120,DualSky,ECO 2814C,V1,2814,1120,105,14,28,,,,,,,,,,,,,,,,,,,,,,
506,Dual-2814-1330,DualSky,ECO 2814C,V1,2814,1330,105,14,28,,,,,,,,,,,,,,,,,,,,,,
507,Dual-2814-,DualSky,ECO 2814X,,2814,,91,14,28,,,,,,,,,,,,,,,,,,,,,,
508,Dual-2820-800,DualSky,ECO 2820C,,2820,800,138,20,28,,,,,,,,,,,,,,,,,,,,,,
509,Dual-2820-940,DualSky,ECO 2820C,,2820,940,138,20,28,,,,,,,,,,,,,,,,,,,,,,
510,Dual-2820-1120,DualSky,ECO 2820C,,2820,1120,138,20,28,,,,,,,,,,,,,,,,,,,,,,
511,Dual-2820-,DualSky,ECO 2820C,,2820,,138,20,28,,,,,,,,,,,,,,,,,,,,,,
512,Dual-2822-1450,DualSky,XM2822CA-24,,2822,1450,30,22,28,,,,,,,,,,,,,,,,,,,,,,
513,Dual-2822-1800,DualSky,XM2822CA-20,,2822,1800,30,22,28,,,,,,,,,,,,,,,,,,,,,,
514,Dual-2826-720,DualSky,ECO 2826C,,2826,720,167,26,28,,,,,,,,,,,,,,,,,,,,,,
515,Dual-2826-850,DualSky,ECO 2826C,,2826,850,167,26,28,,,,,,,,,,,,,,,,,,,,,,
516,Dual-2826-980,DualSky,XM2826CA-18,,2826,980,44,26,28,,,,,,,,,,,,,,,,,,,,,,
517,Dual-2826-1025,DualSky,XM2826EA-16,,2826,1025,44,26,28,,,,,,,,,,,,,,,,,,,,,,
518,Dual-2826-1120,DualSky,ECO 2826C,,2826,1120,167,26,28,,,,,,,,,,,,,,,,,,,,,,
519,Dual-2826-1170,DualSky,XM2826EA-14,,2826,1170,44,26,28,,,,,,,,,,,,,,,,,,,,,,
520,Dual-2826-1200,DualSky,XM2826CA-15,,2826,1200,44,26,28,,,,,,,,,,,,,,,,,,,,,,
521,Dual-2826-1370,DualSky,XM2826EA-12,,2826,1370,44,26,28,,,,,,,,,,,,,,,,,,,,,,
522,Dual-2826-1450,DualSky,XM2826CA-12,,2826,1450,44,26,28,,,,,,,,,,,,,,,,,,,,,,
523,Dual-2826-1630,DualSky,XM2826EA-10,,2826,1630,44,26,28,,,,,,,,,,,,,,,,,,,,,,
524,Dual-2826-1770,DualSky,XM2826CA-10,,2826,1770,44,26,28,,,,,,,,,,,,,,,,,,,,,,
525,Dual-2826-2200,DualSky,XM2826EA-10-10P,,2826,2200,43,26,28,,,,,,,,,,,,,,,,,,,,,,
526,Dual-2826-2770,DualSky,XM2826EA-8-10P,,2826,2770,43,26,28,,,,,,,,,,,,,,,,,,,,,,
527,Dual-2826-,DualSky,ECO 2826C,,2826,,167,26,28,,,,,,,,,,,,,,,,,,,,,,
528,Dual-2830-820,DualSky,XM2830CA-14,,2830,820,55,30,28,,,,,,,,,,,,,,,,,,,,,,
529,Dual-2830-980,DualSky,XM2830CA-12,,2830,980,55,30,28,,,,,,,,,,,,,,,,,,,,,,
530,Dual-2830-1095,DualSky,XM2830EA-10,,2830,1095,57,30,28,,,,,,,,,,,,,,,,,,,,,,
531,Dual-2830-1180,DualSky,XM2830CA-10,,2830,1180,55,30,28,,,,,,,,,,,,,,,,,,,,,,
532,Dual-2830-1210,DualSky,XM2830EA-9,,2830,1210,57,30,28,,,,,,,,,,,,,,,,,,,,,,
533,Dual-2830-1350,DualSky,XM2830EA-8,,2830,1350,57,30,28,,,,,,,,,,,,,,,,,,,,,,
534,Dual-2830-1480,DualSky,XM2830CA-8,,2830,1480,55,30,28,,,,,,,,,,,,,,,,,,,,,,
535,Dual-2830-1540,DualSky,XM2830EA-7,,2830,1540,57,30,28,,,,,,,,,,,,,,,,,,,,,,
536,Dual-2830-2000,DualSky,XM2830EA-7-10P,,2830,2000,55,30,28,,,,,,,,,,,,,,,,,,,,,,
537,Dual-2830-2430,DualSky,XM2830EA-6-10P,,2830,2430,55,30,28,,,,,,,,,,,,,,,,,,,,,,
538,Dual-2834-830,DualSky,"XM2834MR-10,5",,2834,830,70,34,28,,,,,,,,,,,,,,,,,,,,,,
539,Dual-2834-870,DualSky,XM2834CA-10,,2834,870,70,34,28,,,,,,,,,,,,,,,,,,,,,,
540,Dual-2834-915,DualSky,XM2834EA-9,,2834,915,70,34,28,,,,,,,,,,,,,,,,,,,,,,
541,Dual-2834-960,DualSky,XM2834MR-9,,2834,960,70,34,28,,,,,,,,,,,,,,,,,,,,,,
542,Dual-2834-980,DualSky,XM2834CA-9,,2834,980,70,34,28,,,,,,,,,,,,,,,,,,,,,,
543,Dual-2834-1010,DualSky,XM2834EA-8,,2834,1010,78,34,28,,,,,,,,,,,,,,,,,,,,,,
544,Dual-2834-1160,DualSky,XM2834EA-7,,2834,1160,70,34,28,,,,,,,,,,,,,,,,,,,,,,
545,Dual-2834-1250,DualSky,XM2834CA-7,,2834,1250,70,34,28,,,,,,,,,,,,,,,,,,,,,,
546,Dual-2834-1360,DualSky,XM2834EA-6,,2834,1360,90,34,28,,,,,,,,,,,,,,,,,,,,,,
547,Dual-2834-1460,DualSky,XM2834CA-6,,2834,1460,70,34,28,,,,,,,,,,,,,,,,,,,,,,
548,Dual-2838-810,DualSky,XM2838EA-8,,2838,810,83,38,28,,,,,,,,,,,,,,,,,,,,,,
549,Dual-2838-860,DualSky,XM2838EG-14L,,2838,860,98,38,28,,,,,,,,,,,,,,,,,,,,,,
550,Dual-2838-935,DualSky,XM2838EA-7,,2838,935,83,38,28,,,,,,,,,,,,,,,,,,,,,,
551,Dual-2838-1090,DualSky,XM2838EA-6,,2838,1090,83,38,28,,,,,,,,,,,,,,,,,,,,,,
552,Dual-2838-1100,DualSky,XM2838EG-11,,2838,1100,90,38,28,,,,,,,,,,,,,,,,,,,,,,
553,Dual-2838-1300,DualSky,XM2838EA-5,,2838,1300,83,38,28,,,,,,,,,,,,,,,,,,,,,,
554,Dual-2838-1350,DualSky,XM2838EG-9,,2838,1350,90,38,28,,,,,,,,,,,,,,,,,,,,,,
555,Dual-2838-1800,DualSky,XM2838EG-7,,2838,1800,90,38,28,,,,,,,,,,,,,,,,,,,,,,
556,"Dual-3000,5-380",DualSky,"GA3000,5",,3000.5,380,585,",5",30,,,,,,,,,,,,,,,,,,,,,,
557,"Dual-3000,7-270",DualSky,"GA3000,7",,3000.7,270,585,",7",30,,,,,,,,,,,,,,,,,,,,,,
558,Dual-3036-1370,DualSky,XM3036EG-11,,3036,1370,89,36,30,,,,,,,,,,,,,,,,,,,,,,
559,Dual-3036-1900,DualSky,XM3036EG-8,,3036,1900,89,36,30,,,,,,,,,,,,,,,,,,,,,,
560,Dual-3040-860,DualSky,XM3040EG-14,,3040,860,104,40,30,,,,,,,,,,,,,,,,,,,,,,
561,Dual-3040-1350,DualSky,XM3040EG-9,,3040,1350,104,40,30,,,,,,,,,,,,,,,,,,,,,,
562,Dual-3040-1850,DualSky,XM3040EG-7,,3040,1850,104,40,30,,,,,,,,,,,,,,,,,,,,,,
563,Dual-3500-200,DualSky,GA3500R,,3500,200,538,00,35,,,,,,,,,,,,,,,,,,,,,,
564,Dual-3508-380,DualSky,ECO 3508X,,3508,380,105,08,35,,,,,,,,,,,,,,,,,,,,,,
565,Dual-3508-580,DualSky,ECO 3508X,,3508,580,105,08,35,,,,,,,,,,,,,,,,,,,,,,
566,Dual-3508-690,DualSky,ECO 3508X,,3508,690,105,08,35,,,,,,,,,,,,,,,,,,,,,,
567,Dual-3515-,DualSky,ECO 3515X,,3515,,160,15,35,,,,,,,,,,,,,,,,,,,,,,
568,Dual-3520-510,DualSky,ECO 3520C,,3520,510,210,20,35,,,,,,,,,,,,,,,,,,,,,,
569,Dual-3520-680,DualSky,ECO 3520C,,3520,680,210,20,35,,,,,,,,,,,,,,,,,,,,,,
570,Dual-3520-820,DualSky,ECO 3520C,,3520,820,210,20,35,,,,,,,,,,,,,,,,,,,,,,
571,Dual-3520-1020,DualSky,ECO 3520C,,3520,1020,210,20,35,,,,,,,,,,,,,,,,,,,,,,
572,Dual-3520-,DualSky,ECO 3520C,,3520,,210,20,35,,,,,,,,,,,,,,,,,,,,,,
573,Dual-3530-920,DualSky,XM3530CA-16,,3530,920,74,30,35,,,,,,,,,,,,,,,,,,,,,,
574,Dual-3530-930,DualSky,XM3530EA-13,,3530,930,73,30,35,,,,,,,,,,,,,,,,,,,,,,
575,Dual-3530-1000,DualSky,XM3530CA-14,,3530,1000,74,30,35,,,,,,,,,,,,,,,,,,,,,,
576,Dual-3530-1020,DualSky,XM3530EA-12,,3530,1020,73,30,35,,,,,,,,,,,,,,,,,,,,,,
577,Dual-3530-1200,DualSky,XM3530CA-12,,3530,1200,74,30,35,,,,,,,,,,,,,,,,,,,,,,
578,Dual-3530-1220,DualSky,XM3530EA-10,,3530,1220,73,30,35,,,,,,,,,,,,,,,,,,,,,,
579,Dual-3530-1355,DualSky,XM3530EA-9,,3530,1355,73,30,35,,,,,,,,,,,,,,,,,,,,,,
580,Dual-3530-1430,DualSky,XM3530CA-10,,3530,1430,74,30,35,,,,,,,,,,,,,,,,,,,,,,
581,Dual-3536-890,DualSky,XM3536CA-9,,3536,890,103,36,35,,,,,,,,,,,,,,,,,,,,,,
582,Dual-3536-980,DualSky,XM3536CA-8,,3536,980,103,36,35,,,,,,,,,,,,,,,,,,,,,,
583,Dual-3536-990,DualSky,XM3536EA-7,,3536,990,105,36,35,,,,,,,,,,,,,,,,,,,,,,
584,Dual-3536-1160,DualSky,XM3536EA-6,,3536,1160,105,36,35,,,,,,,,,,,,,,,,,,,,,,
585,Dual-3536-1200,DualSky,XM3530GB-SS,,3536,1200,74,36,35,,,,,,,,,,,,,,,,,,,,,,
586,Dual-3536-1330,DualSky,XM3536CA-6,,3536,1330,103,36,35,,,,,,,,,,,,,,,,,,,,,,
587,Dual-3536-1380,DualSky,XM3536EA-5,,3536,1380,105,36,35,,,,,,,,,,,,,,,,,,,,,,
588,Dual-3542-460,DualSky,"XM3542MR-11,5",,3542,460,120,42,35,,,,,,,,,,,,,,,,,,,,,,
589,Dual-3542-700,DualSky,"XM3542MR-7,5",,3542,700,120,42,35,,,,,,,,,,,,,,,,,,,,,,
590,Dual-3542-790,DualSky,XM3542EA-6,,3542,790,140,42,35,,,,,,,,,,,,,,,,,,,,,,
591,Dual-3542-800,DualSky,XM3542CA-7,,3542,800,137,42,35,,,,,,,,,,,,,,,,,,,,,,
592,Dual-3542-875,DualSky,XM3536EA-8,,3542,875,105,42,35,,,,,,,,,,,,,,,,,,,,,,
593,Dual-3542-940,DualSky,XM3542CA-6,,3542,940,137,42,35,,,,,,,,,,,,,,,,,,,,,,
594,Dual-3542-950,DualSky,XM3542EA-5,,3542,950,140,42,35,,,,,,,,,,,,,,,,,,,,,,
595,Dual-3542-1120,DualSky,XM3542CA-5,,3542,1120,137,42,35,,,,,,,,,,,,,,,,,,,,,,
596,Dual-3542-1180,DualSky,XM3542EA-4,,3542,1180,140,42,35,,,,,,,,,,,,,,,,,,,,,,
597,Dual-3548-740,DualSky,XM3548EA-5,,3548,740,173,48,35,,,,,,,,,,,,,,,,,,,,,,
598,Dual-3548-850,DualSky,XM3548CA-4,,3548,850,165,48,35,,,,,,,,,,,,,,,,,,,,,,
599,Dual-3548-915,DualSky,XM3548EA-4,,3548,915,173,48,35,,,,,,,,,,,,,,,,,,,,,,
600,Dual-3548-1040,DualSky,"XM3548EA-3,5",,3548,1040,177,48,35,,,,,,,,,,,,,,,,,,,,,,
601,Dual-3844-810,DualSky,XM3844EG-12,,3844,810,161,44,38,,,,,,,,,,,,,,,,,,,,,,
602,Dual-3844-970,DualSky,XM3844EG-12,,3844,970,161,44,38,,,,,,,,,,,,,,,,,,,,,,
603,Dual-3850-740,DualSky,XM3850EG-10,,3850,740,195,50,38,,,,,,,,,,,,,,,,,,,,,,
604,Dual-3850-920,DualSky,XM3850EG-8,,3850,920,195,50,38,,,,,,,,,,,,,,,,,,,,,,
605,"Dual-4000,6-210",DualSky,"GA4000,6",,4000.6,210,700,",6",40,,,,,,,,,,,,,,,,,,,,,,
606,"Dual-4000,7-180",DualSky,"GA4000,7",,4000.7,180,700,",7",40,,,,,,,,,,,,,,,,,,,,,,
607,Dual-4006-800,DualSky,XM4006HD-10,,4006,800,55,06,40,,,,,,,,,,,,,,,,,,,,,,
608,Dual-4006-1000,DualSky,XM4006HD-8,,4006,1000,55,06,40,,,,,,,,,,,,,,,,,,,,,,
609,Dual-4010-470,DualSky,XM4010HD-10,,4010,470,,10,40,,,,,,,,,,,,,,,,,,,,,,
610,Dual-4010-620,DualSky,"XM4010MR-7,5",,4010,620,,10,40,,,,,,,,,,,,,,,,,,,,,,
611,Dual-4010-710,DualSky,"XM4010MR-6,5",,4010,710,,10,40,,,,,,,,,,,,,,,,,,,,,,
612,Dual-4010-720,DualSky,"XM4010HD-6,5",,4010,720,,10,40,,,,,,,,,,,,,,,,,,,,,,
613,Dual-4010-930,DualSky,XM4010MR-5,,4010,930,,10,40,,,,,,,,,,,,,,,,,,,,,,
614,Dual-4010-,DualSky,XM4010GB,,4010,,79,10,40,,,,,,,,,,,,,,,,,,,,,,
615,Dual-4120-350,DualSky,ECO 4120C,,4120,350,280,20,41,,,,,,,,,,,,,,,,,,,,,,
616,Dual-4120-430,DualSky,ECO 4120C,,4120,430,280,20,41,,,,,,,,,,,,,,,,,,,,,,
617,Dual-4120-500,DualSky,ECO 4120C,,4120,500,280,20,41,,,,,,,,,,,,,,,,,,,,,,
618,Dual-4120-560,DualSky,ECO 4120C,,4120,560,280,20,41,,,,,,,,,,,,,,,,,,,,,,
619,Dual-4130-290,DualSky,ECO 4130C,,4130,290,380,30,41,,,,,,,,,,,,,,,,,,,,,,
620,Dual-4130-375,DualSky,ECO 4130C,,4130,375,380,30,41,,,,,,,,,,,,,,,,,,,,,,
621,Dual-4130-470,DualSky,ECO 4130C,,4130,470,380,30,41,,,,,,,,,,,,,,,,,,,,,,
622,Dual-4250-450,DualSky,XM4250EA-10,,4250,450,204,50,42,,,,,,,,,,,,,,,,,,,,,,
623,Dual-4250-500,DualSky,XM4250EA-9,,4250,500,207,50,42,,,,,,,,,,,,,,,,,,,,,,
624,Dual-4250-560,DualSky,XM4250EA-8,,4250,560,210,50,42,,,,,,,,,,,,,,,,,,,,,,
625,Dual-4250-640,DualSky,XM4250EA-7,,4250,640,209,50,42,,,,,,,,,,,,,,,,,,,,,,
626,Dual-4250-720,DualSky,XM4250CA-7,,4250,720,210,50,42,,,,,,,,,,,,,,,,,,,,,,
627,Dual-4250-745,DualSky,XM4250CA-10,,4250,745,210,50,42,,,,,,,,,,,,,,,,,,,,,,
628,Dual-4250-880,DualSky,XM4250EA-5,,4250,880,210,50,42,,,,,,,,,,,,,,,,,,,,,,
629,Dual-4250-1100,DualSky,XM4250EA-4,,4250,1100,210,50,42,,,,,,,,,,,,,,,,,,,,,,
630,Dual-4255-445,DualSky,XM4255EA-8,,4255,445,250,55,42,,,,,,,,,,,,,,,,,,,,,,
631,Dual-4255-505,DualSky,XM4255EA-7,,4255,505,250,55,42,,,,,,,,,,,,,,,,,,,,,,
632,Dual-4255-590,DualSky,XM4255EA-6,,4255,590,250,55,42,,,,,,,,,,,,,,,,,,,,,,
633,Dual-4255-710,DualSky,XM4255EA-5,,4255,710,250,55,42,,,,,,,,,,,,,,,,,,,,,,
634,Dual-4255-790,DualSky,"XM4255EA-4,5",,4255,790,250,55,42,,,,,,,,,,,,,,,,,,,,,,
635,Dual-4608-400,DualSky,XM4608MR-15,,4608,400,,08,46,,,,,,,,,,,,,,,,,,,,,,
636,Dual-4608-590,DualSky,XM4608MR-10,,4608,590,100,08,46,,,,,,,,,,,,,,,,,,,,,,
637,Dual-4608-690,DualSky,"XM4608MR-8,5",,4608,690,,08,46,,,,,,,,,,,,,,,,,,,,,,
638,Dual-4614-380,DualSky,XM4614MR-9,,4614,380,145,14,46,,,,,,,,,,,,,,,,,,,,,,
639,Dual-5010-320,DualSky,XM5010MR-11,,5010,320,114,10,50,,,,,,,,,,,,,,,,,,,,,,
640,Dual-5010-390,DualSky,XM5010GB-SS,,5010,390,123,10,50,,,,,,,,,,,,,,,,,,,,,,
641,Dual-5010-480,DualSky,"XM5010MR-7,5",,5010,480,114,10,50,,,,,,,,,,,,,,,,,,,,,,
642,Dual-5010-,DualSky,XM5010GB,,5010,,113,10,50,,,,,,,,,,,,,,,,,,,,,,
643,Dual-5015-340,DualSky,XM5015HD-7,,5015,340,165,15,50,,,,,,,,,,,,,,,,,,,,,,
644,Dual-5015-390,DualSky,XM5015HD-6,,5015,390,165,15,50,,,,,,,,,,,,,,,,,,,,,,
645,Dual-5015-,DualSky,XM5015GB,,5015,,150,15,50,,,,,,,,,,,,,,,,,,,,,,
646,Dual-5050-430,DualSky,XM5050EA-10,,5050,430,280,50,50,,,,,,,,,,,,,,,,,,,,,,
647,Dual-5050-480,DualSky,XM5050EA-9,,5050,480,290,50,50,,,,,,,,,,,,,,,,,,,,,,
648,Dual-5050-535,DualSky,XM5050EA-8,,5050,535,290,50,50,,,,,,,,,,,,,,,,,,,,,,
649,Dual-5050-610,DualSky,XM5050EA-7,,5050,610,290,50,50,,,,,,,,,,,,,,,,,,,,,,
650,Dual-5050-710,DualSky,XM5050EA-6,,5050,710,290,50,50,,,,,,,,,,,,,,,,,,,,,,
651,Dual-5060-290,DualSky,XM5060EA-10,,5060,290,376,60,50,,,,,,,,,,,,,,,,,,,,,,
652,Dual-5060-315,DualSky,XM5060EA-9,,5060,315,383,60,50,,,,,,,,,,,,,,,,,,,,,,
653,Dual-5060-355,DualSky,XM5060EA-8,,5060,355,383,60,50,,,,,,,,,,,,,,,,,,,,,,
654,Dual-5060-405,DualSky,XM5060EA-7,,5060,405,383,60,50,,,,,,,,,,,,,,,,,,,,,,
655,Dual-5060-470,DualSky,XM5060EA-6,,5060,470,383,60,50,,,,,,,,,,,,,,,,,,,,,,
656,Dual-5322-300,DualSky,ECO 5322C,,5322,300,510,22,53,,,,,,,,,,,,,,,,,,,,,,
657,Dual-5322-380,DualSky,ECO 5322C,,5322,380,510,22,53,,,,,,,,,,,,,,,,,,,,,,
658,Dual-5322-430,DualSky,ECO 5322C,,5322,430,510,22,53,,,,,,,,,,,,,,,,,,,,,,
659,Dual-5330-205,DualSky,ECO 5330C,,5330,205,640,30,53,,,,,,,,,,,,,,,,,,,,,,
660,Dual-5330-225,DualSky,ECO 5330C,,5330,225,640,30,53,,,,,,,,,,,,,,,,,,,,,,
661,Dual-5330-280,DualSky,ECO 5330C,,5330,280,640,30,53,,,,,,,,,,,,,,,,,,,,,,
662,Dual-5431-3050,DualSky,"Z5-10,5",,5431,3050,170,31,54,,,,,,,,,,,,,,,,,,,,,,
663,"Dual-6000,8-180",DualSky,"GA6000,8",,6000.8,180,1020,",8",60,,,,,,,,,,,,,,,,,,,,,,
664,"Dual-6000,9-160",DualSky,"GA6000,9",,6000.9,160,1020,",9",60,,,,,,,,,,,,,,,,,,,,,,
665,Dual-6350-200,DualSky,XM6350DA-14,,6350,200,525,50,63,,,,,,,,,,,,,,,,,,,,,,
666,Dual-6350-220,DualSky,XM6350DA-12,,6350,220,525,50,63,,,,,,,,,,,,,,,,,,,,,,
667,Dual-6350-224,DualSky,XM6350EA-15,,6350,224,453,50,63,,,,,,,,,,,,,,,,,,,,,,
668,Dual-6350-280,DualSky,XM6350EA-12,,6350,280,462,50,63,,,,,,,,,,,,,,,,,,,,,,
669,Dual-6350-370,DualSky,XM6350EA-9,,6350,370,469,50,63,,,,,,,,,,,,,,,,,,,,,,
670,Dual-6352-220,DualSky,XM6352DA-26,,6352,220,490,52,63,,,,,,,,,,,,,,,,,,,,,,
671,Dual-6352-240,DualSky,XM6352DA-24,,6352,240,490,52,63,,,,,,,,,,,,,,,,,,,,,,
672,Dual-6352-285,DualSky,XM6352DA-20,,6352,285,515,52,63,,,,,,,,,,,,,,,,,,,,,,
673,Dual-6352-360,DualSky,XM6352DA-16,,6352,360,490,52,63,,,,,,,,,,,,,,,,,,,,,,
674,Dual-6355-180,DualSky,"XM6355DA-14,5",,6355,180,590,55,63,,,,,,,,,,,,,,,,,,,,,,
675,Dual-6355-200,DualSky,XM6355DA-13,,6355,200,557,55,63,,,,,,,,,,,,,,,,,,,,,,
676,Dual-6355-205,DualSky,XM6355DA-27,,6355,205,557,55,63,,,,,,,,,,,,,,,,,,,,,,
677,Dual-6355-222,DualSky,XM6355DA-12,,6355,222,566,55,63,,,,,,,,,,,,,,,,,,,,,,
678,Dual-6355-240,DualSky,XM6355DA-11,,6355,240,566,55,63,,,,,,,,,,,,,,,,,,,,,,
679,Dual-6355-245,DualSky,XM6355DA-21,,6355,245,590,55,63,,,,,,,,,,,,,,,,,,,,,,
680,Dual-6355-278,DualSky,XM6355DA-10,,6355,278,563,55,63,,,,,,,,,,,,,,,,,,,,,,
681,Dual-6355-280,DualSky,XM6355DA-18,,6355,280,530,55,63,,,,,,,,,,,,,,,,,,,,,,
682,Dual-6360-184,DualSky,XM6360EA-12,,6360,184,617,60,63,,,,,,,,,,,,,,,,,,,,,,
683,Dual-6360-199,DualSky,XM6360DA-11,,6360,199,650,60,63,,,,,,,,,,,,,,,,,,,,,,
684,Dual-6360-200,DualSky,XM6360EA-11,,6360,200,645,60,63,,,,,,,,,,,,,,,,,,,,,,
685,Dual-6360-218,DualSky,XM6360DA-10,,6360,218,655,60,63,,,,,,,,,,,,,,,,,,,,,,
686,Dual-6360-242,DualSky,XM6360DA-9,,6360,242,655,60,63,,,,,,,,,,,,,,,,,,,,,,
687,Dual-7010-100,DualSky,XM7010MR-14HD,,7010,100,255,10,70,,,,,,,,,,,,,,,,,,,,,,
688,Dual-7010-140,DualSky,XM7010MR-10HD,,7010,140,255,10,70,,,,,,,,,,,,,,,,,,,,,,
689,Dual-7010-155,DualSky,XM7010HD-16,,7010,155,280,10,70,,,,,,,,,,,,,,,,,,,,,,
690,Dual-7010-175,DualSky,XM7010MR-8HD,,7010,175,,10,70,,,,,,,,,,,,,,,,,,,,,,
691,Dual-7010-330,DualSky,"XM7010MR-6,5",,7010,330,270,10,70,,,,,,,,,,,,,,,,,,,,,,
692,Dual-7010-350,DualSky,XM7010HD-7,,7010,350,280,10,70,,,,,,,,,,,,,,,,,,,,,,
693,Dual-7010-380,DualSky,"XM7010MR-6,5",,7010,380,270,10,70,,,,,,,,,,,,,,,,,,,,,,
694,Dual-7010-,DualSky,XM7010GB,,7010,,246,10,70,,,,,,,,,,,,,,,,,,,,,,
695,Dual-7015-100,DualSky,XM7015MR-16HD,,7015,100,325,15,70,,,,,,,,,,,,,,,,,,,,,,
696,Dual-7015-145,DualSky,XM7015MR-11HD,,7015,145,325,15,70,,,,,,,,,,,,,,,,,,,,,,
697,Dual-7015-150,DualSky,XM7015HD-11,,7015,150,350,15,70,,,,,,,,,,,,,,,,,,,,,,
698,Dual-7015-180,DualSky,XM7015MR-9HD,,7015,180,325,15,70,,,,,,,,,,,,,,,,,,,,,,
699,Dual-7015-330,DualSky,XM7015HD-5,,7015,330,350,15,70,,,,,,,,,,,,,,,,,,,,,,
700,Dual-7015-370,DualSky,"XM7015MR-4,5",,7015,370,345,15,70,,,,,,,,,,,,,,,,,,,,,,
701,Dual-7015-,DualSky,XM7015GB,,7015,,326,15,70,,,,,,,,,,,,,,,,,,,,,,
702,Dual-800-550,DualSky,GA800,,0800,550,170,00,80,,,,,,,,,,,,,,,,,,,,,,
703,Dual-800-850,DualSky,GA800,,0800,850,170,00,80,,,,,,,,,,,,,,,,,,,,,,
704,"Dual-8000,8-160",DualSky,"GA8000,8",,8000.8,160,1140,",8",80,,,,,,,,,,,,,,,,,,,,,,
705,"Dual-8000,9-140",DualSky,"GA8000,9",,8000.9,140,1140,",9",80,,,,,,,,,,,,,,,,,,,,,,
706,Dual-9010-125,DualSky,"XM9010HD-14,5",,9010,125,525,10,90,,,,,,,,,,,,,,,,,,,,,,
707,Dual-9010-140,DualSky,XM9010HD-13,,9010,140,525,10,90,,,,,,,,,,,,,,,,,,,,,,
708,Dual-9010-180,DualSky,XM9010MR-9HD,,9010,180,,10,90,,,,,,,,,,,,,,,,,,,,,,
709,Dual-9010-185,DualSky,XM9010MR-10HD,,9010,185,,10,90,,,,,,,,,,,,,,,,,,,,,,
710,Dual-9010-300,DualSky,XM9010HD-6,,9010,300,525,10,90,,,,,,,,,,,,,,,,,,,,,,
711,Dual-9010-360,DualSky,XM9010MR-5,,9010,360,,10,90,,,,,,,,,,,,,,,,,,,,,,
712,Dual-9015-120,DualSky,XM9015HD-10,,9015,120,1000,15,90,,,,,,,,,,,,,,,,,,,,,,
713,Dual-9015-170,DualSky,XM9015MR-7HD,,9015,170,,15,90,,,,,,,,,,,,,,,,,,,,,,
714,Dual-9015-,DualSky,XM9015GB-SR,,9015,,584,15,90,,,,,,,,,,,,,,,,,,,,,,
715,Dual-9025-120,DualSky,XM9025HD-6,,9025,120,1000,25,90,,,,,,,,,,,,,,,,,,,,,,
716,Dual-9025-,DualSky,XM9025GB-SR,,9025,,710,25,90,,,,,,,,,,,,,,,,,,,,,,
717,Dual--,DualSky,"Z5-11,5",,,,170,,,,,,,,,,,,,,,,,,,,,,,,
718,DYS-0703-10000,DYS,BE0703,,0703,10000,2.13,03,07,,,,,,,,,,,,,,,,,,,,,,
719,DYS-0905-10000,DYS,BE0905,,0905,10000,4.2,05,09,,,,,,,,,,,,,,,,,,,,,,
720,DYS-1102-7800,DYS,BE1102,,1102,7800,3.51,02,11,,,,,,,,,,,,,,,,,,,,,,
721,DYS-1102-10000,DYS,BE1102,,1102,10000,3.51,02,11,,,,,,,,,,,,,,,,,,,,,,
722,DYS-1104-4000,DYS,BE1104,,1104,4000,5.6,04,11,12.5,14,1.5,,,,,,,,,,,,,,,,https://www.unmannedtechshop.co.uk/products/dys-be1104-4000-6500-7500kv-micro-quadcopter-motor,https://cdn.shopify.com/s/files/1/0914/9972/5181/files/products-api9h4b1h__15323.1454498071.1280.1280.jpg?v=1754065534,,
723,DYS-1104-5400,DYS,BE1104,,1104,5400,5.6,04,11,12.5,14,1.5,,,,,,,,,,,,,,,,https://www.unmannedtechshop.co.uk/products/dys-be1104-4000-6500-7500kv-micro-quadcopter-motor,https://cdn.shopify.com/s/files/1/0914/9972/5181/files/products-api9h4b1h__15323.1454498071.1280.1280.jpg?v=1754065534,,
724,DYS-1104-6500,DYS,BE1104,,1104,6500,5.6,04,11,12.5,14,1.5,,,,,,,,,,,,,,,,https://www.unmannedtechshop.co.uk/products/dys-be1104-4000-6500-7500kv-micro-quadcopter-motor,https://cdn.shopify.com/s/files/1/0914/9972/5181/files/products-api9h4b1h__15323.1454498071.1280.1280.jpg?v=1754065534,,
725,DYS-1104-7500,DYS,BE1104,,1104,7500,5.6,04,11,12.5,14,1.5,,,,,,2S,,,,,81.4,5.5,,,,https://www.unmannedtechshop.co.uk/products/dys-be1104-4000-6500-7500kv-micro-quadcopter-motor,https://cdn.shopify.com/s/files/1/0914/9972/5181/files/products-api9h4b1h__15323.1454498071.1280.1280.jpg?v=1754065534,0.54Ω,
726,DYS-1306-2300,DYS,BX1306,,1306,2300,12,06,13,,,,,,,,,,,,,,,,,,,,,,
727,DYS-1306-3100,DYS,BX1306,,1306,3100,12,06,13,,,,,,,,,,,,,,,,,,,,,,
728,DYS-1306-4000,DYS,BX1306,,1306,4000,12,06,13,,,,,,,,,,,,,,,,,,,,,,
729,DYS-1404-4300,DYS,BE1404,,1404,4300,5.6,04,14,,,,,,,,,,,,,,,,,,,,,,
730,DYS-1404-6000,DYS,BE1404,,1404,6000,5.6,04,14,,,,,,,,,,,,,,,,,,,,,,
731,DYS-1407-3600,DYS,SE1407II,,1407,3600,14,07,14,,,,,,,,,,,,,,,,,,,,,,
732,DYS-1407-4300,DYS,MR1407,,1407,4300,14.66,07,14,,,,,,,,,,,,,,,,,,,,,,
733,DYS-1410-3500,DYS,D1410,,1410,3500,5,10,14,,,,,,,,,,,,,,,,,,,,,,
734,DYS-1410-4000,DYS,D1410,,1410,4000,5,10,14,,,,,,,,,,,,,,,,,,,,,,
735,DYS-1804-2000,DYS,BX1804,,1804,2000,16,04,18,,,,,,,,,,,,,,,,,,,,,,
736,DYS-1804-2300,DYS,BX1804,,1804,2300,16,04,18,,,,,,,,,,,,,,,,,,,,,,
737,DYS-1806-1400,DYS,BE1806,,1806,1400,24,06,18,,,,,,,,,,,,,,,,,,,,,,
738,DYS-1806-2300,DYS,BE1806,,1806,2300,24,06,18,,,,,,,,,,,,,,,,,,,,,,
739,DYS-1806-2550,DYS,SE1806,,1806,2550,23.46,06,18,,,,,,,,,,,,,,,,,,,,,,
740,DYS-1806-2700,DYS,BE1806,,1806,2700,24,06,18,,,,,,,,,,,,,,,,,,,,,,
741,DYS-2008-2300,DYS,SE2008,,2008,2300,33,08,20,,,,,,,,,,,,,,,,,,,,,,
742,DYS-2008-2550,DYS,SE2008,,2008,2550,33,08,20,,,,,,,,,,,,,,,,,,,,,,
743,DYS-2203-3000,DYS,SUNFUN X2203,,2203,3000,20,03,22,,,,,,,,,,,,,,,,,,,,,,
744,DYS-2203-3500,DYS,SUNFUN X2203,,2203,3500,20,03,22,,,,,,,,,,,,,,,,,,,,,,
745,DYS-2204-2400,DYS,BE2204,,2204,2400,23,04,22,,,,,,,,,,,,,,,,,,,,,,
746,DYS-2205-2300,DYS,MR2205,,2205,2300,29.5,05,22,,,,,,,,,,,,,,,,,,,,,,
747,DYS-2205-2550,DYS,SE2205,,2205,2550,30,05,22,,,,,,,,,,,,,,,,,,,,,,
748,DYS-2205-2750,DYS,MR2205,,2205,2750,29.5,05,22,,,,,,,,,,,,,,,,,,,,,,
749,DYS-2206-2100,DYS,FIRE 2206,V1,2206,2100,32.38,06,22,27.7,17.7,3,15.4,Ecrou,Non,4 Vis,16/19,6S,22.2V,100MM,20AWG,5 Inch,Multicopter,70,,N54SH,,,,,
750,DYS-2206-2300,DYS,FIRE 2206,V1,2206,2300,32.38,06,22,27.7,17.7,3,15.4,Ecrou,Non,4 Vis,16/19,6S,22.2V,100MM,20AWG,5 Inch,Multicopter,60,,N54SH,,,,,
751,DYS-2206-2600,DYS,FIRE 2206,V1,2206,2600,32.38,06,22,27.7,17.7,3,15.4,Ecrou,Non,4 Vis,16/19,4S,14.8V,100MM,20AWG,5 Inch,Multicopter,50,,N54SH,,,,,
752,DYS-2207-1750,DYS,SUNFUN 2207,,2207,1750,35.44,07,22,,,,,,,,,,,,,,,,,,,,,,
753,DYS-2207-2450,DYS,SUNFUN 2207,,2207,2450,35.44,07,22,,,,,,,,,,,,,,,,,,,,,,
754,DYS-2207-2750,DYS,SUNFUN 2207,,2207,2750,35.44,07,22,,,,,,,,,,,,,,,,,,,,,,
755,DYS-2208-1070,DYS,BE2208 L,,2208,1070,44,08,22,,,,,,,,,,,,,,,,,,,,,,
756,DYS-2208-1400,DYS,BE2208 L,,2208,1400,44,08,22,,,,,,,,,,,,,,,,,,,,,,
757,DYS-2208-1800,DYS,BE2208 L,,2208,1800,44,08,22,,,,,,,,,,,,,,,,,,,,,,
758,DYS-2208-2600,DYS,BE2208 L,,2208,2600,44,08,22,,,,,,,,,,,,,,,,,,,,,,
759,DYS-2208-,DYS,BGM2208-70,,2208,,40,08,22,,,,,,,,,,,,,,,,,,,,,,
760,DYS-2210-,DYS,GM2210,,2210,,44.2,10,22,,,,,,,,,,,,,,,,,,,,,,
761,DYS-2212-880,DYS,BE2212 S,,2212,880,66,12,22,,,,,,,,,,,,,,,,,,,,,,
762,DYS-2212-920,DYS,BX2212,,2212,920,56.8,12,22,,,,,,,,,,,,,,,,,,,,,,
763,DYS-2212-1000,DYS,BE2212 S,,2212,1000,66,12,22,,,,,,,,,,,,,,,,,,,,,,
764,DYS-2212-1450,DYS,BE2212 L,,2212,1450,66,12,22,,,,,,,,,,,,,,,,,,,,,,
765,DYS-2212-2300,DYS,BE2212 L,,2212,2300,66,12,22,,,,,,,,,,,,,,,,,,,,,,
766,DYS-2212-,DYS,BGM2212-70,,2212,,66,12,22,,,,,,,,,,,,,,,,,,,,,,
767,DYS-2217-800,DYS,BE2217 S,,2217,800,80,17,22,,,,,,,,,,,,,,,,,,,,,,
768,DYS-2217-930,DYS,BE2217 S,,2217,930,80,17,22,,,,,,,,,,,,,,,,,,,,,,
769,DYS-2217-1200,DYS,BE2217,,2217,1200,80,17,22,,,,,,,,,,,,,,,,,,,,,,
770,DYS-2217-1500,DYS,BE2217,,2217,1500,80,17,22,,,,,,,,,,,,,,,,,,,,,,
771,DYS-2225-1350,DYS,D2225,,2225,1350,32,25,22,,,,,,,,,,,,,,,,,,,,,,
772,DYS-2225-1600,DYS,D2225,,2225,1600,32,25,22,,,,,,,,,,,,,,,,,,,,,,
773,DYS-2225-2000,DYS,D2225,,2225,2000,32,25,22,,,,,,,,,,,,,,,,,,,,,,
774,DYS-2304-2150,DYS,MR2304,,2304,2150,29.17,04,23,,,,,,,,,,,,,,,,,,,,,,
775,DYS-2306-1750,DYS,SUNFUN 2306,,2306,1750,34.53,06,23,,,,,,,,,,,,,,,,,,,,,,
776,DYS-2306-2100,DYS,MR2306,,2306,2100,35.79,06,23,,,,,,,,,,,,,,,,,,,,,,
777,DYS-2306-2300,DYS,MR2306,,2306,2300,35.79,06,23,,,,,,,,,,,,,,,,,,,,,,
778,DYS-2306-2500,DYS,SUNFUN 2306,,2306,2500,34.53,06,23,,,,,,,,,,,,,,,,,,,,,,
779,DYS-2306-2700,DYS,MR2306,,2306,2700,35.79,06,23,,,,,,,,,,,,,,,,,,,,,,
780,DYS-2606-,DYS,BGM2606-90,,2606,,39,06,26,,,,,,,,,,,,,,,,,,,,,,
781,DYS-2608-,DYS,"BGM2608-70T-8,5",,2608,,40,08,26,,,,,,,,,,,,,,,,,,,,,,
782,DYS-2812-1600,DYS,D2812,,2812,1600,22,12,28,,,,,,,,,,,,,,,,,,,https://www.unmannedtechshop.co.uk/products/dys-d2812-14-1400kv-brushless-motor,https://cdn.shopify.com/s/files/1/0914/9972/5181/files/DYS-D2812-14-1400KV-Motor-1.webp?v=1754157912,,
783,DYS-2814-910,DYS,BE2814 L,,2814,910,100,14,28,,,,,,,,,,,,,,,,,,,,,,
784,DYS-2814-980,DYS,BE2814 L,,2814,980,100,14,28,,,,,,,,,,,,,,,,,,,,,,
785,DYS-2814-1280,DYS,BE2814 L,,2814,1280,100,14,28,,,,,,,,,,,,,,,,,,,,,,
786,DYS-2814-1400,DYS,BE2814 L,,2814,1400,100,14,28,,,,,,,,,,,,,,,,,,,,,,
787,DYS-28208-1080,DYS,BE2828,,28208,1080,75,08,28,,,,,,,,,,,,,,,,,,,,,,
788,DYS-28208-1400,DYS,BE2828,,28208,1400,75,08,28,,,,,,,,,,,,,,,,,,,,,,
789,DYS-28208-1760,DYS,BE2828,,28208,1760,75,08,28,,,,,,,,,,,,,,,,,,,,,,
790,DYS-2822-1100,DYS,D2822,,2822,1100,38,22,28,,,,,,,,,,,,,,,,,,,https://www.unmannedtechshop.co.uk/products/dys-d2822-14-1450kv-brushless-outrunner-motor,https://cdn.shopify.com/s/files/1/0914/9972/5181/files/DYS-D2822-1450KV-Brushless-Motor-Main.jpg?v=1754245549,,
791,DYS-2822-1200,DYS,CF2822,,2822,1200,39,22,28,,,,,,,,,,,,,,,,,,,,,,
792,DYS-2822-1450,DYS,D2822,,2822,1450,38,22,28,,,,,,,,,,,,,,,,,,,https://www.unmannedtechshop.co.uk/products/dys-d2822-14-1450kv-brushless-outrunner-motor,https://cdn.shopify.com/s/files/1/0914/9972/5181/files/DYS-D2822-1450KV-Brushless-Motor-Main.jpg?v=1754245549,,
793,DYS-2822-1534,DYS,CF2822,,2822,1534,39,22,28,,,,,,,,,,,,,,,,,,,,,,
794,DYS-2822-1800,DYS,D2822,,2822,1800,38,22,28,,,,,,,,,,,,,,,,,,,https://www.unmannedtechshop.co.uk/products/dys-d2822-14-1450kv-brushless-outrunner-motor,https://cdn.shopify.com/s/files/1/0914/9972/5181/files/DYS-D2822-1450KV-Brushless-Motor-Main.jpg?v=1754245549,,
795,DYS-2822-2600,DYS,D2822,,2822,2600,38,22,28,,,,,,,,,,,,,,,,,,,https://www.unmannedtechshop.co.uk/products/dys-d2822-14-1450kv-brushless-outrunner-motor,https://cdn.shopify.com/s/files/1/0914/9972/5181/files/DYS-D2822-1450KV-Brushless-Motor-Main.jpg?v=1754245549,,
796,DYS-2826-770,DYS,BE2826,,2826,770,159,26,28,,,,,,,,,,,,,,,,,,,,,,
797,DYS-2826-930,DYS,D2826,,2826,930,50,26,28,,,,,,,,,,,,,,,,,,,,,,
798,DYS-2826-940,DYS,BE2826,,2826,940,159,26,28,,,,,,,,,,,,,,,,,,,,,,
799,DYS-2826-1000,DYS,D2826,,2826,1000,50,26,28,,,,,,,,,,,,,,,,,,,,,,
800,DYS-2826-1060,DYS,BE2826,,2826,1060,159,26,28,,,,,,,,,,,,,,,,,,,,,,
801,DYS-2826-1400,DYS,D2826,,2826,1400,50,26,28,,,,,,,,,,,,,,,,,,,,,,
802,DYS-2826-2200,DYS,D2826,,2826,2200,50,26,28,,,,,,,,,,,,,,,,,,,,,,
803,DYS-2830-750,DYS,D2830,,2830,750,52,30,28,,,,,,,,,,,,,,,,,,,https://www.unmannedtechshop.co.uk/products/dys-d2830-11-1000kv-brushless-outrunner-motor,https://cdn.shopify.com/s/files/1/0914/9972/5181/files/DYS-D2830-11-1000KV-Motor-Main.png?v=1753832765,,
804,DYS-2830-850,DYS,D2830,,2830,850,52,30,28,,,,,,,,,,,,,,,,,,,https://www.unmannedtechshop.co.uk/products/dys-d2830-11-1000kv-brushless-outrunner-motor,https://cdn.shopify.com/s/files/1/0914/9972/5181/files/DYS-D2830-11-1000KV-Motor-Main.png?v=1753832765,,
805,DYS-2830-1000,DYS,D2830,,2830,1000,52,30,28,,,,,,,,,,,,,,,,,,,https://www.unmannedtechshop.co.uk/products/dys-d2830-11-1000kv-brushless-outrunner-motor,https://cdn.shopify.com/s/files/1/0914/9972/5181/files/DYS-D2830-11-1000KV-Motor-Main.png?v=1753832765,,
806,DYS-2830-1300,DYS,D2830,,2830,1300,52,30,28,,,,,,,,,,,,,,,,,,,https://www.unmannedtechshop.co.uk/products/dys-d2830-11-1000kv-brushless-outrunner-motor,https://cdn.shopify.com/s/files/1/0914/9972/5181/files/DYS-D2830-11-1000KV-Motor-Main.png?v=1753832765,,
807,DYS-2830-3500,DYS,H2830,,2830,3500,60,30,28,,,,,,,,,,,,,,,,,,,,,,
808,DYS-2830-4000,DYS,H2830,,2830,4000,60,30,28,,,,,,,,,,,,,,,,,,,,,,
809,DYS-2831-3250,DYS,H2831,,2831,3250,,31,28,,,,,,,,,,,,,,,,,,,,,,
810,DYS-2836-750,DYS,D2836,,2836,750,70,36,28,,,,,,,,,,,,,,,,,,,,,,
811,DYS-2836-880,DYS,D2836,,2836,880,70,36,28,,,,,,,,,,,,,,,,,,,,,,
812,DYS-2836-1120,DYS,D2836,,2836,1120,70,36,28,,,,,,,,,,,,,,,,,,,,,,
813,DYS-2836-1500,DYS,D2836,,2836,1500,70,36,28,,,,,,,,,,,,,,,,,,,,,,
814,DYS-2836-3500,DYS,H2836,,2836,3500,60,36,28,,,,,,,,,,,,,,,,,,,,,,
815,DYS-2836-4000,DYS,H2836,,2836,4000,60,36,28,,,,,,,,,,,,,,,,,,,,,,
816,DYS-3530-1100,DYS,D3530,,3530,1100,74,30,35,,,,,,,,,,,,,,,,,,,,,,
817,DYS-3530-1400,DYS,D3530,,3530,1400,74,30,35,,,,,,,,,,,,,,,,,,,,,,
818,DYS-3530-1700,DYS,D3530,,3530,1700,74,30,35,,,,,,,,,,,,,,,,,,,,,,
819,DYS-3536-750,DYS,D3536,,3536,750,102,36,35,,,,,,,,,,,,,,,,,,,,,,
820,DYS-3536-910,DYS,D3536,,3536,910,102,36,35,,,,,,,,,,,,,,,,,,,,,,
821,DYS-3536-1000,DYS,D3536,,3536,1000,102,36,35,,,,,,,,,,,,,,,,,,,,,,
822,DYS-3536-1250,DYS,D3536,,3536,1250,102,36,35,,,,,,,,,,,,,,,,,,,,,,
823,DYS-3536-1450,DYS,D3536,,3536,1450,102,36,35,,,,,,,,,,,,,,,,,,,,,,
824,DYS-3542-1000,DYS,D3542,,3542,1000,130,42,35,,,,,,,,,,,,,,,,,,,,,,
825,DYS-3542-1250,DYS,D3542,,3542,1250,130,42,35,,,,,,,,,,,,,,,,,,,,,,
826,DYS-3542-1450,DYS,D3542,,3542,1450,130,42,35,,,,,,,,,,,,,,,,,,,,,,
827,DYS-3548-790,DYS,D3548,,3548,790,156,48,35,,,,,,,,,,,,,,,,,,,,,,
828,DYS-3548-900,DYS,D3548,,3548,900,156,48,35,,,,,,,,,,,,,,,,,,,,,,
829,DYS-3548-1100,DYS,D3548,,3548,1100,156,48,35,,,,,,,,,,,,,,,,,,,,,,
830,DYS-3608-,DYS,BGM3608-70,,3608,,83,08,36,,,,,,,,,,,,,,,,,,,,,,
831,DYS-3708-460,DYS,BE3708,,3708,460,,08,37,,,,,,,,,,,,,,,,,,,,,,
832,DYS-3708-630,DYS,BE3708,,3708,630,,08,37,,,,,,,,,,,,,,,,,,,,,,
833,DYS-4108-380,DYS,BE4108,,4108,380,113,08,41,,,,,,,,,,,,,,,,,,,,,,
834,DYS-4108-480,DYS,BE4108,,4108,480,113,08,41,,,,,,,,,,,,,,,,,,,,,,
835,DYS-4108-580,DYS,BE4108,,4108,580,113,08,41,,,,,,,,,,,,,,,,,,,,,,
836,DYS-4108-720,DYS,BE4108,,4108,720,113,08,41,,,,,,,,,,,,,,,,,,,,,,
837,DYS-4108-,DYS,BGM4108-130,,4108,,110,08,41,,,,,,,,,,,,,,,,,,,,,,
838,DYS-4114-350,DYS,BE4114,,4114,350,150,14,41,,,,,,,,,,,,,,,,,,,https://www.unmannedtechshop.co.uk/products/dys-be4114-10-350kv-multirotor-motor,https://cdn.shopify.com/s/files/1/0914/9972/5181/files/products-DYS_4114_10_Motor__93757.1456327550.1280.1280.jpg?v=1754065608,,
839,DYS-4114-,DYS,BGM4114-100,,4114,,200,14,41,,,,,,,,,,,,,,,,,,,,,,
840,DYS-4215-650,DYS,D4215-21,,4215,650,83,15,42,,,,,,,,,,,,,,,,,,,,,,
841,DYS-4215-,DYS,BGM4215-120,,4215,,71,15,42,,,,,,,,,,,,,,,,,,,,,,
842,DYS-5012-,DYS,BGM5012-150,,5012,,71,12,50,,,,,,,,,,,,,,,,,,,,,,
843,DYS-5208-330,DYS,BE5208,,5208,330,200,08,52,,,,,,,,,,,,,,,,,,,,,,
844,DYS-5208-,DYS,BGM5208-200,,5208,,178.2,08,52,,,,,,,,,,,,,,,,,,,,,,
845,DYS-8108-100,DYS,BE8108,,8108,100,240,08,81,,,,,,,,,,,,,,,,,,,,,,
846,DYS-8108-135,DYS,BE8108,,8108,135,240,08,81,,,,,,,,,,,,,,,,,,,,,,
847,DYS-8108-,DYS,BGM8108-90,,8108,,219,08,81,,,,,,,,,,,,,,,,,,,,,,
848,DYS--1750,DYS,SHU,,,1750,33.59,,,,,,,,,,,,,,,,,,,,,,,,
849,DYS--2200,DYS,THOR,,,2200,37.45,,,,,,,,,,,,,,,,,,,,,,,,
850,DYS--2300,DYS,STORM,,,2300,33.73,,,,,,,,,,,,,,,,,,,,,,,,
851,DYS--2400,DYS,MARS,,,2400,34.36,,,,,,,,,,,,,,,,,,,,,,,,
852,DYS--2500,DYS,SHU,,,2500,33.59,,,,,,,,,,,,,,,,,,,,,,,,
853,DYS--2550,DYS,STORM,,,2550,33.73,,,,,,,,,,,,,,,,,,,,,,,,
854,DYS--2600,DYS,WEI,,,2600,37.71,,,,,,,,,,,,,,,,,,,,,,,,
855,DYS--2700,DYS,THOR,,,2700,37.45,,,,,,,,,,,,,,,,,,,,,,,,
856,DYS--2750,DYS,MARS,,,2750,34.36,,,,,,,,,,,,,,,,,,,,,,,,
857,DYS--2800,DYS,SHU,,,2800,33.59,,,,,,,,,,,,,,,,,,,,,,,,
858,DYS--,DYS,GM60-80T,,,,189,,,,,,,,,,,,,,,,,,,,,,,,
859,EACH-0603-19000,EACHINE,US65 SE0603,,0603,19000,1.8,6,3,,,,,,,,,,,,,,,,,,,,,,
860,EACH-0802-14000,EACHINE,NX0802,,0802,14000,1.7,02,08,,,,,,,,,,,,,,,,,,,,,,
861,EACH-0802-19000,EACHINE,NC0802,,0802,19000,1.8,02,08,,,,,,,,,,,,,,,,,,,,,,
862,EACH-0802-22000,EACHINE,NX0802,,0802,22000,1.7,02,08,,,,,,,,,,,,,,,,,,,,,,
863,EACH-0803-15000,EACHINE,TRASHCAN TC0803,,0803,15000,2.2,03,08,,,,,,,,,,,,,,,,,,,,,,
864,EACH-1102-8700,EACHINE,REDEVIL 1102,,1102,8700,2.8,02,11,,,,,,,,,,,,,,,,,,,,,,
865,EACH-1102-11500,EACHINE,1102,,1102,11500,2.9,02,11,,,,,,,,,,,,,,,,,,,,,,
866,EACH-1102-13500,EACHINE,NC1102,,1102,13500,2.9,02,11,,,,,,,,,,,,,,,,,,,,,,
867,EACH-1103-7000,EACHINE,CINECAN EX1103,,1103,7000,3.7,03,11,,,,,,,,,,,,,,,,,,,,,,
868,EACH-1103-8500,EACHINE,NC1103,,1103,8500,3.8,03,11,,,,,,,,,,,,,,,,,,,,,,
869,EACH-1104-6000,EACHINE,1104,,1104,6000,4.3,04,11,,,,,,,,,,,,,,,,,,,,,,
870,EACH-1104-6500,EACHINE,1104,,1104,6500,4.3,04,11,,,,,,,,,,,,,,,,,,,,,,
871,EACH-1104-7500,EACHINE,AURORA 90 1104,,1104,7500,5.8,04,11,,,,,,,,,,,,,,,,,,,,,,
872,EACH-1104-8600,EACHINE,TYRO69 1104,,1104,8600,4.3,04,11,,,,,,,,,,,,,,,,,,,,,,
873,EACH-1105-5200,EACHINE,TWIG 1105,,1105,5200,5.8,05,11,,,,,,,,,,,,,,,,,,,,,,
874,EACH-1106-5200,EACHINE,LIZARD105S 1106,,1106,5200,7,06,11,,,,,,,,,,,,,,,,,,,,,,
875,EACH-1203-5500,EACHINE,NC1203,,1203,5500,4.7,03,12,,,,,,,,,,,,,,,,,,,,,,
876,EACH-1204-5000,EACHINE,NC1204,,1204,5000,5.5,04,12,,,,,,,,,,,,,,,,,,,,,,
877,EACH-1204-6000,EACHINE,Tyro89 1204,,1204,6000,5.5,04,12,,,,,,,,,,,,,,,,,,,,,,
878,EACH-1306-2750,EACHINE,EX2MINI 1306,,1306,2750,,06,13,,,,,,,,,,,,,,,,,,,,,,
879,EACH-1507-2400,EACHINE,Cvatar C1507,,1507,2400,15.9,07,15,,,,,,,,,,,,,,,,,,,,,,
880,EACH-1507-4100,EACHINE,TS130 1507,V1,1507,4100,17.6,07,15,29,21.6,5,13.5,Ecrou,Non,4 Vis,16,4S,14.8V,100MM,20AWG,3 Inch,Multicopter,495,,,,,,,
881,EACH-1607-2800,EACHINE,TYRO79 1607,,1607,2800,17.8,07,16,,,,,,,,,,,,,,,,,,,,,,
882,EACH-2204-2300,EACHINE,2204 MICRO SKYHUNTER,,2204,2300,,04,22,,,,,,,,,,,,,,,,,,,,,,
883,EACH-2205-2300,EACHINE,WIZARD 2205,,2205,2300,25,05,22,,,,,,,,,,,,,,,,,,,,,,
884,EACH-2206-1800,EACHINE,TYRO109 2206,,2206,1800,31,06,22,,,,,,,,,,,,,,,,,,,,,,
885,EACH-2206-2150,EACHINE,TYRO99 2206,,2206,2150,31,06,22,,,,,,,,,,,,,,,,,,,,,,
886,EACH-2206-2300,EACHINE,2206 WIZARD,,2206,2300,25,06,22,,,,,,,,,,,,,,,,,,,,,,
887,EACH-2206-2400,EACHINE,TYRO109 2206,,2206,2400,31,06,22,,,,,,,,,,,,,,,,,,,,,,
888,EACH-2216-2000,EACHINE,2216 FURY WING,,2216,2000,66,16,22,,,,,,,,,,,,,,,,,,,,,,
889,EACH-2306-1650,EACHINE,WIZARD X220HV 2306,,2306,1650,35,06,23,,,,,,,,,,,,,,,,,,,,,,
890,EACH-2306-2450,EACHINE,WIZARD TS215 TS2306,,2306,2450,32.5,06,23,,,,,,,,,,,,,,,,,,,,,,
891,EACH-2307-2450,EACHINE,5style 2307,,2307,2450,36,07,23,,,,,,,,,,,,,,,,,,,,,,
892,EACH-2507-1800,EACHINE,LAL5 2507,,2507,1800,45.7,07,25,,,,,,,,,,,,,,,,,,,,,,
893,EACH-2507-2600,EACHINE,"LAL5,1 2507",,2507,2600,45.7,07,25,,,,,,,,,,,,,,,,,,,,,,
894,EACH--8000,EACHINE,703,,,8000,1.9,,,,,,,,,,,,,,,,,,,,,,,,
895,EACH--10000,EACHINE,703,,,10000,1.9,,,,,,,,,,,,,,,,,,,,,,,,
896,EACH--12000,EACHINE,703,,,12000,1.9,,,,,,,,,,,,,,,,,,,,,,,,
897,EACH--15000,EACHINE,703,,,15000,1.9,,,,,,,,,,,,,,,,,,,,,,,,
898,EACH--20000,EACHINE,703,,,20000,1.9,,,,,,,,,,,,,,,,,,,,,,,,
899,EACH--,EACHINE,E160,,,,,,,,,,,,,,,,,,,,,,,,,,,,
900,EMAX-1104-5250,EMAX,RS1104,,1104,5250,5.6,04,11,,,,,,,,,,,,,"2.3"" | 3 blades (Tri-Blade, Bl",,,,,,https://shop.emax-usa.com/products/emax-rs1104-5250kv-brushless-motors-with-prop-t2345-combo,https://cdn.shopify.com/s/files/1/0371/2814/2907/products/img_62960_1__56011.1487813449.1280.1280.jpgc-2.jpg?v=1785364597,,
901,EMAX-1106-4500,EMAX,ECO MICRO 1106,,1106,4500,6.7,06,11,,,,,,,,,,,,,,,,,,,,,,
902,EMAX-1106-6000,EMAX,ECO MICRO 1106,,1106,6000,6.7,06,11,,,,,,,,,,,,,,,,,,,,,,
903,EMAX-1106-7500,EMAX,RS1106 II,,1106,7500,6.8,06,11,,,,,,,,,,,,,,,,,,,,,,
904,EMAX-1108-4500,EMAX,RS1108,,1108,4500,8.2,08,11,,,,,,,,,,,,,,,,,,,,,,
905,EMAX-1108-5200,EMAX,RS1108,,1108,5200,8.2,08,11,,,,,,,,,,,,,,,,,,,,,,
906,EMAX-1108-6000,EMAX,RS1108,,1108,6000,8.2,08,11,,,,,,,,,,,,,,,,,,,,,,
907,EMAX-1306-2700,EMAX,RS1306B V2,,1306,2700,9.6,06,13,,,,,,,,,,,,,,,,,,,,,,
908,EMAX-1306-3000,EMAX,PM1306,,1306,3000,12,06,13,,,,,,,,,2S,,,,Less than GWS 6030 prop,,,,,9N12P,https://www.unmannedtechshop.co.uk/products/emax-plastic-motor-for-multicopter-pm1306,https://cdn.shopify.com/s/files/1/0914/9972/5181/files/products-EMAX_Plastic_Motor_For_Multicopter_PM1306_3__81646.1454666417.1280.1280.jpg?v=1754065552,,
909,EMAX-1306-4000,EMAX,RS1306B V2,,1306,4000,9.6,06,13,,,,,,,,,,,,,,,,,,,,,,
910,EMAX-1404-6000,EMAX,ECO MICRO 1404,,1404,6000,8.6,04,14,,,1.5,,,,,,,,,,"2.5"" - 4""",,,,,9N12P,https://www.racedayquads.com/products/emax-eco-1404-6000kv-micro-motor,https://cdn.shopify.com/s/files/1/1285/4651/products/emax-emax-eco-1404-6000kv-micro-motor-motor-14080740032625.jpg?v=1762440613,,
911,EMAX-1407-2800,EMAX,ECO MICRO 1407,,1407,2800,13.7,07,14,,,2,,,M5,,,,,,,"3"" - 4""",,,,,9N12P,https://www.racedayquads.com/products/emax-eco-1407-2800kv-micro-motor,https://cdn.shopify.com/s/files/1/1285/4651/products/emax-emax-eco-1407-2800kv-micro-motor-motor-14080723091569.jpg?v=1762440611,,
912,EMAX-1407-3300,EMAX,ECO MICRO 1407,,1407,3300,13.7,07,14,,,2,,,M5,,,,,,,"3"" - 4""",,,,,9N12P,https://www.racedayquads.com/products/emax-eco-1407-3300kv-micro-motor,https://cdn.shopify.com/s/files/1/1285/4651/products/emax-emax-eco-1407-3300kv-micro-motor-motor-14080716275825.jpg?v=1762440611,,
913,EMAX-1407-4100,EMAX,ECO MICRO 1407,,1407,4100,13.7,07,14,,,2,,,M5,,,,,,,"3"" - 4""",,,,,9N12P,https://www.racedayquads.com/products/emax-eco-1407-4100kv,https://cdn.shopify.com/s/files/1/1285/4651/products/emax-emax-eco-1407-4100kv-micro-motor-motor-14080650412145.jpg?v=1762440610,,
914,EMAX-1408-2300,EMAX,RS1408,,1408,2300,14,08,14,,,1.5,,,,,,5S-6S,,,,"3""-3.5""",,,,,9N12P,https://shop.emax-usa.com/products/emax-rs1408-proformance-brushless-motor-2300kv,https://cdn.shopify.com/s/files/1/0371/2814/2907/products/photo-6679.jpg?v=1590534991,,Cinematic
915,EMAX-1408-3600,EMAX,RS1408,,1408,3600,14,08,14,,,1.5,,,,,,,,,,"3""-3.5""",,,,,9N12P,https://shop.emax-usa.com/products/emax-rs1408-proformance-brushless-motor-2300kv,https://cdn.shopify.com/s/files/1/0371/2814/2907/products/photo-6679.jpg?v=1590534991,,Cinematic
916,EMAX-1606-3300,EMAX,RS1606,,1606,3300,15.8,06,16,,,,,,,,,,,,,,,,,,,,,,
917,EMAX-1606-4000,EMAX,RS1606,,1606,4000,15.8,06,16,,,,,,,,,,,,,,,,,,,,,,
918,EMAX-1804-2480,EMAX,MT1804,,1804,2480,,04,18,,,,,,,,,,,,,,,,,,,,,,
919,EMAX-1806-1430,EMAX,MT1806,,1806,1430,18,06,18,,,,,,,,,,,,,,,,,,,https://shop.emax-usa.com/products/emx-mt-0003-emax-multicopter-motor-mt1806-1430kv,https://cdn.shopify.com/s/files/1/0371/2814/2907/products/6__56078.1479156073.1280.1280.jpgc-2.jpg?v=1590534545,,
920,EMAX-1806-2280,EMAX,MT1806,,1806,2280,18,06,18,,,,,,,,,,,,,,,,,,,https://shop.emax-usa.com/products/emx-mt-0003-emax-multicopter-motor-mt1806-1430kv,https://cdn.shopify.com/s/files/1/0371/2814/2907/products/6__56078.1479156073.1280.1280.jpgc-2.jpg?v=1590534545,,
921,EMAX-1806-2300,EMAX,PM1806,,1806,2300,9,06,18,,,,,,,,,,,,,,,,,,,,,,
922,EMAX-2203-1560,EMAX,GT2203,,2203,1560,15.6,03,22,,,,,,,,,,,,,,,,,,,,,,
923,EMAX-2204-2300,EMAX,MT2204,,2204,2300,25,04,22,,,,,,,,,,,,,,,,,,,,,,
924,EMAX-2205-1260,EMAX,GT2205,,2205,1260,23,05,22,,,,,,,,,,,,,,,,,,,,,,
925,EMAX-2205-1650,EMAX,BL2205,,2205,1650,34,05,22,,,,,,,,,,,,,,,,,,,,,,
926,EMAX-2205-1660,EMAX,GT2205,,2205,1660,23,05,22,,,,,,,,,,,,,,,,,,,,,,
927,EMAX-2205-2300,EMAX,RD2205,,2205,2300,30,05,22,,,,,,,,,,,,,,,,,,,,,,
928,EMAX-2205-2600,EMAX,RD2205,,2205,2600,30,05,22,,,,,,,,,,,,,,,,,,,,,,
929,EMAX-2206-1500,EMAX,MT2206,,2206,1500,30,06,22,,,,,,,,,,,,,,,,,,,,,,
930,EMAX-2206-1700,EMAX,PULSAR 2206,,2206,1700,29,06,22,,,,,,,,,,,,,,,,,,,,,,
931,EMAX-2206-1900,EMAX,MT2206,,2206,1900,30,06,22,,,,,,,,,,,,,,,,,,,,,,
932,EMAX-2206-2300,EMAX,LITESPEC LS2206,,2206,2300,28,06,22,,,,,,,,,,,,,,,,,,,,,,
933,EMAX-2206-2400,EMAX,FS2306,,2206,2400,,06,22,,,,,,,,,,,,,,,,,,,,,,
934,EMAX-2206-2550,EMAX,LITESPEC LS2206,,2206,2550,28,06,22,,,,,,,,,,,,,,,,,,,,,,
935,EMAX-2206-2700,EMAX,LITESPEC LS2206,,2206,2700,28,06,22,,,,,,,,,,,,,,,,,,,,,,
936,EMAX-2207-1290,EMAX,XT2216,,2207,1290,65,07,22,,,,,,,,,,,,,,,,,,,,,,
937,EMAX-2207-1600,EMAX,RSII 2207CW,,2207,1600,30,07,22,,,,,,,,,,,,,,,,,,,,,,
938,EMAX-2207-1750,EMAX,PULSAR 2207,,2207,1750,31.7,07,22,,,,,,,,,,,,,,,,,,,,,,
939,EMAX-2207-2300,EMAX,RSII 2207CW,,2207,2300,30,07,22,,,,,,,,,,,,,,,,,,,,,,
940,EMAX-2207-2450,EMAX,PULSAR 2207,,2207,2450,31.7,07,22,,,,,,,,,,,,,,,,,,,,,,
941,EMAX-2207-2550,EMAX,LITESPEC LS2207,,2207,2550,35.7,07,22,,,,,,,,,,,,,,,,,,,,,,
942,EMAX-2208-2500,EMAX,FS2208,,2208,2500,34.36,08,22,,,,,,,,,,,,,,,,,,,,,,
943,EMAX-2210-110,EMAX,GB2210,,2210,110,47,10,22,,,,,,,,,,,,,,,,,,,,,,
944,EMAX-2210-1270,EMAX,GT2210,,2210,1270,55,10,22,,,,,,,,,,,,,,,,,,,,,,
945,EMAX-2210-1300,EMAX,BL2210,,2210,1300,45,10,22,,,,,,,,,,,,,,,,,,,,,,
946,EMAX-2210-1470,EMAX,GT2210,,2210,1470,55,10,22,,,,,,,,,,,,,,,,,,,,,,
947,EMAX-2210-1560,EMAX,BL2210,,2210,1560,45,10,22,,,,,,,,,,,,,,,,,,,,,,
948,EMAX-2210-1780,EMAX,GT2210,,2210,1780,55,10,22,,,,,,,,,,,,,,,,,,,,,,
949,EMAX-2212-820,EMAX,XA2212,,2212,820,50,12,22,,,,,,,,,,,,,,,,,,,,,,
950,EMAX-2212-900,EMAX,MT2212,,2212,900,55,12,22,,,,,,,,,,,,,,,,,,,,,,
951,EMAX-2212-980,EMAX,XA2212,,2212,980,50,12,22,,,,,,,,,,,,,,,,,,,,,,
952,EMAX-2212-1250,EMAX,XT2212,,2212,1250,52,12,22,,,,,,,,,,,,,,,,,,,,,,
953,EMAX-2212-1370,EMAX,XT2212,,2212,1370,52,12,22,,,,,,,,,,,,,,,,,,,,,,
954,EMAX-2212-1400,EMAX,XA2212,,2212,1400,50,12,22,,,,,,,,,,,,,,,,,,,,,,
955,EMAX-2212-1800,EMAX,GTII2212T,,2212,1800,52.5,12,22,,,,,,,,,,,,,,,,,,,,,,
956,EMAX-2212-2200,EMAX,GTII2212T,,2212,2200,52.5,12,22,,,,,,,,,,,,,,,,,,,,,,
957,EMAX-2212-2450,EMAX,GTII2212T,,2212,2450,52.5,12,22,,,,,,,,,,,,,,,,,,,,,,
958,EMAX-2213-920,EMAX,MT2213,,2213,920,53,13,22,25.7,27.9,,,,,,,,,,,,,,,,,https://www.unmannedtechshop.co.uk/products/brushless-motor-emax-mt2213-935kv,https://cdn.shopify.com/s/files/1/0914/9972/5181/files/RM4532-1-ce07-9rCv.jpg?v=1753830012,,
959,EMAX-2213-935,EMAX,MT2213,,2213,935,53,13,22,25.7,27.9,,,,,,,3S-4S,,,,,,,,,,https://www.unmannedtechshop.co.uk/products/brushless-motor-emax-mt2213-935kv,https://cdn.shopify.com/s/files/1/0914/9972/5181/files/RM4532-1-ce07-9rCv.jpg?v=1753830012,,
960,EMAX-2215-905,EMAX,GT2215,,2215,905,70,15,22,,,,,,,,,,,,,,,,,,,,,,
961,EMAX-2215-950,EMAX,BL2215,,2215,950,59,15,22,,,,,,,,,,,,,,,,,,,,,,
962,EMAX-2215-1100,EMAX,GT2215,,2215,1100,70,15,22,,,,,,,,,,,,,,,,,,,,,,
963,EMAX-2215-1180,EMAX,GT2215,,2215,1180,70,15,22,,,,,,,,,,,,,,,,,,,,,,
964,EMAX-2215-1200,EMAX,BL2215,,2215,1200,59,15,22,,,,,,,,,,,,,,,,,,,,,,
965,EMAX-2216-810,EMAX,MT2216,,2216,810,75,16,22,,,,,,,,,,,,,,,,,,,,,,
966,EMAX-2216-910,EMAX,XT2216,,2216,910,65,16,22,,,,,,,,,,,,,,,,,,,,,,
967,EMAX-2216-1150,EMAX,XT2216,,2216,1150,65,16,22,,,,,,,,,,,,,,,,,,,,,,
968,EMAX-2306-1700,EMAX,ECO II 2306,,2306,1700,30.2,06,23,,,,,,,,,,,,,,,,,,,https://www.racedayquads.com/products/emax-eco-ii-2306-2400kv-motor,https://cdn.shopify.com/s/files/1/1285/4651/products/emax-emax-eco-ii-series-2306-2400kv-motor-motor-15722806837361.jpg?v=1762440978,,
969,EMAX-2306-1900,EMAX,ECO 2306,,2306,1900,30.2,06,23,,,,,,,,,,,,,,,,,,,https://pyrodrone.com/products/emax-eco-ii-2306-stator-for-5-6-propeller-racing-freestyle-and-cinematic-hd-camera-equipped-crafts-1900kv,https://cdn.shopify.com/s/files/1/2778/6650/products/569A1011_1066cd1b-ba96-452d-92e7-44193b1baf4d.jpg?v=1602876520,,
970,EMAX-2522-1200,EMAX,CF2522,,2522,1200,39,22,25,,,,,,,,,,,,,,,,,,,,,,
971,EMAX-2805-2840,EMAX,CF2805,,2805,2840,26,05,28,,,,,,,,,,,,,,,,,,,,,,
972,EMAX-2806-100,EMAX,GB2806,,2806,100,55,06,28,,,,,,,,,,,,,,,,,,,,,,
973,EMAX-2807-1300,EMAX,ECO II 2807,,2807,1300,47.6,07,28,,,,,,,,,,,,,,,,,,,https://pyrodrone.com/products/emax-eco-ii-2807-stator-for-7-propeller-freestyle-heavy-lifter-and-long-range-crafts-1300kv,https://cdn.shopify.com/s/files/1/2778/6650/products/DSF0979.jpg?v=1602782276,,
974,EMAX-2808-70,EMAX,GB2808,,2808,70,64,08,28,,,,,,,,,,,,,,,,,,,,,,
975,EMAX-2808-660,EMAX,MT2808,,2808,660,60,08,28,,,,,,,,,,,,,,,,,,,,,,
976,EMAX-2808-850,EMAX,MT2808,,2808,850,60,08,28,,,,,,,,,,,,,,,,,,,,,,
977,EMAX-2810-8050,EMAX,BL2810,,2810,8050,86,10,28,,,,,,,,,,,,,,,,,,,,,,
978,EMAX-2810-8500,EMAX,BL2810,,2810,8500,86,10,28,,,,,,,,,,,,,,,,,,,,,,
979,EMAX-2812-970,EMAX,GT2812,V1,2812,970,105,12,28,35.5,35,5,3,Tige,Oui,4 Vis,52,3S,11.1V,60MM,,10-12 Inch,Multicopter,,,,,,,,
980,EMAX-2812-1060,EMAX,GT2812,V1,2812,1060,105,12,28,35.5,35,5,3,Tige,Oui,4 Vis,52,3S,11.1V,60MM,,10-12 Inch,Multicopter,,,,,,,,
981,EMAX-2812-1180,EMAX,GT2812,V1,2812,1180,105,12,28,35.5,35,5,3,Tige,Oui,4 Vis,52,3S,11.1V,60MM,,10-12 Inch,Multicopter,,,,,,,,
982,EMAX-2812-1534,EMAX,CF2812,,2812,1534,39,12,28,,,,,,,,,,,,,,,,,,,,,,
983,EMAX-2812-1550,EMAX,GT2812,V1,2812,1550,105,12,28,35.5,35,5,3,Tige,Oui,4 Vis,52,3S,11.1V,60MM,,10-12 Inch,Multicopter,,,,,,,,
984,EMAX-2812-1840,EMAX,GT2812,V1,2812,1840,105,12,28,35.5,35,5,3,Tige,Oui,4 Vis,52,3S,11.1V,60MM,,10-12 Inch,Multicopter,,,,,,,,
985,EMAX-2815-920,EMAX,BL2815,,2815,920,112,15,28,,,,,,,,,,,,,,,,,,,,,,
986,EMAX-2815-1100,EMAX,GT2815,,2815,1100,120,15,28,,,,,,,,,,,,,,,,,,,,,,
987,EMAX-2815-1280,EMAX,GT2815,,2815,1280,120,15,28,,,,,,,,,,,,,,,,,,,,,,
988,EMAX-2815-1500,EMAX,GT2815,,2815,1500,120,15,28,,,,,,,,,,,,,,,,,,,,,,
989,EMAX-2820-8450,EMAX,BL2820,,2820,8450,144,20,28,,,,,,,,,,,,,,,,,,,,,,
990,EMAX-2820-8680,EMAX,BL2820,,2820,8680,144,20,28,,,,,,,,,,,,,,,,,,,,,,
991,EMAX-2826-710,EMAX,GT2826,,2826,710,175,26,28,,,,,,,,,,,,,,,,,,,,,,
992,EMAX-2826-860,EMAX,GT2826,,2826,860,175,26,28,,,,,,,,,,,,,,,,,,,,,,
993,EMAX-2826-1090,EMAX,GT2826,,2826,1090,175,26,28,,,,,,,,,,,,,,,,,,,,,,
994,EMAX-2826-8400,EMAX,BL2826,,2826,8400,183,26,28,,,,,,,,,,,,,,,,,,,,,,
995,EMAX-2826-9100,EMAX,BL2826,,2826,9100,183,26,28,,,,,,,,,,,,,,,,,,,,,,
996,EMAX-2832-9100,EMAX,BL2832,,2832,9100,210,32,28,,,,,,,,,,,,,,,,,,,,,,
997,EMAX-3226-710,EMAX,GT3226,,3226,710,,26,32,,,,,,,,,,,,,,,,,,,,,,
998,EMAX-3226-870,EMAX,GT3226,,3226,870,,26,32,,,,,,,,,,,,,,,,,,,,,,
999,EMAX-3506-650,EMAX,MT3506,,3506,650,70,06,35,,,,,,,,,,,,,,,,,,,,,,
1000,EMAX-3510-600,EMAX,MT3510,,3510,600,102,10,35,,,,,,,,,,,,,,,,,,,,,,
1001,EMAX-3515-650,EMAX,MT3515,,3515,650,188,15,35,,,,,,,,,,,,,,,,,,,,,,
1002,EMAX-3526-685,EMAX,BL3526,,3526,685,250,26,35,,,,,,,,,,,,,,,,,,,,,,
1003,EMAX-3526-860,EMAX,BL3526,,3526,860,250,26,35,,,,,,,,,,,,,,,,,,,,,,
1004,EMAX-4006-87,EMAX,GB4006,,4006,87,85,06,40,,,,,,,,,,,,,,,,,,,,,,
1005,EMAX-4008-66,EMAX,GB4008,,4008,66,101,08,40,,,,,,,,,,,,,,,,,,,,,,
1006,EMAX-4008-380,EMAX,MT4008,,4008,380,108,08,40,,,,,,,,,,,,,,,,,,,,,,
1007,EMAX-4008-470,EMAX,MT4008,,4008,470,108,08,40,,,,,,,,,,,,,,,,,,,,,,
1008,EMAX-4008-600,EMAX,MT4008,,4008,600,108,08,40,,,,,,,,,,,,,,,,,,,,,,
1009,EMAX-4020-470,EMAX,GT4020,,4020,470,280,20,40,,,,,,,,,,,,,,,,,,,,,,
1010,EMAX-4020-522,EMAX,BL4020,,4020,522,248,20,40,,,,,,,,,,,,,,,,,,,,,,
1011,EMAX-4020-620,EMAX,GT4020,,4020,620,280,20,40,,,,,,,,,,,,,,,,,,,,,,
1012,EMAX-4030-253,EMAX,GT4030,,4030,253,280,30,40,,,,,,,,,,,,,,,,,,,,,,
1013,EMAX-4030-385,EMAX,BL4030,,4030,385,325,30,40,,,,,,,,,,,,,,,,,,,,,,
1014,EMAX-4030-420,EMAX,GT4030,,4030,420,280,30,40,,,,,,,,,,,,,,,,,,,,,,
1015,EMAX-4114-42,EMAX,GB4114,,4114,42,143,14,41,,,,,,,,,,,,,,,,,,,,,,
1016,EMAX-4114-340,EMAX,MT4114,,4114,340,141,14,41,,,,,,,,,,,,,,,,,,,,,,
1017,EMAX-5210-160,EMAX,MT5210,,5210,160,231,10,52,,,,,,,,,,,,,,,,,,,,,,
1018,EMAX-5210-290,EMAX,MT5210,,5210,290,231,10,52,,,,,,,,,,,,,,,,,,,,,,
1019,EMAX-5325-260,EMAX,GT5325,,5325,260,570,25,53,,,,,,,,,,,,,,,,,,,,,,
1020,EMAX-5325-325,EMAX,GT5325,,5325,325,570,25,53,,,,,,,,,,,,,,,,,,,,,,
1021,EMAX-5335-200,EMAX,GT5335,,5335,200,720,35,53,,,,,,,,,,,,,,,,,,,,,,
1022,EMAX-5335-220,EMAX,GT5335,,5335,220,720,35,53,,,,,,,,,,,,,,,,,,,,,,
1023,EMAX-5335-230,EMAX,BL5335,,5335,230,668,35,53,,,,,,,,,,,,,,,,,,,,,,
1024,EMAX-5335-250,EMAX,GT5335,,5335,250,720,35,53,,,,,,,,,,,,,,,,,,,,,,
1025,EMAX-5345-170,EMAX,GT5345,,5345,170,850,45,53,,,,,,,,,,,,,,,,,,,,,,
1026,EMAX-5345-190,EMAX,GT5345,,5345,190,850,45,53,,,,,,,,,,,,,,,,,,,,,,
1027,EMAX-5345-195,EMAX,BL5345,,5345,195,795,45,53,,,,,,,,,,,,,,,,,,,,,,
1028,EMAX-5345-220,EMAX,GT5345,,5345,220,850,45,53,,,,,,,,,,,,,,,,,,,,,,
1029,ETHI-1507-1750,ETHIX,CATS 2207,,1507,1750,75,07,15,,,,,,,,,,,,,,,,,,,https://www.unmannedtechshop.co.uk/products/tbs-ethix-cats-motor-2207-4-6s-2400kv-1750kv,https://cdn.shopify.com/s/files/1/0914/9972/5181/files/Ethix-cats-2207.jpg?v=1753831745,,
1030,ETHI-2207-2400,ETHIX,CATS 2207,,2207,2400,75,07,22,,,,,,,,,,,,,,,,,,,https://www.unmannedtechshop.co.uk/products/tbs-ethix-cats-motor-2207-4-6s-2400kv-1750kv,https://cdn.shopify.com/s/files/1/0914/9972/5181/files/Ethix-cats-2207.jpg?v=1753831745,,
1031,ETHI-2306-1700,ETHIX,STOUT,V3,2306,1700,29,06,23,17.2,27.5,4,11.5,,M3,,19x19,,,135mm,,,,,N52SH,,,,,,
1032,ETHI-2306-1750,ETHIX,STOUT,V3,2306,1750,29,06,23,17.2,27.5,4,11.5,,M3,,19x19,6S,,135mm,,,,45,N52SH,,,https://www.racedayquads.com/products/draft-ethix-mr-steele-stout-motor-v3-legacy-1750kv,https://cdn.shopify.com/s/files/1/1285/4651/files/tbs-ethix-mr-steele-stout-v3-2306-1750kv-legacy-motor-motor-31699179962481.jpg?v=1737438721,98mΩ,
1033,ETHI-2306-2345,ETHIX,SILK,V2,2306,2345,28.5,06,23,18.2,28.6,4,11.5,,M3,,16x16,6S,,135mm,,,,60,,,,https://www.racedayquads.com/products/ethix-mr-steele-silk-v5-2307-1750kv-motor-choose-color,https://cdn.shopify.com/s/files/1/1285/4651/files/tbs-ethix-mr-steele-silk-v5-2307-1750kv-motor-choose-color-motor-31773462134897.jpg?v=1737125334,64mΩ,
1034,ETHI-2407-1739,ETHIX,KONASTY 2407,V1,2407,1739,37,07,24,29,18.3,5,11.5,Ecrou,Non,4 Vis,19,6S,22.2V,150MM,20AWG,5 Inch,Multicopter,32,,N42SH ARC,,https://www.unmannedtechshop.co.uk/products/ethix-konasty-2407-2200kv-moon-boot-motors,https://cdn.shopify.com/s/files/1/0914/9972/5181/files/products-Ethix_Konasty_2407_2200kv__85320.1535712139.1280.1280.jpg?v=1753831730,,
1035,ETHI-2407-2200,ETHIX,KONASTY 2407,V1,2407,2200,37,07,24,29,18.3,5,11.5,Ecrou,Non,4 Vis,19,4S,14.8V,150MM,20AWG,5 Inch,Multicopter,32,,N42SH ARC,,https://www.unmannedtechshop.co.uk/products/ethix-konasty-2407-2200kv-moon-boot-motors,https://cdn.shopify.com/s/files/1/0914/9972/5181/files/products-Ethix_Konasty_2407_2200kv__85320.1535712139.1280.1280.jpg?v=1753831730,,
1036,ETHI-2407-2800,ETHIX,FLAT RATS 1507,,2407,2800,15.8,07,24,17.5,19.8,2,12.5,,M2,,12x12,6S,,,,,,20,,,,https://www.racedayquads.com/products/ethix-flat-rats-v2-1507-2800kv-motor,https://cdn.shopify.com/s/files/1/1285/4651/files/tbs-ethix-flat-rats-v2-1507-2800kv-motor-motor-31699038371953.jpg?v=1737438536,0.23mΩ,Cinematic
1037,"FETT-1303,6-5555",FETTEC,1303.6,,1303.6,5555,6.4,",6",13,,,,,,,,,,,,,,,,,,,https://pyrodrone.com/products/fettec-1303-6-5555kv-motors,https://cdn.shopify.com/s/files/1/2778/6650/products/1_7fc0e265-a835-45df-accd-b514803eeed2.jpg?v=1614215236,,
1038,FETT-2004-1800,FETTEC,FM2004T,,2004,1800,17,04,20,,,1.5,,,,,,4S-6S,,,,,,,,,12N14P,https://www.racedayquads.com/products/fettec-motor-fm2004t-1800kv,https://cdn.shopify.com/s/files/1/1285/4651/products/fettec-fettec-fm2004t-2004-1800kv-motor-motor-30093375406193.jpg?v=1762441973,,
1039,FETT-2104-1800,FETTEC,FM2104M,,2104,1800,17,04,21,,,,,,,,,,,,,,,,,,,,,,
1040,FLAS-1106-6500,FLASHHOBBY,A1106,,1106,6500,7.8,06,11,,,,,,,,,,,,,,,,,,,,,,
1041,FLAS-1204-5200,FLASHHOBBY,A1204,,1204,5200,6.2,04,12,,,,,,,,,,,,,,,,,,,,,,
1042,FLAS-1207-5200,FLASHHOBBY,A1207,,1207,5200,10.4,07,12,,,,,,,,,,,,,,,,,,,,,,
1043,FLAS-1207-6000,FLASHHOBBY,A1207,,1207,6000,10.4,07,12,,,,,,,,,,,,,,,,,,,,,,
1044,FLAS-1207-7000,FLASHHOBBY,A1207,,1207,7000,10.3,07,12,,,,,,,,,,,,,,,,,,,,,,
1045,FLAS-1306-3100,FLASHHOBBY,BX1306,,1306,3100,12,06,13,,,,,,,,,,,,,,,,,,,,,,
1046,FLAS-1306-4000,FLASHHOBBY,BX1306,,1306,4000,12,06,13,,,,,,,,,,,,,,,,,,,,,,
1047,FLAS-1404-4300,FLASHHOBBY,A1404,,1404,4300,9.8,04,14,,,,,,,,,,,,,,,,,,,,,,
1048,FLAS-1408-2800,FLASHHOBBY,A1408,,1408,2800,36.3,08,14,,,,,,,,,,,,,,,,,,,,,,
1049,FLAS-1408-3650,FLASHHOBBY,A1408,,1408,3650,36.3,08,14,,,,,,,,,,,,,,,,,,,,,,
1050,FLAS-1506-3100,FLASHHOBBY,A1506,,1506,3100,16.9,06,15,,,,,,,,,,,,,,,,,,,,,,
1051,FLAS-1506-4300,FLASHHOBBY,A1506,,1506,4300,16.8,06,15,,,,,,,,,,,,,,,,,,,,,,
1052,FLAS-1806-1400,FLASHHOBBY,BE1806-B,,1806,1400,18,06,18,,,,,,,,,,,,,,,,,,,,,,
1053,FLAS-1806-2300,FLASHHOBBY,BE1806-B,,1806,2300,18,06,18,,,,,,,,,,,,,,,,,,,,,,
1054,FLAS-1806-2700,FLASHHOBBY,BE1806-B,,1806,2700,18,06,18,,,,,,,,,,,,,,,,,,,,,,
1055,"FLAS-2207,5-1900",FLASHHOBBY,"A2207,5",,2207.5,1900,36,",5",22,,,,,,,,,,,,,,,,,,,,,,
1056,"FLAS-2207,5-2450",FLASHHOBBY,"A2207,5",,2207.5,2450,36,",5",22,,,,,,,,,,,,,,,,,,,,,,
1057,"FLAS-2207,5-2750",FLASHHOBBY,"A2207,5",,2207.5,2750,36,",5",22,,,,,,,,,,,,,,,,,,,,,,
1058,FLAS-2225-1350,FLASHHOBBY,D2225,,2225,1350,32,25,22,,,,,,,,,,,,,,,,,,,,,,
1059,FLAS-2225-1600,FLASHHOBBY,D2225,,2225,1600,32,25,22,,,,,,,,,,,,,,,,,,,,,,
1060,FLAS-2225-2000,FLASHHOBBY,D2225,,2225,2000,32,25,22,,,,,,,,,,,,,,,,,,,,,,
1061,"FLAS-2306,5-1400",FLASHHOBBY,"A2306,5",,2306.5,1400,36.7,",5",23,,,,,,,,,,,,,,,,,,,,,,
1062,"FLAS-2306,5-1900",FLASHHOBBY,"A2306,5",,2306.5,1900,36.7,",5",23,,,,,,,,,,,,,,,,,,,,,,
1063,"FLAS-2306,5-2300",FLASHHOBBY,"A2306,5",,2306.5,2300,36.7,",5",23,,,,,,,,,,,,,,,,,,,,,,
1064,"FLAS-2306,5-2550",FLASHHOBBY,"A2306,5",,2306.5,2550,36.7,",5",23,,,,,,,,,,,,,,,,,,,,,,
1065,FLAS-2606-120,FLASHHOBBY,BGM2606-90T,,2606,120,40,06,26,,,,,,,,,,,,,,,,,,,,,,
1066,FLAS-2608-,FLASHHOBBY,BGM2608-80T,,2608,,40,08,26,,,,,,,,,,,,,,,,,,,,,,
1067,FLAS-2812-1600,FLASHHOBBY,D2812,,2812,1600,22,12,28,,,,,,,,,,,,,,,,,,,,,,
1068,FLAS-2822-1100,FLASHHOBBY,D2822,,2822,1100,38,22,28,,,,,,,,,,,,,,,,,,,,,,
1069,FLAS-2822-1200,FLASHHOBBY,CF2822,,2822,1200,50,22,28,,,,,,,,,,,,,,,,,,,,,,
1070,FLAS-2822-1450,FLASHHOBBY,D2822,,2822,1450,38,22,28,,,,,,,,,,,,,,,,,,,,,,
1071,FLAS-2822-1534,FLASHHOBBY,CF2822,,2822,1534,50,22,28,,,,,,,,,,,,,,,,,,,,,,
1072,FLAS-2822-1800,FLASHHOBBY,D2822,,2822,1800,38,22,28,,,,,,,,,,,,,,,,,,,,,,
1073,FLAS-2822-2600,FLASHHOBBY,D2822,,2822,2600,38,22,28,,,,,,,,,,,,,,,,,,,,,,
1074,FLAS-2822-2840,FLASHHOBBY,CF2822,,2822,2840,50,22,28,,,,,,,,,,,,,,,,,,,,,,
1075,FLAS-2826-930,FLASHHOBBY,D2826,,2826,930,50,26,28,,,,,,,,,,,,,,,,,,,,,,
1076,FLAS-2826-1000,FLASHHOBBY,D2826,,2826,1000,50,26,28,,,,,,,,,,,,,,,,,,,,,,
1077,FLAS-2826-1400,FLASHHOBBY,D2826,,2826,1400,50,26,28,,,,,,,,,,,,,,,,,,,,,,
1078,FLAS-2826-1450,FLASHHOBBY,D2826EVO,,2826,1450,55.7,26,28,,,,,,,,,,,,,,,,,,,,,,
1079,FLAS-2826-2200,FLASHHOBBY,D2826,,2826,2200,50,26,28,,,,,,,,,,,,,,,,,,,,,,
1080,FLAS-2830-750,FLASHHOBBY,D2830,,2830,750,52,30,28,,,,,,,,,,,,,,,,,,,,,,
1081,FLAS-2830-850,FLASHHOBBY,D2830,,2830,850,52,30,28,,,,,,,,,,,,,,,,,,,,,,
1082,FLAS-2830-1000,FLASHHOBBY,D2830,,2830,1000,52,30,28,,,,,,,,,,,,,,,,,,,,,,
1083,FLAS-2830-1300,FLASHHOBBY,D2830,,2830,1300,52,30,28,,,,,,,,,,,,,,,,,,,,,,
1084,FLAS-2830-3250,FLASHHOBBY,H2830,,2830,3250,50,30,28,,,,,,,,,,,,,,,,,,,,,,
1085,FLAS-2830-3500,FLASHHOBBY,H2830,,2830,3500,50,30,28,,,,,,,,,,,,,,,,,,,,,,
1086,FLAS-2830-4000,FLASHHOBBY,H2830,,2830,4000,50,30,28,,,,,,,,,,,,,,,,,,,,,,
1087,FLAS-2836-750,FLASHHOBBY,D2836,,2836,750,70,36,28,,,,,,,,,,,,,,,,,,,,,,
1088,FLAS-2836-850,FLASHHOBBY,D2836EVO,,2836,850,90,36,28,,,,,,,,,,,,,,,,,,,,,,
1089,FLAS-2836-880,FLASHHOBBY,D2836,,2836,880,70,36,28,,,,,,,,,,,,,,,,,,,,,,
1090,FLAS-2836-1100,FLASHHOBBY,D2836EVO,,2836,1100,90,36,28,,,,,,,,,,,,,,,,,,,,,,
1091,FLAS-2836-1120,FLASHHOBBY,D2836,,2836,1120,70,36,28,,,,,,,,,,,,,,,,,,,,,,
1092,FLAS-2836-1450,FLASHHOBBY,D2836EVO,,2836,1450,90,36,28,,,,,,,,,,,,,,,,,,,,,,
1093,FLAS-2836-1500,FLASHHOBBY,D2836,,2836,1500,70,36,28,,,,,,,,,,,,,,,,,,,,,,
1094,FLAS-2836-3500,FLASHHOBBY,H2836,,2836,3500,70,36,28,,,,,,,,,,,,,,,,,,,,,,
1095,FLAS-2836-4000,FLASHHOBBY,H2836,,2836,4000,70,36,28,,,,,,,,,,,,,,,,,,,,,,
1096,FLAS-3530-1100,FLASHHOBBY,D3530,,3530,1100,74,30,35,,,,,,,,,,,,,,,,,,,,,,
1097,FLAS-3530-1400,FLASHHOBBY,D3530,,3530,1400,74,30,35,,,,,,,,,,,,,,,,,,,,,,
1098,FLAS-3530-1700,FLASHHOBBY,D3530,,3530,1700,74,30,35,,,,,,,,,,,,,,,,,,,,,,
1099,FLAS-3536-910,FLASHHOBBY,D3536,,3536,910,102,36,35,,,,,,,,,,,,,,,,,,,,,,
1100,FLAS-3536-1000,FLASHHOBBY,D3536,,3536,1000,102,36,35,,,,,,,,,,,,,,,,,,,,,,
1101,FLAS-3536-1250,FLASHHOBBY,D3536,,3536,1250,102,36,35,,,,,,,,,,,,,,,,,,,,,,
1102,FLAS-3536-1450,FLASHHOBBY,D3536,,3536,1450,102,36,35,,,,,,,,,,,,,,,,,,,,,,
1103,FLAS-3542-1000,FLASHHOBBY,D3542,,3542,1000,130,42,35,,,,,,,,,,,,,,,,,,,,,,
1104,FLAS-3542-1250,FLASHHOBBY,D3542,,3542,1250,130,42,35,,,,,,,,,,,,,,,,,,,,,,
1105,FLAS-3542-1400,FLASHHOBBY,D3542EVO,,3542,1400,136,42,35,,,,,,,,,,,,,,,,,,,,,,
1106,FLAS-3542-1450,FLASHHOBBY,D3542,,3542,1450,130,42,35,,,,,,,,,,,,,,,,,,,,,,
1107,FLAS-3548-790,FLASHHOBBY,D3548,,3548,790,156,48,35,,,,,,,,,,,,,,,,,,,,,,
1108,FLAS-3548-900,FLASHHOBBY,D3548,,3548,900,156,48,35,,,,,,,,,,,,,,,,,,,,,,
1109,FLAS-3548-1100,FLASHHOBBY,D3548,,3548,1100,156,48,35,,,,,,,,,,,,,,,,,,,,,,
1110,FLAS-3548-1150,FLASHHOBBY,D3548EVO,,3548,1150,170,48,35,,,,,,,,,,,,,,,,,,,,,,
1111,FLAS-4108-,FLASHHOBBY,"BGM4108-130T-8,5",,4108,,93,08,41,,,,,,,,,,,,,,,,,,,,,,
1112,FLAS-4114-,FLASHHOBBY,"BGM4114-100T-8,5",,4114,,136,14,41,,,,,,,,,,,,,,,,,,,,,,
1113,FLAS-4215-650,FLASHHOBBY,D4215,,4215,650,156,15,42,,,,,,,,,,,,,,,,,,,,,,
1114,FLAS-4245-700,FLASHHOBBY,D4245EVO,,4245,700,173.5,45,42,,,,,,,,,,,,,,,,,,,,,,
1115,FLAS-4245-800,FLASHHOBBY,D4245EVO,,4245,800,173.5,45,42,,,,,,,,,,,,,,,,,,,,,,
1116,FLAS-4250-600,FLASHHOBBY,D4250EVO,,4250,600,209,50,42,,,,,,,,,,,,,,,,,,,,,,
1117,FLAS-4250-800,FLASHHOBBY,D4250EVO,,4250,800,209,50,42,,,,,,,,,,,,,,,,,,,,,,
1118,FLAS-4260-600,FLASHHOBBY,D4260EVO,,4260,600,286,60,42,,,,,,,,,,,,,,,,,,,,,,
1119,FLAS-4260-800,FLASHHOBBY,D4260EVO,,4260,800,286,60,42,,,,,,,,,,,,,,,,,,,,,,
1120,FLAS-5208-77,FLASHHOBBY,BGM5208-200HS,,5208,77,185,08,52,,,,,,,,,,,,,,,,,,,,,,
1121,FLAS-5208-,FLASHHOBBY,BGM5208-75HS,,5208,,189,08,52,,,,,,,,,,,,,,,,,,,,,,
1122,FLAS-5210-340,FLASHHOBBY,MT5210,,5210,340,222,10,52,,,,,,,,,,,,,,,,,,,,,,
1123,FLAS-6723-63,FLASHHOBBY,GM60-80T,,6723,63,189,23,67,,,,,,,,,,,,,,,,,,,,,,
1124,"FLAS-6723-84,5",FLASHHOBBY,GM80-90T,,6723,84.5,270,23,67,,,,,,,,,,,,,,,,,,,,,,
1125,FLIP-4125-300,FLIPSKY,F4125,,4125,300,310,25,41,,,,,,,,,,,,,,,,,,,,,,
1126,FLIP-5045-200,FLIPSKY,H5045,,5045,200,340,45,50,,,,,,,,,,,,,,,,,,,,,,
1127,FLIP-5055-200,FLIPSKY,H5055,,5055,200,475,55,50,,,,,,,,,,,,,,,,,,,,,,
1128,FLIP-5062-160,FLIPSKY,UNDERWATER 5062,,5062,160,,62,50,,,,,,,,,,,,,,,,,,,,,,
1129,FLIP-5065-140,FLIPSKY,H5065,,5065,140,1100,65,50,,,,,,,,,,,,,,,,,,,,,,
1130,FLIP-5065-200,FLIPSKY,H5065,,5065,200,1100,65,50,,,,,,,,,,,,,,,,,,,,,,
1131,FLIP-5065-270,FLIPSKY,E-BOARD 5065,,5065,270,450,65,50,,,,,,,,,,,,,,,,,,,,,,
1132,FLIP-5085-140,FLIPSKY,F5085,,5085,140,680,85,50,,,,,,,,,,,,,,,,,,,,,,
1133,FLIP-63100-140,FLIPSKY,E-BOARD 63100,,63100,140,1400,100,63,,,,,,,,,,,,,,,,,,,,,,
1134,FLIP-63100-190,FLIPSKY,E-BOARD 63100,,63100,190,1400,100,63,,,,,,,,,,,,,,,,,,,,,,
1135,FLIP-6354-140,FLIPSKY,E-BOARD 6354,,6354,140,560,54,63,,,,,,,,,,,,,,,,,,,,,,
1136,FLIP-6354-160,FLIPSKY,H6354,,6354,160,560,54,63,,,,,,,,,,,,,,,,,,,,,,
1137,FLIP-6354-190,FLIPSKY,E-BOARD 6354,,6354,190,560,54,63,,,,,,,,,,,,,,,,,,,,,,
1138,FLIP-6354-220,FLIPSKY,H6354,,6354,220,560,54,63,,,,,,,,,,,,,,,,,,,,,,
1139,FLIP-6355-160,FLIPSKY,H6355,,6355,160,572,55,63,,,,,,,,,,,,,,,,,,,,,,
1140,FLIP-6355-220,FLIPSKY,H6355,,6355,220,572,55,63,,,,,,,,,,,,,,,,,,,,,,
1141,FLIP-6368-140,FLIPSKY,H6368,,6368,140,745,68,63,,,,,,,,,,,,,,,,,,,,,,
1142,FLIP-6368-190,FLIPSKY,E-BOARD 6368,,6368,190,840,68,63,,,,,,,,,,,,,,,,,,,,,,
1143,FLIP-6368-200,FLIPSKY,H6368,,6368,200,745,68,63,,,,,,,,,,,,,,,,,,,,,,
1144,FLIP-6374-140,FLIPSKY,E-BOARD 6374,,6374,140,860,74,63,,,,,,,,,,,,,,,,,,,,,,
1145,FLIP-6374-190,FLIPSKY,E-BOARD 6374,,6374,190,860,74,63,,,,,,,,,,,,,,,,,,,,,,
1146,FLIP-6384-140,FLIPSKY,E-BOARD 6384,,6384,140,1100,84,63,,,,,,,,,,,,,,,,,,,,,,
1147,FLIP-6384-170,FLIPSKY,E-BOARD 6384,,6384,170,1100,84,63,,,,,,,,,,,,,,,,,,,,,,
1148,FLIP-6384-190,FLIPSKY,E-BOARD 6384,,6384,190,1100,84,63,,,,,,,,,,,,,,,,,,,,,,
1149,FLIP-65111-160,FLIPSKY,INRUNNER 65111,,65111,160,1620,11,65,,,,,,,,,,,,,,,,,,,,,,
1150,FLIP-65161-100,FLIPSKY,AMPHIBIOUS 65161,,65161,100,3067,161,65,,,,,,,,,,,,,,,,,,,,,,
1151,FLIP-65161-120,FLIPSKY,AMPHIBIOUS 65161,,65161,120,3067,161,65,,,,,,,,,,,,,,,,,,,,,,
1152,FLIP-66112-130,FLIPSKY,UNDERWATER 66112,,66112,130,2500,112,66,,,,,,,,,,,,,,,,,,,,,,
1153,FLIP-80100-130,FLIPSKY,E-BOARD 80100,,80100,130,1820,100,80,,,,,,,,,,,,,,,,,,,,,,
1154,FLIP-85135-140,FLIPSKY,WATERPROOF 85135,,85135,140,2800,112,85,,,,,,,,,,,,,,,,,,,,,,
1155,FLYF-2207-2005,FLYFISHRC,FLASH 2207,V1,2207,2005,32.2,7,22,32.3,28.4,5,13.5,Ecrou,Non,4 Vis,16,6S,22.2V,150MM,20AWG,,,,,,12N14P,https://www.racedayquads.com/products/flyfishrc-flash-2207-2005kv-motor,https://cdn.shopify.com/s/files/1/1285/4651/products/flyfish-flyfishrc-flash-2207-2005kv-motor-motor-30468255744113.webp?v=1762442198,,
1156,FLYF-2207-2750,FLYFISHRC,FLASH 2207,V1,2207,2750,34.2,7,22,32.3,28.4,5,13.5,Ecrou,Non,4 Vis,16,4S,14.8V,150MM,20AWG,,,,,,12N14P,https://www.racedayquads.com/products/flyfishrc-flash-2207-2750kv-motor,https://cdn.shopify.com/s/files/1/1285/4651/products/flyfish-flyfishrc-flash-2207-2750kv-motor-motor-30468260757617.webp?v=1762442200,,
1157,FLYF-2306-1750,FLYFISHRC,FLASH 2306,V1,2306,1750,34.6,6,23,31.8,29.4,5,13.5,Ecrou,Non,4 Vis,16,6S,22.2V,150MM,20AWG,,,,,,12N14P,https://www.racedayquads.com/products/flyfishrc-flash-2306-1750kv-motor,https://cdn.shopify.com/s/files/1/1285/4651/products/flyfish-flyfishrc-flash-2306-1750kv-motor-choose-your-color-grey-purple-motor-30416036888689.webp?v=1762442102,,
1158,FLYF-2306-2550,FLYFISHRC,FLASH 2306,V1,2306,2550,34.6,6,23,31.8,29.4,5,13.5,Ecrou,Non,4 Vis,16,4S,14.8V,150MM,20AWG,,,,,,12N14P,https://www.racedayquads.com/products/flyfishrc-flash-2306-1750kv-motor,https://cdn.shopify.com/s/files/1/1285/4651/products/flyfish-flyfishrc-flash-2306-1750kv-motor-choose-your-color-grey-purple-motor-30416036888689.webp?v=1762442102,,
1159,FLYF-2406-1800,FLYFISHRC,FLASH 2406,V1,2406,1800,35.8,6,24,31.9,30.8,5,13.5,Ecrou,Non,4 Vis,16,6S,22.2V,150MM,20AWG,,,,,,12N14P,https://www.racedayquads.com/products/flyfishrc-flash-2406-1800kv-motor,https://cdn.shopify.com/s/files/1/1285/4651/products/flyfish-flyfishrc-flash-2406-1800kv-motor-motor-30555837137009.jpg?v=1762442361,,
1160,FLYF-2406-1950,FLYFISHRC,FLASH 2406,V1,2406,1950,35.8,6,24,31.9,30.8,5,13.5,Ecrou,Non,4 Vis,16,6S,22.2V,150MM,20AWG,,,,,,12N14P,https://www.racedayquads.com/products/flyfishrc-flash-2406-1950kv-motor,https://cdn.shopify.com/s/files/1/1285/4651/products/flyfish-flyfishrc-flash-2406-1950kv-motor-motor-30555838316657.jpg?v=1762442363,,
1161,FLYF-2506-1550,FLYFISHRC,FLASH 2506,V1,2506,1550,36.2,6,25,31.9,31.4,5,13.5,Ecrou,Non,4 Vis,16,6S,22.2V,150MM,20AWG,,,,,,12N14P,https://pyrodrone.com/products/flyfishrc-flash-2506-brushless-fpv-drone-motor-1550kv,https://cdn.shopify.com/s/files/1/2778/6650/products/Flash-2506-1550KV-1750KV-FPV-Motor-4.jpg?v=1674771872,,
1162,FLYF-2506-1750,FLYFISHRC,FLASH 2506,V1,2506,1750,36.2,6,25,31.9,31.4,5,13.5,Ecrou,Non,4 Vis,16,6S,22.2V,150MM,20AWG,,,,,,12N14P,https://pyrodrone.com/products/flyfishrc-flash-2506-brushless-fpv-drone-motor-1750kv,https://cdn.shopify.com/s/files/1/2778/6650/products/Flash-2506-1550KV-1750KV-FPV-Motor-5.jpg?v=1674771801,,
1163,"FLYF-2806,5-1350",FLYFISHRC,"FLASH 2806,5",V1,2806.5,1350,48,6.5,28,33.5,34.6,5,14,Ecrou,Non,4 Vis,19,6S,22.2V,250MM,20AWG,,,,,,12N14P,https://www.racedayquads.com/products/flyfishrc-flash-2806-5-1350kv-unibell-fpv-motor-black,https://cdn.shopify.com/s/files/1/1285/4651/files/flyfish-flyfishrc-flash-2806-5-1350kv-motor-unibell-black-motor-30735289876593.jpg?v=1762442793,,
1164,"FLYF-2806,5-1850",FLYFISHRC,"FLASH 2806,5",V1,2806.5,1850,48.3,6.5,28,33.5,34.6,5,14,Ecrou,Non,4 Vis,19,4S,14.8V,250MM,20AWG,,1373.3,60.02,,,12N14P,https://www.racedayquads.com/products/flyfishrc-flash-2806-5-1850kv-long-range-motor,https://cdn.shopify.com/s/files/1/1285/4651/files/flyfish-flyfishrc-flash-2806-5-1850kv-motor-motor-30763935629425.jpg?v=1762442991,,
1165,"FLYW-0802,4-16500",FLYWOO,"ROBO RB 0802,4",,0802.4,16500,1.8,",4",08,,,,,,,,,,,,,,,,,,,,,,
1166,FLYW-1103-7650,FLYWOO,NIN 1103,V2,1103,7650,3.9,03,11,5.9,15.3,2,4.8,Tige,Non,4 Vis,9,3S,11.1V,110MM,20AWG,"2,5-3 Inch",,,,,,,,,
1167,FLYW-1103-10500,FLYWOO,NIN 1103,V2,1103,10500,3.9,03,11,5.9,15.3,2,4.8,Tige,Non,4 Vis,9,3S,11.1V,110MM,20AWG,"2,5-3 Inch",,,,,,,,,
1168,"FLYW-1202,5-5500",FLYWOO,"ROBO RB 1202,5",,1202.5,5500,4,",5",12,,,,,,,,,,,,,,,,,,,,,,
1169,"FLYW-1202,5-5800",FLYWOO,"ROBO RB 1202,5",,1202.5,5800,4,",5",12,,,,,,,,,,,,,,,,,,,,,,
1170,"FLYW-1202,5-11500",FLYWOO,"ROBO RB 1202,5",,1202.5,11500,4,",5",12,,,,,,,,,,,,,,,,,,,,,,
1171,"FLYW-1202,5-19500",FLYWOO,"ROBO RB 1202,5",,1202.5,19500,4,",5",12,,,,,,,,,,,,,,,,,,,,,,
1172,FLYW-1204-5150,FLYWOO,ROBO RB 1204,,1204,5150,5,04,12,,,,,,,,,,,,,,,,,,,,,,
1173,FLYW-1404-2750,FLYWOO,NIN 1404,V2,1404,2750,9.5,04,14,,,1.5,,,,,12x12,4S-6S,,150mm,24AWG,,,,,,,https://www.racedayquads.com/products/flywoo-nin-v2-dave_c-edition-1404-2750kv-micro-motor,https://cdn.shopify.com/s/files/1/1285/4651/products/flywoo-flywoo-nin-v2-dave-c-edition-1404-2750kv-micro-motor-motor-15396732928113.jpg?v=1762440876,,
1174,FLYW-1404-3750,FLYWOO,NIN 1404,V2,1404,3750,9.5,04,14,,,1.5,,,,,12x12,,,150mm,24AWG,,,,,,,https://www.racedayquads.com/products/flywoo-nin-v2-dave_c-edition-1404-2750kv-micro-motor,https://cdn.shopify.com/s/files/1/1285/4651/products/flywoo-flywoo-nin-v2-dave-c-edition-1404-2750kv-micro-motor-motor-15396732928113.jpg?v=1762440876,,
1175,FLYW-1404-4850,FLYWOO,NIN 1404,V2,1404,4850,9.5,04,14,,,1.5,,,,,12x12,,,150mm,24AWG,,,,,,,https://www.racedayquads.com/products/flywoo-nin-v2-dave_c-edition-1404-2750kv-micro-motor,https://cdn.shopify.com/s/files/1/1285/4651/products/flywoo-flywoo-nin-v2-dave-c-edition-1404-2750kv-micro-motor-motor-15396732928113.jpg?v=1762440876,,
1176,FLYW-2207-1750,FLYWOO,ROBO RB 2207 SE,,2207,1750,32,07,22,,,,,,,,,,,,,,,,,,,,,,
1177,FLYW-2207-2450,FLYWOO,ROBO RB 2207 SE,,2207,2450,32,07,22,,,,,,,,,,,,,,,,,,,,,,
1178,FLYW-2207-8150,FLYWOO,ROBO RB 1204,,2207,8150,5,07,22,,,,,,,,,,,,,,,,,,,,,,
1179,"FLYW-2305,5-1750",FLYWOO,"NIN 2305,5",,2305.5,1750,33,",5",23,,,,,,,,,,,,,,,,,,,,,,
1180,"FLYW-2306,5-1350",FLYWOO,"NIN 2306,5",V2,2306.5,1350,33,",5",23,,,,,,,,,,,,,,,,,,,,,,
1181,"FLYW-2306,5-1750",FLYWOO,"NIN 2306,5",V2,2306.5,1750,33,",5",23,,,,,,,,,,,,,,,,,,,,,,
1182,"FLYW-2306,5-2450",FLYWOO,"NIN 2306,5",V2,2306.5,2450,33,",5",23,,,,,,,,,,,,,,,,,,,,,,
1183,"FLYW-2806,5-1350",FLYWOO,"NIN 2806,5",V2,2806.5,1350,48,",5",28,,,,,,,,,,,,,,,,,,,,,,
1184,"FLYW-2806,5-1750",FLYWOO,"NIN 2806,5",V2,2806.5,1750,48,",5",28,,,,,,,,,,,,,,,,,,,,,,
1185,"FPVC-1202,5-2600",FPVCREATE,XILO STEALTH 2206,,1202.5,2600,34,",5",12,,,,,,,,,,,,,,,,,,,,,,
1186,FPVC-2206-1700,FPVCREATE,XILO STEALTH 2206,,2206,1700,34,06,22,,,,,,,,,,,,,,,,,,,,,,
1187,FPVC-2206-2700,FPVCREATE,BOOSTER 2207 V2,V2,2206,2700,31,06,22,,,,,,,,,,,,,,,,,,,,,,
1188,FPVC-2207-1750,FPVCREATE,BOOSTER 2207,V1,2207,1750,38.8,07,22,,,5,,,,,,,,,,,,,,,,,,,
1189,FPVC-2207-1900,FPVCREATE,BOOSTER 2207 V2,V2,2207,1900,31,07,22,,,,,,,,,,,,,,,,,,,,,,
1190,FPVC-2207-2500,FPVCREATE,BOOSTER 2207 V2,V2,2207,2500,31,07,22,,,,,,,,,,,,,,,,,,,,,,
1191,FPVC-2207-2700,FPVCREATE,BOOSTER 2207,V1,2207,2700,31,07,22,,,5,,,,,,,,,,,,,,,,,,,
1192,FPVC-1303-11500,FPVCYCLE,"LIGHT 1202,5",,1303,11500,4.5,03,13,,,,,,,,,,,,,,,,,,,,,,
1193,FPVC-2203-1450,FPVCYCLE,2207,,2203,1450,55,03,22,,,,,,,,,,,,,,,,,,,,,,
1194,FPVC-2203-2800,FPVCYCLE,2203-04-01 00:00:00,,2203,2800,23,03,22,,,,,,,,,,,,,,,,,,,,,,
1195,FPVC-2203-3450,FPVCYCLE,2203-04-01 00:00:00,,2203,3450,23,03,22,,,,,,,,,,,,,,,,,,,,,,
1196,FPVC-2207-5000,FPVCYCLE,1303,,2207,5000,6,07,22,,,,,,,,,,,,,,,,,,,,,,
1197,FPVC-2506-,FPVCYCLE,HEAVY MOTOR,,2506,,,06,25,,,,,,,,,,,,,,,,,,,,,,
1198,GARI-2506-2500,GARILA,J2506 THE ONE,,2506,2500,,06,25,,,,,,,,,,,,,,,,,,,,,,
1199,GARI-2506-2600,GARILA,J2506 BILLY,,2506,2600,,06,25,,,,,,,,,,,,,,,,,,,,,,
1200,GARI-2506-2700,GARILA,J2506 TOP GUN,,2506,2700,,06,25,,,,,,,,,,,,,,,,,,,,,,
1201,GARI-2506-2750,GARILA,J2506 WILD,,2506,2750,,06,25,,,,,,,,,,,,,,,,,,,,,,
1202,GARI-2506-2850,GARILA,J2506,,2506,2850,38.3,06,25,,,,,,,,,,,,,,,,,,,,,,
1203,GEMF-08028-12000,GEMFAN,TECHNICAL DATAS GT08028,,08028,12000,2.25,28,08,,,,,,,,,,,,,,,,,,,,,,
1204,GEMF-0806-6200,GEMFAN,TECHNICAL DATAS GT0806,,0806,6200,4.5,06,08,,,,,,,,,,,,,,,,,,,,,,
1205,GEMF-1104-4000,GEMFAN,TECHNICAL DATAS GT1104,,1104,4000,4.7,04,11,,,,,,,,,,,,,,,,,,,,,,
1206,GEMF-1105-7500,GEMFAN,TECHNICAL DATAS GT1105,,1105,7500,5.9,05,11,,,,,,,,,,,,,,,,,,,,,,
1207,GEMF-2205-2450,GEMFAN,TECHNICAL DATAS GT2205,,2205,2450,28.8,05,22,,,,,,,,,,,,,,,,,,,,,,
1208,GEMF-2205-2650,GEMFAN,TECHNICAL DATAS GT2205,,2205,2650,29,05,22,,,,,,,,,,,,,,,,,,,,,,
1209,GEMF-2206-2300,GEMFAN,TECHNICAL DATAS GT2206,,2206,2300,33,06,22,,,,,,,,,,,,,,,,,,,,,,
1210,GEMF-2206-2500,GEMFAN,TECHNICAL DATAS GT2206,,2206,2500,33,06,22,,,,,,,,,,,,,,,,,,,,,,
1211,GEPR-1102-9000,GEPRC,GR1102,,1102,9000,3.2,02,11,,,,,,,,,,,,,,,,,,,,,,
1212,GEPR-1102-10000,GEPRC,GR1102,,1102,10000,3.2,02,11,,,,,,,,,,,,,,,,,,,,,,
1213,GEPR-1103-8000,GEPRC,GR1103,,1103,8000,3.8,03,11,,,,,,,,,,,,,,,,,,,,,,
1214,GEPR-1105-5000,GEPRC,GR1105,,1105,5000,5.9,05,11,,,,,,,,,,,,,,,,,,,,,,
1215,GEPR-1105-6000,GEPRC,GR1105,,1105,6000,5.9,05,11,,,,,,,,,,,,,,,,,,,,,,
1216,GEPR-1106-4500,GEPRC,GR1106,,1106,4500,7.1,06,11,,,,,,,,,,,,,,,,,,,,,,
1217,GEPR-1106-6000,GEPRC,GR1106,,1106,6000,7.1,06,11,,,,,,,,,,,,,,,,,,,,,,
1218,GEPR-1106-7500,GEPRC,GR1106,,1106,7500,7.1,06,11,,,,,,,,,,,,,,,,,,,,,,
1219,GEPR-1202-6000,GEPRC,GR1202,,1202,6000,3.8,02,12,,,,,,,,,,,,,,,,,,,,,,
1220,GEPR-1202-8000,GEPRC,GR1202,,1202,8000,3.8,02,12,,,,,,,,,,,,,,,,,,,,,,
1221,GEPR-1202-10000,GEPRC,GR1202,,1202,10000,3.8,02,12,,,,,,,,,,,,,,,,,,,,,,
1222,GEPR-1204-5000,GEPRC,GR1204,,1204,5000,3.8,04,12,,,,,,,,,,,,,,,,,,,,,,
1223,GEPR-1206-3600,GEPRC,GR1206,,1206,3600,3.8,06,12,,,,,,,,,,,,,,,,,,,,,,
1224,GEPR-1206-4500,GEPRC,GR1206,,1206,4500,8.3,06,12,,,,,,,,,,,,,,,,,,,,,,
1225,GEPR-1206-6000,GEPRC,GR1206,,1206,6000,8.3,06,12,,,,,,,,,,,,,,,,,,,,,,
1226,GEPR-1206-7500,GEPRC,GR1206,,1206,7500,8.3,06,12,,,,,,,,,,,,,,,,,,,,,,
1227,GEPR-1404-2750,GEPRC,GR1404,,1404,2750,9.8,04,14,,,,,,,,,,,,,,,,,,,,,,
1228,GEPR-1404-3850,GEPRC,GR1404,,1404,3850,9.8,04,14,,,,,,,,,,,,,,,,,,,,,,
1229,GEPR-1408-3750,GEPRC,GR1408,,1408,3750,15.2,08,14,,,,,,,,,,,,,,,,,,,,,,
1230,GEPR-1408-4100,GEPRC,GR1408,,1408,4100,15.2,08,14,,,,,,,,,,,,,,,,,,,,,,
1231,GEPR-1507-2800,GEPRC,GR1507,,1507,2800,15.5,07,15,,,,,,,,,,,,,,,,,,,,,,
1232,GEPR-1507-3200,GEPRC,GR1507,,1507,3200,15.5,07,15,,,,,,,,,,,,,,,,,,,,,,
1233,GEPR-1507-3600,GEPRC,GR1507,,1507,3600,15.5,07,15,,,,,,,,,,,,,,,,,,,,,,
1234,GEPR-1507-4200,GEPRC,GR1507,,1507,4200,15.5,07,15,,,,,,,,,,,,,,,,,,,,,,
1235,GEPR-2004-1750,GEPRC,GR2004,,2004,1750,16.8,04,20,,,,,,,,,,,,,,,,,,,,,,
1236,GEPR-2004-2550,GEPRC,GR2004,,2004,2550,16.8,04,20,,,,,,,,,,,,,,,,,,,,,,
1237,GEPR-2205-2300,GEPRC,GR2205,,2205,2300,29,05,22,,,,,,,,,,,,,,,,,,,,,,
1238,GEPR-2207-1900,GEPRC,GR2207,,2207,1900,32,07,22,,,,,,,,,,,,,,,,,,,,,,
1239,GEPR-2207-2400,GEPRC,GR2207,,2207,2400,32,07,22,,,,,,,,,,,,,,,,,,,,,,
1240,GEPR-2207-2700,GEPRC,GR2207,,2207,2700,32,07,22,,,,,,,,,,,,,,,,,,,,,,
1241,"GEPR-2207,5-1700",GEPRC,"GR2207,5",,2207.5,1700,34,",5",22,,,,,,,,,,,,,,,,,,,,,,
1242,"GEPR-2207,5-1900",GEPRC,"GR2207,5",,2207.5,1900,34,",5",22,,,,,,,,,,,,,,,,,,,,,,
1243,"GEPR-2207,5-1920",GEPRC,"GR2207,5",,2207.5,1920,34,",5",22,,,,,,,,,,,,,,,,,,,,,,
1244,"GEPR-2207,5-2400",GEPRC,"GR2207,5",,2207.5,2400,34,",5",22,,,,,,,,,,,,,,,,,,,,,,
1245,"GEPR-2207,5-2700",GEPRC,"GR2207,5",,2207.5,2700,34,",5",22,,,,,,,,,,,,,,,,,,,,,,
1246,"GEPR-2207,5-2750",GEPRC,"GR2207,5",,2207.5,2750,34,",5",22,,,,,,,,,,,,,,,,,,,,,,
1247,GEPR-2306-1600,GEPRC,GR2306,,2306,1600,32,06,23,,,,,,,,,,,,,,,,,,,,,,
1248,GEPR-2306-2450,GEPRC,GR2306,,2306,2450,32,06,23,,,,,,,,,,,,,,,,,,,,,,
1249,GEPR-2306-2750,GEPRC,GR2306,,2306,2750,32,06,23,,,,,,,,,,,,,,,,,,,,,,
1250,"GEPR-2306,5-1350",GEPRC,"GR2306,5",,2306.5,1350,31,",5",23,,,,,,,,,,,,,,,,,,,,,,
1251,"GEPR-2306,5-1850",GEPRC,"GR2306,5",,2306.5,1850,31,",5",23,,,,,,,,,,,,,,,,,,,,,,
1252,"GEPR-2306,5-2450",GEPRC,"GR2306,5",,2306.5,2450,31,",5",23,,,,,,,,,,,,,,,,,,,,,,
1253,HAPP-0603-16000,HAPPYMODEL,SE0603,,0603,16000,1.7,03,06,,,,,,,,,,,,,,,,,,,,,,
1254,HAPP-0603-19000,HAPPYMODEL,SE0603,,0603,19000,1.7,03,06,,,,,,,,,,,,,,,,,,,,,,
1255,HAPP-0802-14000,HAPPYMODEL,EX0802,,0802,14000,1.7,02,08,,,,,,,,,,,,,,,,,,,,,,
1256,HAPP-0802-19000,HAPPYMODEL,EX0802,,0802,19000,1.7,02,08,,,,,,,,,,,,,,,,,,,,,,
1257,HAPP-0802-25000,HAPPYMODEL,EX0802,,0802,25000,1.7,02,08,,,,,,,,,,,,,,,,,,,,,,
1258,HAPP-1102-8500,HAPPYMODEL,EX1102,,1102,8500,2.8,02,11,,,,,,,,,,,,,,,,,,,,,,
1259,HAPP-1102-9000,HAPPYMODEL,EX1102,,1102,9000,2.8,02,11,,,,,,,,,,,,,,,,,,,,,,
1260,HAPP-1102-10000,HAPPYMODEL,EX1102,,1102,10000,2.8,02,11,,,,,,,,,,,,,,,,,,,,,,
1261,HAPP-1102-13500,HAPPYMODEL,EX1102,,1102,13500,2.8,02,11,,,,,,,,,,,,,,,,,,,,,,
1262,"HAPP-1102,5-11500",HAPPYMODEL,"EX1102,5",,1102.5,11500,2.8,",5",11,,,,,,,,,,,,,,,,,,,,,,
1263,HAPP-1103-6000,HAPPYMODEL,EX1103S,,1103,6000,3.7,03,11,,,,,,,,,,,,,,,,,,,,,,
1264,HAPP-1103-7000,HAPPYMODEL,EX1103S,,1103,7000,3.7,03,11,,,,,,,,,,,,,,,,,,,,,,
1265,HAPP-1103-8000,HAPPYMODEL,EX1103S,,1103,8000,3.7,03,11,,,,,,,,,,,,,,,,,,,,,,
1266,HAPP-1103-12000,HAPPYMODEL,EX1103S,,1103,12000,3.7,03,11,,,,,,,,,,,,,,,,,,,,,,
1267,HAPP-1105-5200,HAPPYMODEL,EX1105,,1105,5200,5.7,05,11,,,,,,,,,,,,,,,,,,,,,,
1268,"HAPP-1202,5-6400",HAPPYMODEL,"EX1202,5",,1202.5,6400,4.4,",5",12,,,,,,,,,,,,,,,,,,,,,,
1269,"HAPP-1202,5-8000",HAPPYMODEL,"EX1202,5",,1202.5,8000,4.4,",5",12,,,,,,,,,,,,,,,,,,,,,,
1270,"HAPP-1202,5-11000",HAPPYMODEL,"EX1202,5",,1202.5,11000,4.4,",5",12,,,,,,,,,,,,,,,,,,,,,,
1271,HAPP-1203-5500,HAPPYMODEL,EX1203,,1203,5500,4.7,03,12,,,,,,,,,,,,,,,,,,,,,,
1272,HAPP-1203-6200,HAPPYMODEL,EX1203,,1203,6200,4.7,03,12,,,,,,,,,,,,,,,,,,,,,,
1273,HAPP-1204-5000,HAPPYMODEL,EX1204,,1204,5000,5.9,04,12,,,,,,,,,,,,,,,,,,,,,,
1274,HAPP-1204-6500,HAPPYMODEL,EX1204,,1204,6500,5.9,04,12,,,,,,,,,,,,,,,,,,,,,,
1275,HAPP-1404-2750,HAPPYMODEL,EX1404,,1404,2750,8.7,04,14,,,,,,,,,,,,,,,,,,,,,,
1276,HAPP-1404-3500,HAPPYMODEL,EX1404,,1404,3500,8.7,04,14,,,,,,,,,,,,,,,,,,,,,,
1277,HAPP-1404-4800,HAPPYMODEL,EX1404,,1404,4800,8.7,04,14,,,,,,,,,,,,,,,,,,,,,,
1278,HAWK-1107-6500,HAWKSKY,AT1107,,1107,6500,8.02,07,11,,,,,,,,,,,,,,,,,,,,,,
1279,HAWK-1107-7500,HAWKSKY,AT1107,,1107,7500,8.02,07,11,,,,,,,,,,,,,,,,,,,,,,
1280,HAWK-1507-4200,HAWKSKY,AT1507,,1507,4200,8.02,07,15,,,,,,,,,,,,,,,,,,,,,,
1281,HAWK-2207-2400,HAWKSKY,AT2207 II,,2207,2400,31.64,07,22,,,,,,,,,,,,,,,,,,,,,,
1282,HAWK-2207-2600,HAWKSKY,AT2207 II,,2207,2600,31.64,07,22,,,,,,,,,,,,,,,,,,,,,,
1283,HAWK-2306-2550,HAWKSKY,AT2306 II,,2306,2550,32,06,23,,,,,,,,,,,,,,,,,,,,,,
1284,HAWK-2306-2650,HAWKSKY,AT2306 II,,2306,2650,32,06,23,,,,,,,,,,,,,,,,,,,,,,
1285,HAWK-2607-2500,HAWKSKY,AT2607 II,,2607,2500,39.6,07,26,,,,,,,,,,,,,,,,,,,,,,
1286,HAWK-2607-2700,HAWKSKY,AT2607 II,,2607,2700,39.6,07,26,,,,,,,,,,,,,,,,,,,,,,
1287,HGLR-1103-8000,HGLRC,FORWARD 1103,,1103,8000,4,03,11,,,,,,,,,,,,,,,,,,,,,,
1288,HGLR-1103-10000,HGLRC,FORWARD 1103,,1103,10000,3.9,03,11,,,,,,,,,,,,,,,,,,,,,,
1289,HGLR-1106-2400,HGLRC,FD1106,,1106,2400,7.2,06,11,,,,,,,,,,,,,,,,,,,,,,
1290,HGLR-1106-3800,HGLRC,FD1106,,1106,3800,7.2,06,11,,,,,,,,,,,,,,,,,,,,,,
1291,HGLR-1106-6000,HGLRC,FLAME 1106,,1106,6000,6,06,11,,,,,,,,,,,,,,,,,,,,,,
1292,"HGLR-1202,5-5600",HGLRC,"AEOLUS 1202,5",,1202.5,5600,4.6,",5",12,,,,,,,,,,,,,,,,,,,,,,
1293,"HGLR-1202,5-8000",HGLRC,"AEOLUS 1202,5",,1202.5,8000,4.6,",5",12,,,,,,,,,,,,,,,,,,,,,,
1294,"HGLR-1202,5-11600",HGLRC,"AEOLUS 1202,5",,1202.5,11600,4.6,",5",12,,,,,,,,,,,,,,,,,,,,,,
1295,"HGLR-1303,5-2500",HGLRC,"AEOLUS 1303,5",,1303.5,2500,6.5,",5",13,,,,,,,,,,,,,,,,,,,,,,
1296,"HGLR-1303,5-4500",HGLRC,"AEOLUS 1303,5",,1303.5,4500,6.5,",5",13,,,,,,,,,,,,,,,,,,,,,,
1297,HGLR-1404-3600,HGLRC,AEOLUS 1404,,1404,3600,11,04,14,,,,,,,,,,,,,,,,,,,,,,
1298,HGLR-1404-4800,HGLRC,AEOLUS 1404,,1404,4800,11,04,14,,,,,,,,,,,,,,,,,,,,,,
1299,HGLR-1407-3600,HGLRC,FLAME 1407,,1407,3600,14,07,14,,,,,,,,,,,,,,,,,,,,,,
1300,HGLR-1408-2400,HGLRC,FORWARD 1408,,1408,2400,16.7,08,14,,,,,,,,,,,,,,,,,,,,,,
1301,HGLR-1408-3600,HGLRC,FORWARD 1408,,1408,3600,16.7,08,14,,,,,,,,,,,,,,,,,,,,,,
1302,HGLR-2004-1800,HGLRC,AEOLUS 2004,,2004,1800,15.5,04,20,,,,,,,,,,,,,,,,,,,,,,
1303,HGLR-2004-3000,HGLRC,AEOLUS 2004,,2004,3000,15.5,04,20,,,,,,,,,,,,,,,,,,,,,,
1304,HGLR-2306-1600,HGLRC,FORWARD 2306,,2306,1600,32,06,23,,,,,,,,,,,,,,,,,,,,,,
1305,HGLR-2306-2450,HGLRC,FORWARD 2306,,2306,2450,32,06,23,,,,,,,,,,,,,,,,,,,,,,
1306,"HGLR-2306,5-1900",HGLRC,"AEOLUS 2306,5",,2306.5,1900,37,",5",23,,,,,,,,,,,,,,,,,,,,,,
1307,"HGLR-2306,5-2550",HGLRC,"AEOLUS 2306,5",,2306.5,2550,37,",5",23,,,,,,,,,,,,,,,,,,,,,,
1308,"HGLR-2307,5-1750",HGLRC,"AEOLUS 2307,5",,2307.5,1750,33,",5",23,,,,,,,,,,,,,,,,,,,,,,
1309,"HGLR-2307,5-1900",HGLRC,"AEOLUS 2307,5",,2307.5,1900,33,",5",23,,,,,,,,,,,,,,,,,,,,,,
1310,"HGLR-2307,5-1950",HGLRC,"AEOLUS 2307,5",,2307.5,1950,35.8,",5",23,,,,,,,,,,,,,,,,,,,,,,
1311,"HGLR-2307,5-2550",HGLRC,"AEOLUS 2307,5",,2307.5,2550,33,",5",23,,,,,,,,,,,,,,,,,,,,,,
1312,"HGLR-2307,5-2600",HGLRC,"AEOLUS 2307,5",,2307.5,2600,35,",5",23,,,,,,,,,,,,,,,,,,,,,,
1313,HOBB-0703-8000,HOBBYKING,TURNIGY D0703,,0703,8000,1.9,03,07,,,,,,,,,,,,,,,,,,,,,,
1314,HOBB-0703-10000,HOBBYKING,TURNIGY D0703,,0703,10000,1.9,03,07,,,,,,,,,,,,,,,,,,,,,,
1315,HOBB-0703-12000,HOBBYKING,TURNIGY D0703,,0703,12000,1.9,03,07,,,,,,,,,,,,,,,,,,,,,,
1316,HOBB-1222-11000,HOBBYKING,TURNIGY XK1222,,1222,11000,10,22,12,,,,,,,,,,,,,,,,,,,,,,
1317,HOBB-1306-4000,HOBBYKING,TURNIGY D1306,,1306,4000,11.5,06,13,,,,,,,,,,,,,,,,,,,,,,
1318,HOBB-1510-2200,HOBBYKING,LD1510-02-P,,1510,2200,16.5,10,15,,,,,,,,,,,,,,,,,,,,,,
1319,HOBB-1550-900,HOBBYKING,PHAMTOM 1550,,1550,900,,50,15,,,,,,,,,,,,,,,,,,,,,,
1320,HOBB-1712-2290,HOBBYKING,THRUST 1712,,1712,2290,9.2,12,17,,,,,,,,,,,,,,,,,,,,,,
1321,HOBB-1875-850,HOBBYKING,1875 B-17 FLYING FOREST V2,,1875,850,,75,18,,,,,,,,,,,,,,,,,,,,,,
1322,HOBB-2006-2400,HOBBYKING,TURNIGY D2006,,2006,2400,25,06,20,,,,,,,,,,,,,,,,,,,,,,
1323,HOBB-2008-2300,HOBBYKING,TURNIGY D2008,,2008,2300,30.5,08,20,,,,,,,,,,,,,,,,,,,,,,
1324,HOBB-2030-5800,HOBBYKING,BL 2030-16,,2030,5800,49,30,20,,,,,,,,,,,,,,,,,,,,,,
1325,HOBB-2040-4500,HOBBYKING,TURNIGY XK2040,,2040,4500,64,40,20,,,,,,,,,,,,,,,,,,,,,,
1326,HOBB-2040-4800,HOBBYKING,WATERCOOLED 2040SL,,2040,4800,77,40,20,,,,,,,,,,,,,,,,,,,,,,
1327,HOBB-2118-3100,HOBBYKING,TURNIGY AERODRIVE SK3 2118,,2118,3100,17,18,21,,,,,,,,,,,,,,,,,,,,,,
1328,HOBB-2203-1400,HOBBYKING,TURNIGY AX-2203C,,2203,1400,20,03,22,,,,,,,,,,,,,,,,,,,,,,
1329,HOBB-2204-1450,HOBBYKING,TURNIGY AX-2204C,,2204,1450,20,04,22,,,,,,,,,,,,,,,,,,,,,,
1330,HOBB-2205-2300,HOBBYKING,TURNIGY D2205,,2205,2300,28,05,22,,,,,,,,,,,,,,,,,,,,,,
1331,HOBB-2205-2600,HOBBYKING,EMAX RS2205-S,,2205,2600,28.8,05,22,,,,,,,,,,,,,,,,,,,,,,
1332,HOBB-2206-2300,HOBBYKING,TURNIGY D2206,,2206,2300,31,06,22,,,,,,,,,,,,,,,,,,,,,,
1333,HOBB-2206-2600,HOBBYKING,TURNIGY D2206,,2206,2600,31,06,22,,,,,,,,,,,,,,,,,,,,,,
1334,HOBB-2210-1200,HOBBYKING,TURNIGY L2210C,,2210,1200,700,10,22,,,,,,,,,,,,,,,,,,,,,,
1335,HOBB-2210-1230,HOBBYKING,TURNIGY L2210,,2210,1230,50,10,22,,,,,,,,,,,,,,,,,,,,,,
1336,HOBB-2210-1400,HOBBYKING,TURNIGY L2210,,2210,1400,50,10,22,,,,,,,,,,,,,,,,,,,,,,
1337,HOBB-2210-1650,HOBBYKING,TURNIGY L2210,,2210,1650,50,10,22,,,,,,,,,,,,,,,,,,,,,,
1338,HOBB-2212-1400,HOBBYKING,VOLANTEX RANGER 2212,,2212,1400,,12,22,,,,,,,,,,,,,,,,,,,,,,
1339,HOBB-2217-1050,HOBBYKING,TURNIGY 2217,,2217,1050,73,17,22,,,,,,,,,,,,,,,,,,,,,,
1340,HOBB-2217-1200,HOBBYKING,DURAFLY BREWSTER F2A BUFFALO D2217,,2217,1200,,17,22,,,,,,,,,,,,,,,,,,,,,,
1341,HOBB-2226-3000,HOBBYKING,TURNIGY 2226,,2226,3000,98,26,22,,,,,,,,,,,,,,,,,,,,,,
1342,HOBB-2306-2000,HOBBYKING,AX 2306N,,2306,2000,37,06,23,,,,,,,,,,,,,,,,,,,,,,
1343,HOBB-2308-1100,HOBBYKING,AX 2308N,,2308,1100,44,08,23,,,,,,,,,,,,,,,,,,,,,,
1344,HOBB-2308-1800,HOBBYKING,AX 2308N,,2308,1800,44,08,23,,,,,,,,,,,,,,,,,,,,,,
1345,HOBB-2430-1400,HOBBYKING,BIX3 TRAINER 2630,,2430,1400,,30,24,,,,,,,,,,,,,,,,,,,,,,
1346,HOBB-2430-5300,HOBBYKING,TURNIGY XK2430,,2430,5300,52,30,24,,,,,,,,,,,,,,,,,,,,,,
1347,HOBB-2430-9200,HOBBYKING,TURNIGY XK2430,,2430,9200,52,30,24,,,,,,,,,,,,,,,,,,,,,,
1348,HOBB-2435-4900,HOBBYKING,TURNIGY XK2435,,2435,4900,55,35,24,,,,,,,,,,,,,,,,,,,,,,
1349,HOBB-2445-4700,HOBBYKING,TURNIGY XK2445,,2445,4700,75,45,24,,,,,,,,,,,,,,,,,,,,,,
1350,HOBB-2610-4500,HOBBYKING,TURNIGY 2610 EDF,,2610,4500,54,10,26,,,,,,,,,,,,,,,,,,,,,,
1351,HOBB-2627-1000,HOBBYKING,AVIOS C-130 2627,,2627,1000,,27,26,,,,,,,,,,,,,,,,,,,,,,
1352,HOBB-2627-1500,HOBBYKING,AVRO LANDCASTER V3 DUMBO 2627,,2627,1500,,27,26,,,,,,,,,,,,,,,,,,,,,,
1353,HOBB-2630-1000,HOBBYKING,SUPER KINETIC 2630,,2630,1000,74,30,26,,,,,,,,,,,,,,,,,,,,,,
1354,HOBB-2805-1600,HOBBYKING,CF 2805,,2805,1600,26,05,28,,,,,,,,,,,,,,,,,,,,,,
1355,HOBB-2805-2840,HOBBYKING,FC 2805,,2805,2840,26,05,28,,,,,,,,,,,,,,,,,,,,,,
1356,HOBB-2810-750,HOBBYKING,ACK-2810CQ,,2810,750,75,10,28,,,,,,,,,,,,,,,,,,,,,,
1357,HOBB-2812-1534,HOBBYKING,FC 2812,,2812,1534,39,12,28,,,,,,,,,,,,,,,,,,,,,,
1358,HOBB-2815-2700,HOBBYKING,TURNIGY L2815H,,2815,2700,66,15,28,,,,,,,,,,,,,,,,,,,,,,
1359,HOBB-2815-4000,HOBBYKING,TURNIGY 2815 EDF,,2815,4000,74,15,28,,,,,,,,,,,,,,,,,,,,,,
1360,HOBB-2816-1350,HOBBYKING,TURNIGY LD2816A,,2816,1350,245,16,28,,,,,,,,,,,,,,,,,,,,,,
1361,HOBB-2822-1200,HOBBYKING,FC 2822,,2822,1200,39,22,28,,,,,,,,,,,,,,,,,,,,,,
1362,HOBB-2822-1275,HOBBYKING,TURNIGY AERODRIVE SK3 2822,,2822,1275,32,22,28,,,,,,,,,,,,,,,,,,,,,,
1363,HOBB-2822-1740,HOBBYKING,TURNIGY AERODRIVE SK3 2822,,2822,1740,32,22,28,,,,,,,,,,,,,,,,,,,,,,
1364,HOBB-2826-980,HOBBYKING,TURNIGY AERODRIVE SK3 2826,,2826,980,44,26,28,,,,,,,,,,,,,,,,,,,,,,
1365,HOBB-2826-1000,HOBBYKING,PROPDRIVE V2 2826,,2826,1000,81,26,28,,,,,,,,,,,,,,,,,,,,,,
1366,HOBB-2826-1100,HOBBYKING,PROPDRIVE V2 2826,,2826,1100,81,26,28,,,,,,,,,,,,,,,,,,,,,,
1367,HOBB-2826-1130,HOBBYKING,TURNIGY AERODRIVE SK3 2826,,2826,1130,44,26,28,,,,,,,,,,,,,,,,,,,,,,
1368,HOBB-2826-1240,HOBBYKING,TURNIGY AERODRIVE SK3 2826,,2826,1240,44,26,28,,,,,,,,,,,,,,,,,,,,,,
1369,HOBB-2826-1350,HOBBYKING,PROPDRIVE V2 2826,,2826,1350,81,26,28,,,,,,,,,,,,,,,,,,,,,,
1370,HOBB-2826-1500,HOBBYKING,TURNIGY AERODRIVE SK3 2826,,2826,1500,44,26,28,,,,,,,,,,,,,,,,,,,,,,
1371,HOBB-2826-2000,HOBBYKING,TURNIGY D2826,,2826,2000,50,26,28,,,,,,,,,,,,,,,,,,,,,,
1372,HOBB-2830-800,HOBBYKING,PROPDRIVE V2 2830,,2830,800,65,30,28,,,,,,,,,,,,,,,,,,,,,,
1373,HOBB-2830-900,HOBBYKING,TURNIGY 2830 L2215J,,2830,900,61,30,28,,,,,,,,,,,,,,,,,,,,,,
1374,HOBB-2830-920,HOBBYKING,TURNIGY AERODRIVE SK3 2830,,2830,920,58,30,28,,,,,,,,,,,,,,,,,,,,,,
1375,HOBB-2830-1000,HOBBYKING,PROPDRIVE V2 2830,,2830,1000,65,30,28,,,,,,,,,,,,,,,,,,,,,,
1376,HOBB-2830-1020,HOBBYKING,TURNIGY AERODRIVE SK3 2830,,2830,1020,58,30,28,,,,,,,,,,,,,,,,,,,,,,
1377,HOBB-2830-1100,HOBBYKING,TURNIGY D2830,,2830,1100,52,30,28,,,,,,,,,,,,,,,,,,,,,,
1378,HOBB-2830-1130,HOBBYKING,TURNIGY AERODRIVE SK3 2830,,2830,1130,58,30,28,,,,,,,,,,,,,,,,,,,,,,
1379,HOBB-2830-1200,HOBBYKING,PROPDRIVE V2 2830,,2830,1200,65,30,28,,,,,,,,,,,,,,,,,,,,,,
1380,HOBB-2836-1000,HOBBYKING,PROPDRIVE V2 2836,,2836,1000,82,36,28,,,,,,,,,,,,,,,,,,,,,,
1381,HOBB-2836-1040,HOBBYKING,TURNIGY AERODRIVE SK3 2836,,2836,1040,80,36,28,,,,,,,,,,,,,,,,,,,,,,
1382,HOBB-2836-1200,HOBBYKING,PORPDRIVE V2 2836,,2836,1200,81,36,28,,,,,,,,,,,,,,,,,,,,,,
1383,HOBB-2836-1400,HOBBYKING,PROPDRIVE V2 2836,,2836,1400,82,36,28,,,,,,,,,,,,,,,,,,,,,,
1384,HOBB-2836-1500,HOBBYKING,TURNIGY AERODRIVE SK3 2836,,2836,1500,80,36,28,,,,,,,,,,,,,,,,,,,,,,
1385,HOBB-2836-1800,HOBBYKING,PROPDRIVE V2 2836,,2836,1800,82,36,28,,,,,,,,,,,,,,,,,,,,,,
1386,HOBB-2836-2200,HOBBYKING,PROPDRIVE V2 2836,,2836,2200,82,36,28,,,,,,,,,,,,,,,,,,,,,,
1387,HOBB-2836-2300,HOBBYKING,PROPDRIVE V2 2836,,2836,2300,82,36,28,,,,,,,,,,,,,,,,,,,,,,
1388,HOBB-2836-2500,HOBBYKING,TURNIGY AERODRIVE SK3 2836,,2836,2500,80,36,28,,,,,,,,,,,,,,,,,,,,,,
1389,HOBB-2836-2700,HOBBYKING,PROPDRIVE V2 2836,,2836,2700,82,36,28,,,,,,,,,,,,,,,,,,,,,,
1390,HOBB-2836-3000,HOBBYKING,PROPDRIVE V2 2836,,2836,3000,82,36,28,,,,,,,,,,,,,,,,,,,,,,
1391,HOBB-2837-3200,HOBBYKING,TRACKSTAR 380,V1,2837,3200,86,37,28,51.5,28,3.17,36,Ecrou,Non,4 Vis,16/19,3S,11.1V,30MM,,,Voitures,47,,,,,,,
1392,HOBB-2837-3800,HOBBYKING,TRACKSTAR 380,V1,2837,3800,86,37,28,51.5,28,3.17,36,Ecrou,Non,4 Vis,16/19,3S,11.1V,30MM,,,Voitures,29,,,,,,,
1393,HOBB-2837-4400,HOBBYKING,TRACKSTAR 380,V1,2837,4400,86,37,28,51.5,28,3.17,36,Ecrou,Non,4 Vis,16/19,3S,11.1V,30MM,,,Voitures,28,,,,,,,
1394,HOBB-2838-3600,HOBBYKING,SURPASS 2838,,2838,3600,95,38,28,,,,,,,,,,,,,,,,,,,,,,
1395,HOBB-2840-1800,HOBBYKING,TURNIGY LD2840A,,2840,1800,92,40,28,,,,,,,,,,,,,,,,,,,,,,
1396,HOBB-2842-2800,HOBBYKING,TURNIGY AQUASTAR 2842,,2842,2800,138,42,28,,,,,,,,,,,,,,,,,,,,,,
1397,HOBB-2845-1980,HOBBYKING,TURNIGY XK2845,,2845,1980,125,45,28,,,,,,,,,,,,,,,,,,,,,,
1398,HOBB-2845-2750,HOBBYKING,TURNIGY XK2845,,2845,2750,125,45,28,,,,,,,,,,,,,,,,,,,,,,
1399,HOBB-2845-3100,HOBBYKING,SURPASS 2845,,2845,3100,125,45,28,,,,,,,,,,,,,,,,,,,,,,
1400,HOBB-2845-3650,HOBBYKING,TURNIGY XK2845,,2845,3650,125,45,28,,,,,,,,,,,,,,,,,,,,,,
1401,HOBB-2848-3900,HOBBYKING,WATERCOOLED 2848L,,2848,3900,138,48,28,,,,,,,,,,,,,,,,,,,,,,
1402,HOBB-2850-3580,HOBBYKING,TURNIGY XK2850,,2850,3580,120,50,28,,,,,,,,,,,,,,,,,,,,,,
1403,HOBB-2855-2800,HOBBYKING,TURNIGY L2855,,2855,2800,97,55,28,,,,,,,,,,,,,,,,,,,,,,
1404,HOBB-2858-2900,HOBBYKING,TURNIGY XK2858,,2858,2900,160,58,28,,,,,,,,,,,,,,,,,,,,,,
1405,HOBB-2860-2730,HOBBYKING,TURNIGY XK2860,,2860,2730,165,60,28,,,,,,,,,,,,,,,,,,,,,,
1406,HOBB-2950-3300,HOBBYKING,DR MAD THRUST 2950,,2950,3300,138,50,29,,,,,,,,,,,,,,,,,,,,,,
1407,HOBB-3010-1300,HOBBYKING,TURNIGY LB3010B,,3010,1300,1650,10,30,,,,,,,,,,,,,,,,,,,,,,
1408,HOBB-3020-600,HOBBYKING,TURNIGY L3020B,,3020,600,1520,20,30,,,,,,,,,,,,,,,,,,,,,,
1409,HOBB-3508-580,HOBBYKING,TURNIGY MULTISTAR 3508,,3508,580,102,08,35,,,,,,,,,,,,,,,,,,,,,,
1410,HOBB-3530-1150,HOBBYKING,TURNIGY AERODRIVE SK3 3530,,3530,1150,75,30,35,,,,,,,,,,,,,,,,,,,,,,
1411,HOBB-3530-1340,HOBBYKING,TURNIGY AERODRIVE SK3 3530,,3530,1340,75,30,35,,,,,,,,,,,,,,,,,,,,,,
1412,HOBB-3530-1400,HOBBYKING,PROPDRIVE V2 3530,,3530,1400,90,30,35,,,,,,,,,,,,,,,,,,,,,,
1413,HOBB-3530-1460,HOBBYKING,TURNIGY AERODRIVE SK3 3530,,3530,1460,75,30,35,,,,,,,,,,,,,,,,,,,,,,
1414,HOBB-3536-750,HOBBYKING,DURAFLY T-28 TROJAN V2 D3536,,3536,750,,36,35,,,,,,,,,,,,,,,,,,,,,,
1415,HOBB-3536-850,HOBBYKING,AVIOS BUSHMULE AEROSTAR 3536,,3536,850,107,36,35,,,,,,,,,,,,,,,,,,,,,,
1416,HOBB-3536-910,HOBBYKING,PROPDRIVE V2 3536,,3536,910,88,36,35,,,,,,,,,,,,,,,,,,,,,,
1417,HOBB-3536-1050,HOBBYKING,TURNIGY AERODRIVE SK3 3536,,3536,1050,111,36,35,,,,,,,,,,,,,,,,,,,,,,
1418,HOBB-3536-1200,HOBBYKING,TURNIGY AERODRIVE SK3 3536,,3536,1200,111,36,35,,,,,,,,,,,,,,,,,,,,,,
1419,HOBB-3536-1400,HOBBYKING,PROPDRIVE V2 3536,,3536,1400,88,36,35,,,,,,,,,,,,,,,,,,,,,,
1420,HOBB-3536-1780,HOBBYKING,DURAFLY EFXTRA 3536,,3536,1780,,36,35,,,,,,,,,,,,,,,,,,,,,,
1421,HOBB-3536-1800,HOBBYKING,PROPDRIVE V2 3536,,3536,1800,88,36,35,,,,,,,,,,,,,,,,,,,,,,
1422,HOBB-3542-800,HOBBYKING,DURAFLY EXALIBUR AEROSTAR 3542,,3542,800,174,42,35,,,,,,,,,,,,,,,,,,,,,,
1423,HOBB-3542-1000,HOBBYKING,PROPDRIVE V2 3542,,3542,1000,156,42,35,,,,,,,,,,,,,,,,,,,,,,
1424,HOBB-3542-1185,HOBBYKING,TURNIGY AERODRIVE SK3 3542,,3542,1185,141,42,35,,,,,,,,,,,,,,,,,,,,,,
1425,HOBB-3542-1250,HOBBYKING,PROPDRIVE V2 3542,,3542,1250,156,42,35,,,,,,,,,,,,,,,,,,,,,,
1426,HOBB-3548-700,HOBBYKING,TURNIGY AERODRIVE SK3 3548,,3548,700,174,48,35,,,,,,,,,,,,,,,,,,,,,,
1427,HOBB-3548-840,HOBBYKING,TURNIGY AERODRIVE SK3 3548,,3548,840,174,48,35,,,,,,,,,,,,,,,,,,,,,,
1428,HOBB-3548-900,HOBBYKING,PROPDRIVE V2 3548,,3548,900,178,48,35,,,,,,,,,,,,,,,,,,,,,,
1429,HOBB-3548-1050,HOBBYKING,TURNIGY AERODRIVE SK3 3548,,3548,1050,174,48,35,,,,,,,,,,,,,,,,,,,,,,
1430,HOBB-3548-1100,HOBBYKING,PROPDRIVE V2 3548,,3548,1100,178,48,35,,,,,,,,,,,,,,,,,,,,,,
1431,HOBB-3636-900,HOBBYKING,DURAFLY TUNDRA 3636,,3636,900,,36,36,,,,,,,,,,,,,,,,,,,,,,
1432,HOBB-3636-1000,HOBBYKING,KEDA 3636,,3636,1000,115,36,36,,,,,,,,,,,,,,,,,,,,,,
1433,HOBB-3648-700,HOBBYKING,J3 NAVY CUB D3648,,3648,700,190,48,36,,,,,,,,,,,,,,,,,,,,,,
1434,HOBB-3650-3050,HOBBYKING,TURNIGY XK3650,,3650,3050,160,50,36,,,,,,,,,,,,,,,,,,,,,,
1435,HOBB-3650-3200,HOBBYKING,TURNIGY XK3650,,3650,3200,160,50,36,,,,,,,,,,,,,,,,,,,,,,
1436,HOBB-3650-3500,HOBBYKING,TURNIGY AQUASTAR 3650,,3650,3500,234,50,36,,,,,,,,,,,,,,,,,,,,,,
1437,HOBB-3650-3650,HOBBYKING,TURNIGY XK3650,,3650,3650,160,50,36,,,,,,,,,,,,,,,,,,,,,,
1438,HOBB-3650-3900,HOBBYKING,TURNIGY XK3650,,3650,3900,160,50,36,,,,,,,,,,,,,,,,,,,,,,
1439,HOBB-3650-4450,HOBBYKING,TURNIGY XK3650,,3650,4450,160,50,36,,,,,,,,,,,,,,,,,,,,,,
1440,HOBB-3650-4850,HOBBYKING,TURNIGY XK3650,,3650,4850,160,50,36,,,,,,,,,,,,,,,,,,,,,,
1441,HOBB-3650-5400,HOBBYKING,TURNIGY XK3650,,3650,5400,160,50,36,,,,,,,,,,,,,,,,,,,,,,
1442,HOBB-3650-10500,HOBBYKING,TURNIGY XK3650,,3650,10500,160,50,36,,,,,,,,,,,,,,,,,,,,,,
1443,HOBB-3659-1900,HOBBYKING,TURNIGY SK3 FANDRIVE 3659 EDF,,3659,1900,252,59,36,,,,,,,,,,,,,,,,,,,,,,
1444,HOBB-3660-1460,HOBBYKING,TURNIGY AQUASTAR 3660,,3660,1460,270,60,36,,,,,,,,,,,,,,,,,,,,,,
1445,HOBB-3660-1700,HOBBYKING,TURNIGY AQUASTAR 3660,,3660,1700,270,60,36,,,,,,,,,,,,,,,,,,,,,,
1446,HOBB-3660-3180,HOBBYKING,WATERCOOLED 3660L,,3660,3180,270,60,36,,,,,,,,,,,,,,,,,,,,,,
1447,HOBB-3665-2100,HOBBYKING,TURNIGY XK3665,,3665,2100,275,65,36,,,,,,,,,,,,,,,,,,,,,,
1448,HOBB-3665-2300,HOBBYKING,TURNIGY XK3665,,3665,2300,275,65,36,,,,,,,,,,,,,,,,,,,,,,
1449,HOBB-3665-2680,HOBBYKING,TURNIGY XK3665,,3665,2680,275,65,36,,,,,,,,,,,,,,,,,,,,,,
1450,HOBB-3665-3190,HOBBYKING,TURNIGY XK-3665,,3665,3190,275,65,36,,,,,,,,,,,,,,,,,,,,,,
1451,HOBB-3674-1400,HOBBYKING,TURNIGY XK3674,,3674,1400,310,74,36,,,,,,,,,,,,,,,,,,,,,,
1452,HOBB-3674-1650,HOBBYKING,TURNIGY XK3674,,3674,1650,310,74,36,,,,,,,,,,,,,,,,,,,,,,
1453,HOBB-3674-1900,HOBBYKING,TURNIGY XK3674,,3674,1900,310,74,36,,,,,,,,,,,,,,,,,,,,,,
1454,HOBB-3674-2200,HOBBYKING,TURNIGY XK3674,,3674,2200,310,74,36,,,,,,,,,,,,,,,,,,,,,,
1455,HOBB-3720-1500,HOBBYKING,TURNIGY AQUASTAR 3720,,3720,1500,220,20,37,,,,,,,,,,,,,,,,,,,,,,
1456,HOBB-3730-1000,HOBBYKING,TURNIGY AIR 3730,,3730,1000,1700,30,37,,,,,,,,,,,,,,,,,,,,,,
1457,HOBB-3736-770,HOBBYKING,DURAFLY SPITFIRE 3736,,3736,770,,36,37,,,,,,,,,,,,,,,,,,,,,,
1458,HOBB-3974-2200,HOBBYKING,TURNIGY AQUASTAR 3974,,3974,2200,415,74,39,,,,,,,,,,,,,,,,,,,,,,
1459,HOBB-4074-2000,HOBBYKING,TURNIGY XK-4074,,4074,2000,380,74,40,,,,,,,,,,,,,,,,,,,,,,
1460,HOBB-4084-620,HOBBYKING,TURNIGY AQUASTAR 4084,,4084,620,508,84,40,,,,,,,,,,,,,,,,,,,,,,
1461,HOBB-4084-1050,HOBBYKING,TURNIGY AQUASTAR 4084,,4084,1050,508,84,40,,,,,,,,,,,,,,,,,,,,,,
1462,HOBB-4220-650,HOBBYKING,TURNIGY MULTISTAR 4220,,4220,650,65,20,42,,,,,,,,,,,,,,,,,,,,,,
1463,HOBB-4220-880,HOBBYKING,TURNIGY MULTISTAR 4220,,4220,880,65,20,42,,,,,,,,,,,,,,,,,,,,,,
1464,HOBB-4225-390,HOBBYKING,TURNIGY MULTISTAR 4225,,4225,390,86,25,42,,,,,,,,,,,,,,,,,,,,,,
1465,HOBB-4225-610,HOBBYKING,TURNIGY MULTISTAR 4225,,4225,610,86,25,42,,,,,,,,,,,,,,,,,,,,,,
1466,HOBB-4238-750,HOBBYKING,PROPDRIVE V2 4238,,4238,750,156,38,42,,,,,,,,,,,,,,,,,,,,,,
1467,HOBB-4240-530,HOBBYKING,TURNIGY AERODRIVE SK3 4240,,4240,530,194,40,42,,,,,,,,,,,,,,,,,,,,,,
1468,HOBB-4240-620,HOBBYKING,TURNIGY AERODRIVE SK3 4240,,4240,620,194,40,42,,,,,,,,,,,,,,,,,,,,,,
1469,HOBB-4240-740,HOBBYKING,TURNIGY AERODRIVE SK3 4240,,4240,740,194,40,42,,,,,,,,,,,,,,,,,,,,,,
1470,HOBB-4248-650,HOBBYKING,PROPDRIVE V2 4248,,4248,650,156,48,42,,,,,,,,,,,,,,,,,,,,,,
1471,HOBB-4250-350,HOBBYKING,TURNIGY AERODRIVE SK3 4250,,4250,350,260,50,42,,,,,,,,,,,,,,,,,,,,,,
1472,HOBB-4250-410,HOBBYKING,TURNIGY AERODRIVE SK3 4250,,4250,410,260,50,42,,,,,,,,,,,,,,,,,,,,,,
1473,HOBB-4250-500,HOBBYKING,TURNIGY AERODRIVE SK3 4250,,4250,500,260,50,42,,,,,,,,,,,,,,,,,,,,,,
1474,HOBB-4258-500,HOBBYKING,PROPDRIVE V2 4258,,4258,500,300,58,42,,,,,,,,,,,,,,,,,,,,,,
1475,"HOBB-4363,4-1900",HOBBYKING,"TURNIGY 4363,4",,4363.4,1900,,",4",43,,,,,,,,,,,,,,,,,,,,,,
1476,HOBB-4465-1520,HOBBYKING,KB 4465,,4465,1520,427.5,65,44,,,,,,,,,,,,,,,,,,,,,,
1477,HOBB-4465-1650,HOBBYKING,KB 4465,,4465,1650,427.5,65,44,,,,,,,,,,,,,,,,,,,,,,
1478,HOBB-5035-125,HOBBYKING,TURNIGY D5035,,5035,125,745,35,50,,,,,,,,,,,,,,,,,,,,,,
1479,HOBB-5045-450,HOBBYKING,TURNIGY AERODRIVE SK3 5045,,5045,450,280,45,50,,,,,,,,,,,,,,,,,,,,,,
1480,HOBB-5045-500,HOBBYKING,AVIOS GRAND TUNDRA SK3 5045,,5045,500,,45,50,,,,,,,,,,,,,,,,,,,,,,
1481,HOBB-5045-660,HOBBYKING,TURNIGY AERODRIVE SK3 5045,,5045,660,280,45,50,,,,,,,,,,,,,,,,,,,,,,
1482,HOBB-5050-580,HOBBYKING,PROPDRIVE V2 5050,,5050,580,331,50,50,,,,,,,,,,,,,,,,,,,,,,
1483,HOBB-5055-280,HOBBYKING,TURNIGY AERODRIVE SK3 5055,,5055,280,369,55,50,,,,,,,,,,,,,,,,,,,,,,
1484,HOBB-5055-320,HOBBYKING,TURNIGY AERODRIVE SK3 5055,,5055,320,369,55,50,,,,,,,,,,,,,,,,,,,,,,
1485,HOBB-5055-380,HOBBYKING,TURNIGY AERODRIVE SK3 5055,,5055,380,369,55,50,,,,,,,,,,,,,,,,,,,,,,
1486,HOBB-5055-430,HOBBYKING,TURNIGY AERODRIVE SK3 5055,,5055,430,369,55,50,,,,,,,,,,,,,,,,,,,,,,
1487,HOBB-5055-600,HOBBYKING,TURNIGY L5055B,,5055,600,296,55,50,,,,,,,,,,,,,,,,,,,,,,
1488,HOBB-5060-270,HOBBYKING,PROPDRIVE V2 5060,,5060,270,438,60,50,,,,,,,,,,,,,,,,,,,,,,
1489,HOBB-5060-380,HOBBYKING,PROPDRIVE V2 5060,,5060,380,438,60,50,,,,,,,,,,,,,,,,,,,,,,
1490,HOBB-5065-236,HOBBYKING,TURNIGY AERODRIVE SK3 5065,,5065,236,531,65,50,,,,,,,,,,,,,,,,,,,,,,
1491,HOBB-5065-275,HOBBYKING,TURNIGY AERODRIVE SK3 5065,,5065,275,531,65,50,,,,,,,,,,,,,,,,,,,,,,
1492,HOBB-5065-320,HOBBYKING,TURNIGY AERODRIVE SK3 5065,,5065,320,531,65,50,,,,,,,,,,,,,,,,,,,,,,
1493,HOBB-6354-140,HOBBYKING,TURNIGY SK8 6354,,6354,140,630,54,63,,,,,,,,,,,,,,,,,,,,,,
1494,HOBB-6354-200,HOBBYKING,TURNIGY SK8 6354,,6354,200,630,54,63,,,,,,,,,,,,,,,,,,,,,,
1495,HOBB-6354-260,HOBBYKING,TURNIGY AERODRIVE SK3 6354,,6354,260,485,54,63,,,,,,,,,,,,,,,,,,,,,,
1496,HOBB-6364-110,HOBBYKING,TURNIGY SK8 6364,,6364,110,780,64,63,,,,,,,,,,,,,,,,,,,,,,
1497,HOBB-6364-190,HOBBYKING,TURNIGY AERODRIVE SK3 6364,,6364,190,485,64,63,,,,,,,,,,,,,,,,,,,,,,
1498,HOBB-6364-213,HOBBYKING,TURNIGY AERODRIVE SK3 6364,,6364,213,485,64,63,,,,,,,,,,,,,,,,,,,,,,
1499,HOBB-6374-130,HOBBYKING,TURNIGY SK8 6374,,6374,130,937,74,63,,,,,,,,,,,,,,,,,,,,,,
1500,HOBB-6374-149,HOBBYKING,TURNIGY AERODRIVE SK3 6374,,6374,149,840,74,63,,,,,,,,,,,,,,,,,,,,,,
1501,HOBB-6374-192,HOBBYKING,TURNIGY AERODRIVE SK3 6374,,6374,192,840,74,63,,,,,,,,,,,,,,,,,,,,,,
1502,HOBB-9225-90,HOBBYKING,TURNIGY MULTISTAR 9225,,9225,90,329,25,92,,,,,,,,,,,,,,,,,,,,,,
1503,HOBB-9225-160,HOBBYKING,TURNIGY MULTISTAR 9225,,9225,160,329,25,92,,,,,,,,,,,,,,,,,,,,,,
1504,HOBB-9235-100,HOBBYKING,TURNIGY MULTISTAR 9235,,9235,100,674,35,92,,,,,,,,,,,,,,,,,,,,,,
1505,HOBB--150,HOBBYKING,TURNIGY CA120,,,150,2730,,,,,,,,,,,,,,,,,,,,,,,,
1506,HOBB--160,HOBBYKING,TURNIGY CA80,,,160,1545,,,,,,,,,,,,,,,,,,,,,,,,
1507,HOBB--167,HOBBYKING,TURNIGY ROTOMAX,,,167,2530,,,,,,,,,,,,,,,,,,,,,,,,
1508,HOBB--172,HOBBYKING,TURNIGY ROTOMAX,,,172,2530,,,,,,,,,,,,,,,,,,,,,,,,
1509,HOBB--231,HOBBYKING,TURNIGY ROTOMAX,,,231,2530,,,,,,,,,,,,,,,,,,,,,,,,
1510,HOBB--245,HOBBYKING,TURNIGY AERODRIVE SK3,,,245,269,,,,,,,,,,,,,,,,,,,,,,,,
1511,HOBB--280,HOBBYKING,TURNIGY ROTOMAX,,,280,2530,,,,,,,,,,,,,,,,,,,,,,,,
1512,HOBB--290,HOBBYKING,TURNIGY G160,,,290,649,,,,,,,,,,,,,,,,,,,,,,,,
1513,HOBB--600,HOBBYKING,TURNIGY G32,,,600,202,,,,,,,,,,,,,,,,,,,,,,,,
1514,HOBB--620,HOBBYKING,TURNIGY HOTLINER DT38,,,620,365,,,,,,,,,,,,,,,,,,,,,,,,
1515,HOBB--730,HOBBYKING,TURNIGY AQUASTAR,,,730,971,,,,,,,,,,,,,,,,,,,,,,,,
1516,HOBB--800,HOBBYKING,DURAFLY AUTO-G GYROCOPTER,,,800,,,,,,,,,,,,,,,,,,,,,,,,,
1517,HOBB--870,HOBBYKING,TURNIGY G25,,,870,193,,,,,,,,,,,,,,,,,,,,,,,,
1518,HOBB--880,HOBBYKING,TURNIGY T600,,,880,363,,,,,,,,,,,,,,,,,,,,,,,,
1519,HOBB--1250,HOBBYKING,DR MAD THRUST EDF,,,1250,440,,,,,,,,,,,,,,,,,,,,,,,,
1520,HOBB--1280,HOBBYKING,TURNIGY AQUASTAR,,,1280,971,,,,,,,,,,,,,,,,,,,,,,,,
1521,HOBB--1300,HOBBYKING,DURAFLY BONANZA,,,1300,,,,,,,,,,,,,,,,,,,,,,,,,
1522,HOBB--1500,HOBBYKING,TUNRNIGY SK3 FANDRIVE EDF,,,1500,249,,,,,,,,,,,,,,,,,,,,,,,,
1523,HOBB--1600,HOBBYKING,ASSAULT 500 SERIES,,,1600,230,,,,,,,,,,,,,,,,,,,,,,,,
1524,HOBB--1855,HOBBYKING,TRACKSTAR ROAR,,,1855,177,,,,,,,,,,,,,,,,,,,,,,,,
1525,HOBB--1900,HOBBYKING,TURNIGY TRACKSTAR,,,1900,180,,,,,,,,,,,,,,,,,,,,,,,,
1526,HOBB--2025,HOBBYKING,TRACKSTAR,,,2025,174,,,,,,,,,,,,,,,,,,,,,,,,
1527,HOBB--2100,HOBBYKING,TURNIGY,,,2100,52,,,,,,,,,,,,,,,,,,,,,,,,
1528,HOBB--2200,HOBBYKING,DURAFLY ME-163,,,2200,,,,,,,,,,,,,,,,,,,,,,,,,
1529,HOBB--2250,HOBBYKING,SURPASS HOBBY 3674,,,2250,305,,,,,,,,,,,,,,,,,,,,,,,,
1530,HOBB--2270,HOBBYKING,TRACKSTAR ROAR,,,2270,177,,,,,,,,,,,,,,,,,,,,,,,,
1531,HOBB--2300,HOBBYKING,DR MAD THRUST,,,2300,256,,,,,,,,,,,,,,,,,,,,,,,,
1532,HOBB--2400,HOBBYKING,TURNIGY TRACKSTAR,,,2400,180,,,,,,,,,,,,,,,,,,,,,,,,
1533,HOBB--2600,HOBBYKING,SURPASS HOBBY 3660,,,2600,195,,,,,,,,,,,,,,,,,,,,,,,,
1534,HOBB--3000,HOBBYKING,AP05,,,3000,5.4,,,,,,,,,,,,,,,,,,,,,,,,
1535,HOBB--3040,HOBBYKING,TRACKSTAR ROAR,,,3040,177,,,,,,,,,,,,,,,,,,,,,,,,
1536,HOBB--3300,HOBBYKING,"DURAFLY D,H,100 VAMPIRE V2 EDF",,,3300,95,,,,,,,,,,,,,,,,,,,,,,,,
1537,HOBB--3520,HOBBYKING,TURNIGY TRACKSTAR,,,3520,180,,,,,,,,,,,,,,,,,,,,,,,,
1538,HOBB--3600,HOBBYKING,TURNIGY 250 SERIES,,,3600,37,,,,,,,,,,,,,,,,,,,,,,,,
1539,HOBB--3750,HOBBYKING,TURNIGY TRACKSTAR,,,3750,180,,,,,,,,,,,,,,,,,,,,,,,,
1540,HOBB--3800,HOBBYKING,ASSAULT 450 SERIES,,,3800,80,,,,,,,,,,,,,,,,,,,,,,,,
1541,HOBB--3900,HOBBYKING,DR MAD THRUST EDF,,,3900,440,,,,,,,,,,,,,,,,,,,,,,,,
1542,HOBB--4000,HOBBYKING,AP-03,,,4000,3.1,,,,,,,,,,,,,,,,,,,,,,,,
1543,HOBB--4120,HOBBYKING,TURNIGY TRACKSTAR,,,4120,180,,,,,,,,,,,,,,,,,,,,,,,,
1544,HOBB--4150,HOBBYKING,TURNIGY TRACKSTAR,,,4150,180,,,,,,,,,,,,,,,,,,,,,,,,
1545,HOBB--4620,HOBBYKING,TURNIGY TRACKSTAR,,,4620,180,,,,,,,,,,,,,,,,,,,,,,,,
1546,HOBB--4800,HOBBYKING,SURPASS HOBBY 2435,,,4800,59,,,,,,,,,,,,,,,,,,,,,,,,
1547,HOBB--5135,HOBBYKING,TURNIGY TRACKSTAR,,,5135,180,,,,,,,,,,,,,,,,,,,,,,,,
1548,HOBB--5200,HOBBYKING,TURNIGY TRACKSTAR,,,5200,180,,,,,,,,,,,,,,,,,,,,,,,,
1549,HOBB--7000,HOBBYKING,AP-03,,,7000,3.1,,,,,,,,,,,,,,,,,,,,,,,,
1550,HOBB--8000,HOBBYKING,DR MAD THRUST EDF,,,8000,440,,,,,,,,,,,,,,,,,,,,,,,,
1551,HOBB--2900,HOBBYWING,"D10 13,5",,,2900,165,,,,,,,,,,,,,,,,,,,,,,,,
1552,HOMF-1104-6500,HOMFPV,1104,,1104,6500,5.8,04,11,,,,,,,,,,,,,,,,,,,,,,
1553,HOMF-1404-2900,HOMFPV,1404,,1404,2900,9,04,14,,,,,,,,,,,,,,,,,,,,,,
1554,HOMF-1404-4500,HOMFPV,1404,,1404,4500,9,04,14,,,,,,,,,,,,,,,,,,,,,,
1555,IFLI-0802-15000,IFLIGHT,XING NANO X0802,,0802,15000,2.2,02,08,,,,,,,,,,,,,,,,,,,,,,
1556,IFLI-0802-17000,IFLIGHT,XING NANO X0802,,0802,17000,2.2,02,08,,,,,,,,,,,,,,,,,,,,,,
1557,IFLI-0802-22000,IFLIGHT,XING NANO X0802,,0802,22000,2.2,02,08,,,,,,,,,,,,,,,,,,,,,,
1558,IFLI-1103-8000,IFLIGHT,XING-E 1103,,1103,8000,3.8,03,11,,,,,,,,,,,,,,,,,,,,,,
1559,IFLI-1103-10000,IFLIGHT,XING-E 1103,,1103,10000,3.8,03,11,,,,,,,,,,,,,,,,,,,,,,
1560,IFLI-1104-4200,IFLIGHT,XING-E 1104,,1104,4200,5,04,11,,,,,,,,,,,,,,,,,,,,,,
1561,IFLI-1105-4500,IFLIGHT,XING-E 1105,,1105,4500,6.5,05,11,,,,,,,,,,,,,,,,,,,,,,
1562,IFLI-1105-6000,IFLIGHT,XING-E 1105,,1105,6000,6.5,05,11,,,,,,,,,,,,,,,,,,,,,,
1563,IFLI-1108-1108,IFLIGHT,BEEMOTOR 1108,,1108,1108,8.8,08,11,,,,,,,,,,,,,,,,,,,,,,
1564,IFLI-1108-5000,IFLIGHT,BEEMOTOR 1108,,1108,5000,8.8,08,11,,,,,,,,,,,,,,,,,,,,,,
1565,IFLI-1108-6000,IFLIGHT,BEEMOTOR 1108,,1108,6000,8.8,08,11,,,,,,,,,,,,,,,,,,,,,,
1566,IFLI-1202-8000,IFLIGHT,XING NANO 1202,,1202,8000,4,02,12,,,,,,,,,,,,,,,,,,,,,,
1567,IFLI-1202-10000,IFLIGHT,XING NANO 1202,,1202,10000,4,02,12,,,,,,,,,,,,,,,,,,,,,,
1568,IFLI-1204-4500,IFLIGHT,XING 1204,,1204,4500,6,04,12,,,,,,,,,,,,,,,,,,,,,,
1569,IFLI-1204-6500,IFLIGHT,XING 1204,,1204,6500,6,04,12,,,,,,,,,,,,,,,,,,,,,,
1570,IFLI-1303-5000,IFLIGHT,XING 1303,,1303,5000,6.5,03,13,,,,,,,,,,,,,,,,,,,,,,
1571,IFLI-1404-3000,IFLIGHT,XING X1404,,1404,3000,8.5,04,14,,,,,,,,,,,,,,,,,,,,,,
1572,IFLI-1404-3800,IFLIGHT,XING X1404,,1404,3800,8.5,04,14,,,,,,,,,,,,,,,,,,,,,,
1573,IFLI-1404-4600,IFLIGHT,XING X1404,,1404,4600,8.5,04,14,,,,,,,,,,,,,,,,,,,,,,
1574,IFLI-1404-5500,IFLIGHT,XING X1404,,1404,5500,8.5,04,14,,,,,,,,,,,,,,,,,,,,,,
1575,IFLI-1408-2800,IFLIGHT,XING X1408,,1408,2800,16.3,08,14,,,,,,,,,,,,,,,,,,,,,,
1576,IFLI-1408-3600,IFLIGHT,XING X1408,,1408,3600,16.3,08,14,,,,,,,,,,,,,,,,,,,,,,
1577,IFLI-1408-4100,IFLIGHT,XING X1408,,1408,4100,16.3,08,14,,,,,,,,,,,,,,,,,,,,,,
1578,IFLI-1507-2800,IFLIGHT,XING X1507,,1507,2800,16.1,07,15,,,,,,,,,,,,,,,,,,,,,,
1579,IFLI-1507-3600,IFLIGHT,XING X1507,,1507,3600,16.1,07,15,,,,,,,,,,,,,,,,,,,,,,
1580,IFLI-1507-4200,IFLIGHT,XING X1507,,1507,4200,16.1,07,15,,,,,,,,,,,,,,,,,,,,,,
1581,IFLI-2005-1900,IFLIGHT,XING 2005,,2005,1900,21,05,20,,,,,,,,,,,,,,,,,,,,,,
1582,IFLI-2005-2550,IFLIGHT,XING 2005,,2005,2550,21,05,20,,,,,,,,,,,,,,,,,,,,,,
1583,"IFLI-2203,5-1900",IFLIGHT,"XING 2203,5",,2203.5,1900,19.7,",5",22,,,,,,,,,,,,,,,,,,,,,,
1584,"IFLI-2203,5-2500",IFLIGHT,"XING 2203,5",,2203.5,2500,19.7,",5",22,,,,,,,,,,,,,,,,,,,,,,
1585,"IFLI-2203,5-2700",IFLIGHT,"XING 2203,5",,2203.5,2700,19.7,",5",22,,,,,,,,,,,,,,,,,,,,,,
1586,"IFLI-2203,5-3600",IFLIGHT,"XING 2203,5",,2203.5,3600,19.7,",5",22,,,,,,,,,,,,,,,,,,,,,,
1587,IFLI-2207-1000,IFLIGHT,XING X2207,,2207,1000,31.5,07,22,,,,,,,,,,,,,,,,,,,,,,
1588,IFLI-2207-1800,IFLIGHT,XING-E PRO 2207,,2207,1800,33.8,07,22,,,,,,,,,,,,,,,,,,,,,,
1589,IFLI-2207-1900,IFLIGHT,XING X2207,,2207,1900,31.5,07,22,,,,,,,,,,,,,,,,,,,,,,
1590,IFLI-2207-2400,IFLIGHT,XING-E 2207,,2207,2400,33.8,07,22,,,,,,,,,,,,,,,,,,,,,,
1591,IFLI-2207-2450,IFLIGHT,XING-E PRO 2207,,2207,2450,33.8,07,22,,,,,,,,,,,,,,,,,,,,,,
1592,IFLI-2207-2750,IFLIGHT,XING-E PRO 2207,,2207,2750,33.8,07,22,,,,,,,,,,,,,,,,,,,,,,
1593,IFLI-2208-1800,IFLIGHT,XING X2208,,2208,1800,36.6,08,22,,,,,,,,,,,,,,,,,,,,,,
1594,IFLI-2208-2450,IFLIGHT,XING X2208,,2208,2450,36.6,08,22,,,,,,,,,,,,,,,,,,,,,,
1595,IFLI-2306-1700,IFLIGHT,XING CAMO X2306,,2306,1700,30.6,06,23,,,,,,,,,,,,,,,,,,,,,,
1596,IFLI-2306-2450,IFLIGHT,XING CAMO X2306,,2306,2450,30.6,06,23,,,,,,,,,,,,,,,,,,,,,,
1597,"IFLI-2806,5-1300",IFLIGHT,"XING X2806,5",,2806.5,1300,49.5,",5",28,,,,,,,,,,,,,,,,,,,,,,
1598,"IFLI-2806,5-1800",IFLIGHT,"XING X2806,5",,2806.5,1800,49.5,",5",28,,,,,,,,,,,,,,,,,,,,,,
1599,IFLI-2814-880,IFLIGHT,XING X2814,,2814,880,88.3,14,28,,,,,,,,,,,,,,,,,,,,,,
1600,IFLI-2814-1100,IFLIGHT,XING X2814,,2814,1100,88.3,14,28,,,,,,,,,,,,,,,,,,,,,,
1601,IFLI-4214-400,IFLIGHT,XING X4214,,4214,400,270.1,14,42,,,,,,,,,,,,,,,,,,,,,,
1602,IFLI-4214-660,IFLIGHT,XING X4214,,4214,660,270.1,14,42,,,,,,,,,,,,,,,,,,,,,,
1603,IFLI-5215-250,IFLIGHT,XING X5215,,5215,250,356.4,15,52,,,,,,,,,,,,,,,,,,,,,,
1604,IFLI-5215-330,IFLIGHT,XING X5215,,5215,330,356.4,15,52,,,,,,,,,,,,,,,,,,,,,,
1605,IFLI-5215-500,IFLIGHT,XING X5215,,5215,500,356.4,15,52,,,,,,,,,,,,,,,,,,,,,,
1606,IFLI-8108-87,IFLIGHT,XING 8108,,8108,87,260,08,81,,,,,,,,,,,,,,,,,,,,,,
1607,IFLI-8108-105,IFLIGHT,EX8108,,8108,105,228.6,08,81,,,,,,,,,,,,,,,,,,,,,,
1608,KDE-10218-105,KDE,10218XD,,10218,105,1180,18,10,,,,,,,,,,,,,,,,,,,,,,
1609,KDE-13218-105,KDE,13218XF,,13218,105,2120,18,13,,,,,,,,,,,,,,,,,,,,,,
1610,KDE-1806-2350,KDE,1806XF,,1806,2350,26,06,18,,,,,,,,,,,,,,,,,,,,,,
1611,KDE-2304-2350,KDE,2304XF,,2304,2350,33,04,23,,,,,,,,,,,,,,,,,,,,,,
1612,KDE-2306-2050,KDE,2306XF,,2306,2050,42,06,23,,,,,,,,,,,,,,,,,,,,,,
1613,KDE-2306-2550,KDE,2306XF,,2306,2550,42,06,23,,,,,,,,,,,,,,,,,,,,,,
1614,KDE-2315-885,KDE,2315XF,,2315,885,75,15,23,,,,,,,,,,,,,,,,,,,,,,
1615,KDE-2315-965,KDE,2315XF,,2315,965,75,15,23,,,,,,,,,,,,,,,,,,,,,,
1616,KDE-2315-2050,KDE,2315XF,,2315,2050,75,15,23,,,,,,,,,,,,,,,,,,,,,,
1617,KDE-2814-515,KDE,2814XF,,2814,515,125,14,28,,,,,,,,,,,,,,,,,,,,,,
1618,KDE-2814-775,KDE,2814XF,,2814,775,125,14,28,,,,,,,,,,,,,,,,,,,,,,
1619,KDE-3510-475,KDE,3510XF,,3510,475,175,10,35,,,,,,,,,,,,,,,,,,,,,,
1620,KDE-3510-715,KDE,3510XF,,3510,715,175,10,35,,,,,,,,,,,,,,,,,,,,,,
1621,KDE-3520-400,KDE,3520XF,,3520,400,245,20,35,,,,,,,,,,,,,,,,,,,,,,
1622,KDE-4012-400,KDE,4012XF,,4012,400,200,12,40,,,,,,,,,,,,,,,,,,,,,,
1623,KDE-4014-380,KDE,4014XF,,4014,380,215,14,40,,,,,,,,,,,,,,,,,,,,,,
1624,KDE-4213-185,KDE,6213XF,,4213,185,415,13,42,,,,,,,,,,,,,,,,,,,,,,
1625,KDE-4213-360,KDE,4213XF,,4213,360,230,13,42,,,,,,,,,,,,,,,,,,,,,,
1626,KDE-4215-465,KDE,4215XF,,4215,465,250,15,42,,,,,,,,,,,,,,,,,,,,,,
1627,KDE-4815-205,KDE,6815XF,,4815,205,630,15,48,,,,,,,,,,,,,,,,,,,,,,
1628,KDE-5215-220,KDE,5215XF,,5215,220,360,15,52,,,,,,,,,,,,,,,,,,,,,,
1629,KDE-5215-330,KDE,5215XF,,5215,330,360,15,52,,,,,,,,,,,,,,,,,,,,,,
1630,KDE-5215-435,KDE,5215XF,,5215,435,360,15,52,,,,,,,,,,,,,,,,,,,,,,
1631,KDE-700-295,KDE,700XF G3,,0700,295,695,00,70,,,,,,,,,,,,,,,,,,,,,,
1632,KDE-700-505,KDE,700XF G3,,0700,505,695,00,70,,,,,,,,,,,,,,,,,,,,,,
1633,KDE-700-535,KDE,700XF G3,,0700,535,695,00,70,,,,,,,,,,,,,,,,,,,,,,
1634,KDE-7208-110,KDE,7208XF,,7208,110,445,08,72,,,,,,,,,,,,,,,,,,,,,,
1635,KDE-7208-135,KDE,7208XF,,7208,135,445,08,72,,,,,,,,,,,,,,,,,,,,,,
1636,KDE-7215-135,KDE,7215XF,,7215,135,640,15,72,,,,,,,,,,,,,,,,,,,,,,
1637,KDE-8218-120,KDE,8218XF,,8218,120,845,18,82,,,,,,,,,,,,,,,,,,,,,,
1638,KDE--455,KDE,700XF G3,,,455,520,,,,,,,,,,,,,,,,,,,,,,,,
1639,KDE--530,KDE,600XF G3,,,530,425,,,,,,,,,,,,,,,,,,,,,,,,
1640,KDE--565,KDE,550XF G3,,,565,325,,,,,,,,,,,,,,,,,,,,,,,,
1641,KDE--925,KDE,500XF G3,,,925,175,,,,,,,,,,,,,,,,,,,,,,,,
1642,KDE--1100,KDE,600XF G3,,,1100,425,,,,,,,,,,,,,,,,,,,,,,,,
1643,KDE--1200,KDE,550XF G3,,,1200,325,,,,,,,,,,,,,,,,,,,,,,,,
1644,KDE--1350,KDE,500XF G3,,,1350,175,,,,,,,,,,,,,,,,,,,,,,,,
1645,"KO-2207,5-1850",KO,"METHOD R 2207,5",,2207.5,1850,33,",5",22,,,,,,,,,,,,,,,,,,,,,,
1646,"KO-2207,5-2000",KO,"METHOD R 2207,5",,2207.5,2000,33,",5",22,,,,,,,,,,,,,,,,,,,,,,
1647,KO-2208-1750,KO,DEMON SEED 2208,,2208,1750,35,08,22,,,,,,,,,,,,,,,,,,,,,,
1648,KO-2208-2050,KO,DEMON SEED 2208,,2208,2050,35,08,22,,,,,,,,,,,,,,,,,,,,,,
1649,KO-2208-2540,KO,DEMON SEED 2208,,2208,2540,35,08,22,,,,,,,,,,,,,,,,,,,,,,
1650,KO-2210-2200,KO,METHOD SWR 2210,,2210,2200,45,10,22,,,,,,,,,,,,,,,,,,,,,,
1651,KO-2210-2250,KO,METHOD D 2210,,2210,2250,45,10,22,,,,,,,,,,,,,,,,,,,,,,
1652,KO-2210-2500,KO,METHOD SS 2210,,2210,2500,45,10,22,,,,,,,,,,,,,,,,,,,,,,
1653,KO-2307-1800,KO,METHOD F 2307,,2307,1800,35,07,23,,,,,,,,,,,,,,,,,,,,,,
1654,KO-2307-2000,KO,METHOD F 2307,,2307,2000,35,07,23,,,,,,,,,,,,,,,,,,,,,,
1655,KO-2307-2540,KO,METHOD F 2307,,2307,2540,35,07,23,,,,,,,,,,,,,,,,,,,,,,
1656,KO-5025-420,KO,METHOD X 5025,,5025,420,395,25,50,,,,,,,,,,,,,,,,,,,,,,
1657,KO-5025-430,KO,METHOD X 5025,,5025,430,395,25,50,,,,,,,,,,,,,,,,,,,,,,
1658,LDAR-11015-6100,LDARC,XT11015,,11015,6100,2.6,15,11,,,,,,,,,,,,,,,,,,,,,,
1659,LDAR-1102-9300,LDARC,XT1102,,1102,9300,2.8,02,11,,,,,,,,,,,,,,,,,,,,,,
1660,LDAR-1102-12800,LDARC,GT1102,,1102,12800,3.7,02,11,,,,,,,,,,,,,,,,,,,,,,
1661,LDAR-1103-6500,LDARC,XT1103,,1103,6500,4.2,03,11,,,,,,,,,,,,,,,,,,,,,,
1662,LDAR-1103-7800,LDARC,XT1103,,1103,7800,4.2,03,11,,,,,,,,,,,,,,,,,,,,,,
1663,LDAR-1103-10000,LDARC,GT1103,,1103,10000,3.8,03,11,,,,,,,,,,,,,,,,,,,,,,
1664,LDAR-1104-7500,LDARC,XT1104,,1104,7500,6.1,04,11,,,,,,,,,,,,,,,,,,,,,,
1665,LDAR-1105-4250,LDARC,XT1105,,1105,4250,6.2,05,11,,,,,,,,,,,,,,,,,,,,,,
1666,LDAR-1105-5000,LDARC,XT1105,,1105,5000,6.2,05,11,,,,,,,,,,,,,,,,,,,,,,
1667,LDAR-1304-4100,LDARC,XT1304,,1304,4100,8.3,04,13,,,,,,,,,,,,,,,,,,,,,,
1668,LDAR-1304-6200,LDARC,XT1304,,1304,6200,8.3,04,13,,,,,,,,,,,,,,,,,,,,,,
1669,LDAR-1305-3600,LDARC,XT1305,,1305,3600,9.4,05,13,,,,,,,,,,,,,,,,,,,,,,
1670,LDAR-1406-3600,LDARC,XT1406,,1406,3600,13.2,06,14,,,,,,,,,,,,,,,,,,,,,,
1671,LDAR-1408-3750,LDARC,XT1408,,1408,3750,17.3,08,14,,,,,,,,,,,,,,,,,,,,,,
1672,LDAR-1806-2500,LDARC,XT1806,,1806,2500,21.2,06,18,,,,,,,,,,,,,,,,,,,,,,
1673,LDAR-2204-2250,LDARC,MB2204,,2204,2250,70,04,22,,,,,,,,,,,,,,,,,,,,,,
1674,LDAR-2306-2500,LDARC,XT2306,,2306,2500,34.1,06,23,,,,,,,,,,,,,,,,,,,,,,
1675,LDMP-5010-3500,LDMPOWER,LD5010-05,,5010,3500,215,06,23,,,,,,,,,,,,,,,,,,,,,,
1676,LDMP-05205-300,LDMPOWER,AG UFO5205,,05205,300,,05,05,,,,,,,,,,,,,,,,,,,,,,
1677,LDMP-05210-160,LDMPOWER,AG UFO5210,,05210,160,,10,05,,,,,,,,,,,,,,,,,,,,,,
1678,LDMP-06105-300,LDMPOWER,AG UFO6105,,06105,300,,05,06,,,,,,,,,,,,,,,,,,,,,,
1679,LDMP-10010-115,LDMPOWER,AG UFO 10010,,10010,115,,10,10,,,,,,,,,,,,,,,,,,,,,,
1680,LDMP-1103-,LDMPOWER,1103 GIMBAL,,1103,,,03,11,,,,,,,,,,,,,,,,,,,,,,
1681,LDMP-1104-4000,LDMPOWER,FR1104,,1104,4000,5.5,04,11,,,,,,,,,,,,,,,,,,,,,,
1682,LDMP-1104-7500,LDMPOWER,FR1104,,1104,7500,5.5,04,11,,,,,,,,,,,,,,,,,,,,,,
1683,LDMP-1106-4000,LDMPOWER,FR1106,,1106,4000,7.5,06,11,,,,,,,,,,,,,,,,,,,,,,
1684,LDMP-1106-7500,LDMPOWER,FR1106,,1106,7500,7.5,06,11,,,,,,,,,,,,,,,,,,,,,,
1685,LDMP-1222-8000,LDMPOWER,1222,,1222,8000,9.85,22,12,,,,,,,,,,,,,,,,,,,,,,
1686,LDMP-1303-,LDMPOWER,1303 GIMBAL,,1303,,,03,13,,,,,,,,,,,,,,,,,,,,,,
1687,LDMP-1306-3100,LDMPOWER,FR1306,,1306,3100,11.9,06,13,,,,,,,,,,,,,,,,,,,,,,
1688,LDMP-1306-3600,LDMPOWER,FR1306,,1306,3600,11.9,06,13,,,,,,,,,,,,,,,,,,,,,,
1689,LDMP-1306-4000,LDMPOWER,FR1306,,1306,4000,11.9,06,13,,,,,,,,,,,,,,,,,,,,,,
1690,LDMP-1407-3600,LDMPOWER,FR1407,,1407,3600,13.8,07,14,,,,,,,,,,,,,,,,,,,,,,
1691,LDMP-1407-4000,LDMPOWER,FR1407,,1407,4000,13.8,07,14,,,,,,,,,,,,,,,,,,,,,,
1692,LDMP-1528-5300,LDMPOWER,1528,,1528,5300,18.5,28,15,,,,,,,,,,,,,,,,,,,,,,
1693,LDMP-1603-,LDMPOWER,1603 GIMBAL,,1603,,11.9,03,16,,,,,,,,,,,,,,,,,,,,,,
1694,LDMP-1805-2900,LDMPOWER,O 1805,,1805,2900,,05,18,,,,,,,,,,,,,,,,,,,,,,
1695,LDMP-1808-2000,LDMPOWER,O 1808,,1808,2000,,08,18,,,,,,,,,,,,,,,,,,,,,,
1696,LDMP-2030-5750,LDMPOWER,2030,,2030,5750,48,30,20,,,,,,,,,,,,,,,,,,,,,,
1697,LDMP-2040-4400,LDMPOWER,2040,,2040,4400,35.5,40,20,,,,,,,,,,,,,,,,,,,,,,
1698,LDMP-2204-1568,LDMPOWER,HS2204-08 GIMBALL,,2204,1568,22,04,22,,,,,,,,,,,,,,,,,,,,,,
1699,LDMP-2204-,LDMPOWER,2204-28 GIMBALL,,2204,,41.5,04,22,,,,,,,,,,,,,,,,,,,,,,
1700,LDMP-2208-1100,LDMPOWER,FA2208,,2208,1100,48,08,22,,,,,,,,,,,,,,,,,,,,,,
1701,LDMP-2208-1291,LDMPOWER,HS2208-16 GIMBAL,,2208,1291,34,08,22,,,,,,,,,,,,,,,,,,,,,,
1702,LDMP-2208-1300,LDMPOWER,FA2208,,2208,1300,48,08,22,,,,,,,,,,,,,,,,,,,,,,
1703,LDMP-2212-1400,LDMPOWER,FA2212,,2212,1400,60,12,22,,,,,,,,,,,,,,,,,,,,,,
1704,LDMP-2212-2450,LDMPOWER,FA2212,,2212,2450,60,12,22,,,,,,,,,,,,,,,,,,,,,,
1705,LDMP-2216-1400,LDMPOWER,FA2216,,2216,1400,72,16,22,,,,,,,,,,,,,,,,,,,,,,
1706,LDMP-2216-2400,LDMPOWER,FA2216,,2216,2400,72,16,22,,,,,,,,,,,,,,,,,,,,,,
1707,LDMP-2305-2300,LDMPOWER,2305,,2305,2300,35.5,05,23,,,,,,,,,,,,,,,,,,,,,,
1708,LDMP-2305-2450,LDMPOWER,2305,,2305,2450,35.5,05,23,,,,,,,,,,,,,,,,,,,,,,
1709,LDMP-2305-2600,LDMPOWER,2305,,2305,2600,35.5,05,23,,,,,,,,,,,,,,,,,,,,,,
1710,LDMP-2305-2750,LDMPOWER,2305,,2305,2750,35.5,05,23,,,,,,,,,,,,,,,,,,,,,,
1711,LDMP-2306-2450,LDMPOWER,FR2306,,2306,2450,32.85,06,23,,,,,,,,,,,,,,,,,,,,,,
1712,LDMP-2306-2750,LDMPOWER,FR2306,,2306,2750,32.85,06,23,,,,,,,,,,,,,,,,,,,,,,
1713,LDMP-2307-2150,LDMPOWER,FR2307,,2307,2150,35.5,07,23,,,,,,,,,,,,,,,,,,,,,,
1714,LDMP-2307-2450,LDMPOWER,FR2307,,2307,2450,35.5,07,23,,,,,,,,,,,,,,,,,,,,,,
1715,LDMP-2307-2600,LDMPOWER,FR2307,,2307,2600,35.5,07,23,,,,,,,,,,,,,,,,,,,,,,
1716,LDMP-2307-3000,LDMPOWER,FR2307,,2307,3000,35.5,07,23,,,,,,,,,,,,,,,,,,,,,,
1717,LDMP-2405-1900,LDMPOWER,FR2405,,2405,1900,29.6,05,24,,,,,,,,,,,,,,,,,,,,,,
1718,LDMP-2405-2300,LDMPOWER,FR2405,,2405,2300,29.6,05,24,,,,,,,,,,,,,,,,,,,,,,
1719,LDMP-2405-2500,LDMPOWER,FR2405,,2405,2500,29.6,05,24,,,,,,,,,,,,,,,,,,,,,,
1720,LDMP-2435-5000,LDMPOWER,2435,,2435,5000,63,35,24,,,,,,,,,,,,,,,,,,,,,,
1721,LDMP-2608-,LDMPOWER,O 2608,,2608,,,08,26,,,,,,,,,,,,,,,,,,,,,,
1722,LDMP-2610-4600,LDMPOWER,E2610,,2610,4600,,10,26,,,,,,,,,,,,,,,,,,,,,,
1723,LDMP-2615-4000,LDMPOWER,E2615,,2615,4000,,15,26,,,,,,,,,,,,,,,,,,,,,,
1724,LDMP-2804-,LDMPOWER,2804-62 GIMBAL,,2804,,34.6,04,28,,,,,,,,,,,,,,,,,,,,,,
1725,LDMP-2805-1350,LDMPOWER,O 2805,,2805,1350,,05,28,,,,,,,,,,,,,,,,,,,,,,
1726,LDMP-2806-1650,LDMPOWER,O 2806,,2806,1650,,06,28,,,,,,,,,,,,,,,,,,,,,,
1727,LDMP-2810-1200,LDMPOWER,B2810,,2810,1200,,10,28,,,,,,,,,,,,,,,,,,,,,,
1728,LDMP-2810-,LDMPOWER,E2810D,,2810,,,10,28,,,,,,,,,,,,,,,,,,,,,,
1729,LDMP-2814-510,LDMPOWER,FA2814,,2814,510,105,14,28,,,,,,,,,,,,,,,,,,,,,,
1730,LDMP-2814-880,LDMPOWER,FA2814,,2814,880,105,14,28,,,,,,,,,,,,,,,,,,,,,,
1731,LDMP-2815-900,LDMPOWER,O2815,,2815,900,,15,28,,,,,,,,,,,,,,,,,,,,,,
1732,LDMP-2815-,LDMPOWER,2815HL,,2815,,,15,28,,,,,,,,,,,,,,,,,,,,,,
1733,LDMP-2818-900,LDMPOWER,O2818,,2818,900,,18,28,,,,,,,,,,,,,,,,,,,,,,
1734,LDMP-2820-870,LDMPOWER,FA2820,,2820,870,,20,28,,,,,,,,,,,,,,,,,,,,,,
1735,LDMP-2826-740,LDMPOWER,FA2826,,2826,740,163,26,28,,,,,,,,,,,,,,,,,,,,,,
1736,LDMP-2826-1130,LDMPOWER,FA2826,,2826,1130,163,26,28,,,,,,,,,,,,,,,,,,,,,,
1737,LDMP-2826-1200,LDMPOWER,B2826,,2826,1200,,26,28,,,,,,,,,,,,,,,,,,,,,,
1738,LDMP-2826-14000,LDMPOWER,Y2826,,2826,14000,,26,28,,,,,,,,,,,,,,,,,,,,,,
1739,LDMP-2830-985,LDMPOWER,Y2830,,2830,985,,30,28,,,,,,,,,,,,,,,,,,,,,,
1740,LDMP-2836-1500,LDMPOWER,Y2836,,2836,1500,,36,28,,,,,,,,,,,,,,,,,,,,,,
1741,LDMP-2848-3750,LDMPOWER,2848,,2848,3750,,48,28,,,,,,,,,,,,,,,,,,,,,,
1742,LDMP-2855-2300,LDMPOWER,E2855,,2855,2300,,55,28,,,,,,,,,,,,,,,,,,,,,,
1743,LDMP-2858-4000,LDMPOWER,2858,,2858,4000,81.3,58,28,,,,,,,,,,,,,,,,,,,,,,
1744,LDMP-3113-2400,LDMPOWER,LD3113,,3113,2400,105,13,31,,,,,,,,,,,,,,,,,,,,,,
1745,LDMP-3505-400,LDMPOWER,UFO3505,,3505,400,61,05,35,,,,,,,,,,,,,,,,,,,,,,
1746,LDMP-3505-550,LDMPOWER,UFO3505,,3505,550,61,05,35,,,,,,,,,,,,,,,,,,,,,,
1747,LDMP-3505-650,LDMPOWER,UFO3505,,3505,650,61,05,35,,,,,,,,,,,,,,,,,,,,,,
1748,LDMP-3508-360,LDMPOWER,S3508,,3508,360,,08,35,,,,,,,,,,,,,,,,,,,,,,
1749,LDMP-3508-380,LDMPOWER,M3508,,3508,380,87,08,35,,,,,,,,,,,,,,,,,,,,,,
1750,LDMP-3510-360,LDMPOWER,M3510,,3510,360,100,10,35,,,,,,,,,,,,,,,,,,,,,,
1751,LDMP-3510-400,LDMPOWER,UFO3510,,3510,400,93,10,35,,,,,,,,,,,,,,,,,,,,,,
1752,LDMP-3510-550,LDMPOWER,UFO3510,,3510,550,93,10,35,,,,,,,,,,,,,,,,,,,,,,
1753,LDMP-3510-650,LDMPOWER,UFO3510,,3510,650,93,10,35,,,,,,,,,,,,,,,,,,,,,,
1754,LDMP-3515-400,LDMPOWER,MT3515,,3515,400,,15,35,,,,,,,,,,,,,,,,,,,,,,
1755,LDMP-3515-1200,LDMPOWER,O 3515A,,3515,1200,,15,35,,,,,,,,,,,,,,,,,,,,,,
1756,LDMP-3520-400,LDMPOWER,MT3520,,3520,400,,20,35,,,,,,,,,,,,,,,,,,,,,,
1757,LDMP-3520-1000,LDMPOWER,O 3520,,3520,1000,,20,35,,,,,,,,,,,,,,,,,,,,,,
1758,LDMP-3520-,LDMPOWER,3520,,3520,,,20,35,,,,,,,,,,,,,,,,,,,,,,
1759,LDMP-3530-1100,LDMPOWER,Y3530,,3530,1100,,30,35,,,,,,,,,,,,,,,,,,,,,,
1760,LDMP-3536-1250,LDMPOWER,Y3536,,3536,1250,,36,35,,,,,,,,,,,,,,,,,,,,,,
1761,LDMP-3542-1250,LDMPOWER,Y3542,,3542,1250,,42,35,,,,,,,,,,,,,,,,,,,,,,
1762,LDMP-3553-1800,LDMPOWER,E3553,,3553,1800,,53,35,,,,,,,,,,,,,,,,,,,,,,
1763,LDMP-3563-1650,LDMPOWER,E3563,,3563,1650,,63,35,,,,,,,,,,,,,,,,,,,,,,
1764,LDMP-3652-3421,LDMPOWER,3652,,3652,3421,204,52,36,,,,,,,,,,,,,,,,,,,,,,
1765,LDMP-3652-3800,LDMPOWER,3652,,3652,3800,195.6,52,36,,,,,,,,,,,,,,,,,,,,,,
1766,LDMP-3660-3300,LDMPOWER,3660,,3660,3300,223,60,36,,,,,,,,,,,,,,,,,,,,,,
1767,LDMP-3660-3725,LDMPOWER,3660,,3660,3725,223,60,36,,,,,,,,,,,,,,,,,,,,,,
1768,LDMP-3674-2260,LDMPOWER,3674,,3674,2260,300,74,36,,,,,,,,,,,,,,,,,,,,,,
1769,LDMP-3710-1300,LDMPOWER,B3710,,3710,1300,,10,37,,,,,,,,,,,,,,,,,,,,,,
1770,LDMP-3726-600,LDMPOWER,O 3726,,3726,600,,26,37,,,,,,,,,,,,,,,,,,,,,,
1771,LDMP-3730-,LDMPOWER,O 3730,,3730,,,30,37,,,,,,,,,,,,,,,,,,,,,,
1772,LDMP-3813-2500,LDMPOWER,LD3813,,3813,2500,161,13,38,,,,,,,,,,,,,,,,,,,,,,
1773,LDMP-4010-370,LDMPOWER,MT4010,,4010,370,,10,40,,,,,,,,,,,,,,,,,,,,,,
1774,LDMP-4012-350,LDMPOWER,MT4012,,4012,350,,12,40,,,,,,,,,,,,,,,,,,,,,,
1775,LDMP-4014-340,LDMPOWER,MT4014,,4014,340,,14,40,,,,,,,,,,,,,,,,,,,,,,
1776,LDMP-4074-1650,LDMPOWER,4074,,4074,1650,,74,40,,,,,,,,,,,,,,,,,,,,,,
1777,LDMP-4105-300,LDMPOWER,UFO4105,,4105,300,73.4,05,41,,,,,,,,,,,,,,,,,,,,,,
1778,LDMP-4108-320,LDMPOWER,M4108,,4108,320,,08,41,,,,,,,,,,,,,,,,,,,,,,
1779,LDMP-4108-370,LDMPOWER,MT4108,,4108,370,,08,41,,,,,,,,,,,,,,,,,,,,,,
1780,LDMP-4110-400,LDMPOWER,UFO4110,,4110,400,115,10,41,,,,,,,,,,,,,,,,,,,,,,
1781,LDMP-4110-700,LDMPOWER,UFO4110,,4110,700,115,10,41,,,,,,,,,,,,,,,,,,,,,,
1782,LDMP-4110-,LDMPOWER,4110 GIMBAL,,4110,,,10,41,,,,,,,,,,,,,,,,,,,,,,
1783,LDMP-4112-2500,LDMPOWER,LD4112,,4112,2500,165,12,41,,,,,,,,,,,,,,,,,,,,,,
1784,LDMP-4114-300,LDMPOWER,UFO4114,,4114,300,145,14,41,,,,,,,,,,,,,,,,,,,,,,
1785,LDMP-4114-320,LDMPOWER,M4114,,4114,320,,14,41,,,,,,,,,,,,,,,,,,,,,,
1786,LDMP-4114-400,LDMPOWER,UFO4114,,4114,400,145,14,41,,,,,,,,,,,,,,,,,,,,,,
1787,LDMP-4114-700,LDMPOWER,MT4114,,4114,700,,14,41,,,,,,,,,,,,,,,,,,,,,,
1788,LDMP-4250-750,LDMPOWER,O 4250,,4250,750,,50,42,,,,,,,,,,,,,,,,,,,,,,
1789,LDMP-4250-1100,LDMPOWER,Y4250,,4250,1100,,50,42,,,,,,,,,,,,,,,,,,,,,,
1790,LDMP-4465-1950,LDMPOWER,4465,,4465,1950,393.8,65,44,,,,,,,,,,,,,,,,,,,,,,
1791,LDMP-4474-1020,LDMPOWER,4474,,4474,1020,300,74,44,,,,,,,,,,,,,,,,,,,,,,
1792,LDMP-4610-3400,LDMPOWER,LD4610,,4610,3400,210,10,46,,,,,,,,,,,,,,,,,,,,,,
1793,LDMP-4686-1350,LDMPOWER,4686,,4686,1350,608,86,46,,,,,,,,,,,,,,,,,,,,,,
1794,LDMP-5005-330,LDMPOWER,S5008,,5005,330,,05,50,,,,,,,,,,,,,,,,,,,,,,
1795,LDMP-5055-400,LDMPOWER,O 5055,,5055,400,,55,50,,,,,,,,,,,,,,,,,,,,,,
1796,LDMP-5210-300,LDMPOWER,UFO5210,,5210,300,181.8,10,52,,,,,,,,,,,,,,,,,,,,,,
1797,LDMP-5210-400,LDMPOWER,UFO5210,,5210,400,181.8,10,52,,,,,,,,,,,,,,,,,,,,,,
1798,LDMP-5215-300,LDMPOWER,EP5215,,5215,300,264.4,15,52,,,,,,,,,,,,,,,,,,,,,,
1799,LDMP-6105-160,LDMPOWER,UFO6105,,6105,160,160,05,61,,,,,,,,,,,,,,,,,,,,,,
1800,LDMP-6105-260,LDMPOWER,UFO6105,,6105,260,160,05,61,,,,,,,,,,,,,,,,,,,,,,
1801,LDMP-6110-160,LDMPOWER,UFO6110,,6110,160,241,10,61,,,,,,,,,,,,,,,,,,,,,,
1802,LDMP-6110-300,LDMPOWER,UFO6110,,6110,300,241,10,61,,,,,,,,,,,,,,,,,,,,,,
1803,LDMP-8105-80,LDMPOWER,AG UFO 8105,,8105,80,,05,81,,,,,,,,,,,,,,,,,,,,,,
1804,LDMP-8110-54,LDMPOWER,AG UFO 8110,,8110,54,,10,81,,,,,,,,,,,,,,,,,,,,,,
1805,LDMP-8120-100,LDMPOWER,OP8120,,8120,100,610,20,81,,,,,,,,,,,,,,,,,,,,,,
1806,LDMP-8318-100,LDMPOWER,OP8318,,8318,100,675.5,18,83,,,,,,,,,,,,,,,,,,,,,,
1807,LDMP-8318-120,LDMPOWER,OP8318,,8318,120,675.5,18,83,,,,,,,,,,,,,,,,,,,,,,
1808,LDMP--,LDMPOWER,WHEEL MOTOR,,,,,,,,,,,,,,,,,,,,,,,,,,,,
1809,LIL-1103-8000,LIL,FLOATERS 1103,,1103,8000,4.8,03,11,,,,,,,,,,,,,,,,,,,,,,
1810,LUMI-1306-3100,LUMINIER,RX1306-9,,1306,3100,11,06,13,,,,,,,,,,,,,,,,,,,,,,
1811,LUMI-1306-4000,LUMINIER,RX1306-7,,1306,4000,11,06,13,,,,,,,,,,,,,,,,,,,,,,
1812,LUMI-1806-2300,LUMINIER,FXC1806-14,,1806,2300,18,06,18,,,,,,,,,,,,,,,,,,,,,,
1813,LUMI-1806-2500,LUMINIER,RX1806-13,,1806,2500,22,06,18,,,,,,,,,,,,,,,,,,,,,,
1814,LUMI-2204-2300,LUMINIER,RX2204-14,,2204,2300,23.3,04,22,,,,,,,,,,,,,,,,,,,,,,
1815,LUMI-2204-2500,LUMINIER,RB2204-13 SKITZO,,2204,2500,21.5,04,22,,,,,,,,,,,,,,,,,,,,,,
1816,LUMI-2205-2400,LUMINIER,RB2205C-12 SKITZO,,2205,2400,24,05,22,,,,,,,,,,,,,,,,,,,,,,
1817,LUMI-2206-1750,LUMINIER,2306 JOHNNYFPV,,2206,1750,30,06,22,,,,,,,,,,,,,,,,,,,,,,
1818,LUMI-2206-2000,LUMINIER,RX2206-13,,2206,2000,29,06,22,,,,,,,,,,,,,,,,,,,,,,
1819,LUMI-2206-2250,LUMINIER,2306 JOHNNYFPV,,2206,2250,30,06,22,,,,,,,,,,,,,,,,,,,,,,
1820,LUMI-2206-2350,LUMINIER,RX2206-11,,2206,2350,29,06,22,,,,,,,,,,,,,,,,,,,,,,
1821,LUMI-2206-2450,LUMINIER,MB2206-9 FREYBOTT,,2206,2450,28,06,22,,,,,,,,,,,,,,,,,,,,,,
1822,LUMI-2206-2550,LUMINIER,2306 JOHNNYFPV,,2206,2550,30,06,22,,,,,,,,,,,,,,,,,,,,,,
1823,LUMI-2207-1750,LUMINIER,ZIP 2207,,2207,1750,32,07,22,,,,,,,,,,,,,,,,,,,,,,
1824,LUMI-2207-2150,LUMINIER,2207 CHIEF RACING,,2207,2150,28,07,22,,,,,,,,,,,,,,,,,,,,,,
1825,LUMI-2207-2450,LUMINIER,ZIP 2207,,2207,2450,32,07,22,,,,,,,,,,,,,,,,,,,,,,
1826,LUMI-2207-2700,LUMINIER,2207-7 JOHNNYFPV,,2207,2700,32,07,22,,,,,,,,,,,,,,,,,,,,,,
1827,LUMI-2208-2000,LUMINIER,FX2208-9,,2208,2000,45,08,22,,,,,,,,,,,,,,,,,,,,,,
1828,LUMI-2216-900,LUMINIER,FM2216,,2216,900,,16,22,,,,,,,,,,,,,,,,,,,,,,
1829,LUMI-2216-1100,LUMINIER,FX2216-9,,2216,1100,75,16,22,,,,,,,,,,,,,,,,,,,,,,
1830,LUMI-2306-1750,LUMINIER,2306 JOHNNYFPV V2,,2306,1750,30,06,23,,,,,,,,,,,,,,,,,,,,,,
1831,LUMI-2306-2250,LUMINIER,2306 JOHNNYFPV V2,,2306,2250,30,06,23,,,,,,,,,,,,,,,,,,,,,,
1832,LUMI-2306-2550,LUMINIER,2306 JOHNNYFPV V2,,2306,2550,30,06,23,,,,,,,,,,,,,,,,,,,,,,
1833,LUMI-2407-1700,LUMINIER,ZIP 2407,,2407,1700,32,07,24,,,,,,,,,,,,,,,,,,,,,,
1834,LUMI-2407-2250,LUMINIER,ZIP 2407,,2407,2250,32,07,24,,,,,,,,,,,,,,,,,,,,,,
1835,LUMI-2407-2500,LUMINIER,JB2407-7 BARDWELL,,2407,2500,35,07,24,,,,,,,,,,,,,,,,,,,,,,
1836,LUMI-2407-2550,LUMINIER,ZIP 2407,,2407,2550,32,07,24,,,,,,,,,,,,,,,,,,,,,,
1837,LUMI-4006-740,LUMINIER,FM4006,,4006,740,,06,40,,,,,,,,,,,,,,,,,,,,,,
1838,MAD-1105-6500,MAD,1105,,1105,6500,7.6,05,11,,,,,,,,,,,,,,,,,,,,,,
1839,MAD-1407-4100,MAD,1407,,1407,4100,13.9,07,14,,,,,,,,,,,,,,,,,,,,,,
1840,MAD-2205-2500,MAD,2205,,2205,2500,27.5,05,22,,,,,,,,,,,,,,,,,,,,,,
1841,MAD-2206-2450,MAD,2206,,2206,2450,29,06,22,,,,,,,,,,,,,,,,,,,,,,
1842,MAD-2207-1800,MAD,2207,,2207,1800,30,07,22,,,,,,,,,,,,,,,,,,,,,,
1843,MAD-2207-2600,MAD,2207,,2207,2600,30,07,22,,,,,,,,,,,,,,,,,,,,,,
1844,MAD-2407-2200,MAD,2407,,2407,2200,40,07,24,,,,,,,,,,,,,,,,,,,,,,
1845,MAD-2507-2500,MAD,2507,,2507,2500,41,07,25,,,,,,,,,,,,,,,,,,,,,,
1846,MAD-3506-400,MAD,3506 EEE,,3506,400,72.9,06,35,,,,,,,,,,,,,,,,,,,,,,
1847,MAD-3506-650,MAD,3506 EEE,,3506,650,72.9,06,35,,,,,,,,,,,,,,,,,,,,,,
1848,MAD-3508-360,MAD,3508 IPE,,3508,360,99,08,35,,,,,,,,,,,,,,,,,,,,,,
1849,MAD-3508-580,MAD,3508 IPE,,3508,580,99,08,35,,,,,,,,,,,,,,,,,,,,,,
1850,MAD-3508-700,MAD,3508 IPE,,3508,700,99,08,35,,,,,,,,,,,,,,,,,,,,,,
1851,MAD-3515-400,MAD,3515 IPE,,3515,400,152,15,35,,,,,,,,,,,,,,,,,,,,,,
1852,MAD-3515-650,MAD,3515 IPE,,3515,650,152,15,35,,,,,,,,,,,,,,,,,,,,,,
1853,MAD-400-1600,MAD,SRS400,,0400,1600,30,00,40,,,,,,,,,,,,,,,,,,,,,,
1854,MAD-400-2400,MAD,SRS400,,0400,2400,30,00,40,,,,,,,,,,,,,,,,,,,,,,
1855,MAD-400-2750,MAD,SRS400,,0400,2750,30,00,40,,,,,,,,,,,,,,,,,,,,,,
1856,MAD-4006-320,MAD,4006 EEE,,4006,320,72,06,40,,,,,,,,,,,,,,,,,,,,,,
1857,MAD-4006-380,MAD,4006 EEE,,4006,380,72,06,40,,,,,,,,,,,,,,,,,,,,,,
1858,MAD-4006-740,MAD,4006 EEE,,4006,740,72,06,40,,,,,,,,,,,,,,,,,,,,,,
1859,MAD-4008-380,MAD,4008 EEE,,4008,380,88,08,40,,,,,,,,,,,,,,,,,,,,,,
1860,MAD-4008-600,MAD,4008 EEE,,4008,600,88,08,40,,,,,,,,,,,,,,,,,,,,,,
1861,MAD-4014-370,MAD,4014 EEE,,4014,370,142,14,40,,,,,,,,,,,,,,,,,,,,,,
1862,MAD-4014-400,MAD,4014 EEE,,4014,400,142,14,40,,,,,,,,,,,,,,,,,,,,,,
1863,MAD-4219-270,MAD,X4219,,4219,270,284,19,42,,,,,,,,,,,,,,,,,,,,,,
1864,MAD-4219-550,MAD,X4219,,4219,550,286,19,42,,,,,,,,,,,,,,,,,,,,,,
1865,MAD-4219-600,MAD,X4219,,4219,600,285,19,42,,,,,,,,,,,,,,,,,,,,,,
1866,MAD-5000-345,MAD,POLAR XC5000,,5000,345,316,00,50,,,,,,,,,,,,,,,,,,,,,,
1867,MAD-5000-380,MAD,POLAR XC5000,,5000,380,324,00,50,,,,,,,,,,,,,,,,,,,,,,
1868,MAD-5005-280,MAD,5005 EEE,,5005,280,100,05,50,,,,,,,,,,,,,,,,,,,,,,
1869,MAD-5005-350,MAD,5005 EEE,,5005,350,100,05,50,,,,,,,,,,,,,,,,,,,,,,
1870,MAD-5005-440,MAD,5005 EEE,,5005,440,100,05,50,,,,,,,,,,,,,,,,,,,,,,
1871,MAD-5008-170,MAD,5008 EEE,,5008,170,130,08,50,,,,,,,,,,,,,,,,,,,,,,
1872,MAD-5008-240,MAD,5008 EEE,,5008,240,130,08,50,,,,,,,,,,,,,,,,,,,,,,
1873,MAD-5008-300,MAD,5008 EEE,,5008,300,130,08,50,,,,,,,,,,,,,,,,,,,,,,
1874,MAD-5008-400,MAD,5008 EEE,,5008,400,130,08,50,,,,,,,,,,,,,,,,,,,,,,
1875,MAD-5010-200,MAD,5010 EEE,,5010,200,163,10,50,,,,,,,,,,,,,,,,,,,,,,
1876,MAD-5010-240,MAD,5010 EEE,,5010,240,163,10,50,,,,,,,,,,,,,,,,,,,,,,
1877,MAD-5010-310,MAD,5010 EEE,,5010,310,163,10,50,,,,,,,,,,,,,,,,,,,,,,
1878,MAD-5010-370,MAD,5010 EEE,,5010,370,163,10,50,,,,,,,,,,,,,,,,,,,,,,
1879,MAD-5012-160,MAD,5012 IPE,,5012,160,200.3,12,50,,,,,,,,,,,,,,,,,,,,,,
1880,MAD-5012-250,MAD,MAD 5012 IPE V3,,5012,250,200,12,50,,,,,,,,,,,,,,,,,,,,,,
1881,MAD-5012-320,MAD,MAD 5012 IPE V3,,5012,320,200.3,12,50,,,,,,,,,,,,,,,,,,,,,,
1882,MAD-5015-150,MAD,5015 IPE,,5015,150,232,15,50,,,,,,,,,,,,,,,,,,,,,,
1883,MAD-5015-160,MAD,5015 IPE V3,,5015,160,232,15,50,,,,,,,,,,,,,,,,,,,,,,
1884,MAD-5015-270,MAD,5015 IPE,,5015,270,229,15,50,,,,,,,,,,,,,,,,,,,,,,
1885,MAD-5015-320,MAD,5015 IPE,,5015,320,228,15,50,,,,,,,,,,,,,,,,,,,,,,
1886,MAD-5015-380,MAD,5015 IPE,,5015,380,230,15,50,,,,,,,,,,,,,,,,,,,,,,
1887,MAD-5500-505,MAD,CRIMSON XC5500,,5500,505,324,00,55,,,,,,,,,,,,,,,,,,,,,,
1888,MAD-5500-635,MAD,CRIMSON XC5500,,5500,635,321,00,55,,,,,,,,,,,,,,,,,,,,,,
1889,MAD-6215-170,MAD,6215 IPE,,6215,170,370,15,62,,,,,,,,,,,,,,,,,,,,,,
1890,MAD-6215-320,MAD,6215 IPE,,6215,320,370,15,62,,,,,,,,,,,,,,,,,,,,,,
1891,MAD-8108-100,MAD,8108 EEE,,8108,100,261,08,81,,,,,,,,,,,,,,,,,,,,,,
1892,MAD-8108-170,MAD,8108 EEE,,8108,170,262,08,81,,,,,,,,,,,,,,,,,,,,,,
1893,MAD-8112-100,MAD,8112 IPE,,8112,100,380,12,81,,,,,,,,,,,,,,,,,,,,,,
1894,MAD-8116-100,MAD,8116 EEE,,8116,100,460,16,81,,,,,,,,,,,,,,,,,,,,,,
1895,MAD-8118-80,MAD,8118 EEE,,8118,80,625,18,81,,,,,,,,,,,,,,,,,,,,,,
1896,MAD-8118-100,MAD,8118 EEE,,8118,100,625,18,81,,,,,,,,,,,,,,,,,,,,,,
1897,MAD-8318-100,MAD,8318 IPE,,8318,100,661,18,83,,,,,,,,,,,,,,,,,,,,,,
1898,MAD-8318-120,MAD,8318 IPE,,8318,120,653,18,83,,,,,,,,,,,,,,,,,,,,,,
1899,MAD--34,MAD,TORQ M50C35 PRO EEE,,,34,4200,,,,,,,,,,,,,,,,,,,,,,,,
1900,MAD--40,MAD,TORQ M50C35 PRO EEE,,,40,4200,,,,,,,,,,,,,,,,,,,,,,,,
1901,MAD--43,MAD,TORQ M40C30 PRO IPE,,,43,3460,,,,,,,,,,,,,,,,,,,,,,,,
1902,MAD--50,MAD,TORQ M40C30 IPE PARAMOTOR,,,50,3460,,,,,,,,,,,,,,,,,,,,,,,,
1903,MAD--80,MAD,TORQ M20 IPE,,,80,1028,,,,,,,,,,,,,,,,,,,,,,,,
1904,MAD--85,MAD,M8 IPE V2,,,85,280,,,,,,,,,,,,,,,,,,,,,,,,
1905,MAD--90,MAD,M10,,,90,570,,,,,,,,,,,,,,,,,,,,,,,,
1906,MAD--100,MAD,M10,,,100,570,,,,,,,,,,,,,,,,,,,,,,,,
1907,MAD--110,MAD,M17,,,110,857,,,,,,,,,,,,,,,,,,,,,,,,
1908,MAD--120,MAD,M10 IPE ANGULAR CONTACT BALL BEARING VERSION,,,120,614,,,,,,,,,,,,,,,,,,,,,,,,
1909,MAD--130,MAD,ANTIMATTER M6C08 EEE,,,130,199,,,,,,,,,,,,,,,,,,,,,,,,
1910,MAD--140,MAD,ANTIMATTER M6C06 EEE,,,140,155,,,,,,,,,,,,,,,,,,,,,,,,
1911,MAD--150,MAD,ANTIMATTER M6C10 EEE,,,150,217,,,,,,,,,,,,,,,,,,,,,,,,
1912,MAD--170,MAD,ANTIMATTER M6C12 EEE,,,170,234,,,,,,,,,,,,,,,,,,,,,,,,
1913,MAD--180,MAD,ANTIMATTER M6C08 EEE,,,180,197,,,,,,,,,,,,,,,,,,,,,,,,
1914,MAD--200,MAD,ANTIMATTER M6C10 EEE,,,200,217,,,,,,,,,,,,,,,,,,,,,,,,
1915,MAD--210,MAD,V62 VTOL,,,210,271,,,,,,,,,,,,,,,,,,,,,,,,
1916,MAD--220,MAD,ANTIMATTER M6C06 EEE,,,220,153,,,,,,,,,,,,,,,,,,,,,,,,
1917,MAD--260,MAD,ANTIMATTER M6C08 EEE,,,260,196,,,,,,,,,,,,,,,,,,,,,,,,
1918,MAD--280,MAD,ANTIMATTER M6C12 IPE,,,280,273,,,,,,,,,,,,,,,,,,,,,,,,
1919,MAD--300,MAD,M6 C15,,,300,330,,,,,,,,,,,,,,,,,,,,,,,,
1920,MAD--320,MAD,ANTIMATTER M6C06 EEE,,,320,158,,,,,,,,,,,,,,,,,,,,,,,,
1921,MAD--330,MAD,M6 C18,,,330,380,,,,,,,,,,,,,,,,,,,,,,,,
1922,MAD--400,MAD,ANTIMATTER M6C12 IPE,,,400,275,,,,,,,,,,,,,,,,,,,,,,,,
1923,MB-2207-2450,MB,PRIMO 2207,,2207,2450,30,07,22,,,,,,,,,,,,,,,,,,,,,,
1924,MB-2207-2550,MB,PRIMO 2207,,2207,2550,30,07,22,,,,,,,,,,,,,,,,,,,,,,
1925,MB-2207-2650,MB,PRIMO 2207,,2207,2650,30,07,22,,,,,,,,,,,,,,,,,,,,,,
1926,MB-2208-1750,MB,PRIMO 2208,,2208,1750,33.1,08,22,,,,,,,,,,,,,,,,,,,,,,
1927,MB-2208-1950,MB,PRIMO 2208,,2208,1950,33.1,08,22,,,,,,,,,,,,,,,,,,,,,,
1928,MB-2208-2150,MB,PRIMO 2208,,2208,2150,33.1,08,22,,,,,,,,,,,,,,,,,,,,,,
1929,MB-2208-2350,MB,PRIMO 2208,,2208,2350,33.1,08,22,,,,,,,,,,,,,,,,,,,,,,
1930,MB-2208-2550,MB,PRIMO 2208,,2208,2550,33.1,08,22,,,,,,,,,,,,,,,,,,,,,,
1931,MB-2410-1750,MB,PRIMO 2410,,2410,1750,,10,24,,,,,,,,,,,,,,,,,,,,,,
1932,MB-2410-1950,MB,PRIMO 2410,,2410,1950,,10,24,,,,,,,,,,,,,,,,,,,,,,
1933,MB-2410-2150,MB,PRIMO 2410,,2410,2150,,10,24,,,,,,,,,,,,,,,,,,,,,,
1934,MB-4008-600,MB,TIGER 4008,,4008,600,108,08,40,,,,,,,,,,,,,,,,,,,,,,
1935,NEWB-0802-14000,NEWBEEDRONE,0802 EXPRESSO,,0802,14000,2.08,02,08,,,,,,,,,,,,,,,,,,,,,,
1936,NEWB-0802-18000,NEWBEEDRONE,0802,,0802,18000,2.05,02,08,,,,,,,,,,,,,,,,,,,,,,
1937,NEWB-0802-20000,NEWBEEDRONE,PLAID 0802,,0802,20000,,02,08,,,,,,,,,,,,,,,,,,,,,,
1938,NEWB-1408-2350,NEWBEEDRONE,FLOW 1408,,1408,2350,9.5,08,14,,,,,,,,,,,,,,,,,,,,,,
1939,NEWB-1408-4150,NEWBEEDRONE,FLOW 1408,,1408,4150,9.5,08,14,,,,,,,,,,,,,,,,,,,,,,
1940,NEWB-2004-1750,NEWBEEDRONE,FLOW 2004,,2004,1750,16.8,04,20,,,,,,,,,,,,,,,,,,,,,,
1941,NEWB-2004-2450,NEWBEEDRONE,FLOW 2004,,2004,2450,16.8,04,20,,,,,,,,,,,,,,,,,,,,,,
1942,NEWB-2306-1750,NEWBEEDRONE,SMOOV 2306,,2306,1750,33,06,23,,,,,,,,,,,,,,,,,,,,,,
1943,NEWB-2306-2450,NEWBEEDRONE,SMOOV 2306,,2306,2450,33,06,23,,,,,,,,,,,,,,,,,,,,,,
1944,"NEWB-2306,5-1850",NEWBEEDRONE,"FLOW 2306,5",,2306.5,1850,33.6,",5",23,,,,,,,,,,,,,,,,,,,,,,
1945,"NEWB-2306,5-2450",NEWBEEDRONE,"FLOW 2306,5",,2306.5,2450,33.6,",5",23,,,,,,,,,,,,,,,,,,,,,,
1946,PROT-2204-3040,PROTON-X,2204,,2204,3040,21.2,04,22,,,,,,,,,,,,,,,,,,,,,,
1947,PROT-2206-2650,PROTON-X,2206,,2206,2650,5.2,06,22,,,,,,,,,,,,,,,,,,,,,,
1948,"PYRO-1103,5-8022",PYRODRONE,"HYPERLIGHT 1103,5",,1103.5,8022,7.8,",5",11,,,,,,,,,,,,,,,,,,,,,,
1949,"PYRO-1103,5-12022",PYRODRONE,"HYPERLIGHT 1103,5",,1103.5,12022,5.2,",5",11,,,,,,,,,,,,,,,,,,,,,,
1950,PYRO-1106-5122,PYRODRONE,HYPERLIGHT 1106,,1106,5122,7.8,06,11,,,,,,,,,,,,,,,,,,,,,,
1951,PYRO-1106-7122,PYRODRONE,HYPERLIGHT 1106,,1106,7122,7.8,06,11,,,,,,,,,,,,,,,,,,,,,,
1952,"PYRO-1204,5-5022",PYRODRONE,"HYPERLIGHT 1204,5",,1204.5,5022,6.8,",5",12,,,,,,,,,,,,,,,,,,,,,,
1953,"PYRO-1204,5-8022",PYRODRONE,"HYPERLIGHT 1204,5",,1204.5,8022,6.8,",5",12,,,,,,,,,,,,,,,,,,,,,,
1954,"PYRO-1303,5-5022",PYRODRONE,"HYPERLIGHT 1303,5",,1303.5,5022,6.9,",5",13,,,,,,,,,,,,,,,,,,,,,,
1955,"PYRO-1303,5-8022",PYRODRONE,"HYPERLIGHT 1303,5",,1303.5,8022,6.9,",5",13,,,,,,,,,,,,,,,,,,,,,,
1956,"PYRO-1404,5-2722",PYRODRONE,"HYPERLIGHT 1404,5",,1404.5,2722,10.9,",5",14,,,,,,,,,,,,,,,,,,,,,,
1957,"PYRO-1404,5-3622",PYRODRONE,"HYPERLIGHT 1404,5",,1404.5,3622,10.9,",5",14,,,,,,,,,,,,,,,,,,,,,,
1958,"PYRO-1404,5-4522",PYRODRONE,"HYPERLIGHT 1404,5",,1404.5,4522,10.9,",5",14,,,,,,,,,,,,,,,,,,,,,,
1959,PYRO-1407-3022,PYRODRONE,HYPERLIGHT 1407,,1407,3022,,07,14,,,,,,,,,,,,,,,,,,,,,,
1960,PYRO-1408-2722,PYRODRONE,HYPERLIGHT 1408,,1408,2722,15.5,08,14,,,,,,,,,,,,,,,,,,,,,,
1961,PYRO-1408-3022,PYRODRONE,HYPERLIGHT 1408,,1408,3022,15.5,08,14,,,,,,,,,,,,,,,,,,,,,,
1962,PYRO-1408-3622,PYRODRONE,HYPERLIGHT 1408,,1408,3622,15.5,08,14,,,,,,,,,,,,,,,,,,,,,,
1963,PYRO-1408-4022,PYRODRONE,HYPERLIGHT 1408,,1408,4022,15.5,08,14,,,,,,,,,,,,,,,,,,,,,,
1964,"PYRO-1804,5-1922",PYRODRONE,"HYPERLIGHT 1804,5",,1804.5,1922,14.5,",5",18,,,,,,,,,,,,,,,,,,,,,,
1965,"PYRO-1804,5-2522",PYRODRONE,"HYPERLIGHT 1804,5",,1804.5,2522,14.5,",5",18,,,,,,,,,,,,,,,,,,,,,,
1966,"PYRO-1804,5-3022",PYRODRONE,"HYPERLIGHT 1804,5",,1804.5,3022,14.5,",5",18,,,,,,,,,,,,,,,,,,,,,,
1967,PYRO-2204-1722,PYRODRONE,HYPERLIGHT 2204,,2204,1722,20.5,04,22,,,,,,,,,,,,,,,,,,,,,,
1968,PYRO-2204-2522,PYRODRONE,HYPERLIGHT 2204,,2204,2522,20.5,04,22,,,,,,,,,,,,,,,,,,,,,,
1969,PYRO-2204-2722,PYRODRONE,HYPERLIGHT 2204,,2204,2722,20.5,04,22,,,,,,,,,,,,,,,,,,,,,,
1970,PYRO-2204-3022,PYRODRONE,HYPERLIGHT 2204,,2204,3022,20.5,04,22,,,,,,,,,,,,,,,,,,,,,,
1971,"PYRO-2205,5-1722",PYRODRONE,"HYPERLIGHT 2205,5",,2205.5,1722,24.5,",5",22,,,,,,,,,,,,,,,,,,,,,,
1972,"PYRO-2205,5-1922",PYRODRONE,"HYPERLIGHT 2205,5",,2205.5,1922,24.5,",5",22,,,,,,,,,,,,,,,,,,,,,,
1973,"PYRO-2205,5-2522",PYRODRONE,"HYPERLIGHT 2205,5",,2205.5,2522,24.5,",5",22,,,,,,,,,,,,,,,,,,,,,,
1974,"PYRO-2205,5-2722",PYRODRONE,"HYPERLIGHT 2205,5",,2205.5,2722,24.5,",5",22,,,,,,,,,,,,,,,,,,,,,,
1975,"PYRO-2206,5-1722",PYRODRONE,"HYPERLIGHT 2206,5",,2206.5,1722,28.4,",5",22,,,,,,,,,,,,,,,,,,,,,,
1976,"PYRO-2206,5-1922",PYRODRONE,"HYPERLIGHT 2206,5",,2206.5,1922,28.4,",5",22,,,,,,,,,,,,,,,,,,,,,,
1977,"PYRO-2206,5-2522",PYRODRONE,"HYPERLIGHT 2206,5",,2206.5,2522,28.4,",5",22,,,,,,,,,,,,,,,,,,,,,,
1978,"PYRO-2206,5-2722",PYRODRONE,"HYPERLIGHT 2206,5",,2206.5,2722,28.4,",5",22,,,,,,,,,,,,,,,,,,,,,,
1979,"PYRO-2207,5-1722",PYRODRONE,"HYPERLIGHT 2207,5",,2207.5,1722,29.3,",5",22,,,,,,,,,,,,,,,,,,,,,,
1980,"PYRO-2207,5-1922",PYRODRONE,"HYPERLIGHT 2207,5",,2207.5,1922,29.3,",5",22,,,,,,,,,,,,,,,,,,,,,,
1981,"PYRO-2207,5-2222",PYRODRONE,"HYPERLIGHT 2207,5",,2207.5,2222,29.3,",5",22,,,,,,,,,,,,,,,,,,,,,,
1982,"PYRO-2207,5-2522",PYRODRONE,"HYPERLIGHT 2207,5",,2207.5,2522,29.3,",5",22,,,,,,,,,,,,,,,,,,,,,,
1983,"PYRO-2207,5-2722",PYRODRONE,"HYPERLIGHT 2207,5",,2207.5,2722,29.3,",5",22,,,,,,,,,,,,,,,,,,,,,,
1984,"PYRO-2208,5-1522",PYRODRONE,"HYPERLIGHT 2208,5",,2208.5,1522,32.8,",5",22,,,,,,,,,,,,,,,,,,,,,,
1985,"PYRO-2208,5-1722",PYRODRONE,"HYPERLIGHT 2208,5",,2208.5,1722,32.8,",5",22,,,,,,,,,,,,,,,,,,,,,,
1986,"PYRO-2208,5-2222",PYRODRONE,"HYPERLIGHT 2208,5",,2208.5,2222,32.8,",5",22,,,,,,,,,,,,,,,,,,,,,,
1987,"PYRO-2208,5-2522",PYRODRONE,"HYPERLIGHT 2208,5",,2208.5,2522,32.8,",5",22,,,,,,,,,,,,,,,,,,,,,,
1988,"PYRO-2306,5-1722",PYRODRONE,"HYPERLIGHT 2306,5",,2306.5,1722,33.7,",5",23,,,,,,,,,,,,,,,,,,,,,,
1989,"PYRO-2306,5-1922",PYRODRONE,"HYPERLIGHT 2306,5",,2306.5,1922,33.7,",5",23,,,,,,,,,,,,,,,,,,,,,,
1990,"PYRO-2306,5-2522",PYRODRONE,"HYPERLIGHT 2306,5",,2306.5,2522,33.7,",5",23,,,,,,,,,,,,,,,,,,,,,,
1991,PYRO-2307-1722,PYRODRONE,HYPERLIGHT 2307,,2307,1722,30.4,07,23,,,,,,,,,,,,,,,,,,,,,,
1992,PYRO-2307-2522,PYRODRONE,HYPERLIGHT 2307,,2307,2522,30.4,07,23,,,,,,,,,,,,,,,,,,,,,,
1993,PYRO-2405-1722,PYRODRONE,HYPERLIGHT 2405,,2405,1722,29,05,24,,,,,,,,,,,,,,,,,,,,,,
1994,"PYRO-2408,5-1322",PYRODRONE,"HYPERLIGHT 2408,5",,2408.5,1322,40,",5",24,,,,,,,,,,,,,,,,,,,,,,
1995,"PYRO-2408,5-1622",PYRODRONE,"HYPERLIGHT 2408,5",,2408.5,1622,40,",5",24,,,,,,,,,,,,,,,,,,,,,,
1996,"PYRO-2408,5-1922",PYRODRONE,"HYPERLIGHT 2408,5",,2408.5,1922,40,",5",24,,,,,,,,,,,,,,,,,,,,,,
1997,"PYRO-2408,5-2222",PYRODRONE,"HYPERLIGHT 2408,5",,2408.5,2222,40,",5",24,,,,,,,,,,,,,,,,,,,,,,
1998,"PYRO-2408,5-2522",PYRODRONE,"HYPERLIGHT 2408,5",,2408.5,2522,40,",5",24,,,,,,,,,,,,,,,,,,,,,,
1999,"PYRO-2807,5-1122",PYRODRONE,"HYPERLIGHT 2807,5",,2807.5,1122,55,",5",28,,,,,,,,,,,,,,,,,,,,,,
2000,"PYRO-2807,5-1322",PYRODRONE,"HYPERLIGHT 2807,5",,2807.5,1322,55,",5",28,,,,,,,,,,,,,,,,,,,,,,
2001,"PYRO-2807,5-1722",PYRODRONE,"HYPERLIGHT 2807,5",,2807.5,1722,55,",5",28,,,,,,,,,,,,,,,,,,,,,,
2002,RACE-0603-16000,RACERSTAR,BR0603B,,0603,16000,2,03,06,,,,,,,,,,,,,,,,,,,,,,
2003,RACE-0603-17000,RACERSTAR,BR0603C,,0603,17000,1.7,03,06,,,,,,,,,,,,,,,,,,,,,,
2004,RACE-0603-19000,RACERSTAR,BR0603C,,0603,19000,1.7,03,06,,,,,,,,,,,,,,,,,,,,,,
2005,RACE-0603-20000,RACERSTAR,BR0603B,,0603,20000,2,03,06,,,,,,,,,,,,,,,,,,,,,,
2006,RACE-0603-22000,RACERSTAR,BR0603C,,0603,22000,1.7,03,06,,,,,,,,,,,,,,,,,,,,,,
2007,RACE-0605-12000,RACERSTAR,BR0605B,,0605,12000,2.2,05,06,,,,,,,,,,,,,,,,,,,,,,
2008,RACE-0605-14000,RACERSTAR,BR0605B,,0605,14000,2.2,05,06,,,,,,,,,,,,,,,,,,,,,,
2009,RACE-0605-16000,RACERSTAR,BR0605B,,0605,16000,2.2,05,06,,,,,,,,,,,,,,,,,,,,,,
2010,RACE-0606-14000,RACERSTAR,BR0603B,,0606,14000,2,06,06,,,,,,,,,,,,,,,,,,,,,,
2011,RACE-0703-15000,RACERSTAR,BR0703,,0703,15000,2.2,03,07,,,,,,,,,,,,,,,,,,,,,,
2012,RACE-0703-17000,RACERSTAR,BR0703C,,0703,17000,2.2,03,07,,,,,,,,,,,,,,,,,,,,,,
2013,RACE-0703-19000,RACERSTAR,BR0703C,,0703,19000,2.2,03,07,,,,,,,,,,,,,,,,,,,,,,
2014,RACE-0703-20000,RACERSTAR,BR0703,,0703,20000,2.2,03,07,,,,,,,,,,,,,,,,,,,,,,
2015,RACE-0703-22000,RACERSTAR,BR0703C,,0703,22000,2.2,03,07,,,,,,,,,,,,,,,,,,,,,,
2016,RACE-0705-12000,RACERSTAR,BR0705,,0705,12000,2.5,05,07,,,,,,,,,,,,,,,,,,,,,,
2017,RACE-0705-15000,RACERSTAR,BR0705,,0705,15000,2.5,05,07,,,,,,,,,,,,,,,,,,,,,,
2018,RACE-0802-15000,RACERSTAR,BR0802,,0802,15000,2,02,08,,,,,,,,,,,,,,,,,,,,,,
2019,RACE-0802-19500,RACERSTAR,BR0802,,0802,19500,2,02,08,,,,,,,,,,,,,,,,,,,,,,
2020,RACE-0802-25000,RACERSTAR,BR0802,,0802,25000,2,02,08,,,,,,,,,,,,,,,,,,,,,,
2021,RACE-08028-12000,RACERSTAR,MAMBA 08028,,08028,12000,2.3,28,08,,,,,,,,,,,,,,,,,,,,,,
2022,RACE-08028-16000,RACERSTAR,MAMBA 08028,,08028,16000,2.3,28,08,,,,,,,,,,,,,,,,,,,,,,
2023,RACE-0804-10000,RACERSTAR,BR0804,,0804,10000,3.3,04,08,,,,,,,,,,,,,,,,,,,,,,
2024,RACE-0804-12000,RACERSTAR,BR0804,,0804,12000,3.3,04,08,,,,,,,,,,,,,,,,,,,,,,
2025,RACE-0806-8000,RACERSTAR,BR0806,,0806,8000,4.15,06,08,,,,,,,,,,,,,,,,,,,,,,
2026,RACE-0806-10000,RACERSTAR,BR0806,,0806,10000,4.15,06,08,,,,,,,,,,,,,,,,,,,,,,
2027,RACE-1103-8000,RACERSTAR,BR1103B,,1103,8000,3.7,03,11,,,,,,,,,,,,,,,,,,,,,,
2028,RACE-1103-10000,RACERSTAR,BR1103B,,1103,10000,3.7,03,11,,,,,,,,,,,,,,,,,,,,,,
2029,RACE-1104-4000,RACERSTAR,BR1104,,1104,4000,5.5,04,11,,,,,,,,,,,,,,,,,,,,,,
2030,RACE-1104-6500,RACERSTAR,BR1104,,1104,6500,5.5,04,11,,,,,,,,,,,,,,,,,,,,,,
2031,RACE-1104-7000,RACERSTAR,BR1104,,1104,7000,5.5,04,11,,,,,,,,,,,,,,,,,,,,,,
2032,RACE-1106-3800,RACERSTAR,BR1106,,1106,3800,6.5,06,11,,,,,,,,,,,,,,,,,,,,,,
2033,RACE-1106-6000,RACERSTAR,RT11 1106,,1106,6000,7.9,06,11,,,,,,,,,,,,,,,,,,,,,,
2034,RACE-1108-4000,RACERSTAR,BR1108,,1108,4000,8.5,08,11,,,,,,,,,,,,,,,,,,,,,,
2035,RACE-1108-6800,RACERSTAR,BR1108,,1108,6800,8.5,08,11,,,,,,,,,,,,,,,,,,,,,,
2036,RACE-1206-4500,RACERSTAR,BE1206,,1206,4500,,06,12,,,,,,,,,,,,,,,,,,,,,,
2037,RACE-1206-6000,RACERSTAR,BE1206,,1206,6000,,06,12,,,,,,,,,,,,,,,,,,,,,,
2038,RACE-1206-7500,RACERSTAR,BE1206,,1206,7500,,06,12,,,,,,,,,,,,,,,,,,,,,,
2039,RACE-1306-3100,RACERSTAR,BR1306,,1306,3100,11,06,13,,,,,,,,,,,,,,,,,,,,,,
2040,RACE-1306-4000,RACERSTAR,BR1306,,1306,4000,11,06,13,,,,,,,,,,,,,,,,,,,,,,
2041,RACE-1406-2600,RACERSTAR,BA1406,,1406,2600,15,06,14,,,,,,,,,,,,,,,,,,,,,,
2042,RACE-1407-3500,RACERSTAR,BR1407,,1407,3500,17,07,14,,,,,,,,,,,,,,,,,,,,,,
2043,RACE-1504-2300,RACERSTAR,BR1504,,1504,2300,9,04,15,,,,,,,,,,,,,,,,,,,,,,
2044,RACE-1507-2400,RACERSTAR,SPROG X 1507,,1507,2400,17.8,07,15,,,,,,,,,,,,,,,,,,,,,,
2045,RACE-1507-2800,RACERSTAR,BR1507,,1507,2800,17,07,15,,,,,,,,,,,,,,,,,,,,,,
2046,RACE-1507-3600,RACERSTAR,BR1507,,1507,3600,17,07,15,,,,,,,,,,,,,,,,,,,,,,
2047,RACE-1707-3000,RACERSTAR,BR1707S,,1707,3000,23,07,17,,,,,,,,,,,,,,,,,,,,,,
2048,RACE-1707-3700,RACERSTAR,BR1707S,,1707,3700,23,07,17,,,,,,,,,,,,,,,,,,,,,,
2049,RACE-1806-2280,RACERSTAR,BR1806,,1806,2280,20,06,18,,,,,,,,,,,,,,,,,,,,,,
2050,RACE-1811-2000,RACERSTAR,BR1811,,1811,2000,10,11,18,,,,,,,,,,,,,,,,,,,,,,
2051,RACE-1811-3800,RACERSTAR,BR1811,,1811,3800,10,11,18,,,,,,,,,,,,,,,,,,,,,,
2052,RACE-2204-2300,RACERSTAR,BR2204,,2204,2300,25,04,22,,,,,,,,,,,,,,,,,,,,,,
2053,RACE-2205-1722,RACERSTAR,BR2205S PRO,,2205,1722,29,05,22,,,,,,,,,,,,,,,,,,,,,,
2054,RACE-2205-2300,RACERSTAR,BR2205,,2205,2300,31,05,22,,,,,,,,,,,,,,,,,,,,,,
2055,RACE-2205-2600,RACERSTAR,BR2205,,2205,2600,31,05,22,,,,,,,,,,,,,,,,,,,,,,
2056,RACE-2205-2800,RACERSTAR,BR2205,,2205,2800,31,05,22,,,,,,,,,,,,,,,,,,,,,,
2057,RACE-2205-3000,RACERSTAR,BR2205S PRO,,2205,3000,29,05,22,,,,,,,,,,,,,,,,,,,,,,
2058,RACE-2206-1500,RACERSTAR,BA2206,,2206,1500,25,06,22,,,,,,,,,,,,,,,,,,,,,,
2059,RACE-2206-1900,RACERSTAR,BA2206,,2206,1900,25,06,22,,,,,,,,,,,,,,,,,,,,,,
2060,RACE-2206-2200,RACERSTAR,BR2206,,2206,2200,30,06,22,,,,,,,,,,,,,,,,,,,,,,
2061,RACE-2206-2300,RACERSTAR,SPROG X 2206,,2206,2300,36,06,22,,,,,,,,,,,,,,,,,,,,,,
2062,RACE-2207-1600,RACERSTAR,BR2207S,,2207,1600,35,07,22,,,,,,,,,,,,,,,,,,,,,,
2063,RACE-2207-1888,RACERSTAR,SIC 2207,,2207,1888,32,07,22,,,,,,,,,,,,,,,,,,,,,,
2064,RACE-2207-2200,RACERSTAR,BR2207S,,2207,2200,35,07,22,,,,,,,,,,,,,,,,,,,,,,
2065,RACE-2207-2388,RACERSTAR,SIC 2207,,2207,2388,32.5,07,22,,,,,,,,,,,,,,,,,,,,,,
2066,RACE-2207-2400,RACERSTAR,SPROG X 2207,,2207,2400,39,07,22,,,,,,,,,,,,,,,,,,,,,,
2067,RACE-2207-2500,RACERSTAR,BR2207S,,2207,2500,35,07,22,,,,,,,,,,,,,,,,,,,,,,
2068,RACE-2207-2688,RACERSTAR,SIC 2207,,2207,2688,33,07,22,,,,,,,,,,,,,,,,,,,,,,
2069,"RACE-2207,5-1850",RACERSTAR,"AIRC 2207,5",,2207.5,1850,38,",5",22,,,,,,,,,,,,,,,,,,,,,,
2070,"RACE-2207,5-2250",RACERSTAR,"AIRC 2207,5",,2207.5,2250,38,",5",22,,,,,,,,,,,,,,,,,,,,,,
2071,RACE-2208-1100,RACERSTAR,BR2208,,2208,1100,39,08,22,,,,,,,,,,,,,,,,,,,,,,
2072,RACE-2208-1400,RACERSTAR,BR2208,,2208,1400,39,08,22,,,,,,,,,,,,,,,,,,,,,,
2073,RACE-2208-1800,RACERSTAR,BR2208,,2208,1800,39,08,22,,,,,,,,,,,,,,,,,,,,,,
2074,RACE-2208-2600,RACERSTAR,BR2208,,2208,2600,39,08,22,,,,,,,,,,,,,,,,,,,,,,
2075,RACE-2211-1300,RACERSTAR,BR2211,,2211,1300,18,11,22,,,,,,,,,,,,,,,,,,,,,,
2076,RACE-2211-1700,RACERSTAR,BR2211,,2211,1700,18,11,22,,,,,,,,,,,,,,,,,,,,,,
2077,RACE-2211-2300,RACERSTAR,BR2211,,2211,2300,18,11,22,,,,,,,,,,,,,,,,,,,,,,
2078,RACE-2211-3000,RACERSTAR,BR2211,,2211,3000,18,11,22,,,,,,,,,,,,,,,,,,,,,,
2079,RACE-2212-920,RACERSTAR,BR2212,,2212,920,52,12,22,,,,,,,,,,,,,,,,,,,,,,
2080,RACE-2212-930,RACERSTAR,BR2212,,2212,930,52,12,22,,,,,,,,,,,,,,,,,,,,,,
2081,RACE-2212-980,RACERSTAR,BR2212,,2212,980,52,12,22,,,,,,,,,,,,,,,,,,,,,,
2082,RACE-2212-1000,RACERSTAR,BR2212,,2212,1000,52,12,22,,,,,,,,,,,,,,,,,,,,,,
2083,RACE-2212-1400,RACERSTAR,BR2212,,2212,1400,52,12,22,,,,,,,,,,,,,,,,,,,,,,
2084,RACE-2212-1800,RACERSTAR,BR2212,,2212,1800,52,12,22,,,,,,,,,,,,,,,,,,,,,,
2085,RACE-2212-2200,RACERSTAR,BR2212,,2212,2200,52,12,22,,,,,,,,,,,,,,,,,,,,,,
2086,RACE-2212-2450,RACERSTAR,BR2212,,2212,2450,52,12,22,,,,,,,,,,,,,,,,,,,,,,
2087,RACE-2216-810,RACERSTAR,BR2216,,2216,810,66,16,22,,,,,,,,,,,,,,,,,,,,,,
2088,RACE-2216-880,RACERSTAR,BA2216,,2216,880,68,16,22,,,,,,,,,,,,,,,,,,,,,,
2089,RACE-2216-1100,RACERSTAR,BA2216,,2216,1100,68,16,22,,,,,,,,,,,,,,,,,,,,,,
2090,RACE-2216-1250,RACERSTAR,BA2216,,2216,1250,68,16,22,,,,,,,,,,,,,,,,,,,,,,
2091,RACE-2216-1400,RACERSTAR,BA2216,,2216,1400,68,16,22,,,,,,,,,,,,,,,,,,,,,,
2092,RACE-2216-1800,RACERSTAR,BA2216,,2216,1800,68,16,22,,,,,,,,,,,,,,,,,,,,,,
2093,RACE-2216-2000,RACERSTAR,2216,,2216,2000,68,16,22,,,,,,,,,,,,,,,,,,,,,,
2094,RACE-2225-7000,RACERSTAR,BR2225,,2225,7000,28,25,22,,,,,,,,,,,,,,,,,,,,,,
2095,RACE-2302-1500,RACERSTAR,BA2302,,2302,1500,17.5,02,23,,,,,,,,,,,,,,,,,,,,,,
2096,RACE-2302-1650,RACERSTAR,BA2302,,2302,1650,17.5,02,23,,,,,,,,,,,,,,,,,,,,,,
2097,RACE-2302-1800,RACERSTAR,BA2302,,2302,1800,17.5,02,23,,,,,,,,,,,,,,,,,,,,,,
2098,RACE-2304-1850,RACERSTAR,BR2304,,2304,1850,21,04,23,,,,,,,,,,,,,,,,,,,,,,
2099,RACE-2305-1600,RACERSTAR,BA2305,,2305,1600,26,05,23,,,,,,,,,,,,,,,,,,,,,,
2100,RACE-2305-1850,RACERSTAR,BA2305,,2305,1850,26,05,23,,,,,,,,,,,,,,,,,,,,,,
2101,RACE-2305-2400,RACERSTAR,BR2305S,,2305,2400,30,05,23,,,,,,,,,,,,,,,,,,,,,,
2102,RACE-2305-2600,RACERSTAR,BR2305S,,2305,2600,30,05,23,,,,,,,,,,,,,,,,,,,,,,
2103,RACE-2306-1500,RACERSTAR,BA2306,,2306,1500,26,06,23,,,,,,,,,,,,,,,,,,,,,,
2104,RACE-2306-1600,RACERSTAR,F40 PRO 2306,,2306,1600,34.2,06,23,,,,,,,,,,,,,,,,,,,,,,
2105,RACE-2306-1722,RACERSTAR,BR2306S,,2306,1722,33.5,06,23,,,,,,,,,,,,,,,,,,,,,,
2106,RACE-2306-2300,RACERSTAR,BA2306,,2306,2300,26,06,23,,,,,,,,,,,,,,,,,,,,,,
2107,RACE-2306-2400,RACERSTAR,BR2306,,2306,2400,36,06,23,,,,,,,,,,,,,,,,,,,,,,
2108,RACE-2306-2700,RACERSTAR,BR2306,,2306,2700,36,06,23,,,,,,,,,,,,,,,,,,,,,,
2109,"RACE-2306,5-1650",RACERSTAR,"AIRC 2306,5",,2306.5,1650,35,",5",23,,,,,,,,,,,,,,,,,,,,,,
2110,"RACE-2306,5-2450",RACERSTAR,"AIRC 2306,5",,2306.5,2450,35,",5",23,,,,,,,,,,,,,,,,,,,,,,
2111,RACE-2307-2200,RACERSTAR,BR2307S,,2307,2200,36,07,23,,,,,,,,,,,,,,,,,,,,,,
2112,RACE-2307-2500,RACERSTAR,BR2307S,,2307,2500,36,07,23,,,,,,,,,,,,,,,,,,,,,,
2113,RACE-2312-960,RACERSTAR,BR2312,,2312,960,52,12,23,,,,,,,,,,,,,,,,,,,,,,
2114,RACE-2403-2300,RACERSTAR,BR2403,,2403,2300,25,03,24,,,,,,,,,,,,,,,,,,,,,,
2115,RACE-2405-1500,RACERSTAR,BA2405,,2405,1500,25,05,24,,,,,,,,,,,,,,,,,,,,,,
2116,RACE-2405-2600,RACERSTAR,BA2405,,2405,2600,25,05,24,,,,,,,,,,,,,,,,,,,,,,
2117,RACE-2435-4500,RACERSTAR,2435,,2435,4500,68,35,24,,,,,,,,,,,,,,,,,,,,,,
2118,RACE-2435-4800,RACERSTAR,2435,,2435,4800,63,35,24,,,,,,,,,,,,,,,,,,,,,,
2119,RACE-2435-6100,RACERSTAR,2435,,2435,6100,63,35,24,,,,,,,,,,,,,,,,,,,,,,
2120,RACE-2440-4000,RACERSTAR,2440,,2440,4000,68,40,24,,,,,,,,,,,,,,,,,,,,,,
2121,RACE-2440-4600,RACERSTAR,2440,,2440,4600,68,40,24,,,,,,,,,,,,,,,,,,,,,,
2122,RACE-2440-6080,RACERSTAR,2440,,2440,6080,68,40,24,,,,,,,,,,,,,,,,,,,,,,
2123,RACE-2445-3000,RACERSTAR,2445,,2445,3000,72,45,24,,,,,,,,,,,,,,,,,,,,,,
2124,RACE-2445-3600,RACERSTAR,2445,,2445,3600,72,45,24,,,,,,,,,,,,,,,,,,,,,,
2125,RACE-2445-5400,RACERSTAR,2445,,2445,5400,72,45,24,,,,,,,,,,,,,,,,,,,,,,
2126,RACE-2507-1800,RACERSTAR,BR2507S,,2507,1800,40,07,25,,,,,,,,,,,,,,,,,,,,,,
2127,RACE-2507-2400,RACERSTAR,BR2507S,,2507,2400,40,07,25,,,,,,,,,,,,,,,,,,,,,,
2128,RACE-2507-2700,RACERSTAR,BR2507S,,2507,2700,40,07,25,,,,,,,,,,,,,,,,,,,,,,
2129,RACE-2508-1200,RACERSTAR,AIRA 2508,,2508,1200,46,08,25,,,,,,,,,,,,,,,,,,,,,,
2130,RACE-2508-1275,RACERSTAR,BR2508S,,2508,1275,45,08,25,,,,,,,,,,,,,,,,,,,,,,
2131,RACE-2508-1700,RACERSTAR,AIRA 2508,,2508,1700,46,08,25,,,,,,,,,,,,,,,,,,,,,,
2132,RACE-2508-1772,RACERSTAR,BR2508S,,2508,1772,45,08,25,,,,,,,,,,,,,,,,,,,,,,
2133,RACE-2508-2522,RACERSTAR,BR2508S,,2508,2522,45,08,25,,,,,,,,,,,,,,,,,,,,,,
2134,RACE-2514-1498,RACERSTAR,AIRB 2514,,2514,1498,79.5,14,25,,,,,,,,,,,,,,,,,,,,,,
2135,RACE-2620-4600,RACERSTAR,BR2620,,2620,4600,40,20,26,,,,,,,,,,,,,,,,,,,,,,
2136,RACE-2627-3500,RACERSTAR,BR2627,,2627,3500,38,27,26,,,,,,,,,,,,,,,,,,,,,,
2137,RACE-2627-3700,RACERSTAR,B2627,,2627,3700,80,27,26,,,,,,,,,,,,,,,,,,,,,,
2138,RACE-2627-4200,RACERSTAR,BR2627,,2627,4200,38,27,26,,,,,,,,,,,,,,,,,,,,,,
2139,RACE-2627-4800,RACERSTAR,B2627,,2627,4800,80,27,26,,,,,,,,,,,,,,,,,,,,,,
2140,RACE-2630-1050,RACERSTAR,BR2630,,2630,1050,55,30,26,,,,,,,,,,,,,,,,,,,,,,
2141,RACE-2730-1300,RACERSTAR,D2730,,2730,1300,27,30,27,,,,,,,,,,,,,,,,,,,,,,
2142,RACE-2730-1700,RACERSTAR,D2730,,2730,1700,27,30,27,,,,,,,,,,,,,,,,,,,,,,
2143,RACE-2730-3000,RACERSTAR,D2730,,2730,3000,27,30,27,,,,,,,,,,,,,,,,,,,,,,
2144,RACE-2814-1000,RACERSTAR,BR2814,,2814,1000,106,14,28,,,,,,,,,,,,,,,,,,,,,,
2145,RACE-2814-1400,RACERSTAR,BR2814,,2814,1400,106,14,28,,,,,,,,,,,,,,,,,,,,,,
2146,RACE-2820-1000,RACERSTAR,BR2820,,2820,1000,130,20,28,,,,,,,,,,,,,,,,,,,,,,
2147,RACE-2820-1200,RACERSTAR,BR2820,,2820,1200,130,20,28,,,,,,,,,,,,,,,,,,,,,,
2148,RACE-2820-1650,RACERSTAR,BR2820,,2820,1650,130,20,28,,,,,,,,,,,,,,,,,,,,,,
2149,RACE-2826-1100,RACERSTAR,BR2826,,2826,1100,51,26,28,,,,,,,,,,,,,,,,,,,,,,
2150,RACE-2826-1290,RACERSTAR,BR2826,,2826,1290,51,26,28,,,,,,,,,,,,,,,,,,,,,,
2151,RACE-2830-900,RACERSTAR,BR2830,,2830,900,60.5,30,28,,,,,,,,,,,,,,,,,,,,,,
2152,RACE-2830-1000,RACERSTAR,BR2830,,2830,1000,60.5,30,28,,,,,,,,,,,,,,,,,,,,,,
2153,RACE-2830-1300,RACERSTAR,BR2830,,2830,1300,60.5,30,28,,,,,,,,,,,,,,,,,,,,,,
2154,RACE-2836-4000,RACERSTAR,B2836,,2836,4000,150,36,28,,,,,,,,,,,,,,,,,,,,,,
2155,RACE-2839-4000,RACERSTAR,B2839,,2839,4000,172,39,28,,,,,,,,,,,,,,,,,,,,,,
2156,RACE-2845-2800,RACERSTAR,2845,,2845,2800,125,45,28,,,,,,,,,,,,,,,,,,,,,,
2157,RACE-2845-3100,RACERSTAR,2845,,2845,3100,125,45,28,,,,,,,,,,,,,,,,,,,,,,
2158,RACE-2845-3900,RACERSTAR,2845,,2845,3900,125,45,28,,,,,,,,,,,,,,,,,,,,,,
2159,RACE-2845-3930,RACERSTAR,2845,,2845,3930,125,45,28,,,,,,,,,,,,,,,,,,,,,,
2160,RACE-2845-4370,RACERSTAR,2845,,2845,4370,125,45,28,,,,,,,,,,,,,,,,,,,,,,
2161,RACE-2845-5900,RACERSTAR,2845,,2845,5900,125,45,28,,,,,,,,,,,,,,,,,,,,,,
2162,RACE-2850-1900,RACERSTAR,B2850,,2850,1900,190,50,28,,,,,,,,,,,,,,,,,,,,,,
2163,RACE-2870-3000,RACERSTAR,B2870,,2870,3000,,70,28,,,,,,,,,,,,,,,,,,,,,,
2164,RACE-3505-580,RACERSTAR,BR3505,,3505,580,98,05,35,,,,,,,,,,,,,,,,,,,,,,
2165,RACE-3508-700,RACERSTAR,BR3508,,3508,700,98,08,35,,,,,,,,,,,,,,,,,,,,,,
2166,RACE-3536-950,RACERSTAR,BR3536,,3536,950,115,36,35,,,,,,,,,,,,,,,,,,,,,,
2167,RACE-3536-1200,RACERSTAR,BR3536,,3536,1200,115,36,35,,,,,,,,,,,,,,,,,,,,,,
2168,RACE-3650-2300,RACERSTAR,3650,,3650,2300,180,50,36,,,,,,,,,,,,,,,,,,,,,,
2169,RACE-3650-3900,RACERSTAR,3650,,3650,3900,180,50,36,,,,,,,,,,,,,,,,,,,,,,
2170,RACE-3650-4300,RACERSTAR,3650,,3650,4300,180,50,36,,,,,,,,,,,,,,,,,,,,,,
2171,RACE-3650-5900,RACERSTAR,3650,,3650,5900,180,50,36,,,,,,,,,,,,,,,,,,,,,,
2172,RACE-3660-2600,RACERSTAR,3660,,3660,2600,195,60,36,,,,,,,,,,,,,,,,,,,,,,
2173,RACE-3660-3300,RACERSTAR,3660,,3660,3300,195,60,36,,,,,,,,,,,,,,,,,,,,,,
2174,RACE-3660-3800,RACERSTAR,3660,,3660,3800,195,60,36,,,,,,,,,,,,,,,,,,,,,,
2175,RACE-3670-1900,RACERSTAR,3670,,3670,1900,275,70,36,,,,,,,,,,,,,,,,,,,,,,
2176,RACE-3670-2150,RACERSTAR,3670,,3670,2150,275,70,36,,,,,,,,,,,,,,,,,,,,,,
2177,RACE-3670-2650,RACERSTAR,3670,,3670,2650,275,70,36,,,,,,,,,,,,,,,,,,,,,,
2178,RACE-4068-1700,RACERSTAR,4068,,4068,1700,345,68,40,,,,,,,,,,,,,,,,,,,,,,
2179,RACE-4068-1900,RACERSTAR,4068,,4068,1900,345,68,40,,,,,,,,,,,,,,,,,,,,,,
2180,RACE-4068-2050,RACERSTAR,4068,,4068,2050,345,68,40,,,,,,,,,,,,,,,,,,,,,,
2181,RACE-4068-2650,RACERSTAR,4068,,4068,2650,345,68,40,,,,,,,,,,,,,,,,,,,,,,
2182,RACE-4076-1700,RACERSTAR,4076,,4076,1700,405,76,40,,,,,,,,,,,,,,,,,,,,,,
2183,RACE-4076-2000,RACERSTAR,4076,,4076,2000,405,76,40,,,,,,,,,,,,,,,,,,,,,,
2184,RACE-4076-2250,RACERSTAR,4076,,4076,2250,405,76,40,,,,,,,,,,,,,,,,,,,,,,
2185,RACE-4108-380,RACERSTAR,BR4108,,4108,380,92,08,41,,,,,,,,,,,,,,,,,,,,,,
2186,RACE-4108-600,RACERSTAR,BR4108,,4108,600,92,08,41,,,,,,,,,,,,,,,,,,,,,,
2187,RACE-4114-340,RACERSTAR,BR4114,,4114,340,142,14,41,,,,,,,,,,,,,,,,,,,,,,
2188,RACE-4114-400,RACERSTAR,BR4114,,4114,400,142,14,41,,,,,,,,,,,,,,,,,,,,,,
2189,RACE-4250-800,RACERSTAR,BR4250,,4250,800,210,50,42,,,,,,,,,,,,,,,,,,,,,,
2190,RACE-5045-200,RACERSTAR,BRH5045,,5045,200,340,45,50,,,,,,,,,,,,,,,,,,,,,,
2191,RACE-5060-280,RACERSTAR,BRD5060,,5060,280,458,60,50,,,,,,,,,,,,,,,,,,,,,,
2192,RACE-5065-140,RACERSTAR,BRH5065,,5065,140,480,65,50,,,,,,,,,,,,,,,,,,,,,,
2193,RACE-5065-200,RACERSTAR,BRH5065,,5065,200,480,65,50,,,,,,,,,,,,,,,,,,,,,,
2194,RACE-5210-340,RACERSTAR,BR5210,,5210,340,210,10,52,,,,,,,,,,,,,,,,,,,,,,
2195,RACE-540-,RACERSTAR,540,,0540,,183,40,54,,,,,,,,,,,,,,,,,,,,,,
2196,RACE-6368-280,RACERSTAR,BRH6368,,6368,280,745,68,63,,,,,,,,,,,,,,,,,,,,,,
2197,RACE--3000,RACERSTAR,F540,,,3000,,,,,,,,,,,,,,,,,,,,,,,,,
2198,RACE--3300,RACERSTAR,F540,,,3300,,,,,,,,,,,,,,,,,,,,,,,,,
2199,RACE--3930,RACERSTAR,F540,,,3930,,,,,,,,,,,,,,,,,,,,,,,,,
2200,RACE--4370,RACERSTAR,F540,,,4370,,,,,,,,,,,,,,,,,,,,,,,,,
2201,RCIN-1202-11500,RCINPOWER,GTS 1202 PLUS,V2,1202,11500,4.3,02,12,,,,,,,,,,,,,,,,,,,,,,
2202,RCIN-1204-5000,RCINPOWER,GTS 1204,V2,1204,5000,6,04,12,,,,,,,,,,,,,,,,,,,,,,
2203,RCIN-1507-3800,RCINPOWER,SMOOX PLUS 1507,,1507,3800,16.8,07,15,,,,,,,,,,,,,,,,,,,,,,
2204,RCIN-1507-4200,RCINPOWER,SMOOX PLUS 1507,,1507,4200,16.8,07,15,,,,,,,,,,,,,,,,,,,,,,
2205,RCIN-2105-1850,RCINPOWER,GTS2105,,2105,1850,20,05,21,,,,,,,,,,,,,,,,,,,,,,
2206,RCIN-2107-1980,RCINPOWER,GTS 2107 PLUS,V3,2107,1980,29,07,21,,,,,,,,,,,,,,,,,,,,,,
2207,RCIN-2205-1800,RCINPOWER,BISSON 2205,V1,2205,1800,33,05,22,32.7,27.7,5,13,Ecrou,Non,4 Vis,16,6S,22.2V,300MM,,5 Inch,Multicopter,79,,,,,,,
2208,RCIN-2205-2500,RCINPOWER,BISSON 2205,V1,2205,2500,33,05,22,32.7,27.7,5,13,Ecrou,Non,4 Vis,16,4S,14.8V,300MM,,5 Inch,Multicopter,55,,,,,,,
2209,RCIN-2206-1860,RCINPOWER,"WASP MAJOR 22,6-6,6",,2206,1860,30.5,06,22,,,,,,,,,,,,,,,,,,,,,,
2210,RCIN-2206-2020,RCINPOWER,"WASP MAJOR 22,6-6,6",,2206,2020,30.5,06,22,,,,,,,,,,,,,,,,,,,,,,
2211,RCIN-2206-2420,RCINPOWER,"WASP MAJOR 22,6-6,6",,2206,2420,30.5,06,22,,,,,,,,,,,,,,,,,,,,,,
2212,RCIN-2207-1860,RCINPOWER,GTS 2207 PLUS,V2,2207,1860,31.5,07,22,,,,,,,,,,,,,,,,,,,,,,
2213,RCIN-2207-2550,RCINPOWER,GTS 2207 PLUS,V2,2207,2550,31.5,07,22,,,,,,,,,,,,,,,,,,,,,,
2214,RCIN-2306-1880,RCINPOWER,SMOOX 2306 PLUS,,2306,1880,33,06,23,,,,,,,,,,,,,,,,,,,,,,
2215,RCIN-2306-2580,RCINPOWER,SMOOX 2306 PLUS,,2306,2580,33,06,23,,,,,,,,,,,,,,,,,,,,,,
2216,"RCIN-2306,5-1880",RCINPOWER,"SMOOX 2306,5",,2306.5,1880,33,",5",23,,,,,,,,,,,,,,,,,,,,,,
2217,"RCIN-2306,5-2580",RCINPOWER,"SMOOX 2306,5",,2306.5,2580,33,",5",23,,,,,,,,,,,,,,,,,,,,,,
2218,"RCIN-2306,5-2680",RCINPOWER,"SMOOX 2306,5",,2306.5,2680,33,",5",23,,,,,,,,,,,,,,,,,,,,,,
2219,"RCIN-2806,5-1350",RCINPOWER,"SMOOX 2806,5",,2806.5,1350,47,",5",28,,,,,,,,,,,,,,,,,,,,,,
2220,"RCIN-2806,5-1750",RCINPOWER,"SMOOX 2806,5",,2806.5,1750,47,",5",28,,,,,,,,,,,,,,,,,,,,,,
2221,RCIN-4715-360,RCINPOWER,GTS4715,,4715,360,275,15,47,,,,,,,,,,,,,,,,,,,,,,
2222,RCIN-4715-490,RCINPOWER,GTS4715,,4715,490,275,15,47,,,,,,,,,,,,,,,,,,,,,,
2223,RCIN-4715-650,RCINPOWER,GTS4715,,4715,650,275,15,47,,,,,,,,,,,,,,,,,,,,,,
2224,RCTI-1104-6500,RCTIMER,1104,,1104,6500,5.6,04,11,,,,,,,,,,,,,,,,,,,,,,
2225,RCTI-1306-3100,RCTIMER,SL1306,,1306,3100,13,06,13,,,,,,,,,,,,,,,,,,,,,,
2226,RCTI-1410-4000,RCTIMER,HP1410,,1410,4000,5,10,14,,,,,,,,,,,,,,,,,,,,,,
2227,RCTI-1804-2300,RCTIMER,SL1804,,1804,2300,16,04,18,,,,,,,,,,,,,,,,,,,,,,
2228,RCTI-1806-1450,RCTIMER,1806,,1806,1450,18,06,18,,,,,,,,,,,,,,,,,,,,,,
2229,RCTI-1806-2300,RCTIMER,1806,,1806,2300,18,06,18,,,,,,,,,,,,,,,,,,,,,,
2230,RCTI-2204-1400,RCTIMER,2204,,2204,1400,22,04,22,,,,,,,,,,,,,,,,,,,,,,
2231,RCTI-2204-2400,RCTIMER,FR2204,,2204,2400,23.5,04,22,,,,,,,,,,,,,,,,,,,,,,
2232,RCTI-2205-2300,RCTIMER,FR2205,,2205,2300,29,05,22,,,,,,,,,,,,,,,,,,,,,,
2233,RCTI-2205-2550,RCTIMER,FR2205,,2205,2550,29,05,22,,,,,,,,,,,,,,,,,,,,,,
2234,RCTI-2206-2100,RCTIMER,FR2206,,2206,2100,36.5,06,22,,,,,,,,,,,,,,,,,,,,,,
2235,RCTI-2206-2300,RCTIMER,FR2206,,2206,2300,36.5,06,22,,,,,,,,,,,,,,,,,,,,,,
2236,RCTI-2208-1100,RCTIMER,2208,,2208,1100,38,08,22,,,,,,,,,,,,,,,,,,,,,,
2237,RCTI-2208-1450,RCTIMER,2208,,2208,1450,38,08,22,,,,,,,,,,,,,,,,,,,,,,
2238,RCTI-2208-1800,RCTIMER,2208,,2208,1800,38,08,22,,,,,,,,,,,,,,,,,,,,,,
2239,RCTI-2208-2600,RCTIMER,2208,,2208,2600,38,08,22,,,,,,,,,,,,,,,,,,,,,,
2240,RCTI-221-930,RCTIMER,BC2212,,0221,930,50,21,22,,,,,,,,,,,,,,,,,,,,,,
2241,RCTI-2212-105,RCTIMER,GBM2212,,2212,105,66,12,22,,,,,,,,,,,,,,,,,,,,,,
2242,RCTI-2212-880,RCTIMER,HP2212,,2212,880,7,12,22,,,,,,,,,,,,,,,,,,,,,,
2243,RCTI-2212-920,RCTIMER,SL2212,,2212,920,48,12,22,,,,,,,,,,,,,,,,,,,,,,
2244,RCTI-2212-1000,RCTIMER,BC2212,,2212,1000,50,12,22,,,,,,,,,,,,,,,,,,,,,,
2245,RCTI-2212-1400,RCTIMER,BC2212,,2212,1400,50,12,22,,,,,,,,,,,,,,,,,,,,,,
2246,RCTI-2212-2200,RCTIMER,BC2212,,2212,2200,50,12,22,,,,,,,,,,,,,,,,,,,,,,
2247,RCTI-2214-920,RCTIMER,MT2214,,2214,920,55,14,22,,,,,,,,,,,,,,,,,,,,,,
2248,RCTI-2217-800,RCTIMER,HP2217,,2217,800,,17,22,,,,,,,,,,,,,,,,,,,,,,
2249,RCTI-2217-930,RCTIMER,HP2217,,2217,930,,17,22,,,,,,,,,,,,,,,,,,,,,,
2250,RCTI-2217-1200,RCTIMER,HP2217,,2217,1200,,17,22,,,,,,,,,,,,,,,,,,,,,,
2251,RCTI-2306-2100,RCTIMER,FR2306,,2306,2100,36,06,23,,,,,,,,,,,,,,,,,,,,,,
2252,RCTI-2306-2300,RCTIMER,FR2306,,2306,2300,36,06,23,,,,,,,,,,,,,,,,,,,,,,
2253,RCTI-2306-2650,RCTIMER,FR2306,,2306,2650,36,06,23,,,,,,,,,,,,,,,,,,,,,,
2254,RCTI-2308-2000,RCTIMER,FR2308,,2308,2000,39,08,23,,,,,,,,,,,,,,,,,,,,,,
2255,RCTI-2608-130,RCTIMER,GBM2608,,2608,130,40,08,26,,,,,,,,,,,,,,,,,,,,,,
2256,RCTI-2610-920,RCTIMER,MT2610,,2610,920,54,10,26,,,,,,,,,,,,,,,,,,,,,,
2257,RCTI-2804-145,RCTIMER,GBM2804,,2804,145,41.4,04,28,,,,,,,,,,,,,,,,,,,,,,
2258,RCTI-2805-2840,RCTIMER,CF2805,,2805,2840,32,05,28,,,,,,,,,,,,,,,,,,,,,,
2259,RCTI-2812-1534,RCTIMER,CF2812,,2812,1534,50,12,28,,,,,,,,,,,,,,,,,,,,,,
2260,RCTI-2814-710,RCTIMER,HP2814,,2814,710,100,14,28,,,,,,,,,,,,,,,,,,,,,,
2261,RCTI-2814-810,RCTIMER,HP2814,,2814,810,100,14,28,,,,,,,,,,,,,,,,,,,,,,
2262,RCTI-2814-980,RCTIMER,HP2814,,2814,980,100,14,28,,,,,,,,,,,,,,,,,,,,,,
2263,RCTI-2822-1200,RCTIMER,CF2822,,2822,1200,50,22,28,,,,,,,,,,,,,,,,,,,,,,
2264,RCTI-2826-2200,RCTIMER,BC2826,,2826,2200,50,26,28,,,,,,,,,,,,,,,,,,,,,,
2265,RCTI-2830-750,RCTIMER,BC2830,,2830,750,52,30,28,,,,,,,,,,,,,,,,,,,,,,
2266,RCTI-2830-850,RCTIMER,2830,,2830,850,52,30,28,,,,,,,,,,,,,,,,,,,,,,
2267,RCTI-2830-1000,RCTIMER,BC2830,,2830,1000,52,30,28,,,,,,,,,,,,,,,,,,,,,,
2268,RCTI-2830-1300,RCTIMER,BC2830,,2830,1300,52,30,28,,,,,,,,,,,,,,,,,,,,,,
2269,RCTI-2836-750,RCTIMER,BC2836,,2836,750,70,36,28,,,,,,,,,,,,,,,,,,,,,,
2270,RCTI-2836-880,RCTIMER,BC2836,,2836,880,70,36,28,,,,,,,,,,,,,,,,,,,,,,
2271,RCTI-2836-1120,RCTIMER,BC2836,,2836,1120,70,36,28,,,,,,,,,,,,,,,,,,,,,,
2272,RCTI-2836-1500,RCTIMER,BC2836,,2836,1500,70,36,28,,,,,,,,,,,,,,,,,,,,,,
2273,RCTI-3530-1100,RCTIMER,A3530,,3530,1100,74,30,35,,,,,,,,,,,,,,,,,,,,,,
2274,RCTI-3530-1400,RCTIMER,A3530,,3530,1400,74,30,35,,,,,,,,,,,,,,,,,,,,,,
2275,RCTI-3530-1700,RCTIMER,A3530,,3530,1700,74,30,35,,,,,,,,,,,,,,,,,,,,,,
2276,RCTI-3536-910,RCTIMER,A3536,,3536,910,102,36,35,,,,,,,,,,,,,,,,,,,,,,
2277,RCTI-3536-1000,RCTIMER,A3536,,3536,1000,102,36,35,,,,,,,,,,,,,,,,,,,,,,
2278,RCTI-3536-1250,RCTIMER,A3536,,3536,1250,102,36,35,,,,,,,,,,,,,,,,,,,,,,
2279,RCTI-3536-1450,RCTIMER,A3536,,3536,1450,102,36,35,,,,,,,,,,,,,,,,,,,,,,
2280,RCTI-3542-1000,RCTIMER,BC3542,,3542,1000,130,42,35,,,,,,,,,,,,,,,,,,,,,,
2281,RCTI-3542-1250,RCTIMER,A3542,,3542,1250,130,42,35,,,,,,,,,,,,,,,,,,,,,,
2282,RCTI-3542-1450,RCTIMER,A3542,,3542,1450,130,42,35,,,,,,,,,,,,,,,,,,,,,,
2283,RCTI-3548-100,RCTIMER,A3548,,3548,100,156,48,35,,,,,,,,,,,,,,,,,,,,,,
2284,RCTI-3548-790,RCTIMER,BC3548,,3548,790,156,48,35,,,,,,,,,,,,,,,,,,,,,,
2285,RCTI-3548-900,RCTIMER,BC3548,,3548,900,156,48,35,,,,,,,,,,,,,,,,,,,,,,
2286,RCTI-3548-1100,RCTIMER,BC3548,,3548,1100,156,48,35,,,,,,,,,,,,,,,,,,,,,,
2287,RCTI-4108-46,RCTIMER,GBM4108,,4108,46,110,08,41,,,,,,,,,,,,,,,,,,,,,,
2288,RCTI-4108-480,RCTIMER,HP4108,,4108,480,120,08,41,,,,,,,,,,,,,,,,,,,,,,
2289,RCTI-4114-32,RCTIMER,GBM4114,,4114,32,110,14,41,,,,,,,,,,,,,,,,,,,,,,
2290,RCTI-4114-350,RCTIMER,HP4114,,4114,350,150,14,41,,,,,,,,,,,,,,,,,,,,,,
2291,RCTI-4114-400,RCTIMER,HP4114 PRO,,4114,400,150,14,41,,,,,,,,,,,,,,,,,,,,,,
2292,RCTI-4215-530,RCTIMER,M4215,,4215,530,73,15,42,,,,,,,,,,,,,,,,,,,,,,
2293,RCTI-4215-630,RCTIMER,HP4215,,4215,630,,15,42,,,,,,,,,,,,,,,,,,,,,,
2294,RCTI-4215-650,RCTIMER,4215,,4215,650,73,15,42,,,,,,,,,,,,,,,,,,,,,,
2295,RCTI-5010-90,RCTIMER,GBM5010,,5010,90,90,10,50,,,,,,,,,,,,,,,,,,,,,,
2296,RCTI-5010-260,RCTIMER,5010,,5010,260,92,10,50,,,,,,,,,,,,,,,,,,,,,,
2297,RCTI-5010-360,RCTIMER,5010,,5010,360,92,10,50,,,,,,,,,,,,,,,,,,,,,,
2298,RCTI-5010-530,RCTIMER,5010,,5010,530,92,10,50,,,,,,,,,,,,,,,,,,,,,,
2299,RCTI-5010-620,RCTIMER,5010,,5010,620,92,10,50,,,,,,,,,,,,,,,,,,,,,,
2300,RCTI-5208-80,RCTIMER,GBM5208,,5208,80,189,08,52,,,,,,,,,,,,,,,,,,,,,,
2301,RCTI-6008-45,RCTIMER,GBM6008,,6008,45,189,08,60,,,,,,,,,,,,,,,,,,,,,,
2302,RCTI-8108-20,RCTIMER,GBM8108,,8108,20,226,08,81,,,,,,,,,,,,,,,,,,,,,,
2303,RCTI-8108-135,RCTIMER,HP8108,,8108,135,239,08,81,,,,,,,,,,,,,,,,,,,,,,
2304,RCTI-8108-170,RCTIMER,HP8108,,8108,170,239,08,81,,,,,,,,,,,,,,,,,,,,,,
2305,RCTI--400,RCTIMER,X5,,,400,145,,,,,,,,,,,,,,,,,,,,,,,,
2306,RCTI--470,RCTIMER,X3,,,470,120,,,,,,,,,,,,,,,,,,,,,,,,
2307,RCTI--710,RCTIMER,X3,,,710,120,,,,,,,,,,,,,,,,,,,,,,,,
2308,RCX-2207-1700,RCX,LS2207,,2207,1700,50,07,22,,,,,,,,,,,,,,,,,,,,,,
2309,"REBE-2206,5-2360",REBEL,"PRO SERIES 2206,5",,2206.5,2360,,",5",22,,,,,,,,,,,,,,,,,,,,,,
2310,"REBE-2206,5-2500",REBEL,"PRO SERIES 2206,5",,2206.5,2500,,",5",22,,,,,,,,,,,,,,,,,,,,,,
2311,"REBE-2206,5-2600",REBEL,"PRO SERIES 2206,5",,2206.5,2600,,",5",22,,,,,,,,,,,,,,,,,,,,,,
2312,ROTO-1407-3200,ROTORGEEKS,7075 SERIES 1407,,1407,3200,13.5,07,14,,,,,,,,,,,,,,,,,,,,,,
2313,ROTO-1407-3600,ROTORGEEKS,7075 SERIES 1407,,1407,3600,13.5,07,14,,,,,,,,,,,,,,,,,,,,,,
2314,ROTO-1407-4000,ROTORGEEKS,7075 SERIES 1407,,1407,4000,13.5,07,14,,,,,,,,,,,,,,,,,,,,,,
2315,ROTO-2204-2300,ROTORGEEKS,7075 SERIES 2204,,2204,2300,25,04,22,,,,,,,,,,,,,,,,,,,,,,
2316,ROTO-2205-2400,ROTORGEEKS,7075 SERIES 2205,,2205,2400,26,05,22,,,,,,,,,,,,,,,,,,,,,,
2317,ROTO-2205-2700,ROTORGEEKS,7075 SERIES 2205,,2205,2700,26,05,22,,,,,,,,,,,,,,,,,,,,,,
2318,ROTO-2206-1450,ROTORGEEKS,7075 SERIES 2206,,2206,1450,32,06,22,,,,,,,,,,,,,,,,,,,,,,
2319,ROTO-2206-1750,ROTORGEEKS,7075 SERIES 2206,,2206,1750,32,06,22,,,,,,,,,,,,,,,,,,,,,,
2320,ROTO-2206-2100,ROTORGEEKS,7075 SERIES 2206,,2206,2100,32,06,22,,,,,,,,,,,,,,,,,,,,,,
2321,ROTO-2206-2350,ROTORGEEKS,7075 SERIES 2206,,2206,2350,32,06,22,,,,,,,,,,,,,,,,,,,,,,
2322,ROTO-1104-7500,ROTORRIOT,HYPERTRAIN DAB 1104,,1104,7500,5.9,04,11,,,,,,,,,,,,,,,,,,,,,,
2323,ROTO-1507-2700,ROTORRIOT,F1507,V1,1507,2700,15.2,07,15,29.7,18.9,5,11.8,Ecrou,Non,4 Vis,12,6S,22.2V,100MM,24AWG,3 Inch,Multicopter,131,,,,,,,
2324,ROTO-1507-3800,ROTORRIOT,F1507,V1,1507,3800,15.2,07,15,29.7,18.9,5,11.8,Ecrou,Non,4 Vis,12,4S,14.8V,100MM,24AWG,3 Inch,Multicopter,81,,,,,,,
2325,ROTO-2207-1800,ROTORRIOT,HYPERTRAIN BLASTER 2207,,2207,1800,32,07,22,,,,,,,,,,,,,,,,,,,,,,
2326,ROTO-2207-2450,ROTORRIOT,HYPERTRAIN ACRO 2207,,2207,2450,,07,22,,,,,,,,,,,,,,,,,,,,,,
2327,"ROTO-2207,5-1860",ROTORRIOT,"HYPERTRAIN VANOVER 2207,5",V1,2207.5,1860,29.5,",5",22,,,,,,,,,,,,,,,,,,,,,,
2328,"ROTO-2207,5-2021",ROTORRIOT,"HYPERTRAIN VANOVER 2207,5",V2,2207.5,2021,29.5,",5",22,,,,,,,,,,,,,,,,,,,,,,
2329,"ROTO-2207,5-2650",ROTORRIOT,HYPERTRAIN VOT3X 2207,,2207.5,2650,32,",5",22,,,,,,,,,,,,,,,,,,,,,,
2330,ROTO-2306-2450,ROTORRIOT,HYPERTRAIN FREESTYLE 2306,V2,2306,2450,30,06,23,,,,,,,,,,,,,,,,,,,,,,
2331,ROTO-2306-2650,ROTORRIOT,HYPERTRAIN DRIB 2306,V2,2306,2650,30,06,23,,,,,,,,,,,,,,,,,,,,,,
2332,"ROTO-2306,5-2550",ROTORRIOT,"HYPERTRAIN CRICKET 2306,5",,2306.5,2550,32.5,",5",23,,,,,,,,,,,,,,,,,,,,,,
2333,"ROTO-2306,6-1750",ROTORRIOT,"HYPERTRAIN CRICKET 2306,6",,2306.6,1750,32.5,",6",23,,,,,,,,,,,,,,,,,,,,,,
2334,ROTO-1105-4000,ROTORX,RX1105,,1105,4000,5.6,05,11,,,,,,,,,,,,,,,,,,,,,,
2335,ROTO-1105-6500,ROTORX,RX1105B,,1105,6500,7.45,05,11,,,,,,,,,,,,,,,,,,,,,,
2336,ROTO-1107-7600,ROTORX,RX1107,,1107,7600,9,07,11,,,,,,,,,,,,,,,,,,,,,,
2337,ROTO-1404-3600,ROTORX,RX1404,,1404,3600,8.5,04,14,,,,,,,,,,,,,,,,,,,,,,
2338,ROTO-1407-2800,ROTORX,RX1407,,1407,2800,16.5,07,14,,,,,,,,,,,,,,,,,,,,,,
2339,"RUSH-2207,5-1930",RUSH,"Reactor Racing 2207,5",V1,2207.5,1930,33.4,",5",22,,,5,,Ecrou,Non,4 Vis,,6S,22.2V,150MM,20AWG,,,62,,,,,https://www.banggood.com/RUSH-Reactor-Racing-2207_5-4-6S-1930KV-Brushless-Motor-for-FPV-Racing-RC-Drone-p-1936546.html?gmcCountry=FR&currency=EUR&cur_warehouse=CN&createTmp=1&utm_source=googleshopping&utm_medium=cpc_eu&utm_content=sandra&utm_campaign=sandra-co-ssc-fr-all-0812-0222&ad_id=455980547277,,
2340,SCOR-1410-6000,SCORPION,Z-1410,,1410,6000,19.8,10,14,,,,,,,,,,,,,,,,,,,,,,
2341,SCOR-1410-8500,SCORPION,Z-1410,,1410,8500,19.8,10,14,,,,,,,,,,,,,,,,,,,,,,
2342,SCOR-1410-9500,SCORPION,Z-1410,,1410,9500,19.8,10,14,,,,,,,,,,,,,,,,,,,,,,
2343,SCOR-1804-1650,SCORPION,S-1804,,1804,1650,12,04,18,,,,,,,,,,,,,,,,,,,,,,
2344,SCOR-1805-2250,SCORPION,S-1805,,1805,2250,16,05,18,,,,,,,,,,,,,,,,,,,,,,
2345,SCOR-2204-2300,SCORPION,M-2204,,2204,2300,25,04,22,,,,,,,,,,,,,,,,,,,,,,
2346,SCOR-2204-2700,SCORPION,MII-2204,,2204,2700,26,04,22,,,,,,,,,,,,,,,,,,,,,,
2347,SCOR-2205-1490,SCORPION,SII-2205 V2,,2205,1490,35.4,05,22,,,,,,,,,,,,,,,,,,,,,,
2348,SCOR-2205-1585,SCORPION,SII-2205 V2,,2205,1585,35.4,05,22,,,,,,,,,,,,,,,,,,,,,,
2349,SCOR-2205-1900,SCORPION,SII-2205 V2,,2205,1900,35.4,05,22,,,,,,,,,,,,,,,,,,,,,,
2350,SCOR-2205-2350,SCORPION,M-2205,,2205,2350,30.6,05,22,,,,,,,,,,,,,,,,,,,,,,
2351,SCOR-2206-3900,SCORPION,HKII-2206,,2206,3900,,06,22,,,,,,,,,,,,,,,,,,,,,,
2352,SCOR-2206-5300,SCORPION,HKII-2206,,2206,5300,,06,22,,,,,,,,,,,,,,,,,,,,,,
2353,SCOR-2208-1100,SCORPION,SII-2208 V2,,2208,1100,45,08,22,,,,,,,,,,,,,,,,,,,,,,
2354,SCOR-2208-1280,SCORPION,SII-2208 V2,,2208,1280,45,08,22,,,,,,,,,,,,,,,,,,,,,,
2355,SCOR-2208-2000,SCORPION,M-2208 STEALTH,,2208,2000,41,08,22,,,,,,,,,,,,,,,,,,,,,,
2356,SCOR-2208-2600,SCORPION,HKII-2208-34,,2208,2600,39,08,22,,,,,,,,,,,,,,,,,,,,,,
2357,SCOR-2208-3125,SCORPION,HKII-2208-28,,2208,3125,39,08,22,,,,,,,,,,,,,,,,,,,,,,
2358,SCOR-2208-3590,SCORPION,HKII-2208-24,,2208,3590,39,08,22,,,,,,,,,,,,,,,,,,,,,,
2359,SCOR-2212-885,SCORPION,SII-2212 V2,V2,2212,885,58,12,22,30,27.85,3,13,Tige,Non,4 Vis,16/19,4S,14.8V,21MM,28AWG,6-15 Inch,Avions,0.151,,,,,,,
2360,SCOR-2212-930,SCORPION,M-2212,,2212,930,51.8,12,22,,,,,,,,,,,,,,,,,,,,,,
2361,SCOR-2212-960,SCORPION,SII-2212 V2,V2,2212,960,58,12,22,30,27.85,3,13,Tige,Non,4 Vis,16/19,4S,14.8V,21MM,28AWG,6-13 Inch,Avions,0.139,,,,,,,
2362,SCOR-2212-1400,SCORPION,SII-2212 V2,V2,2212,1400,58,12,22,30,27.85,3,13,Tige,Non,4 Vis,16/19,4S,14.8V,21MM,28AWG,"4,7-7 Inch",Avions,0.088,,,,,,,
2363,SCOR-2212-1850,SCORPION,SII-2212 V2,V2,2212,1850,58,12,22,30,27.85,3,13,Tige,Non,4 Vis,16/19,4S,14.8V,21MM,28AWG,"4,75-9 Inch",Avions,0.032,,,,,,,
2364,SCOR-2213-2640,SCORPION,HKII-2213-20,,2213,2640,54,13,22,,,,,,,,,,,,,,,,,,,,,,
2365,SCOR-2213-3200,SCORPION,HKII-2213-16,,2213,3200,60,13,22,,,,,,,,,,,,,,,,,,,,,,
2366,SCOR-2213-3585,SCORPION,HKII-2213-14,,2213,3585,54,13,22,,,,,,,,,,,,,,,,,,,,,,
2367,SCOR-2215-900,SCORPION,SII-2215 V2,,2215,900,68.6,15,22,,,,,,,,,,,,,,,,,,,,,,
2368,SCOR-2215-1127,SCORPION,SII-2215 V2,,2215,1127,68.6,15,22,,,,,,,,,,,,,,,,,,,,,,
2369,SCOR-2215-1400,SCORPION,SII-2215 V2,,2215,1400,68.6,15,22,,,,,,,,,,,,,,,,,,,,,,
2370,SCOR-2215-1810,SCORPION,SII-2215 V2,,2215,1810,68.6,15,22,,,,,,,,,,,,,,,,,,,,,,
2371,SCOR-2216-2608,SCORPION,HKII-2216-16,,2216,2608,64,16,22,,,,,,,,,,,,,,,,,,,,,,
2372,SCOR-2216-2920,SCORPION,HKII-2216-14,,2216,2920,64,16,22,,,,,,,,,,,,,,,,,,,,,,
2373,SCOR-2216-3350,SCORPION,HKII-2216-12,,2216,3350,64,16,22,,,,,,,,,,,,,,,,,,,,,,
2374,SCOR-2221-1360,SCORPION,HKII-2520,,2221,1360,104,21,22,,,,,,,,,,,,,,,,,,,,,,
2375,SCOR-2221-1630,SCORPION,HKII-2221,,2221,1630,81,21,22,,,,,,,,,,,,,,,,,,,,,,
2376,SCOR-2221-2010,SCORPION,HKII-2221,,2221,2010,81,21,22,,,,,,,,,,,,,,,,,,,,,,
2377,SCOR-2221-2580,SCORPION,HKII-2221-12,,2221,2580,81,21,22,,,,,,,,,,,,,,,,,,,,,,
2378,SCOR-2221-3000,SCORPION,HKII-2221-10,,2221,3000,81,21,22,,,,,,,,,,,,,,,,,,,,,,
2379,SCOR-2221-3595,SCORPION,HKII-2221-8,,2221,3595,81,21,22,,,,,,,,,,,,,,,,,,,,,,
2380,SCOR-2221-4400,SCORPION,HKII-2221-6,,2221,4400,81,21,22,,,,,,,,,,,,,,,,,,,,,,
2381,SCOR-2503-1610,SCORPION,S-2503 F3P,,2503,1610,20,03,25,,,,,,,,,,,,,,,,,,,,,,
2382,SCOR-2503-1960,SCORPION,S-2503 F3P,,2503,1960,20,03,25,,,,,,,,,,,,,,,,,,,,,,
2383,SCOR-2520-500,SCORPION,HKII-4225 LIMITED,,2520,500,393,20,25,,,,,,,,,,,,,,,,,,,,,,
2384,SCOR-2520-1580,SCORPION,HK-2520,,2520,1580,104,20,25,,,,,,,,,,,,,,,,,,,,,,
2385,SCOR-2520-1880,SCORPION,HK-2520,,2520,1880,104,20,25,,,,,,,,,,,,,,,,,,,,,,
2386,SCOR-2520-3500,SCORPION,HK-2520,,2520,3500,104,20,25,,,,,,,,,,,,,,,,,,,,,,
2387,SCOR-2830-4650,SCORPION,IS-2830,,2830,4650,174,30,28,,,,,,,,,,,,,,,,,,,,,,
2388,SCOR-2830-4960,SCORPION,IS-2830,,2830,4960,174,30,28,,,,,,,,,,,,,,,,,,,,,,
2389,SCOR-2835-3300,SCORPION,IS-2835,,2835,3300,,35,28,,,,,,,,,,,,,,,,,,,,,,
2390,SCOR-2835-4300,SCORPION,IS-2835,,2835,4300,,35,28,,,,,,,,,,,,,,,,,,,,,,
2391,SCOR-2840-3500,SCORPION,IS-2840,,2840,3500,197,40,28,,,,,,,,,,,,,,,,,,,,,,
2392,SCOR-2840-3700,SCORPION,IS-2840,,2840,3700,197,40,28,,,,,,,,,,,,,,,,,,,,,,
2393,SCOR-2840-5100,SCORPION,IS-2840,,2840,5100,197,40,28,,,,,,,,,,,,,,,,,,,,,,
2394,SCOR-3008-1090,SCORPION,SII-3008 V2,,3008,1090,95,08,30,,,,,,,,,,,,,,,,,,,,,,
2395,SCOR-3008-1220,SCORPION,SII-3008 V2,,3008,1220,95,08,30,,,,,,,,,,,,,,,,,,,,,,
2396,SCOR-3011-760,SCORPION,M-3011,,3011,760,98,11,30,,,,,,,,,,,,,,,,,,,,,,
2397,SCOR-3014-380,SCORPION,M-3014,,3014,380,115,14,30,,,,,,,,,,,,,,,,,,,,,,
2398,SCOR-3014-830,SCORPION,SII-3014 V2,,3014,830,129,14,30,,,,,,,,,,,,,,,,,,,,,,
2399,SCOR-3014-900,SCORPION,HK-3014,,3014,900,119,14,30,,,,,,,,,,,,,,,,,,,,,,
2400,SCOR-3014-1040,SCORPION,SII-3014 V2,,3014,1040,129,14,30,,,,,,,,,,,,,,,,,,,,,,
2401,SCOR-3020-780,SCORPION,SII-3020 V2,,3020,780,166,20,30,,,,,,,,,,,,,,,,,,,,,,
2402,SCOR-3020-890,SCORPION,SII-3020 V2,,3020,890,166,20,30,,,,,,,,,,,,,,,,,,,,,,
2403,SCOR-3020-1000,SCORPION,HK-3020,,3020,1000,153,20,30,,,,,,,,,,,,,,,,,,,,,,
2404,SCOR-3020-1110,SCORPION,SII-3020 V2,,3020,1110,166,20,30,,,,,,,,,,,,,,,,,,,,,,
2405,SCOR-3026-710,SCORPION,SII-3026 V2,,3026,710,205,26,30,,,,,,,,,,,,,,,,,,,,,,
2406,SCOR-3026-890,SCORPION,SII-3026 V2,,3026,890,205,26,30,,,,,,,,,,,,,,,,,,,,,,
2407,SCOR-3026-1190,SCORPION,SII-3026 V2,,3026,1190,205,26,30,,,,,,,,,,,,,,,,,,,,,,
2408,SCOR-3032-690,SCORPION,SII-3032 V2,,3032,690,27,32,30,,,,,,,,,,,,,,,,,,,,,,
2409,SCOR-3032-880,SCORPION,SII-3032 V2,,3032,880,275,32,30,,,,,,,,,,,,,,,,,,,,,,
2410,SCOR-3032-990,SCORPION,SII-3032 V2,,3032,990,275,32,30,,,,,,,,,,,,,,,,,,,,,,
2411,SCOR-3040-1220,SCORPION,SII-3040 v2,,3040,1220,,40,30,,,,,,,,,,,,,,,,,,,,,,
2412,SCOR-3226-900,SCORPION,HK-3226,,3226,900,239,26,32,,,,,,,,,,,,,,,,,,,,,,
2413,SCOR-3226-1400,SCORPION,HK-3226,,3226,1400,239,26,32,,,,,,,,,,,,,,,,,,,,,,
2414,SCOR-3226-1600,SCORPION,HK-3226,,3226,1600,239,26,32,,,,,,,,,,,,,,,,,,,,,,
2415,SCOR-3420-1360,SCORPION,RR-3420,,3420,1360,60,20,34,,,,,,,,,,,,,,,,,,,,,,
2416,SCOR-3420-1470,SCORPION,RR-3420 ETS,,3420,1470,60,20,34,,,,,,,,,,,,,,,,,,,,,,
2417,SCOR-3420-1830,SCORPION,RR-3420,,3420,1830,60,20,34,,,,,,,,,,,,,,,,,,,,,,
2418,SCOR-3420-1865,SCORPION,RS-3420,,3420,1865,60,20,34,,,,,,,,,,,,,,,,,,,,,,
2419,SCOR-3420-2200,SCORPION,RR-3420,,3420,2200,60,20,34,,,,,,,,,,,,,,,,,,,,,,
2420,SCOR-3420-2445,SCORPION,RS-3420,,3420,2445,60,20,34,,,,,,,,,,,,,,,,,,,,,,
2421,SCOR-3420-2938,SCORPION,RR-3420,,3420,2938,60,20,34,,,,,,,,,,,,,,,,,,,,,,
2422,SCOR-3420-3130,SCORPION,RS-3420,,3420,3130,60,20,34,,,,,,,,,,,,,,,,,,,,,,
2423,SCOR-3420-3860,SCORPION,RS-3420,,3420,3860,60,20,34,,,,,,,,,,,,,,,,,,,,,,
2424,SCOR-3420-4300,SCORPION,RS-3420,,3420,4300,60,20,34,,,,,,,,,,,,,,,,,,,,,,
2425,SCOR-3420-4970,SCORPION,RS-3420,,3420,4970,60,20,34,,,,,,,,,,,,,,,,,,,,,,
2426,SCOR-3420-6000,SCORPION,RS-3420,,3420,6000,60,20,34,,,,,,,,,,,,,,,,,,,,,,
2427,SCOR-3420-7170,SCORPION,RS-3420,,3420,7170,60,20,34,,,,,,,,,,,,,,,,,,,,,,
2428,SCOR-3420-9390,SCORPION,RS-3420,,3420,9390,60,20,34,,,,,,,,,,,,,,,,,,,,,,
2429,SCOR-3435-1800,SCORPION,IS-3435,,3435,1800,275,35,34,,,,,,,,,,,,,,,,,,,,,,
2430,SCOR-3435-2600,SCORPION,IS-3435,,3435,2600,275,35,34,,,,,,,,,,,,,,,,,,,,,,
2431,SCOR-3440-1600,SCORPION,IS-3440,,3440,1600,303,40,34,,,,,,,,,,,,,,,,,,,,,,
2432,SCOR-3440-2470,SCORPION,IS-3440,,3440,2470,303,40,34,,,,,,,,,,,,,,,,,,,,,,
2433,SCOR-3445-2000,SCORPION,IS-3445,,3445,2000,352,45,34,,,,,,,,,,,,,,,,,,,,,,
2434,SCOR-3445-2200,SCORPION,IS-3445,,3445,2200,352,45,34,,,,,,,,,,,,,,,,,,,,,,
2435,SCOR-3536-510,SCORPION,HK-3536,,3536,510,365,36,35,,,,,,,,,,,,,,,,,,,,,,
2436,SCOR-4010-360,SCORPION,MII-4010,,4010,360,152,10,40,,,,,,,,,,,,,,,,,,,,,,
2437,SCOR-4010-400,SCORPION,MII-4010,,4010,400,152,10,40,,,,,,,,,,,,,,,,,,,,,,
2438,SCOR-4015-310,SCORPION,MIII-4015,,4015,310,208,15,40,,,,,,,,,,,,,,,,,,,,,,
2439,SCOR-4015-340,SCORPION,MII-4015,,4015,340,194,15,40,,,,,,,,,,,,,,,,,,,,,,
2440,SCOR-4015-1070,SCORPION,HK-4015,,4015,1070,215,15,40,,,,,,,,,,,,,,,,,,,,,,
2441,SCOR-4015-1450,SCORPION,HK-4015,,4015,1450,215,15,40,,,,,,,,,,,,,,,,,,,,,,
2442,SCOR-4020-420,SCORPION,SII-4020,,4020,420,288,20,40,,,,,,,,,,,,,,,,,,,,,,
2443,SCOR-4020-540,SCORPION,SII-4020,,4020,540,288,20,40,,,,,,,,,,,,,,,,,,,,,,
2444,SCOR-4020-630,SCORPION,S-4020-10,,4020,630,,20,40,,,,,,,,,,,,,,,,,,,,,,
2445,SCOR-4020-860,SCORPION,HKIV-4020,,4020,860,310,20,40,,,,,,,,,,,,,,,,,,,,,,
2446,SCOR-4020-890,SCORPION,HKIII-4020,,4020,890,302,20,40,,,,,,,,,,,,,,,,,,,,,,
2447,SCOR-4020-1060,SCORPION,HKIV-4020,,4020,1060,310,20,40,,,,,,,,,,,,,,,,,,,,,,
2448,SCOR-4020-1100,SCORPION,HKIII-4020,,4020,1100,302,20,40,,,,,,,,,,,,,,,,,,,,,,
2449,SCOR-4020-1320,SCORPION,HKIV-4020,,4020,1320,310,20,40,,,,,,,,,,,,,,,,,,,,,,
2450,SCOR-4020-1350,SCORPION,HKIII-4020,,4020,1350,302,20,40,,,,,,,,,,,,,,,,,,,,,,
2451,SCOR-4025-330,SCORPION,SII-4025,,4025,330,353,25,40,,,,,,,,,,,,,,,,,,,,,,
2452,SCOR-4025-440,SCORPION,SII-4025,,4025,440,353,25,40,,,,,,,,,,,,,,,,,,,,,,
2453,SCOR-4025-520,SCORPION,HKIV-4025,,4025,520,347,25,40,,,,,,,,,,,,,,,,,,,,,,
2454,SCOR-4025-550,SCORPION,HKIII-4025,,4025,550,354,25,40,,,,,,,,,,,,,,,,,,,,,,
2455,SCOR-4025-650,SCORPION,HKIII-4025,,4025,650,354,25,40,,,,,,,,,,,,,,,,,,,,,,
2456,SCOR-4025-730,SCORPION,HKIII-4025,,4025,730,354,25,40,,,,,,,,,,,,,,,,,,,,,,
2457,SCOR-4025-850,SCORPION,HKIV-4025,,4025,850,347,25,40,,,,,,,,,,,,,,,,,,,,,,
2458,SCOR-4025-890,SCORPION,HKIII-4025,,4025,890,354,25,40,,,,,,,,,,,,,,,,,,,,,,
2459,SCOR-4025-1100,SCORPION,HKIII-4025,,4025,1100,354,25,40,,,,,,,,,,,,,,,,,,,,,,
2460,SCOR-4035-250,SCORPION,SII-4035,,4035,250,450,35,40,,,,,,,,,,,,,,,,,,,,,,
2461,SCOR-4035-330,SCORPION,HKIII-4035,,4035,330,460,35,40,,,,,,,,,,,,,,,,,,,,,,
2462,SCOR-4035-380,SCORPION,SII-4035,,4035,380,450,35,40,,,,,,,,,,,,,,,,,,,,,,
2463,SCOR-4035-450,SCORPION,HKIII-4035,,4035,450,460,35,40,,,,,,,,,,,,,,,,,,,,,,
2464,SCOR-4035-500,SCORPION,HKIII-4035,,4035,500,460,35,40,,,,,,,,,,,,,,,,,,,,,,
2465,SCOR-4035-520,SCORPION,HKIV-4035,,4035,520,456,35,40,,,,,,,,,,,,,,,,,,,,,,
2466,SCOR-4035-530,SCORPION,HKIII-4035,,4035,530,460,35,40,,,,,,,,,,,,,,,,,,,,,,
2467,SCOR-4035-560,SCORPION,HKIII-4035,,4035,560,460,35,40,,,,,,,,,,,,,,,,,,,,,,
2468,SCOR-4035-800,SCORPION,HK-4035,,4035,800,435,35,40,,,,,,,,,,,,,,,,,,,,,,
2469,SCOR-4215-320,SCORPION,M-4215,,4215,320,223,15,42,,,,,,,,,,,,,,,,,,,,,,
2470,SCOR-4225-550,SCORPION,HKII-4225 LIMITED,,4225,550,393,25,42,,,,,,,,,,,,,,,,,,,,,,
2471,SCOR-4225-610,SCORPION,HKII-4225 LIMITED,,4225,610,393,25,42,,,,,,,,,,,,,,,,,,,,,,
2472,SCOR-4235-520,SCORPION,HKIII-4235 NICK MAXWELL,,4235,520,519,35,42,,,,,,,,,,,,,,,,,,,,,,
2473,SCOR-4235-630,SCORPION,HKIV-4235 LIMITED,,4235,630,522,35,42,,,,,,,,,,,,,,,,,,,,,,
2474,SCOR-4525-450,SCORPION,HKIV-4525 ULTIMATE,,4525,450,516,25,45,,,,,,,,,,,,,,,,,,,,,,
2475,SCOR-4525-520,SCORPION,HK-4525 ULTIMATE,,4525,520,516,25,45,,,,,,,,,,,,,,,,,,,,,,
2476,SCOR-4526-520,SCORPION,HK-4526 F3C,,4526,520,484.5,26,45,,,,,,,,,,,,,,,,,,,,,,
2477,SCOR-4530-450,SCORPION,HK-4530 LIMITED,,4530,450,565,30,45,,,,,,,,,,,,,,,,,,,,,,
2478,SCOR-4530-500,SCORPION,HK-4530 LIMITED,,4530,500,565,30,45,,,,,,,,,,,,,,,,,,,,,,
2479,SCOR-4530-540,SCORPION,HK-4530 LIMITED,,4530,540,565,30,45,,,,,,,,,,,,,,,,,,,,,,
2480,SCOR-4535-450,SCORPION,HK-4535 LIMITED,,4535,450,660,35,45,,,,,,,,,,,,,,,,,,,,,,
2481,SCOR-4535-500,SCORPION,HK-4535 LIMITED,,4535,500,660,35,45,,,,,,,,,,,,,,,,,,,,,,
2482,SCOR-4540-400,SCORPION,HK-4540 ULTIMATE,,4540,400,719,40,45,,,,,,,,,,,,,,,,,,,,,,
2483,SCOR-4540-580,SCORPION,HK-4540 SIGNATURE,,4540,580,725,40,45,,,,,,,,,,,,,,,,,,,,,,
2484,SCOR-5020-450,SCORPION,HKIII-5020,,5020,450,501,20,50,,,,,,,,,,,,,,,,,,,,,,
2485,SCOR-5020-520,SCORPION,HKIII-5020,,5020,520,501,20,50,,,,,,,,,,,,,,,,,,,,,,
2486,SCOR-5025-440,SCORPION,HKIII-5025,,5025,440,566,25,50,,,,,,,,,,,,,,,,,,,,,,
2487,SCOR-5025-520,SCORPION,HKIV-5025 F3S,,5025,520,595,25,50,,,,,,,,,,,,,,,,,,,,,,
2488,SCOR-5028-220,SCORPION,S-5028 F3A,,5028,220,576,28,50,,,,,,,,,,,,,,,,,,,,,,
2489,SCOR-5035-380,SCORPION,HKIII-5035,,5035,380,732,35,50,,,,,,,,,,,,,,,,,,,,,,
2490,SCOR-5035-410,SCORPION,HKIII-5035,,5035,410,732,35,50,,,,,,,,,,,,,,,,,,,,,,
2491,SCOR-5035-500,SCORPION,HKIII-5035,,5035,500,732,35,50,,,,,,,,,,,,,,,,,,,,,,
2492,SCOR-5040-530,SCORPION,HKIV-5040,,5040,530,,40,50,,,,,,,,,,,,,,,,,,,,,,
2493,SCOR-5525-170,SCORPION,S-5525,,5525,170,636.6,25,55,,,,,,,,,,,,,,,,,,,,,,
2494,SCOR-5525-195,SCORPION,SII-5525,,5525,195,708,25,55,,,,,,,,,,,,,,,,,,,,,,
2495,SCOR-5525-210,SCORPION,SII-5525,,5525,210,708,25,55,,,,,,,,,,,,,,,,,,,,,,
2496,SCOR-5535-160,SCORPION,SII-5535,,5535,160,906,35,55,,,,,,,,,,,,,,,,,,,,,,
2497,SCOR-5535-190,SCORPION,SII-5535,,5535,190,906,35,55,,,,,,,,,,,,,,,,,,,,,,
2498,SCOR-5545-150,SCORPION,S-5545,,5545,150,636.6,45,55,,,,,,,,,,,,,,,,,,,,,,
2499,SCOR-6530-150,SCORPION,SII-6530,,6530,150,1043,30,65,,,,,,,,,,,,,,,,,,,,,,
2500,SCOR-6530-180,SCORPION,SII-6530,,6530,180,1043,30,65,,,,,,,,,,,,,,,,,,,,,,
2501,SCOR-7050-330,SCORPION,HKIV-7050,,7050,330,1915,50,70,,,,,,,,,,,,,,,,,,,,,,
2502,SCOR-7050-340,SCORPION,HK-7050,,7050,340,1700,50,70,,,,,,,,,,,,,,,,,,,,,,
2503,SONI-2216-1400,SONICMODELL,SONICMODELL 2216,,2216,1400,75,16,22,,,,,,,,,,,,,,,,,,,,,,
2504,SPCM-1103-8000,SPCMAKER,1103,,1103,8000,4,03,11,,,,,,,,,,,,,,,,,,,,,,
2505,SPCM-1103-8500,SPCMAKER,1103,,1103,8500,4,03,11,,,,,,,,,,,,,,,,,,,,,,
2506,SPCM-1103-10000,SPCMAKER,1103,,1103,10000,4,03,11,,,,,,,,,,,,,,,,,,,,,,
2507,SPCM-1103-11000,SPCMAKER,1103,,1103,11000,4,03,11,,,,,,,,,,,,,,,,,,,,,,
2508,SPCM-1104-7500,SPCMAKER,S1104,,1104,7500,7,04,11,,,,,,,,,,,,,,,,,,,,,,
2509,SPCM-1106-5500,SPCMAKER,SUNNYSKY 1106,,1106,5500,7.5,06,11,,,,,,,,,,,,,,,,,,,,,,
2510,SPCM-1106-8000,SPCMAKER,SUNNYSKY 1106,,1106,8000,7.5,06,11,,,,,,,,,,,,,,,,,,,,,,
2511,SPCM-1204-3450,SPCMAKER,GALLOPING G1204,,1204,3450,6,04,12,,,,,,,,,,,,,,,,,,,,,,
2512,SPCM-1505-5200,SPCMAKER,GALLOPING G1505,,1505,5200,14.5,05,15,,,,,,,,,,,,,,,,,,,,,,
2513,SPCM-2204-1800,SPCMAKER,GALLOPING G2204,,2204,1800,22,04,22,,,,,,,,,,,,,,,,,,,,,,
2514,SPCM-2204-3000,SPCMAKER,GALLOPING G2204,,2204,3000,22,04,22,,,,,,,,,,,,,,,,,,,,,,
2515,SPCM-2216-1250,SPCMAKER,SUNNYSKY 2216,,2216,1250,68,16,22,34,27.65,3,,,,,,,,,,,,,,,,,,,
2516,STRI-2208-2300,STRIX,2208,,2208,2300,45,08,22,,,5,,Ecrou,Non,4 Vis,,6S,22.2V,300MM,,3-5 Inch,,,,,,,https://www.readymaderc.com/products/details/strix-goblin-replacement-2208-2300kv-motor,,
2517,T-MO-1005-90,T-MOTOR,ANTIGRAVITY 1005,,1005,90,282,05,10,,,,,,,,,,,,,,,,,,,,,,
2518,T-MO-1010-90,T-MOTOR,MN1010,,1010,90,630,10,10,,,,,,,,,,,,,,,,,,,,,,
2519,T-MO-1010-135,T-MOTOR,MN1010,,1010,135,1028,10,10,,,,,,,,,,,,,,,,,,,,,,
2520,T-MO-1015-70,T-MOTOR,MN1015,,1015,70,855,15,10,,,,,,,,,,,,,,,,,,,,,,
2521,T-MO-1018-72,T-MOTOR,MN1018,,1018,72,1020,18,10,,,,,,,,,,,,,,,,,,,,,,
2522,T-MO-1103-8000,T-MOTOR,F1103,,1103,8000,5.3,03,11,,,,,,,,,,,,,,,,,,,,,,
2523,T-MO-1103-11000,T-MOTOR,F1103,,1103,11000,5.1,03,11,,,,,,,,,,,,,,,,,,,,,,
2524,T-MO-1204-5000,T-MOTOR,F1204,,1204,5000,6.1,04,12,,,,,,,,,,,,,,,,,,,,,,
2525,T-MO-1204-6500,T-MOTOR,F1204,,1204,6500,6.1,04,12,,,,,,,,,,,,,,,,,,,,,,
2526,T-MO-1404-3800,T-MOTOR,F1404,,1404,3800,7.75,04,14,,,,,,,,,,,,,,,,,,,,,,
2527,T-MO-1404-4600,T-MOTOR,F1404,,1404,4600,7.75,04,14,,,,,,,,,,,,,,,,,,,,,,
2528,T-MO-1507-2700,T-MOTOR,F1507,,1507,2700,15.2,07,15,,,,,,,,,,,,,,,,,,,,,,
2529,T-MO-1507-3800,T-MOTOR,F1507,,1507,3800,15.2,07,15,,,,,,,,,,,,,,,,,,,,,,
2530,T-MO-1804-2400,T-MOTOR,MN1804,,1804,2400,17,04,18,,,,,,,,,,,,,,,,,,,,,,
2531,T-MO-1806-1400,T-MOTOR,MN1806,,1806,1400,18,06,18,,,,,,,,,,,,,,,,,,,,,,
2532,T-MO-1806-2300,T-MOTOR,MN1806,,1806,2300,20,06,18,,,,,,,,,,,,,,,,,,,,,,
2533,T-MO-2004-1700,T-MOTOR,F2004,,2004,1700,16.4,04,20,,,,,,,,,,,,,,,,,,,,,,
2534,T-MO-2004-3000,T-MOTOR,F2004,,2004,3000,16.4,04,20,,,,,,,,,,,,,,,,,,,,,,
2535,"T-MO-2203,5-1500",T-MOTOR,"F2203,5",,2203.5,1500,17.4,",5",22,,,,,,,,,,,,,,,,,,,,,,
2536,"T-MO-2203,5-2850",T-MOTOR,"F2203,5",,2203.5,2850,17.4,",5",22,,,,,,,,,,,,,,,,,,,,,,
2537,T-MO-2204-1400,T-MOTOR,MN2204,,2204,1400,23,04,22,,,,,,,,,,,,,,,,,,,,,,
2538,T-MO-2204-2300,T-MOTOR,MN2204,,2204,2300,23,04,22,,,,,,,,,,,,,,,,,,,,,,
2539,T-MO-2206-1950,T-MOTOR,PACER V2 P2206 SMOOTH,,2206,1950,28.4,06,22,,,,,,,,,,,,,,,,,,,,,,
2540,T-MO-2206-2550,T-MOTOR,PACER V2 P2206 SMOOTH,,2206,2550,28.4,06,22,,,,,,,,,,,,,,,,,,,,,,
2541,T-MO-2207-1750,T-MOTOR,V2207 V2,,2207,1750,31.3,07,22,,,,,,,,,,,,,,,,,,,,,,
2542,T-MO-2207-1950,T-MOTOR,PACER V2 P2207 POWERFULL,,2207,1950,30.4,07,22,,,,,,,,,,,,,,,,,,,,,,
2543,T-MO-2207-2550,T-MOTOR,PACER V2 P2207 POWERFULL,,2207,2550,30.4,07,22,,,,,,,,,,,,,,,,,,,,,,
2544,"T-MO-2207,5-1750",T-MOTOR,"P2207,5 MIXED",,2207.5,1750,36.9,",5",22,,,,,,,,,,,,,,,,,,,,,,
2545,"T-MO-2207,5-1950",T-MOTOR,"P2207,5 MIXED",,2207.5,1950,36.7,",5",22,,,,,,,,,,,,,,,,,,,,,,
2546,"T-MO-2207,5-2550",T-MOTOR,"P2207,5 MIXED",,2207.5,2550,37.5,",5",22,,,,,,,,,,,,,,,,,,,,,,
2547,T-MO-2208-128,T-MOTOR,GB2208,,2208,128,39.5,08,22,,,,,,,,,,,,,,,,,,,,,,
2548,T-MO-2208-1750,T-MOTOR,P2208 BLUE+PINK,,2208,1750,38.6,08,22,,,,,,,,,,,,,,,,,,,,,,
2549,T-MO-2208-1950,T-MOTOR,P2208 BLUE+PINK,,2208,1950,39,08,22,,,,,,,,,,,,,,,,,,,,,,
2550,T-MO-2208-2450,T-MOTOR,P2208 BLUE+PINK,,2208,2450,39,08,22,,,,,,,,,,,,,,,,,,,,,,
2551,T-MO-2212-780,T-MOTOR,MN2212,,2212,780,55,12,22,,,,,,,,,,,,,,,,,,,,,,
2552,T-MO-2212-920,T-MOTOR,MN2212,,2212,920,54,12,22,,,,,,,,,,,,,,,,,,,,,,
2553,T-MO-2303-1500,T-MOTOR,AS 2303,,2303,1500,17,03,23,,,,,,,,,,,,,,,,,,,,,,
2554,T-MO-2303-1800,T-MOTOR,AS 2303,,2303,1800,17,03,23,,,,,,,,,,,,,,,,,,,,,,
2555,T-MO-2303-2300,T-MOTOR,AS 2303,,2303,2300,17,03,23,,,,,,,,,,,,,,,,,,,,,,
2556,T-MO-2304-1500,T-MOTOR,AS 2304,,2304,1500,20,04,23,,,,,,,,,,,,,,,,,,,,,,
2557,T-MO-2304-1800,T-MOTOR,AS 2304,,2304,1800,20,04,23,,,,,,,,,,,,,,,,,,,,,,
2558,T-MO-2304-2300,T-MOTOR,AS 2304,,2304,2300,20,04,23,,,,,,,,,,,,,,,,,,,,,,
2559,T-MO-2305-2450,T-MOTOR,LF40,,2305,2450,29.5,05,23,30.3,28.6,3,,Ecrou,Non,4 Vis,16,4S,14.8V,150MM,20AWG,4-6 Inch,,62,,,,,,,
2560,T-MO-2306-1500,T-MOTOR,AS 2306,,2306,1500,,06,23,,,,,,,,,,,,,,,,,,,,,,
2561,T-MO-2306-1900,T-MOTOR,AS 2306,,2306,1900,,06,23,,,,,,,,,,,,,,,,,,,,,,
2562,T-MO-2306-1950,T-MOTOR,V2306 V2,,2306,1950,28.2,06,23,,,,,,,,,,,,,,,,,,,,,,
2563,T-MO-2306-2300,T-MOTOR,AS 2306,,2306,2300,,06,23,,,,,,,,,,,,,,,,,,,,,,
2564,T-MO-2306-2400,T-MOTOR,F40 III,,2306,2400,34.3,06,23,,,,,,,,,,,,,,,,,,,,,,
2565,T-MO-2306-2600,T-MOTOR,F40 III,,2306,2600,34.3,06,23,,,,,,,,,,,,,,,,,,,,,,
2566,T-MO-2306-2750,T-MOTOR,F40 III,,2306,2750,34.3,06,23,,,,,,,,,,,,,,,,,,,,,,
2567,"T-MO-2306,5-2000",T-MOTOR,BMS RAPTOR,,2306.5,2000,32.1,",5",23,,,,,,,,,,,,,,,,,,,,,,
2568,"T-MO-2306,5-2400",T-MOTOR,"P2306,5 BLUE+PINK",,2306.5,2400,34.6,",5",23,,,,,,,,,,,,,,,,,,,,,,
2569,"T-MO-2306,5-2550",T-MOTOR,"V2306,5 GLORY GOLD",,2306.5,2550,35.2,",5",23,,,,,,,,,,,,,,,,,,,,,,
2570,T-MO-2308-1450,T-MOTOR,AS 2308 LONG SHAFT,,2308,1450,49,08,23,,,,,,,,,,,,,,,,,,,,,,
2571,T-MO-2308-2600,T-MOTOR,AS 2308 LONG SHAFT,,2308,2600,49,08,23,,,,,,,,,,,,,,,,,,,,,,
2572,T-MO-2310-2200,T-MOTOR,AT2310,,2310,2200,52,10,23,,,,,,,,,,,,,,,,,,,,,,
2573,T-MO-2312-1150,T-MOTOR,AS 2312 LONG SHAFT,,2312,1150,63,12,23,,,,,,,,,,,,,,,,,,,,,,
2574,T-MO-2312-1400,T-MOTOR,AT2312 LONG SHAFT,,2312,1400,60,12,23,,,,,,,,,,,,,,,,,,,,,,
2575,T-MO-2317-880,T-MOTOR,AS 2317 LONG SHAFT,,2317,880,81,17,23,,,,,,,,,,,,,,,,,,,,,,
2576,T-MO-2317-1250,T-MOTOR,AS 2317 LONG SHAFT,,2317,1250,81,17,23,,,,,,,,,,,,,,,,,,,,,,
2577,T-MO-2317-1400,T-MOTOR,AS 2312 LONG SHAFT,,2317,1400,63,17,23,,,,,,,,,,,,,,,,,,,,,,
2578,T-MO-2321-950,T-MOTOR,AT2321 LONG SHAFT,,2321,950,93,21,23,,,,,,,,,,,,,,,,,,,,,,
2579,T-MO-2321-1250,T-MOTOR,AT2321 LONG SHAFT,,2321,1250,94,21,23,,,,,,,,,,,,,,,,,,,,,,
2580,T-MO-2810-1100,T-MOTOR,F100,,2810,1100,57.5,10,28,,,,,,,,,,,,,,,,,,,,,,
2581,T-MO-2810-1350,T-MOTOR,F100,,2810,1350,57.5,10,28,,,,,,,,,,,,,,,,,,,,,,
2582,T-MO-2812-925,T-MOTOR,CINE66,,2812,925,76.4,12,28,,,,,,,,,,,,,,,,,,,,,,
2583,T-MO-2812-1155,T-MOTOR,CINE66,,2812,1155,76.7,12,28,,,,,,,,,,,,,,,,,,,,,,
2584,T-MO-2814-900,T-MOTOR,AS 2814 LONG SHAFT,,2814,900,110,14,28,,,,,,,,,,,,,,,,,,,,,,
2585,T-MO-2814-1050,T-MOTOR,AS 2814 LONG SHAFT,,2814,1050,112,14,28,,,,,,,,,,,,,,,,,,,,,,
2586,T-MO-2814-1200,T-MOTOR,AS 2814 LONG SHAFT,,2814,1200,112,14,28,,,,,,,,,,,,,,,,,,,,,,
2587,T-MO-2814-2000,T-MOTOR,AS 2814 LONG SHAFT,,2814,2000,116,14,28,,,,,,,,,,,,,,,,,,,,,,
2588,T-MO-2820-880,T-MOTOR,AS 2820 LONG SHAFT,,2820,880,136,20,28,,,,,,,,,,,,,,,,,,,,,,
2589,T-MO-2820-1050,T-MOTOR,AS 2820 LONG SHAFT,,2820,1050,144,20,28,,,,,,,,,,,,,,,,,,,,,,
2590,T-MO-2820-1250,T-MOTOR,AS 2820 LONG SHAFT,,2820,1250,144,20,28,,,,,,,,,,,,,,,,,,,,,,
2591,T-MO-2826-900,T-MOTOR,AT2826 LONG SHAFT,,2826,900,175,26,28,,,,,,,,,,,,,,,,,,,,,,
2592,T-MO-2826-1100,T-MOTOR,AT2826 LONG SHAFT,,2826,1100,175,26,28,,,,,,,,,,,,,,,,,,,,,,
2593,T-MO-3110-470,T-MOTOR,MN3110,,3110,470,80,10,31,,,,,,,,,,,,,,,,,,,,,,
2594,T-MO-3110-700,T-MOTOR,MN3110,,3110,700,80,10,31,,,,,,,,,,,,,,,,,,,,,,
2595,T-MO-3110-780,T-MOTOR,MN3110,,3110,780,80,10,31,,,,,,,,,,,,,,,,,,,,,,
2596,T-MO-3508-380,T-MOTOR,MN3508,,3508,380,82,08,35,,,,,,,,,,,,,,,,,,,,,,
2597,T-MO-3508-580,T-MOTOR,MN3508,,3508,580,82,08,35,,,,,,,,,,,,,,,,,,,,,,
2598,T-MO-3508-700,T-MOTOR,MN3508,,3508,700,82,08,35,,,,,,,,,,,,,,,,,,,,,,
2599,T-MO-3510-360,T-MOTOR,MN3510,,3510,360,97,10,35,,,,,,,,,,,,,,,,,,,,,,
2600,T-MO-3510-630,T-MOTOR,MN3510,,3510,630,97,10,35,,,,,,,,,,,,,,,,,,,,,,
2601,T-MO-3510-700,T-MOTOR,MN3510,,3510,700,97,10,35,,,,,,,,,,,,,,,,,,,,,,
2602,T-MO-3515-400,T-MOTOR,MN3515,,3515,400,153,15,35,,,,,,,,,,,,,,,,,,,,,,
2603,T-MO-3520-400,T-MOTOR,MN3520,,3520,400,194,20,35,,,,,,,,,,,,,,,,,,,,,,
2604,T-MO-3520-550,T-MOTOR,AT3520 LONG SHAFT,,3520,550,218,20,35,,,,,,,,,,,,,,,,,,,,,,
2605,T-MO-3520-720,T-MOTOR,AT3520 LONG SHAFT,,3520,720,219,20,35,,,,,,,,,,,,,,,,,,,,,,
2606,T-MO-3520-850,T-MOTOR,AT3520 LONG SHAFT,,3520,850,221,20,35,,,,,,,,,,,,,,,,,,,,,,
2607,T-MO-3530-580,T-MOTOR,AT3530 LONG SHAFT,,3530,580,298,30,35,,,,,,,,,,,,,,,,,,,,,,
2608,T-MO-4004-300,T-MOTOR,ANTIGRAVITY 4004,,4004,300,53,04,40,,,,,,,,,,,,,,,,,,,,,,
2609,T-MO-4004-400,T-MOTOR,ANTIGRAVITY 4004,,4004,400,53,04,40,,,,,,,,,,,,,,,,,,,,,,
2610,T-MO-4006-380,T-MOTOR,ANTIGRAVITY 4006,,4006,380,68,06,40,,,,,,,,,,,,,,,,,,,,,,
2611,T-MO-4010-370,T-MOTOR,MN4010,,4010,370,112,10,40,,,,,,,,,,,,,,,,,,,,,,
2612,T-MO-4010-580,T-MOTOR,MN4010,,4010,580,112,10,40,,,,,,,,,,,,,,,,,,,,,,
2613,T-MO-4012-340,T-MOTOR,MN4012,,4012,340,134,12,40,,,,,,,,,,,,,,,,,,,,,,
2614,T-MO-4012-400,T-MOTOR,MN4012,,4012,400,134,12,40,,,,,,,,,,,,,,,,,,,,,,
2615,T-MO-4012-480,T-MOTOR,MN4012,,4012,480,134,12,40,,,,,,,,,,,,,,,,,,,,,,
2616,T-MO-4014-330,T-MOTOR,MN4014,,4014,330,150,14,40,,,,,,,,,,,,,,,,,,,,,,
2617,T-MO-4014-400,T-MOTOR,MN4014,,4014,400,150,14,40,,,,,,,,,,,,,,,,,,,,,,
2618,T-MO-4106-53,T-MOTOR,GB4106,,4106,53,70,06,41,,,,,,,,,,,,,,,,,,,,,,
2619,T-MO-4120-250,T-MOTOR,AT4120 LONG SHAFT,,4120,250,304,20,41,,,,,,,,,,,,,,,,,,,,,,
2620,T-MO-4120-500,T-MOTOR,AT4120 LONG SHAFT,,4120,500,305,20,41,,,,,,,,,,,,,,,,,,,,,,
2621,T-MO-4120-560,T-MOTOR,AT4120 LONG SHAFT,,4120,560,300,20,41,,,,,,,,,,,,,,,,,,,,,,
2622,T-MO-4125-250,T-MOTOR,AT4125 LONG SHAFT,,4125,250,350,25,41,,,,,,,,,,,,,,,,,,,,,,
2623,T-MO-4125-540,T-MOTOR,AT4125 LONG SHAFT,,4125,540,355,25,41,,,,,,,,,,,,,,,,,,,,,,
2624,T-MO-4130-230,T-MOTOR,AT 4130 LONG SHAFT,,4130,230,408,30,41,,,,,,,,,,,,,,,,,,,,,,
2625,T-MO-4130-300,T-MOTOR,AT 4130 LONG SHAFT,,4130,300,405,30,41,,,,,,,,,,,,,,,,,,,,,,
2626,T-MO-4130-450,T-MOTOR,AT 4130 LONG SHAFT,,4130,450,408,30,41,,,,,,,,,,,,,,,,,,,,,,
2627,T-MO-5006-300,T-MOTOR,ANTIGRAVITY 5006,,5006,300,108,06,50,,,,,,,,,,,,,,,,,,,,,,
2628,T-MO-5006-450,T-MOTOR,ANTIGRAVITY 5006,,5006,450,108,06,50,,,,,,,,,,,,,,,,,,,,,,
2629,T-MO-5008-170,T-MOTOR,ANTIGRAVITY 5008,,5008,170,128,08,50,,,,,,,,,,,,,,,,,,,,,,
2630,T-MO-5008-340,T-MOTOR,ANTIGRAVITY 5008,,5008,340,135,08,50,,,,,,,,,,,,,,,,,,,,,,
2631,T-MO-5008-400,T-MOTOR,ANTIGRAVITY 5008,,5008,400,132,08,50,,,,,,,,,,,,,,,,,,,,,,
2632,T-MO-5208-340,T-MOTOR,MN5208,,5208,340,145,08,52,,,,,,,,,,,,,,,,,,,,,,
2633,T-MO-5212-340,T-MOTOR,MN5212,,5212,340,205,12,52,,,,,,,,,,,,,,,,,,,,,,
2634,T-MO-5212-420,T-MOTOR,MN5212,,5212,420,205,12,52,,,,,,,,,,,,,,,,,,,,,,
2635,T-MO-5220-220,T-MOTOR,AT 5220-B LONG SHAFT,,5220,220,450,20,52,,,,,,,,,,,,,,,,,,,,,,
2636,T-MO-5220-380,T-MOTOR,AT 5220-B LONG SHAFT,,5220,380,465,20,52,,,,,,,,,,,,,,,,,,,,,,
2637,T-MO-5230-200,T-MOTOR,AT 5230-A LONG SHAFT,,5230,200,610,30,52,,,,,,,,,,,,,,,,,,,,,,
2638,T-MO-6007-160,T-MOTOR,ANTIGRAVITY 6007,,6007,160,159,07,60,,,,,,,,,,,,,,,,,,,,,,
2639,T-MO-6007-320,T-MOTOR,ANTIGRAVITY 6007,,6007,320,161,07,60,,,,,,,,,,,,,,,,,,,,,,
2640,T-MO-7005-115,T-MOTOR,ANTIGRAVITY 7005,V1,7005,115,188,05,70,21,79,15,6,Tige,Oui,4 Vis,32,12S,44.4V,60MM,36AWG,22-24 Inch,Multicopter,0.288,,,,,,,
2641,T-MO-7005-230,T-MOTOR,ANTIGRAVITY 7005,V1,7005,230,188,05,70,21,79,15,6,Tige,Oui,4 Vis,32,6S,22.2V,60MM,36AWG,22-24 Inch,Multicopter,0.071,,,,,,,
2642,T-MO-7215-200,T-MOTOR,AT 7215,,7215,200,550,15,72,,,,,,,,,,,,,,,,,,,,,,
2643,T-MO-7215-220,T-MOTOR,AT 7215,,7215,220,565,15,72,,,,,,,,,,,,,,,,,,,,,,
2644,T-MO-7215-245,T-MOTOR,AT 7215,,7215,245,555,15,72,,,,,,,,,,,,,,,,,,,,,,
2645,T-MO-7215-270,T-MOTOR,AT 7215,,7215,270,560,15,72,,,,,,,,,,,,,,,,,,,,,,
2646,T-MO-7224-160,T-MOTOR,AT 7224,,7224,160,780,24,72,,,,,,,,,,,,,,,,,,,,,,
2647,T-MO-7224-190,T-MOTOR,AT 7224,,7224,190,780,24,72,,,,,,,,,,,,,,,,,,,,,,
2648,T-MO--10,T-MOTOR,G100,,,10,954,,,,,,,,,,,,,,,,,,,,,,,,
2649,T-MO--25,T-MOTOR,G60,,,25,374,,,,,,,,,,,,,,,,,,,,,,,,
2650,T-MO--26,T-MOTOR,GB54-2,,,26,156,,,,,,,,,,,,,,,,,,,,,,,,
2651,T-MO--30,T-MOTOR,G80,,,30,472,,,,,,,,,,,,,,,,,,,,,,,,
2652,T-MO--33,T-MOTOR,GB54-1,,,33,137,,,,,,,,,,,,,,,,,,,,,,,,
2653,T-MO--50,T-MOTOR,GB36-1,,,50,88,,,,,,,,,,,,,,,,,,,,,,,,
2654,T-MO--55,T-MOTOR,G60,,,55,364,,,,,,,,,,,,,,,,,,,,,,,,
2655,T-MO--60,T-MOTOR,G80,,,60,482,,,,,,,,,,,,,,,,,,,,,,,,
2656,T-MO--65,T-MOTOR,U13II,,,65,990,,,,,,,,,,,,,,,,,,,,,,,,
2657,T-MO--70,T-MOTOR,G40,,,70,183,,,,,,,,,,,,,,,,,,,,,,,,
2658,T-MO--75,T-MOTOR,RI80,,,75,411.2,,,,,,,,,,,,,,,,,,,,,,,,
2659,T-MO--80,T-MOTOR,U15II,,,80,1740,,,,,,,,,,,,,,,,,,,,,,,,
2660,T-MO--85,T-MOTOR,U13II,,,85,1280,,,,,,,,,,,,,,,,,,,,,,,,
2661,T-MO--90,T-MOTOR,R100,,,90,731,,,,,,,,,,,,,,,,,,,,,,,,
2662,T-MO--95,T-MOTOR,RI70,,,95,270.4,,,,,,,,,,,,,,,,,,,,,,,,
2663,T-MO--100,T-MOTOR,AK10-9,,,100,820,,,,,,,,,,,,,,,,,,,,,,,,
2664,T-MO--105,T-MOTOR,RI100,,,105,500,,,,,,,,,,,,,,,,,,,,,,,,
2665,T-MO--110,T-MOTOR,R80,,,110,354,,,,,,,,,,,,,,,,,,,,,,,,
2666,T-MO--115,T-MOTOR,R60,,,115,248,,,,,,,,,,,,,,,,,,,,,,,,
2667,T-MO--120,T-MOTOR,MN801-S,,,120,470,,,,,,,,,,,,,,,,,,,,,,,,
2668,T-MO--125,T-MOTOR,MN705-S,,,125,450,,,,,,,,,,,,,,,,,,,,,,,,
2669,T-MO--130,T-MOTOR,U13II,,,130,975,,,,,,,,,,,,,,,,,,,,,,,,
2670,T-MO--135,T-MOTOR,MN701-S,,,135,350,,,,,,,,,,,,,,,,,,,,,,,,
2671,T-MO--140,T-MOTOR,MN705-S,,,140,475,,,,,,,,,,,,,,,,,,,,,,,,
2672,T-MO--150,T-MOTOR,MN801-S,,,150,480,,,,,,,,,,,,,,,,,,,,,,,,
2673,T-MO--170,T-MOTOR,MN601-S,,,170,250,,,,,,,,,,,,,,,,,,,,,,,,
2674,T-MO--190,T-MOTOR,U8 II,,,190,277,,,,,,,,,,,,,,,,,,,,,,,,
2675,T-MO--210,T-MOTOR,G40,,,210,163,,,,,,,,,,,,,,,,,,,,,,,,
2676,T-MO--240,T-MOTOR,MN501-S,,,240,170,,,,,,,,,,,,,,,,,,,,,,,,
2677,T-MO--260,T-MOTOR,MN705-S,,,260,450,,,,,,,,,,,,,,,,,,,,,,,,
2678,T-MO--280,T-MOTOR,MN701-S,,,280,355,,,,,,,,,,,,,,,,,,,,,,,,
2679,T-MO--290,T-MOTOR,G30,,,290,83,,,,,,,,,,,,,,,,,,,,,,,,
2680,T-MO--300,T-MOTOR,F1000,,,300,404,,,,,,,,,,,,,,,,,,,,,,,,
2681,T-MO--320,T-MOTOR,MN505-S,,,320,400,,,,,,,,,,,,,,,,,,,,,,,,
2682,T-MO--340,T-MOTOR,P60 PIN,,,340,345,,,,,,,,,,,,,,,,,,,,,,,,
2683,T-MO--360,T-MOTOR,MN501-S,,,360,175,,,,,,,,,,,,,,,,,,,,,,,,
2684,T-MO--380,T-MOTOR,MN505-S,,,380,400,,,,,,,,,,,,,,,,,,,,,,,,
2685,T-MO--400,T-MOTOR,U5,,,400,195,,,,,,,,,,,,,,,,,,,,,,,,
2686,T-MO--420,T-MOTOR,U7,,,420,317,,,,,,,,,,,,,,,,,,,,,,,,
2687,T-MO--490,T-MOTOR,U7,,,490,317,,,,,,,,,,,,,,,,,,,,,,,,
2688,T-MO--510,T-MOTOR,F1000,,,510,400,,,,,,,,,,,,,,,,,,,,,,,,
2689,T-MO--545,T-MOTOR,F1000-LONG SHAFT,,,545,,,,,,,,,,,,,,,,,,,,,,,,,
2690,T-MO--635,T-MOTOR,F1000-LONG SHAFT,,,635,,,,,,,,,,,,,,,,,,,,,,,,,
2691,T-MO--700,T-MOTOR,U3,,,700,128,,,,,,,,,,,,,,,,,,,,,,,,
2692,T-MO--1300,T-MOTOR,F90,,,1300,46.6,,,,,,,,,,,,,,,,,,,,,,,,
2693,T-MO--1500,T-MOTOR,AM40 3D,,,1500,22.3,,,,,,,,,,,,,,,,,,,,,,,,
2694,T-MO--1600,T-MOTOR,F40 PRO II,,,1600,27.5,,,,,,,,,,,,,,,,,,,,,,,,
2695,T-MO--1750,T-MOTOR,F40 PRO II,,,1750,27.5,,,,,,,,,,,,,,,,,,,,,,,,
2696,T-MO--1850,T-MOTOR,AM40 3D,,,1850,22.3,,,,,,,,,,,,,,,,,,,,,,,,
2697,T-MO--1900,T-MOTOR,F60 PRO III,,,1900,35.3,,,,,,,,,,,,,,,,,,,,,,,,
2698,T-MO--1950,T-MOTOR,F40 PRO IV,,,1950,30.8,,,,,,,,,,,,,,,,,,,,,,,,
2699,T-MO--2150,T-MOTOR,F40 PRO II,,,2150,27.5,,,,,,,,,,,,,,,,,,,,,,,,
2700,T-MO--2200,T-MOTOR,F60 PRO,,,2200,32.5,,,,,,,,,,,,,,,,,,,,,,,,
2701,T-MO--2300,T-MOTOR,F30,,,2300,21,,,,,,,,,,,,,,,,,,,,,,,,
2702,T-MO--2350,T-MOTOR,F60 PRO,,,2350,32.5,,,,,,,,,,,,,,,,,,,,,,,,
2703,T-MO--2400,T-MOTOR,F40 PRO,,,2400,30.1,,,,,,,,,,,,,,,,,,,,,,,,
2704,T-MO--2500,T-MOTOR,F60 PRO,,,2500,32.5,,,,,,,,,,,,,,,,,,,,,,,,
2705,T-MO--2550,T-MOTOR,F60 PRO IV V2,,,2550,32.5,,,,,,,,,,,,,,,,,,,,,,,,
2706,T-MO--2600,T-MOTOR,F40 PRO,,,2600,30.1,,,,,,,,,,,,,,,,,,,,,,,,
2707,T-MO--2700,T-MOTOR,F60 PRO II,,,2700,33.4,,,,,,,,,,,,,,,,,,,,,,,,
2708,T-MO--2750,T-MOTOR,F60III,,,2750,33,,,,,,,,,,,,,,,,,,,,,,,,
2709,T-MO--2800,T-MOTOR,F20 II,,,2800,15.2,,,,,,,,,,,,,,,,,,,,,,,,
2710,T-MO--3250,T-MOTOR,F20 II,,,3250,15.2,,,,,,,,,,,,,,,,,,,,,,,,
2711,T-MO--3750,T-MOTOR,F20 II,,,3750,15.2,,,,,,,,,,,,,,,,,,,,,,,,
2712,T-MO--4500,T-MOTOR,F15,,,4500,7.8,,,,,,,,,,,,,,,,,,,,,,,,
2713,T-MO--6000,T-MOTOR,F15,,,6000,7.8,,,,,,,,,,,,,,,,,,,,,,,,
2714,T-MO--7500,T-MOTOR,F10,,,7500,6.9,,,,,,,,,,,,,,,,,,,,,,,,
2715,T-MO--,T-MOTOR,GB36-2,,,,128,,,,,,,,,,,,,,,,,,,,,,,,
2716,TATT-2305-2450,TATTU,2305,,2305,2450,29.5,05,23,,,,,,,,,,,,,,,,,,,,,,
2717,TBS-0603-12000,TBS,MICRO 0603,,0603,12000,1.8,03,06,,,,,,,,,,,,,,,,,,,,,,
2718,TBS-0603-15000,TBS,MICRO 0603,,0603,15000,1.8,03,06,,,,,,,,,,,,,,,,,,,,,,
2719,TBS-1505-3600,TBS,PODRACER 1505,,1505,3600,11,05,15,,,,,,,,,,,,,,,,,,,,,,
2720,TBS-2207-1850,TBS,GRINDER 2207,V3,2207,1850,34.8,07,22,,,,,,,,,,,,,,,,,,,,,,
2721,TBS-2207-2500,TBS,GRINDER 2207,V3,2207,2500,34.8,07,22,,,,,,,,,,,,,,,,,,,,,,
2722,TBS--1030,TBS,CAIPRINHA 2,,,1030,126,,,,,,,,,,,,,,,,,,,,,,,,
2723,"THEF-1202,5-6400",THEFPV,"THEFPV 1202,5",V1,1202.5,6400,4.4,2.5,12,2.5,12,44 682,,Ecrou,Non,4 Vis,9,3S,11.1V,,,,,,,,7075,,https://www.unmannedtechshop.co.uk/product/thefpv-motor-v2/,,
2724,THEF-2207-1800,THEFPV,THEFPV 2207,V1,2207,1800,35.44,07,22,,,5,,Ecrou,Non,4 Vis,16,6S,22.2V,,,,,,,,,,,,
2725,THEF-2207-2450,THEFPV,THEFPV 2207,V1,2207,2450,35.44,07,22,,,5,,Ecrou,Non,4 Vis,16,4S,14.8V,,,,,,,,,,,,
2726,"THEF-2207,5-1800",THEFPV,"THEFPV 2207,5",V1,2207.5,1800,37,",5",22,,,5,,Ecrou,Non,4 Vis,16,6S,22.2V,,,,,,,,7075,,https://www.unmannedtechshop.co.uk/product/thefpv-motor-v2/,,
2727,"THEF-2207,5-1900",THEFPV,"THEFPV 2207,5",V1,2207.5,1900,37,",5",22,,,5,,Ecrou,Non,4 Vis,16,6S,22.2V,,,,,,,,7075,,https://www.unmannedtechshop.co.uk/product/thefpv-motor-v2/,,
2728,"THEF-2207,5-2450",THEFPV,"THEFPV 2207,5",V1,2207.5,2450,37,",5",22,,,5,,Ecrou,Non,4 Vis,16,6S,22.2V,,,,,,,,7075,,https://www.unmannedtechshop.co.uk/product/thefpv-motor-v2/,,
2729,THEF-2208-1650,THEFPV,THEFPV 2208,V1,2208,1650,37,08,22,,,5,,Ecrou,Non,4 Vis,,6S,22.2V,,,,,,,N52SH,7075,,,,
2730,THEF-2208-2150,THEFPV,THEFPV 2208,V1,2208,2150,37,08,22,,,5,,Ecrou,Non,4 Vis,,5S,18.5V,,,,,,,N52SH,7075,,,,
2731,THEF-2208-2400,THEFPV,THEFPV 2208,V1,2208,2400,37,08,22,,,5,,Ecrou,Non,4 Vis,,4S,14.8V,,,,,,,N52SH,7075,,,,
2732,TINY--12000,TINYWHOOP,803,,,12000,,,,,,,,,,,,,,,,,,,,,,,,,
2733,TINY--16000,TINYWHOOP,603,,,16000,,,,,,,,,,,,,,,,,,,,,,,,,
2734,TINY--17500,TINYWHOOP,802,,,17500,,,,,,,,,,,,,,,,,,,,,,,,,
2735,TINY--19000,TINYWHOOP,603,,,19000,,,,,,,,,,,,,,,,,,,,,,,,,
2736,TINY--20000,TINYWHOOP,803,,,20000,,,,,,,,,,,,,,,,,,,,,,,,,
2737,TINY--20500,TINYWHOOP,802,,,20500,,,,,,,,,,,,,,,,,,,,,,,,,
2738,TINY--22000,TINYWHOOP,802,,,22000,,,,,,,,,,,,,,,,,,,,,,,,,
2739,TINY--23000,TINYWHOOP,603,,,23000,,,,,,,,,,,,,,,,,,,,,,,,,
2740,TINY--27000,TINYWHOOP,802,,,27000,,,,,,,,,,,,,,,,,,,,,,,,,
2741,TRAN-1106-4350,TRANSTEC,1106 NEXT,,1106,4350,7.4,06,11,,,,,,,,,,,,,,,,,,,,,,
2742,TRAN-2207-1850,TRANSTEC,2207 NEXT,,2207,1850,32.9,07,22,,,,,,,,,,,,,,,,,,,,,,
2743,TRAN-2207-2500,TRANSTEC,2207 NEXT,,2207,2500,32.9,07,22,,,,,,,,,,,,,,,,,,,,,,
2744,TRAN--22000,TRANSTEC,802 TINYWHOOP,,,22000,,,,,,,,,,,,,,,,,,,,,,,,,
2745,UMMA-2004-1600,UMMAGAWD,AEROLITE 2004,V2,2004,1600,15.2,04,20,13.2,24.7,2,1.5,Tige,Oui,2 Vis,12,6S,22.2V,30MM,,2-3 Inch,,240mQ,,,,,,,
2746,UMMA-2004-2400,UMMAGAWD,AEROLITE 2004,V2,2004,2400,15.2,04,20,13.2,24.7,2,1.5,Tige,Oui,2 Vis,12,6S,22.2V,30MM,,2-3 Inch,,140mQ,,,,,,,
2747,UMMA-2004-3500,UMMAGAWD,AEROLITE 2004,V2,2004,3500,15.2,04,20,13.2,24.7,2,1.5,Tige,Oui,2 Vis,12,6S,22.2V,30MM,,2-3 Inch,,80mQ,,,,,https://cdn.shopify.com/s/files/1/0066/5754/0185/products/2004-1600KV_1d9c200f-5af5-4ae3-8ef0-f259f080fdc2_2400x2400_crop_center.jpg?v=1676399831,,
2748,UMMA-2306-1777,UMMAGAWD,HEX 2306,,2306,1777,32,06,23,,,,,,,,,,,,,,,,,,,,,,
2749,VIVA-2207-2650,VIVAFPV,2207,,2207,2650,29.6,07,22,,,,,,,,,,,,,,,,,,,,,,
2750,XNOV-1204-4000,XNOVA,T1204,,1204,4000,6.1,04,12,,,,,,,,,,,,,,,,,,,,,,
2751,XNOV-1204-5000,XNOVA,T1204,,1204,5000,6.1,04,12,,,,,,,,,,,,,,,,,,,,,,
2752,XNOV-1404-2700,XNOVA,T1404,,1404,2700,10,04,14,,,,,,,,,,,,,,,,,,,,,,
2753,XNOV-1404-3800,XNOVA,T1404,,1404,3800,10,04,14,,,,,,,,,,,,,,,,,,,,,,
2754,XNOV-1406-3100,XNOVA,RACING 1406,,1406,3100,14,06,14,,,,,,,,,,,,,,,,,,,,,,
2755,XNOV-1406-3500,XNOVA,RACING 1406,,1406,3500,14,06,14,,,,,,,,,,,,,,,,,,,,,,
2756,XNOV-1406-4000,XNOVA,RACING 1406,,1406,4000,14,06,14,,,,,,,,,,,,,,,,,,,,,,
2757,XNOV-1407-2800,XNOVA,RACING 1407,,1407,2800,16,07,14,,,,,,,,,,,,,,,,,,,,,,
2758,XNOV-1407-3100,XNOVA,RACING 1407,,1407,3100,16,07,14,,,,,,,,,,,,,,,,,,,,,,
2759,XNOV-1407-3500,XNOVA,RACING 1407,,1407,3500,16,07,14,,,,,,,,,,,,,,,,,,,,,,
2760,XNOV-1407-4000,XNOVA,RACING 1407,,1407,4000,16,07,14,,,,,,,,,,,,,,,,,,,,,,
2761,XNOV-144-4700,XNOVA,T1404,,0144,4700,10,44,14,,,,,,,,,,,,,,,,,,,,,,
2762,XNOV-1804-1900,XNOVA,T1804,,1804,1900,14,04,18,,,,,,,,,,,,,,,,,,,,,,
2763,XNOV-1804-2400,XNOVA,LIGHNIGHT RACING 1804,,1804,2400,16,04,18,,,,,,,,,,,,,,,,,,,,,,
2764,XNOV-1804-2800,XNOVA,LIGHNIGHT RACING 1804,,1804,2800,15.8,04,18,,,,,,,,,,,,,,,,,,,,,,
2765,XNOV-1804-3100,XNOVA,LIGHNIGHT RACING 1804,,1804,3100,15.4,04,18,,,,,,,,,,,,,,,,,,,,,,
2766,XNOV-1804-3500,XNOVA,LIGHNIGHT RACING 1804,,1804,3500,15.1,04,18,,,,,,,,,,,,,,,,,,,,,,
2767,XNOV-1806-2300,XNOVA,SUPERSONIC RACING 1806,,1806,2300,21,06,18,,,,,,,,,,,,,,,,,,,,,,
2768,XNOV-2204-2300,XNOVA,SUPERSONIC RACING 2204,,2204,2300,29,04,22,,,,,,,,,,,,,,,,,,,,,,
2769,XNOV-2204-2350,XNOVA,LIGHNIGHT RACING 2204,,2204,2350,24,04,22,,,,,,,,,,,,,,,,,,,,,,
2770,XNOV-2204-2500,XNOVA,LIGHNIGHT RACING 2204,,2204,2500,23.9,04,22,,,,,,,,,,,,,,,,,,,,,,
2771,XNOV-2204-2900,XNOVA,LIGHNIGHT RACING 2204,,2204,2900,23.8,04,22,,,,,,,,,,,,,,,,,,,,,,
2772,XNOV-2205-2300,XNOVA,HYPERSONIC RACING 2205,,2205,2300,30,05,22,,,,,,,,,,,,,,,,,,,,,,
2773,XNOV-2205-2600,XNOVA,HYPERSONIC RACING 2205,,2205,2600,30,05,22,,,,,,,,,,,,,,,,,,,,,,
2774,XNOV-2206-2000,XNOVA,SUPERSONIC RACING 2206,,2206,2000,36,06,22,,,,,,,,,,,,,,,,,,,,,,
2775,XNOV-2206-2450,XNOVA,LIGHNIGHT RACING 2206,,2206,2450,27.3,06,22,,,,,,,,,,,,,,,,,,,,,,
2776,XNOV-2206-2500,XNOVA,LIGHNIGHT RACING 2206 V2N,,2206,2500,29,06,22,,,,,,,,,,,,,,,,,,,,,,
2777,XNOV-2206-2600,XNOVA,LIGHNIGHT RACING 2206,,2206,2600,27,06,22,,,,,,,,,,,,,,,,,,,,,,
2778,XNOV-2206-2700,XNOVA,LIGHNIGHT RACING 2206 V2N,,2206,2700,29,06,22,,,,,,,,,,,,,,,,,,,,,,
2779,XNOV-2207-1650,XNOVA,FREESTYLE HARD LINE 2207,,2207,1650,33.5,07,22,,,,,,,,,,,,,,,,,,,,,,
2780,XNOV-2207-1700,XNOVA,FREESTYLE SMOOTH LINE 2207,,2207,1700,34.6,07,22,,,,,,,,,,,,,,,,,,,,,,
2781,XNOV-2207-1800,XNOVA,FREESTYLE HARD LINE 2207,,2207,1800,33.6,07,22,,,,,,,,,,,,,,,,,,,,,,
2782,XNOV-2207-1900,XNOVA,LIGHNIGHT RACING 2207 V2N,V2,2207,1900,34,07,22,,,,,,,,,,,,,,,,,,,,,,
2783,XNOV-2207-1950,XNOVA,LITE RACING LINE 2207,,2207,1950,29.8,07,22,,,,,,,,,,,,,,,,,,,,,,
2784,XNOV-2207-2000,XNOVA,HYPERSONIC RACING 2207,,2207,2000,36,07,22,,,,,,,,,,,,,,,,,,,,,,
2785,XNOV-2207-2150,XNOVA,FREESTYLE HARD LINE 2207,,2207,2150,33.5,07,22,,,,,,,,,,,,,,,,,,,,,,
2786,XNOV-2207-2200,XNOVA,LITE RACING LINE 2207,,2207,2200,29.8,07,22,,,,,,,,,,,,,,,,,,,,,,
2787,XNOV-2207-2300,XNOVA,HYPERSONIC RACING 2207,,2207,2300,36,07,22,,,,,,,,,,,,,,,,,,,,,,
2788,XNOV-2207-2400,XNOVA,FREESTYLE SMOOTH LINE 2207,,2207,2400,35,07,22,,,,,,,,,,,,,,,,,,,,,,
2789,XNOV-2207-2450,XNOVA,FREESTYLE HARD LINE 2207,,2207,2450,33.7,07,22,,,,,,,,,,,,,,,,,,,,,,
2790,XNOV-2207-2500,XNOVA,HYPERSONIC RACING 2207,,2207,2500,36,07,22,,,,,,,,,,,,,,,,,,,,,,
2791,XNOV-2207-2600,XNOVA,FREESTYLE HARD LINE 2207,,2207,2600,33.2,07,22,,,,,,,,,,,,,,,,,,,,,,
2792,XNOV-2207-2700,XNOVA,LIGHNIGHT RACING 2207 V2N,V2,2207,2700,34,07,22,,,,,,,,,,,,,,,,,,,,,,
2793,XNOV-2207-2750,XNOVA,FREESTYLE SMOOTH LINE 2207,,2207,2750,35.2,07,22,,,,,,,,,,,,,,,,,,,,,,
2794,XNOV-2208-1500,XNOVA,LIGHTNIGHT 2208 V2N,,2208,1500,36.5,08,22,,,,,,,,,,,,,,,,,,,,,,
2795,XNOV-2208-1700,XNOVA,LIGHTNIGHT 2208 V2N,,2208,1700,37.3,08,22,,,,,,,,,,,,,,,,,,,,,,
2796,XNOV-2208-1900,XNOVA,LIGHTNIGHT 2208 V2N,,2208,1900,36.8,08,22,,,,,,,,,,,,,,,,,,,,,,
2797,XNOV-2208-2300,XNOVA,LIGHTNIGHT 2208 V2N,,2208,2300,36.8,08,22,,,,,,,,,,,,,,,,,,,,,,
2798,XNOV-2208-2500,XNOVA,LIGHTNIGHT 2208 V2N,,2208,2500,36.6,08,22,,,,,,,,,,,,,,,,,,,,,,
2799,XNOV-2208-2700,XNOVA,LIGHTNIGHT 2208 V2N,,2208,2700,36.6,08,22,,,,,,,,,,,,,,,,,,,,,,
2800,XNOV-2216-2600,XNOVA,XTS 2216,,2216,2600,75,16,22,,,,,,,,,,,,,,,,,,,,,,
2801,XNOV-2216-4100,XNOVA,XTS 2216,,2216,4100,77,16,22,,,,,,,,,,,,,,,,,,,,,,
2802,XNOV-22207-1850,XNOVA,FREESTYLE SMOOTH LINE 2207,,22207,1850,35.2,07,22,,,,,,,,,,,,,,,,,,,,,,
2803,XNOV-2618-1360,XNOVA,XTS 2618,,2618,1360,108,18,26,,,,,,,,,,,,,,,,,,,,,,
2804,XNOV-2618-1580,XNOVA,XTS 2618,,2618,1580,110,18,26,,,,,,,,,,,,,,,,,,,,,,
2805,XNOV-2618-1860,XNOVA,XTS 2618,,2618,1860,110,18,26,,,,,,,,,,,,,,,,,,,,,,
2806,XNOV-2820-890,XNOVA,XTS 2820,,2820,890,140,20,28,,,,,,,,,,,,,,,,,,,,,,
2807,XNOV-2820-920,XNOVA,LIGHTNIGHT 2820,,2820,920,150,20,28,,,,,,,,,,,,,,,,,,,,,,
2808,XNOV-3215-930,XNOVA,XTS 3215,,3215,930,160,15,32,,,,,,,,,,,,,,,,,,,,,,
2809,XNOV-3215-945,XNOVA,LIGHTNIGHT TAREQ 3215 V2,V2,3215,945,166,15,32,,,,,,,,,,,,,,,,,,,,,,
2810,XNOV-3220-950,XNOVA,LIGHTNIGHT 3220,,3220,950,200,20,32,,,,,,,,,,,,,,,,,,,,,,
2811,XNOV-3225-1100,XNOVA,LIGHTNIGHT 3225,,3225,1100,240,25,32,,,,,,,,,,,,,,,,,,,,,,
2812,XNOV-3640-2200,XNOVA,B3640,,3640,2200,140,40,36,,,,,,,,,,,,,,,,,,,,,,
2813,XNOV-3640-2780,XNOVA,B3640,,3640,2780,140,40,36,,,,,,,,,,,,,,,,,,,,,,
2814,XNOV-3640-3250,XNOVA,B3640,,3640,3250,140,40,36,,,,,,,,,,,,,,,,,,,,,,
2815,XNOV-3640-3700,XNOVA,B3640,,3640,3700,140,40,36,,,,,,,,,,,,,,,,,,,,,,
2816,XNOV-3640-4850,XNOVA,B3640,,3640,4850,140,40,36,,,,,,,,,,,,,,,,,,,,,,
2817,XNOV-3640-5500,XNOVA,B3640,,3640,5500,140,40,36,,,,,,,,,,,,,,,,,,,,,,
2818,XNOV-3640-6600,XNOVA,B3640,,3640,6600,140,40,36,,,,,,,,,,,,,,,,,,,,,,
2819,XNOV-3640-9950,XNOVA,B3640,,3640,9950,140,40,36,,,,,,,,,,,,,,,,,,,,,,
2820,XNOV-3645-2250,XNOVA,B3645,,3645,2250,173,45,36,,,,,,,,,,,,,,,,,,,,,,
2821,XNOV-3650-1650,XNOVA,B3650,,3650,1650,203,50,36,,,,,,,,,,,,,,,,,,,,,,
2822,XNOV-3650-1920,XNOVA,B3650,,3650,1920,202,50,36,,,,,,,,,,,,,,,,,,,,,,
2823,XNOV-3650-2200,XNOVA,B3650,,3650,2200,205,50,36,,,,,,,,,,,,,,,,,,,,,,
2824,XNOV-3650-2620,XNOVA,B3650,,3650,2620,200,50,36,,,,,,,,,,,,,,,,,,,,,,
2825,XNOV-3650-3300,XNOVA,B3650,,3650,3300,201,50,36,,,,,,,,,,,,,,,,,,,,,,
2826,XNOV-3650-3800,XNOVA,B3650,,3650,3800,208,50,36,,,,,,,,,,,,,,,,,,,,,,
2827,XNOV-3650-4550,XNOVA,B3650,,3650,4550,203,50,36,,,,,,,,,,,,,,,,,,,,,,
2828,XNOV-3650-5700,XNOVA,B3650,,3650,5700,208,50,36,,,,,,,,,,,,,,,,,,,,,,
2829,XNOV-3650-6300,XNOVA,B3650,,3650,6300,203,50,36,,,,,,,,,,,,,,,,,,,,,,
2830,XNOV-3650-7820,XNOVA,B3650,,3650,7820,203,50,36,,,,,,,,,,,,,,,,,,,,,,
2831,XNOV-3660-930,XNOVA,B3660,,3660,930,260,60,36,,,,,,,,,,,,,,,,,,,,,,
2832,XNOV-3660-1160,XNOVA,B3660,,3660,1160,260,60,36,,,,,,,,,,,,,,,,,,,,,,
2833,XNOV-3660-1360,XNOVA,B3660,,3660,1360,261,60,36,,,,,,,,,,,,,,,,,,,,,,
2834,XNOV-3660-1480,XNOVA,B3660,,3660,1480,256,60,36,,,,,,,,,,,,,,,,,,,,,,
2835,XNOV-3660-1650,XNOVA,B3660,,3660,1650,260,60,36,,,,,,,,,,,,,,,,,,,,,,
2836,XNOV-3660-1840,XNOVA,B3660,,3660,1840,255,60,36,,,,,,,,,,,,,,,,,,,,,,
2837,XNOV-3660-2060,XNOVA,B3660,,3660,2060,261,60,36,,,,,,,,,,,,,,,,,,,,,,
2838,XNOV-3660-2350,XNOVA,B3660,,3660,2350,258,60,36,,,,,,,,,,,,,,,,,,,,,,
2839,XNOV-3660-2740,XNOVA,B3660,,3660,2740,265,60,36,,,,,,,,,,,,,,,,,,,,,,
2840,XNOV-3660-3300,XNOVA,B3660,,3660,3300,258,60,36,,,,,,,,,,,,,,,,,,,,,,
2841,XNOV-3660-4080,XNOVA,B3660,,3660,4080,270,60,36,,,,,,,,,,,,,,,,,,,,,,
2842,XNOV-3660-5400,XNOVA,B3660,,3660,5400,260,60,36,,,,,,,,,,,,,,,,,,,,,,
2843,XNOV-3665-890,XNOVA,B3665,,3665,890,291,65,36,,,,,,,,,,,,,,,,,,,,,,
2844,XNOV-3665-1000,XNOVA,B3665,,3665,1000,293,65,36,,,,,,,,,,,,,,,,,,,,,,
2845,XNOV-3665-1190,XNOVA,B3665,,3665,1190,294,65,36,,,,,,,,,,,,,,,,,,,,,,
2846,XNOV-3665-1340,XNOVA,B3665,,3665,1340,297,65,36,,,,,,,,,,,,,,,,,,,,,,
2847,XNOV-3665-1420,XNOVA,B3665,,3665,1420,293,65,36,,,,,,,,,,,,,,,,,,,,,,
2848,XNOV-3665-1640,XNOVA,B3665,,3665,1640,287,65,36,,,,,,,,,,,,,,,,,,,,,,
2849,XNOV-3665-1790,XNOVA,B3665,,3665,1790,295,65,36,,,,,,,,,,,,,,,,,,,,,,
2850,XNOV-3665-2040,XNOVA,B3665,,3665,2040,289,65,36,,,,,,,,,,,,,,,,,,,,,,
2851,XNOV-3665-2380,XNOVA,B3665,,3665,2380,298,65,36,,,,,,,,,,,,,,,,,,,,,,
2852,XNOV-3665-2850,XNOVA,B3665,,3665,2850,289,65,36,,,,,,,,,,,,,,,,,,,,,,
2853,XNOV-3665-3550,XNOVA,B3665,,3665,3550,300,65,36,,,,,,,,,,,,,,,,,,,,,,
2854,XNOV-3665-4000,XNOVA,B3665,,3665,4000,290,65,36,,,,,,,,,,,,,,,,,,,,,,
2855,XNOV-3665-4700,XNOVA,B3665,,3665,4700,293,65,36,,,,,,,,,,,,,,,,,,,,,,
2856,XNOV-3675-535,XNOVA,B3675,,3675,535,348,75,36,,,,,,,,,,,,,,,,,,,,,,
2857,XNOV-3675-640,XNOVA,B3675,,3675,640,348,75,36,,,,,,,,,,,,,,,,,,,,,,
2858,XNOV-3675-700,XNOVA,B3675,,3675,700,347,75,36,,,,,,,,,,,,,,,,,,,,,,
2859,XNOV-3675-800,XNOVA,B3675,,3675,800,348,75,36,,,,,,,,,,,,,,,,,,,,,,
2860,XNOV-3675-945,XNOVA,B3675,,3675,945,348,75,36,,,,,,,,,,,,,,,,,,,,,,
2861,XNOV-3675-1030,XNOVA,B3675,,3675,1030,343,75,36,,,,,,,,,,,,,,,,,,,,,,
2862,XNOV-3675-1130,XNOVA,B3675,,3675,1130,347,75,36,,,,,,,,,,,,,,,,,,,,,,
2863,XNOV-3675-1260,XNOVA,B3675,,3675,1260,341,75,36,,,,,,,,,,,,,,,,,,,,,,
2864,XNOV-3675-1410,XNOVA,B3675,,3675,1410,346,75,36,,,,,,,,,,,,,,,,,,,,,,
2865,XNOV-3675-1620,XNOVA,B3675,,3675,1620,340,75,36,,,,,,,,,,,,,,,,,,,,,,
2866,XNOV-3675-1890,XNOVA,B3675,,3675,1890,352,75,36,,,,,,,,,,,,,,,,,,,,,,
2867,XNOV-3675-2260,XNOVA,B3675,,3675,2260,343,75,36,,,,,,,,,,,,,,,,,,,,,,
2868,XNOV-3675-2800,XNOVA,B3675,,3675,2800,356,75,36,,,,,,,,,,,,,,,,,,,,,,
2869,XNOV-3675-3740,XNOVA,B3675,,3675,3740,346,75,36,,,,,,,,,,,,,,,,,,,,,,
2870,XNOV-4020-1000,XNOVA,4020,,4020,1000,348,20,40,,,,,,,,,,,,,,,,,,,,,,
2871,XNOV-4020-1200,XNOVA,4020,,4020,1200,348,20,40,,,,,,,,,,,,,,,,,,,,,,
2872,XNOV-4025-560,XNOVA,4025,,4025,560,384,25,40,,,,,,,,,,,,,,,,,,,,,,
2873,XNOV-4025-670,XNOVA,4025,,4025,670,381,25,40,,,,,,,,,,,,,,,,,,,,,,
2874,XNOV-4025-830,XNOVA,4025,,4025,830,386,25,40,,,,,,,,,,,,,,,,,,,,,,
2875,XNOV-4025-1120,XNOVA,4025,,4025,1120,384,25,40,,,,,,,,,,,,,,,,,,,,,,
2876,XNOV-4025-1350,XNOVA,LIGHTNIGHT 4020,,4025,1350,150,25,40,,,,,,,,,,,,,,,,,,,,,,
2877,XNOV-4030-350,XNOVA,4030,,4030,350,440,30,40,,,,,,,,,,,,,,,,,,,,,,
2878,XNOV-4030-470,XNOVA,4030,,4030,470,445,30,40,,,,,,,,,,,,,,,,,,,,,,
2879,XNOV-4030-560,XNOVA,4030,,4030,560,431,30,40,,,,,,,,,,,,,,,,,,,,,,
2880,XNOV-4030-710,XNOVA,4030,,4030,710,432,30,40,,,,,,,,,,,,,,,,,,,,,,
2881,XNOV-4035-300,XNOVA,4035,,4035,300,495,35,40,,,,,,,,,,,,,,,,,,,,,,
2882,XNOV-4035-400,XNOVA,4035,,4035,400,483,35,40,,,,,,,,,,,,,,,,,,,,,,
2883,XNOV-4035-480,XNOVA,4035,,4035,480,473,35,40,,,,,,,,,,,,,,,,,,,,,,
2884,XNOV-4035-600,XNOVA,4035,,4035,600,477,35,40,,,,,,,,,,,,,,,,,,,,,,
2885,XNOV-4525-385,XNOVA,LIGHTNIGHT 4525,,4525,385,486,25,45,,,,,,,,,,,,,,,,,,,,,,
2886,XNOV-4525-530,XNOVA,LIGHTNIGHT 4525,,4525,530,500,25,45,,,,,,,,,,,,,,,,,,,,,,
2887,XNOV-4525-560,XNOVA,LIGHTNIGHT 4525,,4525,560,500,25,45,,,,,,,,,,,,,,,,,,,,,,
2888,XNOV-4525-600,XNOVA,LIGHTNIGHT 4525,,4525,600,510,25,45,,,,,,,,,,,,,,,,,,,,,,
2889,XNOV-4530-450,XNOVA,4530,,4530,450,535,30,45,,,,,,,,,,,,,,,,,,,,,,
2890,XNOV-4530-480,XNOVA,4530,,4530,480,535,30,45,,,,,,,,,,,,,,,,,,,,,,
2891,XNOV-4530-500,XNOVA,4530,,4530,500,535,30,45,,,,,,,,,,,,,,,,,,,,,,
2892,XNOV-4530-525,XNOVA,4530,,4530,525,535,30,45,,,,,,,,,,,,,,,,,,,,,,
2893,XNOV-4535-380,XNOVA,LIGHTNIGHT 4535,,4535,380,610,35,45,,,,,,,,,,,,,,,,,,,,,,
2894,XNOV-4535-460,XNOVA,LIGHTNIGHT 4535,,4535,460,630,35,45,,,,,,,,,,,,,,,,,,,,,,
2895,XNOV-4535-520,XNOVA,LIGHTNIGHT 4535,,4535,520,630,35,45,,,,,,,,,,,,,,,,,,,,,,
2896,XNOV-4808-380,XNOVA,4808,V1,4808,380,100,08,48,33.5,48,3,8,Tige,Oui,4 Vis,19/25,6S,22.2V,600MM,18AWG,14-16 Inch,Multicopter,150,,,,,,,
2897,XNOV-4808-480,XNOVA,4808,V1,4808,480,100,08,48,33.5,48,3,8,Tige,Oui,4 Vis,19/25,6S,22.2V,600MM,18AWG,12-16 Inch,Multicopter,115,,,,,,,
2898,XNOV-4808-620,XNOVA,4808,V1,4808,620,100,08,48,33.5,48,3,8,Tige,Oui,4 Vis,19/25,4S,14.8V,600MM,18AWG,14-15 Inch,Multicopter,82,,,,,,,
2899,XNOV-4808-700,XNOVA,4808,V1,4808,700,100,08,48,33.5,48,3,8,Tige,Oui,4 Vis,19/25,4S,14.8V,600MM,18AWG,11-14 Inch,Multicopter,75,,,,,,,
2900,XNOV-4812-320,XNOVA,4812,,4812,320,161,12,48,,,,,,,,,,,,,,,,,,,,,,
2901,XNOV-4812-400,XNOVA,4812,,4812,400,161,12,48,,,,,,,,,,,,,,,,,,,,,,
2902,XNOV-4812-470,XNOVA,4812,,4812,470,161,12,48,,,,,,,,,,,,,,,,,,,,,,
2903,XNOV--350,XNOVA,LIGHTNIGHT RACING XCLASS,,,350,320,,,,,,,,,,,,,,,,,,,,,,,,
2904,XNOV--400,XNOVA,TAREQ,,,400,670,,,,,,,,,,,,,,,,,,,,,,,,
2905,XNOV--450,XNOVA,TAREQ,,,450,640,,,,,,,,,,,,,,,,,,,,,,,,
2906,XNOV--530,XNOVA,TAREQ,,,530,640,,,,,,,,,,,,,,,,,,,,,,,,
2907,XNOV--535,XNOVA,TAREQ,,,535,642,,,,,,,,,,,,,,,,,,,,,,,,
2908,XNOV--550,XNOVA,XTAREQ 700,,,550,560,,,,,,,,,,,,,,,,,,,,,,,,
2909,XNOV--700,XNOVA,LIGHTNIGHT RACING XCLASS,,,700,320,,,,,,,,,,,,,,,,,,,,,,,,
2910,ZOHD-1406-2600,ZOHD,DART 1406,,1406,2600,,06,14,,,,,,,,,,,,,,,,,,,,,,
2911,ZOHD-2006-2400,ZOHD,DART WING 2006,,2006,2400,,06,20,,,,,,,,,,,,,,,,,,,,,,
2912,ZOHD-2204-1870,ZOHD,NANO TALON EVO 2204,,2204,1870,,04,22,,,,,,,,,,,,,,,,,,,,,,
